[2026-08-25 18:17:58] [INFO] [SmartSchedulingPipeline:run_pipeline.py:27] - Initializing Predict-then-Optimize End-to-End Pipeline...
[2026-08-25 18:17:58] [INFO] [SmartSchedulingPipeline:run_pipeline.py:33] - Step 1/5: Running Data cleaning and feature engineering...
[2026-08-25 18:17:59] [INFO] [SmartSchedulingPipeline:run_pipeline.py:54] - Data preprocessing completed successfully.
[2026-08-25 18:17:59] [INFO] [SmartSchedulingPipeline:run_pipeline.py:59] - Step 2/5: Preparing features and training Quantile XGBoost forecaster...
[2026-08-25 18:18:36] [INFO] [SmartSchedulingPipeline:run_pipeline.py:27] - Initializing Predict-then-Optimize End-to-End Pipeline...
[2026-08-25 18:18:36] [INFO] [SmartSchedulingPipeline:run_pipeline.py:33] - Step 1/5: Running Data cleaning and feature engineering...
[2026-08-25 18:18:37] [INFO] [SmartSchedulingPipeline:run_pipeline.py:54] - Data preprocessing completed successfully.
[2026-08-25 18:18:37] [INFO] [SmartSchedulingPipeline:run_pipeline.py:59] - Step 2/5: Preparing features and training Quantile XGBoost forecaster...
[2026-08-25 18:18:44] [INFO] [SmartSchedulingPipeline:run_pipeline.py:79] - Forecasting and model persistence completed.
[2026-08-25 18:18:44] [INFO] [SmartSchedulingPipeline:run_pipeline.py:84] - Step 3/5: Running Scheduling Optimization Benchmark algorithms...
[2026-08-25 18:18:44] [INFO] [SmartSchedulingPipeline:run_pipeline.py:87] - Solving Model 1: Proposed Robust CP-SAT...
[2026-08-25 18:19:23] [INFO] [SmartSchedulingPipeline:run_pipeline.py:92] - Solving Model 2: Deterministic CP-SAT (p50 baseline)...
[2026-08-25 18:20:01] [INFO] [SmartSchedulingPipeline:run_pipeline.py:97] - Solving Model 3: Makespan-only CP-SAT...
[2026-08-25 18:20:03] [INFO] [SmartSchedulingPipeline:run_pipeline.py:102] - Solving Model 4: Earliest Deadline First (EDF) rule-based dispatcher...
[2026-08-25 18:20:03] [INFO] [SmartSchedulingPipeline:run_pipeline.py:106] - Scheduling runs completed successfully.
[2026-08-25 18:20:03] [INFO] [SmartSchedulingPipeline:run_pipeline.py:111] - Step 4/5: Computing KPIs for all benchmark models...
[2026-08-25 18:20:03] [INFO] [SmartSchedulingPipeline:run_pipeline.py:146] - ======================================================================
[2026-08-25 18:20:03] [INFO] [SmartSchedulingPipeline:run_pipeline.py:147] - BENCHMARK RESULTS SUMMARY:
[2026-08-25 18:20:03] [INFO] [SmartSchedulingPipeline:run_pipeline.py:148] - ======================================================================
[2026-08-25 18:20:03] [INFO] [SmartSchedulingPipeline:run_pipeline.py:150] - ======================================================================
[2026-08-25 18:20:03] [INFO] [SmartSchedulingPipeline:run_pipeline.py:152] - Pipeline executed successfully. Outputs written to output/ directory.
[2026-08-25 18:24:00] [INFO] [SmartSchedulingPipeline:run_pipeline.py:105] - Initializing Predict-then-Optimize End-to-End Pipeline...
[2026-08-25 18:24:00] [INFO] [SmartSchedulingPipeline:run_pipeline.py:111] - Step 1/5: Running Data cleaning and feature engineering...
[2026-08-25 18:24:01] [INFO] [SmartSchedulingPipeline:run_pipeline.py:132] - Data preprocessing completed successfully.
[2026-08-25 18:24:01] [INFO] [SmartSchedulingPipeline:run_pipeline.py:137] - Step 2/5: Preparing features and training Quantile XGBoost forecaster...
[2026-08-25 18:24:08] [INFO] [SmartSchedulingPipeline:run_pipeline.py:161] - Forecasting and model persistence completed.
[2026-08-25 18:24:08] [INFO] [SmartSchedulingPipeline:run_pipeline.py:166] - Step 3/5: Running Scheduling Optimization Benchmark algorithms...
[2026-08-25 18:24:08] [INFO] [SmartSchedulingPipeline:run_pipeline.py:169] - Solving Model 1: Proposed Robust CP-SAT...
[2026-08-25 18:27:37] [INFO] [SmartSchedulingPipeline:run_pipeline.py:105] - Initializing Predict-then-Optimize End-to-End Pipeline...
[2026-08-25 18:27:37] [INFO] [SmartSchedulingPipeline:run_pipeline.py:111] - Step 1/5: Running Data cleaning and feature engineering...
[2026-08-25 18:27:40] [INFO] [SmartSchedulingPipeline:run_pipeline.py:132] - Data preprocessing completed successfully.
[2026-08-25 18:27:40] [INFO] [SmartSchedulingPipeline:run_pipeline.py:137] - Step 2/5: Preparing features and training Quantile XGBoost forecaster...
[2026-08-25 18:28:07] [INFO] [SmartSchedulingPipeline:run_pipeline.py:161] - Forecasting and model persistence completed.
[2026-08-25 18:28:07] [INFO] [SmartSchedulingPipeline:run_pipeline.py:166] - Step 3/5: Running Scheduling Optimization Benchmark algorithms...
[2026-08-25 18:28:07] [INFO] [SmartSchedulingPipeline:run_pipeline.py:169] - Solving Model 1: Proposed Robust CP-SAT...
[2026-08-25 18:29:22] [INFO] [SmartSchedulingPipeline:run_pipeline.py:175] - Solving Model 2: Deterministic CP-SAT (p50 baseline)...
[2026-08-25 18:31:35] [INFO] [SmartSchedulingPipeline:run_pipeline.py:175] - Solving Model 2: Deterministic CP-SAT (p50 baseline)...
[2026-08-25 18:34:05] [INFO] [SmartSchedulingPipeline:run_pipeline.py:105] - Initializing Predict-then-Optimize End-to-End Pipeline...
[2026-08-25 18:34:05] [INFO] [SmartSchedulingPipeline:run_pipeline.py:111] - Step 1/5: Running Data cleaning and feature engineering...
[2026-08-25 18:34:07] [INFO] [SmartSchedulingPipeline:run_pipeline.py:132] - Data preprocessing completed successfully.
[2026-08-25 18:34:07] [INFO] [SmartSchedulingPipeline:run_pipeline.py:137] - Step 2/5: Preparing features and training Quantile XGBoost forecaster...
[2026-08-25 18:34:33] [INFO] [SmartSchedulingPipeline:run_pipeline.py:161] - Forecasting and model persistence completed.
[2026-08-25 18:34:33] [INFO] [SmartSchedulingPipeline:run_pipeline.py:166] - Step 3/5: Running Scheduling Optimization Benchmark algorithms...
[2026-08-25 18:34:33] [INFO] [SmartSchedulingPipeline:run_pipeline.py:169] - Solving Model 1: Proposed Robust CP-SAT...
[2026-08-25 18:34:49] [INFO] [SmartSchedulingPipeline:run_pipeline.py:181] - Solving Model 3: Makespan-only CP-SAT...
[2026-08-25 18:35:33] [INFO] [SmartSchedulingPipeline:run_pipeline.py:181] - Solving Model 3: Makespan-only CP-SAT...
[2026-08-25 18:36:46] [INFO] [SmartSchedulingPipeline:run_pipeline.py:105] - Initializing Predict-then-Optimize End-to-End Pipeline...
[2026-08-25 18:36:46] [INFO] [SmartSchedulingPipeline:run_pipeline.py:111] - Step 1/5: Running Data cleaning and feature engineering...
[2026-08-25 18:36:51] [INFO] [SmartSchedulingPipeline:run_pipeline.py:132] - Data preprocessing completed successfully.
[2026-08-25 18:36:51] [INFO] [SmartSchedulingPipeline:run_pipeline.py:137] - Step 2/5: Preparing features and training Quantile XGBoost forecaster...
[2026-08-25 18:36:52] [INFO] [SmartSchedulingPipeline:run_pipeline.py:187] - Solving Model 4: Earliest Deadline First (EDF) rule-based dispatcher...
[2026-08-25 18:37:18] [INFO] [SmartSchedulingPipeline:run_pipeline.py:161] - Forecasting and model persistence completed.
[2026-08-25 18:37:18] [INFO] [SmartSchedulingPipeline:run_pipeline.py:166] - Step 3/5: Running Scheduling Optimization Benchmark algorithms...
[2026-08-25 18:37:18] [INFO] [SmartSchedulingPipeline:run_pipeline.py:169] - Solving Model 1: Proposed Robust CP-SAT...
[2026-08-25 18:39:53] [INFO] [SmartSchedulingPipeline:run_pipeline.py:187] - Solving Model 4: Earliest Deadline First (EDF) rule-based dispatcher...
[2026-08-25 18:41:07] [INFO] [SmartSchedulingPipeline:run_pipeline.py:175] - Solving Model 2: Deterministic CP-SAT (p50 baseline)...
[2026-08-25 18:42:11] [INFO] [SmartSchedulingPipeline:run_pipeline.py:105] - Initializing Predict-then-Optimize End-to-End Pipeline...
[2026-08-25 18:42:11] [INFO] [SmartSchedulingPipeline:run_pipeline.py:111] - Step 1/5: Running Data cleaning and feature engineering...
[2026-08-25 18:42:13] [INFO] [SmartSchedulingPipeline:run_pipeline.py:132] - Data preprocessing completed successfully.
[2026-08-25 18:42:13] [INFO] [SmartSchedulingPipeline:run_pipeline.py:137] - Step 2/5: Preparing features and training Quantile XGBoost forecaster...
[2026-08-25 18:42:33] [INFO] [SmartSchedulingPipeline:run_pipeline.py:161] - Forecasting and model persistence completed.
[2026-08-25 18:42:33] [INFO] [SmartSchedulingPipeline:run_pipeline.py:166] - Step 3/5: Running Scheduling Optimization Benchmark algorithms...
[2026-08-25 18:42:33] [INFO] [SmartSchedulingPipeline:run_pipeline.py:169] - Solving Model 1: Proposed Robust CP-SAT...
[2026-08-25 18:43:45] [INFO] [SmartSchedulingPipeline:run_pipeline.py:181] - Solving Model 3: Makespan-only CP-SAT...
[2026-08-25 18:44:59] [INFO] [SmartSchedulingPipeline:run_pipeline.py:175] - Solving Model 2: Deterministic CP-SAT (p50 baseline)...
[2026-08-25 18:45:48] [INFO] [SmartSchedulingPipeline:run_pipeline.py:187] - Solving Model 4: Earliest Deadline First (EDF) rule-based dispatcher...
[2026-08-25 18:46:36] [INFO] [SmartSchedulingPipeline:run_pipeline.py:105] - Initializing Predict-then-Optimize End-to-End Pipeline...
[2026-08-25 18:46:36] [INFO] [SmartSchedulingPipeline:run_pipeline.py:111] - Step 1/5: Running Data cleaning and feature engineering...
[2026-08-25 18:46:38] [INFO] [SmartSchedulingPipeline:run_pipeline.py:132] - Data preprocessing completed successfully.
[2026-08-25 18:46:38] [INFO] [SmartSchedulingPipeline:run_pipeline.py:137] - Step 2/5: Preparing features and training Quantile XGBoost forecaster...
[2026-08-25 18:46:56] [INFO] [SmartSchedulingPipeline:run_pipeline.py:161] - Forecasting and model persistence completed.
[2026-08-25 18:46:56] [INFO] [SmartSchedulingPipeline:run_pipeline.py:166] - Step 3/5: Running Scheduling Optimization Benchmark algorithms...
[2026-08-25 18:46:56] [INFO] [SmartSchedulingPipeline:run_pipeline.py:169] - Solving Model 1: Proposed Robust CP-SAT...
[2026-08-25 18:47:40] [INFO] [SmartSchedulingPipeline:run_pipeline.py:181] - Solving Model 3: Makespan-only CP-SAT...
[2026-08-25 18:49:26] [INFO] [SmartSchedulingPipeline:run_pipeline.py:175] - Solving Model 2: Deterministic CP-SAT (p50 baseline)...
[2026-08-25 18:49:43] [INFO] [SmartSchedulingPipeline:run_pipeline.py:187] - Solving Model 4: Earliest Deadline First (EDF) rule-based dispatcher...
[2026-08-25 18:51:51] [INFO] [SmartSchedulingPipeline:run_pipeline.py:181] - Solving Model 3: Makespan-only CP-SAT...
[2026-08-25 18:53:52] [INFO] [SmartSchedulingPipeline:run_pipeline.py:187] - Solving Model 4: Earliest Deadline First (EDF) rule-based dispatcher...
[2026-08-25 18:55:24] [INFO] [SmartSchedulingPipeline:run_pipeline.py:107] - Initializing Predict-then-Optimize End-to-End Pipeline...
[2026-08-25 18:55:24] [INFO] [SmartSchedulingPipeline:run_pipeline.py:113] - Step 1/5: Running Data cleaning and feature engineering...
[2026-08-25 18:55:25] [INFO] [SmartSchedulingPipeline:run_pipeline.py:134] - Data preprocessing completed successfully.
[2026-08-25 18:55:25] [INFO] [SmartSchedulingPipeline:run_pipeline.py:139] - Step 2/5: Preparing features and training Quantile XGBoost forecaster...
[2026-08-25 18:55:33] [INFO] [SmartSchedulingPipeline:run_pipeline.py:163] - Forecasting and model persistence completed.
[2026-08-25 18:55:33] [INFO] [SmartSchedulingPipeline:run_pipeline.py:168] - Step 3/5: Running Scheduling Optimization Benchmark algorithms...
[2026-08-25 18:55:33] [INFO] [SmartSchedulingPipeline:run_pipeline.py:171] - Solving Model 1: Proposed Robust CP-SAT...
[2026-08-25 18:57:48] [INFO] [SmartSchedulingPipeline:run_pipeline.py:177] - Solving Model 2: Deterministic CP-SAT (p50 baseline)...
[2026-08-25 19:00:04] [INFO] [SmartSchedulingPipeline:run_pipeline.py:183] - Solving Model 3: Makespan-only CP-SAT...
[2026-08-25 19:00:20] [INFO] [SmartSchedulingPipeline:run_pipeline.py:107] - Initializing Predict-then-Optimize End-to-End Pipeline...
[2026-08-25 19:00:20] [INFO] [SmartSchedulingPipeline:run_pipeline.py:113] - Step 1/5: Running Data cleaning and feature engineering...
[2026-08-25 19:00:23] [INFO] [SmartSchedulingPipeline:run_pipeline.py:134] - Data preprocessing completed successfully.
[2026-08-25 19:00:23] [INFO] [SmartSchedulingPipeline:run_pipeline.py:139] - Step 2/5: Preparing features and training Quantile XGBoost forecaster...
[2026-08-25 19:00:51] [INFO] [SmartSchedulingPipeline:run_pipeline.py:163] - Forecasting and model persistence completed.
[2026-08-25 19:00:51] [INFO] [SmartSchedulingPipeline:run_pipeline.py:168] - Step 3/5: Running Scheduling Optimization Benchmark algorithms...
[2026-08-25 19:00:51] [INFO] [SmartSchedulingPipeline:run_pipeline.py:171] - Solving Model 1: Proposed Robust CP-SAT...
[2026-08-25 19:02:04] [INFO] [SmartSchedulingPipeline:run_pipeline.py:189] - Solving Model 4: Earliest Deadline First (EDF) rule-based dispatcher...
[2026-08-25 19:02:04] [INFO] [SmartSchedulingPipeline:run_pipeline.py:194] - Scheduling runs completed successfully.
[2026-08-25 19:02:04] [INFO] [SmartSchedulingPipeline:run_pipeline.py:199] - Step 4/5: Computing KPIs for all benchmark models...
[2026-08-25 19:03:26] [INFO] [SmartSchedulingPipeline:run_pipeline.py:177] - Solving Model 2: Deterministic CP-SAT (p50 baseline)...
[2026-08-25 19:05:41] [INFO] [SmartSchedulingPipeline:run_pipeline.py:183] - Solving Model 3: Makespan-only CP-SAT...
[2026-08-25 19:06:35] [INFO] [SmartSchedulingPipeline:run_pipeline.py:107] - Initializing Predict-then-Optimize End-to-End Pipeline...
[2026-08-25 19:06:35] [INFO] [SmartSchedulingPipeline:run_pipeline.py:113] - Step 1/5: Running Data cleaning and feature engineering...
[2026-08-25 19:06:39] [INFO] [SmartSchedulingPipeline:run_pipeline.py:134] - Data preprocessing completed successfully.
[2026-08-25 19:06:39] [INFO] [SmartSchedulingPipeline:run_pipeline.py:139] - Step 2/5: Preparing features and training Quantile XGBoost forecaster...
[2026-08-25 19:07:07] [INFO] [SmartSchedulingPipeline:run_pipeline.py:163] - Forecasting and model persistence completed.
[2026-08-25 19:07:07] [INFO] [SmartSchedulingPipeline:run_pipeline.py:168] - Step 3/5: Running Scheduling Optimization Benchmark algorithms...
[2026-08-25 19:07:07] [INFO] [SmartSchedulingPipeline:run_pipeline.py:171] - Solving Model 1: Proposed Robust CP-SAT...
[2026-08-25 19:07:41] [INFO] [SmartSchedulingPipeline:run_pipeline.py:189] - Solving Model 4: Earliest Deadline First (EDF) rule-based dispatcher...
[2026-08-25 19:07:41] [INFO] [SmartSchedulingPipeline:run_pipeline.py:194] - Scheduling runs completed successfully.
[2026-08-25 19:07:41] [INFO] [SmartSchedulingPipeline:run_pipeline.py:199] - Step 4/5: Computing KPIs for all benchmark models...
[2026-08-25 19:09:55] [INFO] [SmartSchedulingPipeline:run_pipeline.py:177] - Solving Model 2: Deterministic CP-SAT (p50 baseline)...
[2026-08-25 19:11:16] [INFO] [SmartSchedulingPipeline:run_pipeline.py:107] - Initializing Predict-then-Optimize End-to-End Pipeline...
[2026-08-25 19:11:16] [INFO] [SmartSchedulingPipeline:run_pipeline.py:113] - Step 1/5: Running Data cleaning and feature engineering...
[2026-08-25 19:11:18] [INFO] [SmartSchedulingPipeline:run_pipeline.py:134] - Data preprocessing completed successfully.
[2026-08-25 19:11:18] [INFO] [SmartSchedulingPipeline:run_pipeline.py:139] - Step 2/5: Preparing features and training Quantile XGBoost forecaster...
[2026-08-25 19:11:38] [INFO] [SmartSchedulingPipeline:run_pipeline.py:163] - Forecasting and model persistence completed.
[2026-08-25 19:11:38] [INFO] [SmartSchedulingPipeline:run_pipeline.py:168] - Step 3/5: Running Scheduling Optimization Benchmark algorithms...
[2026-08-25 19:11:38] [INFO] [SmartSchedulingPipeline:run_pipeline.py:171] - Solving Model 1: Proposed Robust CP-SAT...
[2026-08-25 19:12:27] [INFO] [SmartSchedulingPipeline:run_pipeline.py:183] - Solving Model 3: Makespan-only CP-SAT...
[2026-08-25 19:13:54] [INFO] [SmartSchedulingPipeline:run_pipeline.py:177] - Solving Model 2: Deterministic CP-SAT (p50 baseline)...
[2026-08-25 19:14:27] [INFO] [SmartSchedulingPipeline:run_pipeline.py:189] - Solving Model 4: Earliest Deadline First (EDF) rule-based dispatcher...
[2026-08-25 19:14:27] [INFO] [SmartSchedulingPipeline:run_pipeline.py:194] - Scheduling runs completed successfully.
[2026-08-25 19:14:27] [INFO] [SmartSchedulingPipeline:run_pipeline.py:199] - Step 4/5: Computing KPIs for all benchmark models...
[2026-08-25 19:15:59] [INFO] [SmartSchedulingPipeline:run_pipeline.py:107] - Initializing Predict-then-Optimize End-to-End Pipeline...
[2026-08-25 19:15:59] [INFO] [SmartSchedulingPipeline:run_pipeline.py:113] - Step 1/5: Running Data cleaning and feature engineering...
[2026-08-25 19:16:02] [INFO] [SmartSchedulingPipeline:run_pipeline.py:134] - Data preprocessing completed successfully.
[2026-08-25 19:16:02] [INFO] [SmartSchedulingPipeline:run_pipeline.py:139] - Step 2/5: Preparing features and training Quantile XGBoost forecaster...
[2026-08-25 19:16:15] [INFO] [SmartSchedulingPipeline:run_pipeline.py:183] - Solving Model 3: Makespan-only CP-SAT...
[2026-08-25 19:16:30] [INFO] [SmartSchedulingPipeline:run_pipeline.py:163] - Forecasting and model persistence completed.
[2026-08-25 19:16:30] [INFO] [SmartSchedulingPipeline:run_pipeline.py:168] - Step 3/5: Running Scheduling Optimization Benchmark algorithms...
[2026-08-25 19:16:30] [INFO] [SmartSchedulingPipeline:run_pipeline.py:171] - Solving Model 1: Proposed Robust CP-SAT...
[2026-08-25 19:18:15] [INFO] [SmartSchedulingPipeline:run_pipeline.py:189] - Solving Model 4: Earliest Deadline First (EDF) rule-based dispatcher...
[2026-08-25 19:18:15] [INFO] [SmartSchedulingPipeline:run_pipeline.py:194] - Scheduling runs completed successfully.
[2026-08-25 19:18:15] [INFO] [SmartSchedulingPipeline:run_pipeline.py:199] - Step 4/5: Computing KPIs for all benchmark models...
[2026-08-25 19:39:43] [INFO] [SmartSchedulingPipeline:run_pipeline.py:113] - Initializing Predict-then-Optimize End-to-End Pipeline...
[2026-08-25 19:39:43] [INFO] [SmartSchedulingPipeline:run_pipeline.py:119] - Step 1/5: Running Data cleaning and feature engineering...
[2026-08-25 19:39:45] [INFO] [SmartSchedulingPipeline:run_pipeline.py:140] - Data preprocessing completed successfully.
[2026-08-25 19:39:45] [INFO] [SmartSchedulingPipeline:run_pipeline.py:145] - Step 2/5: Preparing features and training Quantile XGBoost forecaster...
[2026-08-25 19:40:05] [INFO] [SmartSchedulingPipeline:run_pipeline.py:169] - Forecasting and model persistence completed.
[2026-08-25 19:40:05] [INFO] [SmartSchedulingPipeline:run_pipeline.py:174] - Step 3/5: Running Scheduling Optimization Benchmark algorithms...
[2026-08-25 19:40:05] [INFO] [SmartSchedulingPipeline:run_pipeline.py:177] - Solving Model 1: Proposed Robust Energy-Aware Greedy...
[2026-08-25 19:40:05] [INFO] [SmartSchedulingPipeline:run_pipeline.py:181] - Model 1 done: 500 jobs scheduled.
[2026-08-25 19:40:05] [INFO] [SmartSchedulingPipeline:run_pipeline.py:184] - Solving Model 2: Deterministic Energy-Aware Greedy (p50 baseline)...
[2026-08-25 19:40:06] [INFO] [SmartSchedulingPipeline:run_pipeline.py:188] - Model 2 done: 500 jobs scheduled.
[2026-08-25 19:40:06] [INFO] [SmartSchedulingPipeline:run_pipeline.py:191] - Solving Model 3: Makespan-Only Greedy...
[2026-08-25 19:40:06] [INFO] [SmartSchedulingPipeline:run_pipeline.py:195] - Model 3 done: 500 jobs scheduled.
[2026-08-25 19:40:06] [INFO] [SmartSchedulingPipeline:run_pipeline.py:198] - Solving Model 4: Earliest Deadline First (EDF)...
[2026-08-25 19:40:06] [INFO] [SmartSchedulingPipeline:run_pipeline.py:202] - Model 4 done: 500 jobs scheduled.
[2026-08-25 19:40:06] [INFO] [SmartSchedulingPipeline:run_pipeline.py:205] - Solving Model 5: First Come First Served (FCFS)...
[2026-08-25 19:40:06] [INFO] [SmartSchedulingPipeline:run_pipeline.py:209] - Model 5 done: 500 jobs scheduled.
[2026-08-25 19:40:06] [INFO] [SmartSchedulingPipeline:run_pipeline.py:211] - All scheduling runs completed successfully.
[2026-08-25 19:40:06] [INFO] [SmartSchedulingPipeline:run_pipeline.py:216] - Step 4/5: Computing KPIs for all benchmark models...
[2026-08-25 19:40:07] [INFO] [SmartSchedulingPipeline:run_pipeline.py:300] - ======================================================================
[2026-08-25 19:40:07] [INFO] [SmartSchedulingPipeline:run_pipeline.py:301] - BENCHMARK RESULTS SUMMARY:
[2026-08-25 19:40:07] [INFO] [SmartSchedulingPipeline:run_pipeline.py:302] - ======================================================================
[2026-08-25 19:41:11] [INFO] [SmartSchedulingPipeline:run_pipeline.py:113] - Initializing Predict-then-Optimize End-to-End Pipeline...
[2026-08-25 19:41:11] [INFO] [SmartSchedulingPipeline:run_pipeline.py:119] - Step 1/5: Running Data cleaning and feature engineering...
[2026-08-25 19:41:13] [INFO] [SmartSchedulingPipeline:run_pipeline.py:140] - Data preprocessing completed successfully.
[2026-08-25 19:41:13] [INFO] [SmartSchedulingPipeline:run_pipeline.py:145] - Step 2/5: Preparing features and training Quantile XGBoost forecaster...
[2026-08-25 19:41:29] [INFO] [SmartSchedulingPipeline:run_pipeline.py:169] - Forecasting and model persistence completed.
[2026-08-25 19:41:29] [INFO] [SmartSchedulingPipeline:run_pipeline.py:174] - Step 3/5: Running Scheduling Optimization Benchmark algorithms...
[2026-08-25 19:41:29] [INFO] [SmartSchedulingPipeline:run_pipeline.py:177] - Solving Model 1: Proposed Robust Energy-Aware Greedy...
[2026-08-25 19:41:29] [INFO] [SmartSchedulingPipeline:run_pipeline.py:181] - Model 1 done: 500 jobs scheduled.
[2026-08-25 19:41:29] [INFO] [SmartSchedulingPipeline:run_pipeline.py:184] - Solving Model 2: Deterministic Energy-Aware Greedy (p50 baseline)...
[2026-08-25 19:41:29] [INFO] [SmartSchedulingPipeline:run_pipeline.py:188] - Model 2 done: 500 jobs scheduled.
[2026-08-25 19:41:29] [INFO] [SmartSchedulingPipeline:run_pipeline.py:191] - Solving Model 3: Makespan-Only Greedy...
[2026-08-25 19:41:29] [INFO] [SmartSchedulingPipeline:run_pipeline.py:195] - Model 3 done: 500 jobs scheduled.
[2026-08-25 19:41:29] [INFO] [SmartSchedulingPipeline:run_pipeline.py:198] - Solving Model 4: Earliest Deadline First (EDF)...
[2026-08-25 19:41:29] [INFO] [SmartSchedulingPipeline:run_pipeline.py:202] - Model 4 done: 500 jobs scheduled.
[2026-08-25 19:41:29] [INFO] [SmartSchedulingPipeline:run_pipeline.py:205] - Solving Model 5: First Come First Served (FCFS)...
[2026-08-25 19:41:29] [INFO] [SmartSchedulingPipeline:run_pipeline.py:209] - Model 5 done: 500 jobs scheduled.
[2026-08-25 19:41:29] [INFO] [SmartSchedulingPipeline:run_pipeline.py:211] - All scheduling runs completed successfully.
[2026-08-25 19:41:29] [INFO] [SmartSchedulingPipeline:run_pipeline.py:216] - Step 4/5: Computing KPIs for all benchmark models...
[2026-08-25 19:41:30] [INFO] [SmartSchedulingPipeline:run_pipeline.py:300] - ======================================================================
[2026-08-25 19:41:30] [INFO] [SmartSchedulingPipeline:run_pipeline.py:301] - BENCHMARK RESULTS SUMMARY:
[2026-08-25 19:41:30] [INFO] [SmartSchedulingPipeline:run_pipeline.py:302] - ======================================================================
[2026-08-25 19:41:30] [INFO] [SmartSchedulingPipeline:run_pipeline.py:306] -                     Metric FCFS_Baseline CP_SAT_Optimized                        Improvement
[2026-08-25 19:41:30] [INFO] [SmartSchedulingPipeline:run_pipeline.py:306] -    Total Energy Cost (INR)     INR 86877.15        INR 34263.10 52614.05 reduction (60.6% savings)
[2026-08-25 19:41:30] [INFO] [SmartSchedulingPipeline:run_pipeline.py:306] -        Peak Grid Load (kW)     285.84 kW        226.99 kW    58.85 reduction (20.6% savings)
[2026-08-25 19:41:30] [INFO] [SmartSchedulingPipeline:run_pipeline.py:306] -           Makespan (hours)     54.75 hrs       116.50 hrs           +61.75 (112.8% increase)
[2026-08-25 19:41:30] [INFO] [SmartSchedulingPipeline:run_pipeline.py:306] -    Machine Utilization (%)        73.52%           25.13%                  -48.39% reduction
[2026-08-25 19:41:30] [INFO] [SmartSchedulingPipeline:run_pipeline.py:306] - Average Waiting Time (min)     487.0 min       2311.7 min         +1824.66 (374.7% increase)
[2026-08-25 19:41:30] [INFO] [SmartSchedulingPipeline:run_pipeline.py:306] -      Total Idle Time (min)   15255.0 min      43125.0 min        +27870.00 (182.7% increase)
[2026-08-25 19:41:30] [INFO] [SmartSchedulingPipeline:run_pipeline.py:306] -          Total Delay (min)   29970.0 min     895605.0 min      +865635.00 (2888.3% increase)
[2026-08-25 19:41:30] [INFO] [SmartSchedulingPipeline:run_pipeline.py:306] -          Late Jobs (count)      165 jobs         406 jobs          +241.00 (146.1% increase)
[2026-08-25 19:41:30] [INFO] [SmartSchedulingPipeline:run_pipeline.py:306] -     On-Time Completion (%)        67.00%           18.80%                  -48.20% reduction
[2026-08-25 19:41:30] [INFO] [SmartSchedulingPipeline:run_pipeline.py:306] -    Carbon Emissions (tCO2)    155.0994 t        59.4866 t    95.61 reduction (61.6% savings)
[2026-08-25 19:41:30] [INFO] [SmartSchedulingPipeline:run_pipeline.py:306] - Power Factor Penalty (INR)         INR 0.00            INR 0.00              No Penalties Incurred
[2026-08-25 19:41:30] [INFO] [SmartSchedulingPipeline:run_pipeline.py:307] - ======================================================================
[2026-08-25 19:41:30] [INFO] [SmartSchedulingPipeline:run_pipeline.py:309] - Pipeline executed successfully. Outputs written to output/ directory.
[2026-08-25 19:52:29] [INFO] [SmartSchedulingPipeline:run_pipeline.py:114] - Initializing Predict-then-Optimize End-to-End Pipeline...
[2026-08-25 19:52:29] [INFO] [SmartSchedulingPipeline:run_pipeline.py:120] - Step 1/5: Running Data cleaning and feature engineering...
[2026-08-25 19:52:31] [INFO] [SmartSchedulingPipeline:run_pipeline.py:141] - Data preprocessing completed successfully.
[2026-08-25 19:52:31] [INFO] [SmartSchedulingPipeline:run_pipeline.py:146] - Step 2/5: Preparing features and training Quantile XGBoost forecaster...
[2026-08-25 19:52:47] [INFO] [SmartSchedulingPipeline:run_pipeline.py:170] - Forecasting and model persistence completed.
[2026-08-25 19:52:47] [INFO] [SmartSchedulingPipeline:run_pipeline.py:175] - Step 3/5: Running Scheduling Optimization Benchmark algorithms...
[2026-08-25 19:52:47] [INFO] [SmartSchedulingPipeline:run_pipeline.py:178] - Solving Model 1: Proposed Robust Energy-Aware Greedy...
[2026-08-25 19:52:47] [INFO] [SmartSchedulingPipeline:run_pipeline.py:182] - Model 1 done: 500 jobs scheduled.
[2026-08-25 19:52:47] [INFO] [SmartSchedulingPipeline:run_pipeline.py:185] - Solving Model 2: Deterministic Energy-Aware Greedy (p50 baseline)...
[2026-08-25 19:52:47] [INFO] [SmartSchedulingPipeline:run_pipeline.py:189] - Model 2 done: 500 jobs scheduled.
[2026-08-25 19:52:47] [INFO] [SmartSchedulingPipeline:run_pipeline.py:192] - Solving Model 3: Makespan-Only Greedy...
[2026-08-25 19:52:47] [INFO] [SmartSchedulingPipeline:run_pipeline.py:196] - Model 3 done: 500 jobs scheduled.
[2026-08-25 19:52:47] [INFO] [SmartSchedulingPipeline:run_pipeline.py:199] - Solving Model 4: Earliest Deadline First (EDF)...
[2026-08-25 19:52:47] [INFO] [SmartSchedulingPipeline:run_pipeline.py:203] - Model 4 done: 500 jobs scheduled.
[2026-08-25 19:52:47] [INFO] [SmartSchedulingPipeline:run_pipeline.py:206] - Solving Model 5: First Come First Served (FCFS)...
[2026-08-25 19:52:47] [INFO] [SmartSchedulingPipeline:run_pipeline.py:210] - Model 5 done: 500 jobs scheduled.
[2026-08-25 19:52:47] [INFO] [SmartSchedulingPipeline:run_pipeline.py:213] - Solving Model 6: Hybrid FD-PDTS + CP-SAT (warm-start refinement)...
[2026-08-25 19:54:04] [INFO] [SmartSchedulingPipeline:run_pipeline.py:114] - Initializing Predict-then-Optimize End-to-End Pipeline...
[2026-08-25 19:54:04] [INFO] [SmartSchedulingPipeline:run_pipeline.py:120] - Step 1/5: Running Data cleaning and feature engineering...
[2026-08-25 19:54:06] [INFO] [SmartSchedulingPipeline:run_pipeline.py:141] - Data preprocessing completed successfully.
[2026-08-25 19:54:06] [INFO] [SmartSchedulingPipeline:run_pipeline.py:146] - Step 2/5: Preparing features and training Quantile XGBoost forecaster...
[2026-08-25 19:54:22] [INFO] [SmartSchedulingPipeline:run_pipeline.py:170] - Forecasting and model persistence completed.
[2026-08-25 19:54:22] [INFO] [SmartSchedulingPipeline:run_pipeline.py:175] - Step 3/5: Running Scheduling Optimization Benchmark algorithms...
[2026-08-25 19:54:22] [INFO] [SmartSchedulingPipeline:run_pipeline.py:178] - Solving Model 1: Proposed Robust Energy-Aware Greedy...
[2026-08-25 19:54:22] [INFO] [SmartSchedulingPipeline:run_pipeline.py:182] - Model 1 done: 500 jobs scheduled.
[2026-08-25 19:54:22] [INFO] [SmartSchedulingPipeline:run_pipeline.py:185] - Solving Model 2: Deterministic Energy-Aware Greedy (p50 baseline)...
[2026-08-25 19:54:22] [INFO] [SmartSchedulingPipeline:run_pipeline.py:189] - Model 2 done: 500 jobs scheduled.
[2026-08-25 19:54:22] [INFO] [SmartSchedulingPipeline:run_pipeline.py:192] - Solving Model 3: Makespan-Only Greedy...
[2026-08-25 19:54:22] [INFO] [SmartSchedulingPipeline:run_pipeline.py:196] - Model 3 done: 500 jobs scheduled.
[2026-08-25 19:54:22] [INFO] [SmartSchedulingPipeline:run_pipeline.py:199] - Solving Model 4: Earliest Deadline First (EDF)...
[2026-08-25 19:54:22] [INFO] [SmartSchedulingPipeline:run_pipeline.py:203] - Model 4 done: 500 jobs scheduled.
[2026-08-25 19:54:22] [INFO] [SmartSchedulingPipeline:run_pipeline.py:206] - Solving Model 5: First Come First Served (FCFS)...
[2026-08-25 19:54:22] [INFO] [SmartSchedulingPipeline:run_pipeline.py:210] - Model 5 done: 500 jobs scheduled.
[2026-08-25 19:54:22] [INFO] [SmartSchedulingPipeline:run_pipeline.py:213] - Solving Model 6: Hybrid FD-PDTS + CP-SAT (warm-start refinement)...
[2026-08-25 19:56:55] [INFO] [SmartSchedulingPipeline:run_pipeline.py:114] - Initializing Predict-then-Optimize End-to-End Pipeline...
[2026-08-25 19:56:55] [INFO] [SmartSchedulingPipeline:run_pipeline.py:120] - Step 1/5: Running Data cleaning and feature engineering...
[2026-08-25 19:57:00] [INFO] [SmartSchedulingPipeline:run_pipeline.py:141] - Data preprocessing completed successfully.
[2026-08-25 19:57:00] [INFO] [SmartSchedulingPipeline:run_pipeline.py:146] - Step 2/5: Preparing features and training Quantile XGBoost forecaster...
[2026-08-25 19:57:32] [INFO] [SmartSchedulingPipeline:run_pipeline.py:170] - Forecasting and model persistence completed.
[2026-08-25 19:57:32] [INFO] [SmartSchedulingPipeline:run_pipeline.py:175] - Step 3/5: Running Scheduling Optimization Benchmark algorithms...
[2026-08-25 19:57:32] [INFO] [SmartSchedulingPipeline:run_pipeline.py:178] - Solving Model 1: Proposed Robust Energy-Aware Greedy...
[2026-08-25 19:57:32] [INFO] [SmartSchedulingPipeline:run_pipeline.py:182] - Model 1 done: 500 jobs scheduled.
[2026-08-25 19:57:32] [INFO] [SmartSchedulingPipeline:run_pipeline.py:185] - Solving Model 2: Deterministic Energy-Aware Greedy (p50 baseline)...
[2026-08-25 19:57:32] [INFO] [SmartSchedulingPipeline:run_pipeline.py:189] - Model 2 done: 500 jobs scheduled.
[2026-08-25 19:57:32] [INFO] [SmartSchedulingPipeline:run_pipeline.py:192] - Solving Model 3: Makespan-Only Greedy...
[2026-08-25 19:57:32] [INFO] [SmartSchedulingPipeline:run_pipeline.py:196] - Model 3 done: 500 jobs scheduled.
[2026-08-25 19:57:32] [INFO] [SmartSchedulingPipeline:run_pipeline.py:199] - Solving Model 4: Earliest Deadline First (EDF)...
[2026-08-25 19:57:32] [INFO] [SmartSchedulingPipeline:run_pipeline.py:203] - Model 4 done: 500 jobs scheduled.
[2026-08-25 19:57:32] [INFO] [SmartSchedulingPipeline:run_pipeline.py:206] - Solving Model 5: First Come First Served (FCFS)...
[2026-08-25 19:57:33] [INFO] [SmartSchedulingPipeline:run_pipeline.py:210] - Model 5 done: 500 jobs scheduled.
[2026-08-25 19:57:33] [INFO] [SmartSchedulingPipeline:run_pipeline.py:213] - Solving Model 6: Hybrid FD-PDTS + CP-SAT (warm-start refinement)...
[2026-08-25 19:57:34] [INFO] [SmartSchedulingPipeline:run_pipeline.py:217] - Model 6 done: 500 jobs scheduled.
[2026-08-25 19:57:34] [INFO] [SmartSchedulingPipeline:run_pipeline.py:219] - All scheduling runs completed successfully.
[2026-08-25 19:57:34] [INFO] [SmartSchedulingPipeline:run_pipeline.py:224] - Step 4/5: Computing KPIs for all benchmark models...
[2026-08-25 19:57:34] [INFO] [SmartSchedulingPipeline:run_pipeline.py:309] - ======================================================================
[2026-08-25 19:57:34] [INFO] [SmartSchedulingPipeline:run_pipeline.py:310] - BENCHMARK RESULTS SUMMARY:
[2026-08-25 19:57:34] [INFO] [SmartSchedulingPipeline:run_pipeline.py:311] - ======================================================================
[2026-08-25 19:57:34] [INFO] [SmartSchedulingPipeline:run_pipeline.py:315] -                     Metric FCFS_Baseline CP_SAT_Optimized                        Improvement
[2026-08-25 19:57:34] [INFO] [SmartSchedulingPipeline:run_pipeline.py:315] -    Total Energy Cost (INR)     INR 86877.15        INR 35859.44 51017.71 reduction (58.7% savings)
[2026-08-25 19:57:34] [INFO] [SmartSchedulingPipeline:run_pipeline.py:315] -        Peak Grid Load (kW)     285.84 kW        226.99 kW    58.85 reduction (20.6% savings)
[2026-08-25 19:57:34] [INFO] [SmartSchedulingPipeline:run_pipeline.py:315] -           Makespan (hours)     54.75 hrs       176.75 hrs          +122.00 (222.8% increase)
[2026-08-25 19:57:34] [INFO] [SmartSchedulingPipeline:run_pipeline.py:315] -    Machine Utilization (%)        73.52%           27.53%                  -45.99% reduction
[2026-08-25 19:57:34] [INFO] [SmartSchedulingPipeline:run_pipeline.py:315] - Average Waiting Time (min)     487.0 min       2604.6 min         +2117.64 (434.8% increase)
[2026-08-25 19:57:34] [INFO] [SmartSchedulingPipeline:run_pipeline.py:315] -      Total Idle Time (min)   15255.0 min      41745.0 min        +26490.00 (173.6% increase)
[2026-08-25 19:57:34] [INFO] [SmartSchedulingPipeline:run_pipeline.py:315] -          Total Delay (min)   29970.0 min    1042215.0 min     +1012245.00 (3377.5% increase)
[2026-08-25 19:57:34] [INFO] [SmartSchedulingPipeline:run_pipeline.py:315] -          Late Jobs (count)      165 jobs         406 jobs          +241.00 (146.1% increase)
[2026-08-25 19:57:34] [INFO] [SmartSchedulingPipeline:run_pipeline.py:315] -     On-Time Completion (%)        67.00%           18.80%                  -48.20% reduction
[2026-08-25 19:57:34] [INFO] [SmartSchedulingPipeline:run_pipeline.py:315] -    Carbon Emissions (tCO2)    155.0994 t        63.7646 t    91.33 reduction (58.9% savings)
[2026-08-25 19:57:34] [INFO] [SmartSchedulingPipeline:run_pipeline.py:315] - Power Factor Penalty (INR)         INR 0.00            INR 0.00              No Penalties Incurred
[2026-08-25 19:57:34] [INFO] [SmartSchedulingPipeline:run_pipeline.py:316] - ======================================================================
[2026-08-25 19:57:34] [INFO] [SmartSchedulingPipeline:run_pipeline.py:318] - Pipeline executed successfully. Outputs written to output/ directory.
[2026-08-25 19:58:19] [INFO] [SmartSchedulingPipeline:run_pipeline.py:114] - Initializing Predict-then-Optimize End-to-End Pipeline...
[2026-08-25 19:58:19] [INFO] [SmartSchedulingPipeline:run_pipeline.py:120] - Step 1/5: Running Data cleaning and feature engineering...
[2026-08-25 19:58:21] [INFO] [SmartSchedulingPipeline:run_pipeline.py:141] - Data preprocessing completed successfully.
[2026-08-25 19:58:21] [INFO] [SmartSchedulingPipeline:run_pipeline.py:146] - Step 2/5: Preparing features and training Quantile XGBoost forecaster...
[2026-08-25 19:58:37] [INFO] [SmartSchedulingPipeline:run_pipeline.py:170] - Forecasting and model persistence completed.
[2026-08-25 19:58:37] [INFO] [SmartSchedulingPipeline:run_pipeline.py:175] - Step 3/5: Running Scheduling Optimization Benchmark algorithms...
[2026-08-25 19:58:37] [INFO] [SmartSchedulingPipeline:run_pipeline.py:178] - Solving Model 1: Proposed Robust Energy-Aware Greedy...
[2026-08-25 19:58:37] [INFO] [SmartSchedulingPipeline:run_pipeline.py:182] - Model 1 done: 500 jobs scheduled.
[2026-08-25 19:58:37] [INFO] [SmartSchedulingPipeline:run_pipeline.py:185] - Solving Model 2: Deterministic Energy-Aware Greedy (p50 baseline)...
[2026-08-25 19:58:37] [INFO] [SmartSchedulingPipeline:run_pipeline.py:189] - Model 2 done: 500 jobs scheduled.
[2026-08-25 19:58:37] [INFO] [SmartSchedulingPipeline:run_pipeline.py:192] - Solving Model 3: Makespan-Only Greedy...
[2026-08-25 19:58:37] [INFO] [SmartSchedulingPipeline:run_pipeline.py:196] - Model 3 done: 500 jobs scheduled.
[2026-08-25 19:58:37] [INFO] [SmartSchedulingPipeline:run_pipeline.py:199] - Solving Model 4: Earliest Deadline First (EDF)...
[2026-08-25 19:58:38] [INFO] [SmartSchedulingPipeline:run_pipeline.py:203] - Model 4 done: 500 jobs scheduled.
[2026-08-25 19:58:38] [INFO] [SmartSchedulingPipeline:run_pipeline.py:206] - Solving Model 5: First Come First Served (FCFS)...
[2026-08-25 19:58:38] [INFO] [SmartSchedulingPipeline:run_pipeline.py:210] - Model 5 done: 500 jobs scheduled.
[2026-08-25 19:58:38] [INFO] [SmartSchedulingPipeline:run_pipeline.py:213] - Solving Model 6: Hybrid FD-PDTS + CP-SAT (warm-start refinement)...
[2026-08-25 19:58:38] [INFO] [SmartSchedulingPipeline:run_pipeline.py:217] - Model 6 done: 500 jobs scheduled.
[2026-08-25 19:58:38] [INFO] [SmartSchedulingPipeline:run_pipeline.py:219] - All scheduling runs completed successfully.
[2026-08-25 19:58:38] [INFO] [SmartSchedulingPipeline:run_pipeline.py:224] - Step 4/5: Computing KPIs for all benchmark models...
[2026-08-25 19:58:38] [INFO] [SmartSchedulingPipeline:run_pipeline.py:309] - ======================================================================
[2026-08-25 19:58:38] [INFO] [SmartSchedulingPipeline:run_pipeline.py:310] - BENCHMARK RESULTS SUMMARY:
[2026-08-25 19:58:38] [INFO] [SmartSchedulingPipeline:run_pipeline.py:311] - ======================================================================
[2026-08-25 19:58:38] [INFO] [SmartSchedulingPipeline:run_pipeline.py:315] -                     Metric FCFS_Baseline CP_SAT_Optimized                        Improvement
[2026-08-25 19:58:38] [INFO] [SmartSchedulingPipeline:run_pipeline.py:315] -    Total Energy Cost (INR)     INR 86877.15        INR 35859.44 51017.71 reduction (58.7% savings)
[2026-08-25 19:58:38] [INFO] [SmartSchedulingPipeline:run_pipeline.py:315] -        Peak Grid Load (kW)     285.84 kW        226.99 kW    58.85 reduction (20.6% savings)
[2026-08-25 19:58:38] [INFO] [SmartSchedulingPipeline:run_pipeline.py:315] -           Makespan (hours)     54.75 hrs       176.75 hrs          +122.00 (222.8% increase)
[2026-08-25 19:58:38] [INFO] [SmartSchedulingPipeline:run_pipeline.py:315] -    Machine Utilization (%)        73.52%           27.53%                  -45.99% reduction
[2026-08-25 19:58:38] [INFO] [SmartSchedulingPipeline:run_pipeline.py:315] - Average Waiting Time (min)     487.0 min       2604.6 min         +2117.64 (434.8% increase)
[2026-08-25 19:58:38] [INFO] [SmartSchedulingPipeline:run_pipeline.py:315] -      Total Idle Time (min)   15255.0 min      41745.0 min        +26490.00 (173.6% increase)
[2026-08-25 19:58:38] [INFO] [SmartSchedulingPipeline:run_pipeline.py:315] -          Total Delay (min)   29970.0 min    1042215.0 min     +1012245.00 (3377.5% increase)
[2026-08-25 19:58:38] [INFO] [SmartSchedulingPipeline:run_pipeline.py:315] -          Late Jobs (count)      165 jobs         406 jobs          +241.00 (146.1% increase)
[2026-08-25 19:58:38] [INFO] [SmartSchedulingPipeline:run_pipeline.py:315] -     On-Time Completion (%)        67.00%           18.80%                  -48.20% reduction
[2026-08-25 19:58:38] [INFO] [SmartSchedulingPipeline:run_pipeline.py:315] -    Carbon Emissions (tCO2)    155.0994 t        63.7646 t    91.33 reduction (58.9% savings)
[2026-08-25 19:58:38] [INFO] [SmartSchedulingPipeline:run_pipeline.py:315] - Power Factor Penalty (INR)         INR 0.00            INR 0.00              No Penalties Incurred
[2026-08-25 19:58:38] [INFO] [SmartSchedulingPipeline:run_pipeline.py:316] - ======================================================================
[2026-08-25 19:58:38] [INFO] [SmartSchedulingPipeline:run_pipeline.py:318] - Pipeline executed successfully. Outputs written to output/ directory.
[2026-08-25 20:01:25] [INFO] [SmartSchedulingPipeline:run_pipeline.py:115] - Initializing Predict-then-Optimize End-to-End Pipeline...
[2026-08-25 20:01:25] [INFO] [SmartSchedulingPipeline:run_pipeline.py:121] - Step 0/5: Generating synthetic job and machine datasets...
[2026-08-25 20:01:25] [INFO] [SmartSchedulingPipeline:run_pipeline.py:123] - Datasets generated successfully.
[2026-08-25 20:01:25] [INFO] [SmartSchedulingPipeline:run_pipeline.py:128] - Step 1/5: Running Data cleaning and feature engineering...
[2026-08-25 20:01:26] [INFO] [SmartSchedulingPipeline:run_pipeline.py:149] - Data preprocessing completed successfully.
[2026-08-25 20:01:26] [INFO] [SmartSchedulingPipeline:run_pipeline.py:154] - Step 2/5: Preparing features and training Quantile XGBoost forecaster...
[2026-08-25 20:01:33] [INFO] [SmartSchedulingPipeline:run_pipeline.py:178] - Forecasting and model persistence completed.
[2026-08-25 20:01:33] [INFO] [SmartSchedulingPipeline:run_pipeline.py:183] - Step 3/5: Running Scheduling Optimization Benchmark algorithms...
[2026-08-25 20:01:33] [INFO] [SmartSchedulingPipeline:run_pipeline.py:186] - Solving Model 1: Proposed Robust Energy-Aware Greedy...
[2026-08-25 20:01:33] [INFO] [SmartSchedulingPipeline:run_pipeline.py:190] - Model 1 done: 500 jobs scheduled.
[2026-08-25 20:01:33] [INFO] [SmartSchedulingPipeline:run_pipeline.py:193] - Solving Model 2: Deterministic Energy-Aware Greedy (p50 baseline)...
[2026-08-25 20:01:33] [INFO] [SmartSchedulingPipeline:run_pipeline.py:197] - Model 2 done: 500 jobs scheduled.
[2026-08-25 20:01:33] [INFO] [SmartSchedulingPipeline:run_pipeline.py:200] - Solving Model 3: Makespan-Only Greedy...
[2026-08-25 20:01:33] [INFO] [SmartSchedulingPipeline:run_pipeline.py:204] - Model 3 done: 500 jobs scheduled.
[2026-08-25 20:01:33] [INFO] [SmartSchedulingPipeline:run_pipeline.py:207] - Solving Model 4: Earliest Deadline First (EDF)...
[2026-08-25 20:01:34] [INFO] [SmartSchedulingPipeline:run_pipeline.py:211] - Model 4 done: 500 jobs scheduled.
[2026-08-25 20:01:34] [INFO] [SmartSchedulingPipeline:run_pipeline.py:214] - Solving Model 5: First Come First Served (FCFS)...
[2026-08-25 20:01:34] [INFO] [SmartSchedulingPipeline:run_pipeline.py:218] - Model 5 done: 500 jobs scheduled.
[2026-08-25 20:01:34] [INFO] [SmartSchedulingPipeline:run_pipeline.py:221] - Solving Model 6: Hybrid FD-PDTS + CP-SAT (warm-start refinement)...
[2026-08-25 20:01:34] [INFO] [SmartSchedulingPipeline:run_pipeline.py:225] - Model 6 done: 500 jobs scheduled.
[2026-08-25 20:01:34] [INFO] [SmartSchedulingPipeline:run_pipeline.py:227] - All scheduling runs completed successfully.
[2026-08-25 20:01:34] [INFO] [SmartSchedulingPipeline:run_pipeline.py:232] - Step 4/5: Computing KPIs for all benchmark models...
[2026-08-25 20:01:34] [INFO] [SmartSchedulingPipeline:run_pipeline.py:317] - ======================================================================
[2026-08-25 20:01:34] [INFO] [SmartSchedulingPipeline:run_pipeline.py:318] - BENCHMARK RESULTS SUMMARY:
[2026-08-25 20:01:34] [INFO] [SmartSchedulingPipeline:run_pipeline.py:319] - ======================================================================
[2026-08-25 20:01:34] [INFO] [SmartSchedulingPipeline:run_pipeline.py:323] -                     Metric FCFS_Baseline CP_SAT_Optimized                         Improvement
[2026-08-25 20:01:34] [INFO] [SmartSchedulingPipeline:run_pipeline.py:323] -    Total Energy Cost (INR)    INR 374211.97        INR 80048.75 294163.22 reduction (78.6% savings)
[2026-08-25 20:01:34] [INFO] [SmartSchedulingPipeline:run_pipeline.py:323] -        Peak Grid Load (kW)    1336.85 kW        809.30 kW    527.55 reduction (39.5% savings)
[2026-08-25 20:01:34] [INFO] [SmartSchedulingPipeline:run_pipeline.py:323] -           Makespan (hours)    103.75 hrs       380.25 hrs           +276.50 (266.5% increase)
[2026-08-25 20:01:34] [INFO] [SmartSchedulingPipeline:run_pipeline.py:323] -    Machine Utilization (%)        67.14%            6.77%                   -60.37% reduction
[2026-08-25 20:01:34] [INFO] [SmartSchedulingPipeline:run_pipeline.py:323] - Average Waiting Time (min)    1648.1 min       5616.2 min          +3968.10 (240.8% increase)
[2026-08-25 20:01:34] [INFO] [SmartSchedulingPipeline:run_pipeline.py:323] -      Total Idle Time (min)    9465.0 min      26850.0 min         +17385.00 (183.7% increase)
[2026-08-25 20:01:34] [INFO] [SmartSchedulingPipeline:run_pipeline.py:323] -          Total Delay (min)  294990.0 min    2239605.0 min       +1944615.00 (659.2% increase)
[2026-08-25 20:01:34] [INFO] [SmartSchedulingPipeline:run_pipeline.py:323] -          Late Jobs (count)      338 jobs         421 jobs             +83.00 (24.6% increase)
[2026-08-25 20:01:34] [INFO] [SmartSchedulingPipeline:run_pipeline.py:323] -     On-Time Completion (%)        32.40%           15.80%                   -16.60% reduction
[2026-08-25 20:01:34] [INFO] [SmartSchedulingPipeline:run_pipeline.py:323] -    Carbon Emissions (tCO2)    670.5799 t       162.1478 t    508.43 reduction (75.8% savings)
[2026-08-25 20:01:34] [INFO] [SmartSchedulingPipeline:run_pipeline.py:323] - Power Factor Penalty (INR)         INR 0.00            INR 0.00               No Penalties Incurred
[2026-08-25 20:01:34] [INFO] [SmartSchedulingPipeline:run_pipeline.py:324] - ======================================================================
[2026-08-25 20:01:34] [INFO] [SmartSchedulingPipeline:run_pipeline.py:326] - Pipeline executed successfully. Outputs written to output/ directory.
[2026-08-25 20:02:41] [INFO] [SmartSchedulingPipeline:run_pipeline.py:115] - Initializing Predict-then-Optimize End-to-End Pipeline...
[2026-08-25 20:02:41] [INFO] [SmartSchedulingPipeline:run_pipeline.py:121] - Step 0/5: Generating synthetic job and machine datasets...
[2026-08-25 20:02:41] [INFO] [SmartSchedulingPipeline:run_pipeline.py:123] - Datasets generated successfully.
[2026-08-25 20:02:41] [INFO] [SmartSchedulingPipeline:run_pipeline.py:128] - Step 1/5: Running Data cleaning and feature engineering...
[2026-08-25 20:02:42] [INFO] [SmartSchedulingPipeline:run_pipeline.py:149] - Data preprocessing completed successfully.
[2026-08-25 20:02:42] [INFO] [SmartSchedulingPipeline:run_pipeline.py:154] - Step 2/5: Preparing features and training Quantile XGBoost forecaster...
[2026-08-25 20:02:49] [INFO] [SmartSchedulingPipeline:run_pipeline.py:178] - Forecasting and model persistence completed.
[2026-08-25 20:02:49] [INFO] [SmartSchedulingPipeline:run_pipeline.py:183] - Step 3/5: Running Scheduling Optimization Benchmark algorithms...
[2026-08-25 20:02:49] [INFO] [SmartSchedulingPipeline:run_pipeline.py:186] - Solving Model 1: Proposed Robust Energy-Aware Greedy...
[2026-08-25 20:02:49] [INFO] [SmartSchedulingPipeline:run_pipeline.py:190] - Model 1 done: 500 jobs scheduled.
[2026-08-25 20:02:49] [INFO] [SmartSchedulingPipeline:run_pipeline.py:193] - Solving Model 2: Deterministic Energy-Aware Greedy (p50 baseline)...
[2026-08-25 20:02:49] [INFO] [SmartSchedulingPipeline:run_pipeline.py:197] - Model 2 done: 500 jobs scheduled.
[2026-08-25 20:02:49] [INFO] [SmartSchedulingPipeline:run_pipeline.py:200] - Solving Model 3: Makespan-Only Greedy...
[2026-08-25 20:02:49] [INFO] [SmartSchedulingPipeline:run_pipeline.py:204] - Model 3 done: 500 jobs scheduled.
[2026-08-25 20:02:49] [INFO] [SmartSchedulingPipeline:run_pipeline.py:207] - Solving Model 4: Earliest Deadline First (EDF)...
[2026-08-25 20:02:50] [INFO] [SmartSchedulingPipeline:run_pipeline.py:211] - Model 4 done: 500 jobs scheduled.
[2026-08-25 20:02:50] [INFO] [SmartSchedulingPipeline:run_pipeline.py:214] - Solving Model 5: First Come First Served (FCFS)...
[2026-08-25 20:02:50] [INFO] [SmartSchedulingPipeline:run_pipeline.py:218] - Model 5 done: 500 jobs scheduled.
[2026-08-25 20:02:50] [INFO] [SmartSchedulingPipeline:run_pipeline.py:221] - Solving Model 6: Hybrid FD-PDTS + CP-SAT (warm-start refinement)...
[2026-08-25 20:02:50] [INFO] [SmartSchedulingPipeline:run_pipeline.py:225] - Model 6 done: 500 jobs scheduled.
[2026-08-25 20:02:50] [INFO] [SmartSchedulingPipeline:run_pipeline.py:227] - All scheduling runs completed successfully.
[2026-08-25 20:02:50] [INFO] [SmartSchedulingPipeline:run_pipeline.py:232] - Step 4/5: Computing KPIs for all benchmark models...
[2026-08-25 20:02:50] [INFO] [SmartSchedulingPipeline:run_pipeline.py:317] - ======================================================================
[2026-08-25 20:02:50] [INFO] [SmartSchedulingPipeline:run_pipeline.py:318] - BENCHMARK RESULTS SUMMARY:
[2026-08-25 20:02:50] [INFO] [SmartSchedulingPipeline:run_pipeline.py:319] - ======================================================================
[2026-08-25 20:02:50] [INFO] [SmartSchedulingPipeline:run_pipeline.py:323] -                     Metric FCFS_Baseline CP_SAT_Optimized                         Improvement
[2026-08-25 20:02:50] [INFO] [SmartSchedulingPipeline:run_pipeline.py:323] -    Total Energy Cost (INR)    INR 374211.97        INR 79586.75 294625.22 reduction (78.7% savings)
[2026-08-25 20:02:50] [INFO] [SmartSchedulingPipeline:run_pipeline.py:323] -        Peak Grid Load (kW)    1336.85 kW        809.30 kW    527.55 reduction (39.5% savings)
[2026-08-25 20:02:50] [INFO] [SmartSchedulingPipeline:run_pipeline.py:323] -           Makespan (hours)    103.75 hrs       379.50 hrs           +275.75 (265.8% increase)
[2026-08-25 20:02:50] [INFO] [SmartSchedulingPipeline:run_pipeline.py:323] -    Machine Utilization (%)        67.14%            6.67%                   -60.47% reduction
[2026-08-25 20:02:50] [INFO] [SmartSchedulingPipeline:run_pipeline.py:323] - Average Waiting Time (min)    1648.1 min       5635.3 min          +3987.18 (241.9% increase)
[2026-08-25 20:02:50] [INFO] [SmartSchedulingPipeline:run_pipeline.py:323] -      Total Idle Time (min)    9465.0 min      26880.0 min         +17415.00 (184.0% increase)
[2026-08-25 20:02:50] [INFO] [SmartSchedulingPipeline:run_pipeline.py:323] -          Total Delay (min)  294990.0 min    2248035.0 min       +1953045.00 (662.1% increase)
[2026-08-25 20:02:50] [INFO] [SmartSchedulingPipeline:run_pipeline.py:323] -          Late Jobs (count)      338 jobs         420 jobs             +82.00 (24.3% increase)
[2026-08-25 20:02:50] [INFO] [SmartSchedulingPipeline:run_pipeline.py:323] -     On-Time Completion (%)        32.40%           16.00%                   -16.40% reduction
[2026-08-25 20:02:50] [INFO] [SmartSchedulingPipeline:run_pipeline.py:323] -    Carbon Emissions (tCO2)    670.5799 t       158.3097 t    512.27 reduction (76.4% savings)
[2026-08-25 20:02:50] [INFO] [SmartSchedulingPipeline:run_pipeline.py:323] - Power Factor Penalty (INR)         INR 0.00            INR 0.00               No Penalties Incurred
[2026-08-25 20:02:50] [INFO] [SmartSchedulingPipeline:run_pipeline.py:324] - ======================================================================
[2026-08-25 20:02:50] [INFO] [SmartSchedulingPipeline:run_pipeline.py:326] - Pipeline executed successfully. Outputs written to output/ directory.
[2026-08-25 20:20:27] [INFO] [SmartSchedulingPipeline:run_pipeline.py:115] - Initializing Predict-then-Optimize End-to-End Pipeline...
[2026-08-25 20:20:27] [INFO] [SmartSchedulingPipeline:run_pipeline.py:121] - Step 0/5: Generating synthetic job and machine datasets...
[2026-08-25 20:20:27] [INFO] [SmartSchedulingPipeline:run_pipeline.py:123] - Datasets generated successfully.
[2026-08-25 20:20:27] [INFO] [SmartSchedulingPipeline:run_pipeline.py:128] - Step 1/5: Running Data cleaning and feature engineering...
[2026-08-25 20:20:28] [INFO] [SmartSchedulingPipeline:run_pipeline.py:149] - Data preprocessing completed successfully.
[2026-08-25 20:20:28] [INFO] [SmartSchedulingPipeline:run_pipeline.py:154] - Step 2/5: Preparing features and training Quantile XGBoost forecaster...
[2026-08-25 20:20:36] [INFO] [SmartSchedulingPipeline:run_pipeline.py:178] - Forecasting and model persistence completed.
[2026-08-25 20:20:36] [INFO] [SmartSchedulingPipeline:run_pipeline.py:183] - Step 3/5: Running Scheduling Optimization Benchmark algorithms...
[2026-08-25 20:20:36] [INFO] [SmartSchedulingPipeline:run_pipeline.py:186] - Solving Model 1: Proposed Robust Energy-Aware Greedy...
[2026-08-25 20:20:36] [INFO] [SmartSchedulingPipeline:run_pipeline.py:190] - Model 1 done: 500 jobs scheduled.
[2026-08-25 20:20:36] [INFO] [SmartSchedulingPipeline:run_pipeline.py:193] - Solving Model 2: Deterministic Energy-Aware Greedy (p50 baseline)...
[2026-08-25 20:20:36] [INFO] [SmartSchedulingPipeline:run_pipeline.py:197] - Model 2 done: 500 jobs scheduled.
[2026-08-25 20:20:36] [INFO] [SmartSchedulingPipeline:run_pipeline.py:200] - Solving Model 3: Makespan-Only Greedy...
[2026-08-25 20:20:36] [INFO] [SmartSchedulingPipeline:run_pipeline.py:204] - Model 3 done: 500 jobs scheduled.
[2026-08-25 20:20:36] [INFO] [SmartSchedulingPipeline:run_pipeline.py:207] - Solving Model 4: Earliest Deadline First (EDF)...
[2026-08-25 20:20:36] [INFO] [SmartSchedulingPipeline:run_pipeline.py:211] - Model 4 done: 500 jobs scheduled.
[2026-08-25 20:20:36] [INFO] [SmartSchedulingPipeline:run_pipeline.py:214] - Solving Model 5: First Come First Served (FCFS)...
[2026-08-25 20:20:36] [INFO] [SmartSchedulingPipeline:run_pipeline.py:218] - Model 5 done: 500 jobs scheduled.
[2026-08-25 20:20:36] [INFO] [SmartSchedulingPipeline:run_pipeline.py:221] - Solving Model 6: Hybrid FD-PDTS + CP-SAT (warm-start refinement)...
[2026-08-25 20:20:37] [INFO] [SmartSchedulingPipeline:run_pipeline.py:225] - Model 6 done: 500 jobs scheduled.
[2026-08-25 20:20:37] [INFO] [SmartSchedulingPipeline:run_pipeline.py:227] - All scheduling runs completed successfully.
[2026-08-25 20:20:37] [INFO] [SmartSchedulingPipeline:run_pipeline.py:232] - Step 4/5: Computing KPIs for all benchmark models...
[2026-08-25 20:20:38] [INFO] [SmartSchedulingPipeline:run_pipeline.py:317] - ======================================================================
[2026-08-25 20:20:38] [INFO] [SmartSchedulingPipeline:run_pipeline.py:318] - BENCHMARK RESULTS SUMMARY:
[2026-08-25 20:20:38] [INFO] [SmartSchedulingPipeline:run_pipeline.py:319] - ======================================================================
[2026-08-25 20:20:38] [INFO] [SmartSchedulingPipeline:run_pipeline.py:323] -                     Metric FCFS_Baseline CP_SAT_Optimized                         Improvement
[2026-08-25 20:20:38] [INFO] [SmartSchedulingPipeline:run_pipeline.py:323] -    Total Energy Cost (INR)    INR 374211.97        INR 79586.75 294625.22 reduction (78.7% savings)
[2026-08-25 20:20:38] [INFO] [SmartSchedulingPipeline:run_pipeline.py:323] -        Peak Grid Load (kW)    1336.85 kW        809.30 kW    527.55 reduction (39.5% savings)
[2026-08-25 20:20:38] [INFO] [SmartSchedulingPipeline:run_pipeline.py:323] -           Makespan (hours)    103.75 hrs       379.50 hrs           +275.75 (265.8% increase)
[2026-08-25 20:20:38] [INFO] [SmartSchedulingPipeline:run_pipeline.py:323] -    Machine Utilization (%)        67.14%            6.67%                   -60.47% reduction
[2026-08-25 20:20:38] [INFO] [SmartSchedulingPipeline:run_pipeline.py:323] - Average Waiting Time (min)    1648.1 min       5635.3 min          +3987.18 (241.9% increase)
[2026-08-25 20:20:38] [INFO] [SmartSchedulingPipeline:run_pipeline.py:323] -      Total Idle Time (min)    9465.0 min      26880.0 min         +17415.00 (184.0% increase)
[2026-08-25 20:20:38] [INFO] [SmartSchedulingPipeline:run_pipeline.py:323] -          Total Delay (min)  294990.0 min    2248035.0 min       +1953045.00 (662.1% increase)
[2026-08-25 20:20:38] [INFO] [SmartSchedulingPipeline:run_pipeline.py:323] -          Late Jobs (count)      338 jobs         420 jobs             +82.00 (24.3% increase)
[2026-08-25 20:20:38] [INFO] [SmartSchedulingPipeline:run_pipeline.py:323] -     On-Time Completion (%)        32.40%           16.00%                   -16.40% reduction
[2026-08-25 20:20:38] [INFO] [SmartSchedulingPipeline:run_pipeline.py:323] -    Carbon Emissions (tCO2)    670.5799 t       158.3097 t    512.27 reduction (76.4% savings)
[2026-08-25 20:20:38] [INFO] [SmartSchedulingPipeline:run_pipeline.py:323] - Power Factor Penalty (INR)         INR 0.00            INR 0.00               No Penalties Incurred
[2026-08-25 20:20:38] [INFO] [SmartSchedulingPipeline:run_pipeline.py:324] - ======================================================================
[2026-08-25 20:20:38] [INFO] [SmartSchedulingPipeline:run_pipeline.py:326] - Pipeline executed successfully. Outputs written to output/ directory.
[2026-08-25 20:27:09] [INFO] [SmartSchedulingPipeline:run_pipeline.py:115] - Initializing Predict-then-Optimize End-to-End Pipeline...
[2026-08-25 20:27:09] [INFO] [SmartSchedulingPipeline:run_pipeline.py:121] - Step 0/5: Generating synthetic job and machine datasets...
[2026-08-25 20:27:09] [INFO] [SmartSchedulingPipeline:run_pipeline.py:123] - Datasets generated successfully.
[2026-08-25 20:27:09] [INFO] [SmartSchedulingPipeline:run_pipeline.py:128] - Step 1/5: Running Data cleaning and feature engineering...
[2026-08-25 20:27:10] [INFO] [SmartSchedulingPipeline:run_pipeline.py:149] - Data preprocessing completed successfully.
[2026-08-25 20:27:10] [INFO] [SmartSchedulingPipeline:run_pipeline.py:154] - Step 2/5: Preparing features and training Quantile XGBoost forecaster...
[2026-08-25 20:27:19] [INFO] [SmartSchedulingPipeline:run_pipeline.py:178] - Forecasting and model persistence completed.
[2026-08-25 20:27:19] [INFO] [SmartSchedulingPipeline:run_pipeline.py:183] - Step 3/5: Running Scheduling Optimization Benchmark algorithms...
[2026-08-25 20:27:19] [INFO] [SmartSchedulingPipeline:run_pipeline.py:186] - Solving Model 1: Proposed Robust Energy-Aware Greedy...
[2026-08-25 20:27:19] [INFO] [SmartSchedulingPipeline:run_pipeline.py:190] - Model 1 done: 500 jobs scheduled.
[2026-08-25 20:27:19] [INFO] [SmartSchedulingPipeline:run_pipeline.py:193] - Solving Model 2: Deterministic Energy-Aware Greedy (p50 baseline)...
[2026-08-25 20:27:20] [INFO] [SmartSchedulingPipeline:run_pipeline.py:197] - Model 2 done: 500 jobs scheduled.
[2026-08-25 20:27:20] [INFO] [SmartSchedulingPipeline:run_pipeline.py:200] - Solving Model 3: Makespan-Only Greedy...
[2026-08-25 20:27:20] [INFO] [SmartSchedulingPipeline:run_pipeline.py:204] - Model 3 done: 500 jobs scheduled.
[2026-08-25 20:27:20] [INFO] [SmartSchedulingPipeline:run_pipeline.py:207] - Solving Model 4: Earliest Deadline First (EDF)...
[2026-08-25 20:27:20] [INFO] [SmartSchedulingPipeline:run_pipeline.py:211] - Model 4 done: 500 jobs scheduled.
[2026-08-25 20:27:20] [INFO] [SmartSchedulingPipeline:run_pipeline.py:214] - Solving Model 5: First Come First Served (FCFS)...
[2026-08-25 20:27:20] [INFO] [SmartSchedulingPipeline:run_pipeline.py:218] - Model 5 done: 500 jobs scheduled.
[2026-08-25 20:27:20] [INFO] [SmartSchedulingPipeline:run_pipeline.py:221] - Solving Model 6: Hybrid FD-PDTS + CP-SAT (warm-start refinement)...
[2026-08-25 20:27:21] [INFO] [SmartSchedulingPipeline:run_pipeline.py:225] - Model 6 done: 500 jobs scheduled.
[2026-08-25 20:27:21] [INFO] [SmartSchedulingPipeline:run_pipeline.py:227] - All scheduling runs completed successfully.
[2026-08-25 20:27:21] [INFO] [SmartSchedulingPipeline:run_pipeline.py:232] - Step 4/5: Computing KPIs for all benchmark models...
[2026-08-25 20:27:21] [INFO] [SmartSchedulingPipeline:run_pipeline.py:317] - ======================================================================
[2026-08-25 20:27:21] [INFO] [SmartSchedulingPipeline:run_pipeline.py:318] - BENCHMARK RESULTS SUMMARY:
[2026-08-25 20:27:21] [INFO] [SmartSchedulingPipeline:run_pipeline.py:319] - ======================================================================
[2026-08-25 20:27:21] [INFO] [SmartSchedulingPipeline:run_pipeline.py:323] -                     Metric FCFS_Baseline CP_SAT_Optimized                         Improvement
[2026-08-25 20:27:21] [INFO] [SmartSchedulingPipeline:run_pipeline.py:323] -    Total Energy Cost (INR)    INR 374211.97        INR 79586.75 294625.22 reduction (78.7% savings)
[2026-08-25 20:27:21] [INFO] [SmartSchedulingPipeline:run_pipeline.py:323] -        Peak Grid Load (kW)    1336.85 kW        809.30 kW    527.55 reduction (39.5% savings)
[2026-08-25 20:27:21] [INFO] [SmartSchedulingPipeline:run_pipeline.py:323] -           Makespan (hours)    103.75 hrs       379.50 hrs           +275.75 (265.8% increase)
[2026-08-25 20:27:21] [INFO] [SmartSchedulingPipeline:run_pipeline.py:323] -    Machine Utilization (%)        67.14%            6.67%                   -60.47% reduction
[2026-08-25 20:27:21] [INFO] [SmartSchedulingPipeline:run_pipeline.py:323] - Average Waiting Time (min)    1648.1 min       5635.3 min          +3987.18 (241.9% increase)
[2026-08-25 20:27:21] [INFO] [SmartSchedulingPipeline:run_pipeline.py:323] -      Total Idle Time (min)    9465.0 min      26880.0 min         +17415.00 (184.0% increase)
[2026-08-25 20:27:21] [INFO] [SmartSchedulingPipeline:run_pipeline.py:323] -          Total Delay (min)  294990.0 min    2248035.0 min       +1953045.00 (662.1% increase)
[2026-08-25 20:27:21] [INFO] [SmartSchedulingPipeline:run_pipeline.py:323] -          Late Jobs (count)      338 jobs         420 jobs             +82.00 (24.3% increase)
[2026-08-25 20:27:21] [INFO] [SmartSchedulingPipeline:run_pipeline.py:323] -     On-Time Completion (%)        32.40%           16.00%                   -16.40% reduction
[2026-08-25 20:27:21] [INFO] [SmartSchedulingPipeline:run_pipeline.py:323] -    Carbon Emissions (tCO2)    670.5799 t       158.3097 t    512.27 reduction (76.4% savings)
[2026-08-25 20:27:21] [INFO] [SmartSchedulingPipeline:run_pipeline.py:323] - Power Factor Penalty (INR)         INR 0.00            INR 0.00               No Penalties Incurred
[2026-08-25 20:27:21] [INFO] [SmartSchedulingPipeline:run_pipeline.py:324] - ======================================================================
[2026-08-25 20:27:21] [INFO] [SmartSchedulingPipeline:run_pipeline.py:326] - Pipeline executed successfully. Outputs written to output/ directory.
[2026-08-25 20:43:47] [INFO] [SmartSchedulingPipeline:run_pipeline.py:115] - Initializing Predict-then-Optimize End-to-End Pipeline...
[2026-08-25 20:43:47] [INFO] [SmartSchedulingPipeline:run_pipeline.py:121] - Step 0/5: Generating synthetic job and machine datasets...
[2026-08-25 20:43:47] [INFO] [SmartSchedulingPipeline:run_pipeline.py:123] - Datasets generated successfully.
[2026-08-25 20:43:47] [INFO] [SmartSchedulingPipeline:run_pipeline.py:128] - Step 1/5: Running Data cleaning and feature engineering...
[2026-08-25 20:43:49] [INFO] [SmartSchedulingPipeline:run_pipeline.py:149] - Data preprocessing completed successfully.
[2026-08-25 20:43:49] [INFO] [SmartSchedulingPipeline:run_pipeline.py:154] - Step 2/5: Preparing features and training Quantile XGBoost forecaster...
[2026-08-25 20:43:59] [INFO] [SmartSchedulingPipeline:run_pipeline.py:178] - Forecasting and model persistence completed.
[2026-08-25 20:43:59] [INFO] [SmartSchedulingPipeline:run_pipeline.py:183] - Step 3/5: Running Scheduling Optimization Benchmark algorithms...
[2026-08-25 20:43:59] [INFO] [SmartSchedulingPipeline:run_pipeline.py:186] - Solving Model 1: Proposed Robust Energy-Aware Greedy...
[2026-08-25 20:43:59] [INFO] [SmartSchedulingPipeline:run_pipeline.py:190] - Model 1 done: 500 jobs scheduled.
[2026-08-25 20:43:59] [INFO] [SmartSchedulingPipeline:run_pipeline.py:193] - Solving Model 2: Deterministic Energy-Aware Greedy (p50 baseline)...
[2026-08-25 20:43:59] [INFO] [SmartSchedulingPipeline:run_pipeline.py:197] - Model 2 done: 500 jobs scheduled.
[2026-08-25 20:43:59] [INFO] [SmartSchedulingPipeline:run_pipeline.py:200] - Solving Model 3: Makespan-Only Greedy...
[2026-08-25 20:43:59] [INFO] [SmartSchedulingPipeline:run_pipeline.py:204] - Model 3 done: 500 jobs scheduled.
[2026-08-25 20:43:59] [INFO] [SmartSchedulingPipeline:run_pipeline.py:207] - Solving Model 4: Earliest Deadline First (EDF)...
[2026-08-25 20:44:00] [INFO] [SmartSchedulingPipeline:run_pipeline.py:211] - Model 4 done: 500 jobs scheduled.
[2026-08-25 20:44:00] [INFO] [SmartSchedulingPipeline:run_pipeline.py:214] - Solving Model 5: First Come First Served (FCFS)...
[2026-08-25 20:44:00] [INFO] [SmartSchedulingPipeline:run_pipeline.py:218] - Model 5 done: 500 jobs scheduled.
[2026-08-25 20:44:00] [INFO] [SmartSchedulingPipeline:run_pipeline.py:221] - Solving Model 6: Hybrid FD-PDTS + CP-SAT (warm-start refinement)...
[2026-08-25 20:44:02] [INFO] [SmartSchedulingPipeline:run_pipeline.py:225] - Model 6 done: 500 jobs scheduled.
[2026-08-25 20:44:02] [INFO] [SmartSchedulingPipeline:run_pipeline.py:227] - All scheduling runs completed successfully.
[2026-08-25 20:44:02] [INFO] [SmartSchedulingPipeline:run_pipeline.py:232] - Step 4/5: Computing KPIs for all benchmark models...
[2026-08-25 20:44:03] [INFO] [SmartSchedulingPipeline:run_pipeline.py:317] - ======================================================================
[2026-08-25 20:44:03] [INFO] [SmartSchedulingPipeline:run_pipeline.py:318] - BENCHMARK RESULTS SUMMARY:
[2026-08-25 20:44:03] [INFO] [SmartSchedulingPipeline:run_pipeline.py:319] - ======================================================================
[2026-08-25 20:44:03] [INFO] [SmartSchedulingPipeline:run_pipeline.py:323] -                     Metric FCFS_Baseline CP_SAT_Optimized                         Improvement
[2026-08-25 20:44:03] [INFO] [SmartSchedulingPipeline:run_pipeline.py:323] -    Total Energy Cost (INR)    INR 374211.97        INR 79586.75 294625.22 reduction (78.7% savings)
[2026-08-25 20:44:03] [INFO] [SmartSchedulingPipeline:run_pipeline.py:323] -        Peak Grid Load (kW)    1336.85 kW        809.30 kW    527.55 reduction (39.5% savings)
[2026-08-25 20:44:03] [INFO] [SmartSchedulingPipeline:run_pipeline.py:323] -           Makespan (hours)    103.75 hrs       379.50 hrs           +275.75 (265.8% increase)
[2026-08-25 20:44:03] [INFO] [SmartSchedulingPipeline:run_pipeline.py:323] -    Machine Utilization (%)        67.14%            6.67%                   -60.47% reduction
[2026-08-25 20:44:03] [INFO] [SmartSchedulingPipeline:run_pipeline.py:323] - Average Waiting Time (min)    1648.1 min       5635.3 min          +3987.18 (241.9% increase)
[2026-08-25 20:44:03] [INFO] [SmartSchedulingPipeline:run_pipeline.py:323] -      Total Idle Time (min)    9465.0 min      26880.0 min         +17415.00 (184.0% increase)
[2026-08-25 20:44:03] [INFO] [SmartSchedulingPipeline:run_pipeline.py:323] -          Total Delay (min)  294990.0 min    2248035.0 min       +1953045.00 (662.1% increase)
[2026-08-25 20:44:03] [INFO] [SmartSchedulingPipeline:run_pipeline.py:323] -          Late Jobs (count)      338 jobs         420 jobs             +82.00 (24.3% increase)
[2026-08-25 20:44:03] [INFO] [SmartSchedulingPipeline:run_pipeline.py:323] -     On-Time Completion (%)        32.40%           16.00%                   -16.40% reduction
[2026-08-25 20:44:03] [INFO] [SmartSchedulingPipeline:run_pipeline.py:323] -    Carbon Emissions (tCO2)    670.5799 t       158.3097 t    512.27 reduction (76.4% savings)
[2026-08-25 20:44:03] [INFO] [SmartSchedulingPipeline:run_pipeline.py:323] - Power Factor Penalty (INR)         INR 0.00            INR 0.00               No Penalties Incurred
[2026-08-25 20:44:03] [INFO] [SmartSchedulingPipeline:run_pipeline.py:324] - ======================================================================
[2026-08-25 20:44:03] [INFO] [SmartSchedulingPipeline:run_pipeline.py:326] - Pipeline executed successfully. Outputs written to output/ directory.
[2026-08-25 20:50:25] [INFO] [SmartSchedulingPipeline:run_pipeline.py:115] - Initializing Predict-then-Optimize End-to-End Pipeline...
[2026-08-25 20:50:25] [INFO] [SmartSchedulingPipeline:run_pipeline.py:121] - Step 0/5: Generating synthetic job and machine datasets...
[2026-08-25 20:50:25] [INFO] [SmartSchedulingPipeline:run_pipeline.py:123] - Datasets generated successfully.
[2026-08-25 20:50:25] [INFO] [SmartSchedulingPipeline:run_pipeline.py:128] - Step 1/5: Running Data cleaning and feature engineering...
[2026-08-25 20:50:26] [INFO] [SmartSchedulingPipeline:run_pipeline.py:149] - Data preprocessing completed successfully.
[2026-08-25 20:50:26] [INFO] [SmartSchedulingPipeline:run_pipeline.py:154] - Step 2/5: Preparing features and training Quantile XGBoost forecaster...
[2026-08-25 20:50:35] [INFO] [SmartSchedulingPipeline:run_pipeline.py:178] - Forecasting and model persistence completed.
[2026-08-25 20:50:35] [INFO] [SmartSchedulingPipeline:run_pipeline.py:183] - Step 3/5: Running Scheduling Optimization Benchmark algorithms...
[2026-08-25 20:50:35] [INFO] [SmartSchedulingPipeline:run_pipeline.py:186] - Solving Model 1: Proposed Robust Energy-Aware Greedy...
[2026-08-25 20:50:35] [INFO] [SmartSchedulingPipeline:run_pipeline.py:190] - Model 1 done: 500 jobs scheduled.
[2026-08-25 20:50:35] [INFO] [SmartSchedulingPipeline:run_pipeline.py:193] - Solving Model 2: Deterministic Energy-Aware Greedy (p50 baseline)...
[2026-08-25 20:50:36] [INFO] [SmartSchedulingPipeline:run_pipeline.py:197] - Model 2 done: 500 jobs scheduled.
[2026-08-25 20:50:36] [INFO] [SmartSchedulingPipeline:run_pipeline.py:200] - Solving Model 3: Makespan-Only Greedy...
[2026-08-25 20:50:36] [INFO] [SmartSchedulingPipeline:run_pipeline.py:204] - Model 3 done: 500 jobs scheduled.
[2026-08-25 20:50:36] [INFO] [SmartSchedulingPipeline:run_pipeline.py:207] - Solving Model 4: Earliest Deadline First (EDF)...
[2026-08-25 20:50:36] [INFO] [SmartSchedulingPipeline:run_pipeline.py:211] - Model 4 done: 500 jobs scheduled.
[2026-08-25 20:50:36] [INFO] [SmartSchedulingPipeline:run_pipeline.py:214] - Solving Model 5: First Come First Served (FCFS)...
[2026-08-25 20:50:36] [INFO] [SmartSchedulingPipeline:run_pipeline.py:218] - Model 5 done: 500 jobs scheduled.
[2026-08-25 20:50:36] [INFO] [SmartSchedulingPipeline:run_pipeline.py:221] - Solving Model 6: Hybrid FD-PDTS + CP-SAT (warm-start refinement)...
[2026-08-25 20:50:39] [INFO] [SmartSchedulingPipeline:run_pipeline.py:225] - Model 6 done: 500 jobs scheduled.
[2026-08-25 20:50:39] [INFO] [SmartSchedulingPipeline:run_pipeline.py:227] - All scheduling runs completed successfully.
[2026-08-25 20:50:39] [INFO] [SmartSchedulingPipeline:run_pipeline.py:232] - Step 4/5: Computing KPIs for all benchmark models...
[2026-08-25 20:50:40] [INFO] [SmartSchedulingPipeline:run_pipeline.py:350] - Saved comprehensive benchmark comparison report to output/comprehensive_report.csv
[2026-08-25 20:50:40] [INFO] [SmartSchedulingPipeline:run_pipeline.py:352] - ======================================================================
[2026-08-25 20:50:40] [INFO] [SmartSchedulingPipeline:run_pipeline.py:353] - BENCHMARK RESULTS SUMMARY:
[2026-08-25 20:50:40] [INFO] [SmartSchedulingPipeline:run_pipeline.py:354] - ======================================================================
[2026-08-25 20:50:40] [INFO] [SmartSchedulingPipeline:run_pipeline.py:358] -                     Metric FCFS_Baseline CP_SAT_Optimized                         Improvement
[2026-08-25 20:50:40] [INFO] [SmartSchedulingPipeline:run_pipeline.py:358] -    Total Energy Cost (INR)    INR 414957.00        INR 79586.75 335370.25 reduction (80.8% savings)
[2026-08-25 20:50:40] [INFO] [SmartSchedulingPipeline:run_pipeline.py:358] -        Peak Grid Load (kW)    1337.03 kW        809.30 kW    527.73 reduction (39.5% savings)
[2026-08-25 20:50:40] [INFO] [SmartSchedulingPipeline:run_pipeline.py:358] -           Makespan (hours)     98.75 hrs       379.50 hrs           +280.75 (284.3% increase)
[2026-08-25 20:50:40] [INFO] [SmartSchedulingPipeline:run_pipeline.py:358] -    Machine Utilization (%)        76.04%            6.67%                   -69.37% reduction
[2026-08-25 20:50:40] [INFO] [SmartSchedulingPipeline:run_pipeline.py:358] - Average Waiting Time (min)    1417.2 min       5635.3 min          +4218.06 (297.6% increase)
[2026-08-25 20:50:40] [INFO] [SmartSchedulingPipeline:run_pipeline.py:358] -      Total Idle Time (min)    6900.0 min      26880.0 min         +19980.00 (289.6% increase)
[2026-08-25 20:50:40] [INFO] [SmartSchedulingPipeline:run_pipeline.py:358] -          Total Delay (min)  236310.0 min    2248035.0 min       +2011725.00 (851.3% increase)
[2026-08-25 20:50:40] [INFO] [SmartSchedulingPipeline:run_pipeline.py:358] -          Late Jobs (count)      300 jobs         420 jobs            +120.00 (40.0% increase)
[2026-08-25 20:50:40] [INFO] [SmartSchedulingPipeline:run_pipeline.py:358] -     On-Time Completion (%)        40.00%           16.00%                   -24.00% reduction
[2026-08-25 20:50:40] [INFO] [SmartSchedulingPipeline:run_pipeline.py:358] -    Carbon Emissions (tCO2)    732.1880 t       158.3097 t    573.88 reduction (78.4% savings)
[2026-08-25 20:50:40] [INFO] [SmartSchedulingPipeline:run_pipeline.py:358] - Power Factor Penalty (INR)         INR 0.00            INR 0.00               No Penalties Incurred
[2026-08-25 20:50:40] [INFO] [SmartSchedulingPipeline:run_pipeline.py:359] - ======================================================================
[2026-08-25 20:50:40] [INFO] [SmartSchedulingPipeline:run_pipeline.py:361] - Pipeline executed successfully. Outputs written to output/ directory.
[2026-08-25 20:52:22] [INFO] [SmartSchedulingPipeline:run_pipeline.py:115] - Initializing Predict-then-Optimize End-to-End Pipeline...
[2026-08-25 20:52:22] [INFO] [SmartSchedulingPipeline:run_pipeline.py:121] - Step 0/5: Generating synthetic job and machine datasets...
[2026-08-25 20:52:22] [INFO] [SmartSchedulingPipeline:run_pipeline.py:123] - Datasets generated successfully.
[2026-08-25 20:52:22] [INFO] [SmartSchedulingPipeline:run_pipeline.py:128] - Step 1/5: Running Data cleaning and feature engineering...
[2026-08-25 20:52:23] [INFO] [SmartSchedulingPipeline:run_pipeline.py:149] - Data preprocessing completed successfully.
[2026-08-25 20:52:23] [INFO] [SmartSchedulingPipeline:run_pipeline.py:154] - Step 2/5: Preparing features and training Quantile XGBoost forecaster...
[2026-08-25 20:52:32] [INFO] [SmartSchedulingPipeline:run_pipeline.py:178] - Forecasting and model persistence completed.
[2026-08-25 20:52:32] [INFO] [SmartSchedulingPipeline:run_pipeline.py:183] - Step 3/5: Running Scheduling Optimization Benchmark algorithms...
[2026-08-25 20:52:32] [INFO] [SmartSchedulingPipeline:run_pipeline.py:186] - Solving Model 1: Proposed Robust Energy-Aware Greedy...
[2026-08-25 20:52:32] [INFO] [SmartSchedulingPipeline:run_pipeline.py:190] - Model 1 done: 500 jobs scheduled.
[2026-08-25 20:52:32] [INFO] [SmartSchedulingPipeline:run_pipeline.py:193] - Solving Model 2: Deterministic Energy-Aware Greedy (p50 baseline)...
[2026-08-25 20:52:33] [INFO] [SmartSchedulingPipeline:run_pipeline.py:197] - Model 2 done: 500 jobs scheduled.
[2026-08-25 20:52:33] [INFO] [SmartSchedulingPipeline:run_pipeline.py:200] - Solving Model 3: Makespan-Only Greedy...
[2026-08-25 20:52:33] [INFO] [SmartSchedulingPipeline:run_pipeline.py:204] - Model 3 done: 500 jobs scheduled.
[2026-08-25 20:52:33] [INFO] [SmartSchedulingPipeline:run_pipeline.py:207] - Solving Model 4: Earliest Deadline First (EDF)...
[2026-08-25 20:52:33] [INFO] [SmartSchedulingPipeline:run_pipeline.py:211] - Model 4 done: 500 jobs scheduled.
[2026-08-25 20:52:33] [INFO] [SmartSchedulingPipeline:run_pipeline.py:214] - Solving Model 5: First Come First Served (FCFS)...
[2026-08-25 20:52:33] [INFO] [SmartSchedulingPipeline:run_pipeline.py:218] - Model 5 done: 500 jobs scheduled.
[2026-08-25 20:52:33] [INFO] [SmartSchedulingPipeline:run_pipeline.py:221] - Solving Model 6: Hybrid FD-PDTS + CP-SAT (warm-start refinement)...
[2026-08-25 20:52:35] [INFO] [SmartSchedulingPipeline:run_pipeline.py:226] - Model 6 done: 500 jobs scheduled.
[2026-08-25 20:52:35] [INFO] [SmartSchedulingPipeline:run_pipeline.py:228] - All scheduling runs completed successfully.
[2026-08-25 20:52:35] [INFO] [SmartSchedulingPipeline:run_pipeline.py:233] - Step 4/5: Computing KPIs for all benchmark models...
[2026-08-25 20:52:36] [INFO] [SmartSchedulingPipeline:run_pipeline.py:351] - Saved comprehensive benchmark comparison report to output/comprehensive_report.csv
[2026-08-25 20:52:36] [INFO] [SmartSchedulingPipeline:run_pipeline.py:353] - ======================================================================
[2026-08-25 20:52:36] [INFO] [SmartSchedulingPipeline:run_pipeline.py:354] - BENCHMARK RESULTS SUMMARY:
[2026-08-25 20:52:36] [INFO] [SmartSchedulingPipeline:run_pipeline.py:355] - ======================================================================
[2026-08-25 20:52:36] [INFO] [SmartSchedulingPipeline:run_pipeline.py:359] -                     Metric FCFS_Baseline CP_SAT_Optimized                         Improvement
[2026-08-25 20:52:36] [INFO] [SmartSchedulingPipeline:run_pipeline.py:359] -    Total Energy Cost (INR)    INR 414957.00        INR 96773.68 318183.32 reduction (76.7% savings)
[2026-08-25 20:52:36] [INFO] [SmartSchedulingPipeline:run_pipeline.py:359] -        Peak Grid Load (kW)    1337.03 kW       1170.71 kW    166.32 reduction (12.4% savings)
[2026-08-25 20:52:36] [INFO] [SmartSchedulingPipeline:run_pipeline.py:359] -           Makespan (hours)     98.75 hrs       377.00 hrs           +278.25 (281.8% increase)
[2026-08-25 20:52:36] [INFO] [SmartSchedulingPipeline:run_pipeline.py:359] -    Machine Utilization (%)        76.04%           11.25%                   -64.79% reduction
[2026-08-25 20:52:36] [INFO] [SmartSchedulingPipeline:run_pipeline.py:359] - Average Waiting Time (min)    1417.2 min       5350.7 min          +3933.54 (277.6% increase)
[2026-08-25 20:52:36] [INFO] [SmartSchedulingPipeline:run_pipeline.py:359] -      Total Idle Time (min)    6900.0 min      25560.0 min         +18660.00 (270.4% increase)
[2026-08-25 20:52:36] [INFO] [SmartSchedulingPipeline:run_pipeline.py:359] -          Total Delay (min)  236310.0 min    2124000.0 min       +1887690.00 (798.8% increase)
[2026-08-25 20:52:36] [INFO] [SmartSchedulingPipeline:run_pipeline.py:359] -          Late Jobs (count)      300 jobs         406 jobs            +106.00 (35.3% increase)
[2026-08-25 20:52:36] [INFO] [SmartSchedulingPipeline:run_pipeline.py:359] -     On-Time Completion (%)        40.00%           18.80%                   -21.20% reduction
[2026-08-25 20:52:36] [INFO] [SmartSchedulingPipeline:run_pipeline.py:359] -    Carbon Emissions (tCO2)    732.1880 t       222.9307 t    509.26 reduction (69.6% savings)
[2026-08-25 20:52:36] [INFO] [SmartSchedulingPipeline:run_pipeline.py:359] - Power Factor Penalty (INR)         INR 0.00            INR 0.00               No Penalties Incurred
[2026-08-25 20:52:36] [INFO] [SmartSchedulingPipeline:run_pipeline.py:360] - ======================================================================
[2026-08-25 20:52:36] [INFO] [SmartSchedulingPipeline:run_pipeline.py:362] - Pipeline executed successfully. Outputs written to output/ directory.
[2026-08-25 22:27:10] [INFO] [SmartSchedulingPipeline:run_pipeline.py:115] - Initializing Predict-then-Optimize End-to-End Pipeline...
[2026-08-25 22:27:10] [INFO] [SmartSchedulingPipeline:run_pipeline.py:121] - Step 0/5: Generating synthetic job and machine datasets...
[2026-08-25 22:27:10] [INFO] [SmartSchedulingPipeline:run_pipeline.py:123] - Datasets generated successfully.
[2026-08-25 22:27:10] [INFO] [SmartSchedulingPipeline:run_pipeline.py:128] - Step 1/5: Running Data cleaning and feature engineering...
[2026-08-25 22:27:15] [INFO] [SmartSchedulingPipeline:run_pipeline.py:149] - Data preprocessing completed successfully.
[2026-08-25 22:27:15] [INFO] [SmartSchedulingPipeline:run_pipeline.py:154] - Step 2/5: Preparing features and training Quantile XGBoost forecaster...
[2026-08-25 22:27:38] [INFO] [SmartSchedulingPipeline:run_pipeline.py:178] - Forecasting and model persistence completed.
[2026-08-25 22:27:38] [INFO] [SmartSchedulingPipeline:run_pipeline.py:183] - Step 3/5: Running Scheduling Optimization Benchmark algorithms...
[2026-08-25 22:27:38] [INFO] [SmartSchedulingPipeline:run_pipeline.py:186] - Solving Model 1: Proposed Robust Energy-Aware Greedy...
[2026-08-25 22:27:38] [INFO] [SmartSchedulingPipeline:run_pipeline.py:190] - Model 1 done: 500 jobs scheduled.
[2026-08-25 22:27:38] [INFO] [SmartSchedulingPipeline:run_pipeline.py:193] - Solving Model 2: Deterministic Energy-Aware Greedy (p50 baseline)...
[2026-08-25 22:27:39] [INFO] [SmartSchedulingPipeline:run_pipeline.py:197] - Model 2 done: 500 jobs scheduled.
[2026-08-25 22:27:39] [INFO] [SmartSchedulingPipeline:run_pipeline.py:200] - Solving Model 3: Makespan-Only Greedy...
[2026-08-25 22:27:39] [INFO] [SmartSchedulingPipeline:run_pipeline.py:204] - Model 3 done: 500 jobs scheduled.
[2026-08-25 22:27:39] [INFO] [SmartSchedulingPipeline:run_pipeline.py:207] - Solving Model 4: Earliest Deadline First (EDF)...
[2026-08-25 22:27:39] [INFO] [SmartSchedulingPipeline:run_pipeline.py:211] - Model 4 done: 500 jobs scheduled.
[2026-08-25 22:27:39] [INFO] [SmartSchedulingPipeline:run_pipeline.py:214] - Solving Model 5: First Come First Served (FCFS)...
[2026-08-25 22:27:39] [INFO] [SmartSchedulingPipeline:run_pipeline.py:218] - Model 5 done: 500 jobs scheduled.
[2026-08-25 22:27:39] [INFO] [SmartSchedulingPipeline:run_pipeline.py:221] - Solving Model 6: Hybrid FD-PDTS + CP-SAT (warm-start refinement)...
[2026-08-25 22:27:46] [INFO] [SmartSchedulingPipeline:run_pipeline.py:226] - Model 6 done: 500 jobs scheduled.
[2026-08-25 22:27:46] [INFO] [SmartSchedulingPipeline:run_pipeline.py:228] - All scheduling runs completed successfully.
[2026-08-25 22:27:46] [INFO] [SmartSchedulingPipeline:run_pipeline.py:233] - Step 4/5: Computing KPIs for all benchmark models...
[2026-08-25 22:27:47] [INFO] [SmartSchedulingPipeline:run_pipeline.py:351] - Saved comprehensive benchmark comparison report to output/comprehensive_report.csv
[2026-08-25 22:27:47] [INFO] [SmartSchedulingPipeline:run_pipeline.py:353] - ======================================================================
[2026-08-25 22:27:47] [INFO] [SmartSchedulingPipeline:run_pipeline.py:354] - BENCHMARK RESULTS SUMMARY:
[2026-08-25 22:27:47] [INFO] [SmartSchedulingPipeline:run_pipeline.py:355] - ======================================================================
[2026-08-25 22:27:47] [INFO] [SmartSchedulingPipeline:run_pipeline.py:359] -                     Metric FCFS_Baseline CP_SAT_Optimized                         Improvement
[2026-08-25 22:27:47] [INFO] [SmartSchedulingPipeline:run_pipeline.py:359] -    Total Energy Cost (INR)    INR 414957.00        INR 96773.68 318183.32 reduction (76.7% savings)
[2026-08-25 22:27:47] [INFO] [SmartSchedulingPipeline:run_pipeline.py:359] -        Peak Grid Load (kW)    1337.03 kW       1170.71 kW    166.32 reduction (12.4% savings)
[2026-08-25 22:27:47] [INFO] [SmartSchedulingPipeline:run_pipeline.py:359] -           Makespan (hours)     98.75 hrs       377.00 hrs           +278.25 (281.8% increase)
[2026-08-25 22:27:47] [INFO] [SmartSchedulingPipeline:run_pipeline.py:359] -    Machine Utilization (%)        76.04%           11.25%                   -64.79% reduction
[2026-08-25 22:27:47] [INFO] [SmartSchedulingPipeline:run_pipeline.py:359] - Average Waiting Time (min)    1417.2 min       5350.7 min          +3933.54 (277.6% increase)
[2026-08-25 22:27:47] [INFO] [SmartSchedulingPipeline:run_pipeline.py:359] -      Total Idle Time (min)    6900.0 min      25560.0 min         +18660.00 (270.4% increase)
[2026-08-25 22:27:47] [INFO] [SmartSchedulingPipeline:run_pipeline.py:359] -          Total Delay (min)  236310.0 min    2124000.0 min       +1887690.00 (798.8% increase)
[2026-08-25 22:27:47] [INFO] [SmartSchedulingPipeline:run_pipeline.py:359] -          Late Jobs (count)      300 jobs         406 jobs            +106.00 (35.3% increase)
[2026-08-25 22:27:47] [INFO] [SmartSchedulingPipeline:run_pipeline.py:359] -     On-Time Completion (%)        40.00%           18.80%                   -21.20% reduction
[2026-08-25 22:27:47] [INFO] [SmartSchedulingPipeline:run_pipeline.py:359] -    Carbon Emissions (tCO2)    732.1880 t       222.9307 t    509.26 reduction (69.6% savings)
[2026-08-25 22:27:47] [INFO] [SmartSchedulingPipeline:run_pipeline.py:359] - Power Factor Penalty (INR)         INR 0.00            INR 0.00               No Penalties Incurred
[2026-08-25 22:27:47] [INFO] [SmartSchedulingPipeline:run_pipeline.py:360] - ======================================================================
[2026-08-25 22:27:47] [INFO] [SmartSchedulingPipeline:run_pipeline.py:362] - Pipeline executed successfully. Outputs written to output/ directory.
[2026-08-26 16:22:12] [INFO] [SmartSchedulingPipeline:run_pipeline.py:113] - Initializing Predict-then-Optimize End-to-End Pipeline...
[2026-08-26 16:22:13] [INFO] [SmartSchedulingPipeline:run_pipeline.py:119] - Step 0/5: Generating synthetic job and machine datasets...
[2026-08-26 16:22:13] [INFO] [SmartSchedulingPipeline:run_pipeline.py:121] - Datasets generated successfully.
[2026-08-26 16:22:13] [INFO] [SmartSchedulingPipeline:run_pipeline.py:126] - Step 1/5: Running Data cleaning and feature engineering...
[2026-08-26 16:22:15] [INFO] [SmartSchedulingPipeline:run_pipeline.py:147] - Data preprocessing completed successfully.
[2026-08-26 16:22:15] [INFO] [SmartSchedulingPipeline:run_pipeline.py:152] - Step 2/5: Preparing features and training Quantile XGBoost forecaster...
[2026-08-26 16:22:28] [INFO] [SmartSchedulingPipeline:run_pipeline.py:176] - Forecasting and model persistence completed.
[2026-08-26 16:22:28] [INFO] [SmartSchedulingPipeline:run_pipeline.py:181] - Step 3/5: Running Scheduling Optimization Benchmark algorithms...
[2026-08-26 16:22:28] [INFO] [SmartSchedulingPipeline:run_pipeline.py:184] - Solving Model 1: Proposed Robust Energy-Aware Greedy...
[2026-08-26 16:22:28] [INFO] [SmartSchedulingPipeline:run_pipeline.py:188] - Model 1 done: 180 jobs scheduled.
[2026-08-26 16:22:28] [INFO] [SmartSchedulingPipeline:run_pipeline.py:191] - Solving Model 2: Deterministic Energy-Aware Greedy (p50 baseline)...
[2026-08-26 16:22:29] [INFO] [SmartSchedulingPipeline:run_pipeline.py:195] - Model 2 done: 180 jobs scheduled.
[2026-08-26 16:22:29] [INFO] [SmartSchedulingPipeline:run_pipeline.py:198] - Solving Model 3: Makespan-Only Greedy...
[2026-08-26 16:22:29] [INFO] [SmartSchedulingPipeline:run_pipeline.py:202] - Model 3 done: 180 jobs scheduled.
[2026-08-26 16:22:29] [INFO] [SmartSchedulingPipeline:run_pipeline.py:205] - Solving Model 4: Earliest Deadline First (EDF)...
[2026-08-26 16:22:29] [INFO] [SmartSchedulingPipeline:run_pipeline.py:209] - Model 4 done: 180 jobs scheduled.
[2026-08-26 16:22:29] [INFO] [SmartSchedulingPipeline:run_pipeline.py:212] - Solving Model 5: First Come First Served (FCFS)...
[2026-08-26 16:22:29] [INFO] [SmartSchedulingPipeline:run_pipeline.py:216] - Model 5 done: 180 jobs scheduled.
[2026-08-26 16:22:29] [INFO] [SmartSchedulingPipeline:run_pipeline.py:219] - Solving Model 6: Hybrid FD-PDTS + CP-SAT (warm-start refinement)...
[2026-08-26 16:24:31] [INFO] [SmartSchedulingPipeline:run_pipeline.py:224] - Model 6 done: 180 jobs scheduled.
[2026-08-26 16:24:31] [INFO] [SmartSchedulingPipeline:run_pipeline.py:226] - All scheduling runs completed successfully.
[2026-08-26 16:24:31] [INFO] [SmartSchedulingPipeline:run_pipeline.py:231] - Step 4/5: Computing KPIs for all benchmark models...
[2026-08-26 16:24:31] [INFO] [SmartSchedulingPipeline:run_pipeline.py:349] - Saved comprehensive benchmark comparison report to output/comprehensive_report.csv
[2026-08-26 16:24:31] [INFO] [SmartSchedulingPipeline:run_pipeline.py:351] - ======================================================================
[2026-08-26 16:24:31] [INFO] [SmartSchedulingPipeline:run_pipeline.py:352] - BENCHMARK RESULTS SUMMARY:
[2026-08-26 16:24:31] [INFO] [SmartSchedulingPipeline:run_pipeline.py:353] - ======================================================================
[2026-08-26 16:24:31] [INFO] [SmartSchedulingPipeline:run_pipeline.py:357] -                     Metric FCFS_Baseline CP_SAT_Optimized                        Improvement
[2026-08-26 16:24:31] [INFO] [SmartSchedulingPipeline:run_pipeline.py:357] -    Total Energy Cost (INR)    INR 186096.29        INR 90135.86 95960.43 reduction (51.6% savings)
[2026-08-26 16:24:31] [INFO] [SmartSchedulingPipeline:run_pipeline.py:357] -        Peak Grid Load (kW)     778.28 kW        155.28 kW   623.00 reduction (80.0% savings)
[2026-08-26 16:24:31] [INFO] [SmartSchedulingPipeline:run_pipeline.py:357] -           Makespan (hours)     49.25 hrs        58.00 hrs             +8.75 (17.8% increase)
[2026-08-26 16:24:31] [INFO] [SmartSchedulingPipeline:run_pipeline.py:357] -    Machine Utilization (%)        47.78%           40.57%                   -7.21% reduction
[2026-08-26 16:24:31] [INFO] [SmartSchedulingPipeline:run_pipeline.py:357] - Average Waiting Time (min)      54.6 min        524.8 min          +470.17 (861.4% increase)
[2026-08-26 16:24:31] [INFO] [SmartSchedulingPipeline:run_pipeline.py:357] -      Total Idle Time (min)   12345.0 min      16545.0 min          +4200.00 (34.0% increase)
[2026-08-26 16:24:31] [INFO] [SmartSchedulingPipeline:run_pipeline.py:357] -          Total Delay (min)       0.0 min       1815.0 min                  +1815.00 increase
[2026-08-26 16:24:31] [INFO] [SmartSchedulingPipeline:run_pipeline.py:357] -          Late Jobs (count)        0 jobs          15 jobs                    +15.00 increase
[2026-08-26 16:24:31] [INFO] [SmartSchedulingPipeline:run_pipeline.py:357] -     On-Time Completion (%)       100.00%           91.67%                   -8.33% reduction
[2026-08-26 16:24:31] [INFO] [SmartSchedulingPipeline:run_pipeline.py:357] -    Carbon Emissions (tCO2)    579.1537 t       461.8573 t   117.30 reduction (20.3% savings)
[2026-08-26 16:24:31] [INFO] [SmartSchedulingPipeline:run_pipeline.py:357] - Power Factor Penalty (INR)         INR 0.00            INR 0.00              No Penalties Incurred
[2026-08-26 16:24:31] [INFO] [SmartSchedulingPipeline:run_pipeline.py:358] - ======================================================================
[2026-08-26 16:24:31] [INFO] [SmartSchedulingPipeline:run_pipeline.py:360] - Pipeline executed successfully. Outputs written to output/ directory.
[2026-08-27 12:40:19] [INFO] [SmartSchedulingPipeline:run_pipeline.py:113] - Initializing Predict-then-Optimize End-to-End Pipeline...
[2026-08-27 12:40:19] [INFO] [SmartSchedulingPipeline:run_pipeline.py:119] - Step 0/5: Generating synthetic job and machine datasets...
[2026-08-27 12:40:19] [INFO] [SmartSchedulingPipeline:run_pipeline.py:121] - Datasets generated successfully.
[2026-08-27 12:40:19] [INFO] [SmartSchedulingPipeline:run_pipeline.py:126] - Step 1/5: Running Data cleaning and feature engineering...
[2026-08-27 12:40:20] [INFO] [SmartSchedulingPipeline:run_pipeline.py:147] - Data preprocessing completed successfully.
[2026-08-27 12:40:20] [INFO] [SmartSchedulingPipeline:run_pipeline.py:152] - Step 2/5: Preparing features and training Quantile XGBoost forecaster...
[2026-08-27 12:40:37] [INFO] [SmartSchedulingPipeline:run_pipeline.py:176] - Forecasting and model persistence completed.
[2026-08-27 12:40:37] [INFO] [SmartSchedulingPipeline:run_pipeline.py:181] - Step 3/5: Running Scheduling Optimization Benchmark algorithms...
[2026-08-27 12:40:37] [INFO] [SmartSchedulingPipeline:run_pipeline.py:184] - Solving Model 1: Proposed Robust Energy-Aware Greedy...
[2026-08-27 12:40:37] [INFO] [SmartSchedulingPipeline:run_pipeline.py:188] - Model 1 done: 180 jobs scheduled.
[2026-08-27 12:40:37] [INFO] [SmartSchedulingPipeline:run_pipeline.py:191] - Solving Model 2: Deterministic Energy-Aware Greedy (p50 baseline)...
[2026-08-27 12:40:37] [INFO] [SmartSchedulingPipeline:run_pipeline.py:195] - Model 2 done: 180 jobs scheduled.
[2026-08-27 12:40:37] [INFO] [SmartSchedulingPipeline:run_pipeline.py:198] - Solving Model 3: Makespan-Only Greedy...
[2026-08-27 12:40:37] [INFO] [SmartSchedulingPipeline:run_pipeline.py:202] - Model 3 done: 180 jobs scheduled.
[2026-08-27 12:40:37] [INFO] [SmartSchedulingPipeline:run_pipeline.py:205] - Solving Model 4: Earliest Deadline First (EDF)...
[2026-08-27 12:40:37] [INFO] [SmartSchedulingPipeline:run_pipeline.py:209] - Model 4 done: 180 jobs scheduled.
[2026-08-27 12:40:37] [INFO] [SmartSchedulingPipeline:run_pipeline.py:212] - Solving Model 5: First Come First Served (FCFS)...
[2026-08-27 12:40:37] [INFO] [SmartSchedulingPipeline:run_pipeline.py:216] - Model 5 done: 180 jobs scheduled.
[2026-08-27 12:40:37] [INFO] [SmartSchedulingPipeline:run_pipeline.py:219] - Solving Model 6: Hybrid FD-PDTS + CP-SAT (warm-start refinement)...
[2026-08-27 12:42:37] [INFO] [SmartSchedulingPipeline:run_pipeline.py:224] - Model 6 done: 180 jobs scheduled.
[2026-08-27 12:42:37] [INFO] [SmartSchedulingPipeline:run_pipeline.py:226] - All scheduling runs completed successfully.
[2026-08-27 12:42:37] [INFO] [SmartSchedulingPipeline:run_pipeline.py:231] - Step 4/5: Computing KPIs for all benchmark models...
[2026-08-27 12:42:37] [INFO] [SmartSchedulingPipeline:run_pipeline.py:349] - Saved comprehensive benchmark comparison report to output/comprehensive_report.csv
[2026-08-27 12:42:37] [INFO] [SmartSchedulingPipeline:run_pipeline.py:351] - ======================================================================
[2026-08-27 12:42:37] [INFO] [SmartSchedulingPipeline:run_pipeline.py:352] - BENCHMARK RESULTS SUMMARY:
[2026-08-27 12:42:37] [INFO] [SmartSchedulingPipeline:run_pipeline.py:353] - ======================================================================
[2026-08-27 12:42:37] [INFO] [SmartSchedulingPipeline:run_pipeline.py:357] -                     Metric FCFS_Baseline CP_SAT_Optimized                        Improvement
[2026-08-27 12:42:37] [INFO] [SmartSchedulingPipeline:run_pipeline.py:357] -    Total Energy Cost (INR)    INR 186096.29       INR 126073.09 60023.20 reduction (32.3% savings)
[2026-08-27 12:42:37] [INFO] [SmartSchedulingPipeline:run_pipeline.py:357] -        Peak Grid Load (kW)     778.95 kW        448.95 kW   330.00 reduction (42.4% savings)
[2026-08-27 12:42:37] [INFO] [SmartSchedulingPipeline:run_pipeline.py:357] -           Makespan (hours)     49.25 hrs        49.50 hrs              +0.25 (0.5% increase)
[2026-08-27 12:42:37] [INFO] [SmartSchedulingPipeline:run_pipeline.py:357] -    Machine Utilization (%)        47.78%           47.54%                   -0.24% reduction
[2026-08-27 12:42:37] [INFO] [SmartSchedulingPipeline:run_pipeline.py:357] - Average Waiting Time (min)      54.6 min         92.1 min            +37.50 (68.7% increase)
[2026-08-27 12:42:37] [INFO] [SmartSchedulingPipeline:run_pipeline.py:357] -      Total Idle Time (min)   12345.0 min      12465.0 min            +120.00 (1.0% increase)
[2026-08-27 12:42:37] [INFO] [SmartSchedulingPipeline:run_pipeline.py:357] -          Total Delay (min)       0.0 min          0.0 min                     +0.00 increase
[2026-08-27 12:42:37] [INFO] [SmartSchedulingPipeline:run_pipeline.py:357] -          Late Jobs (count)        0 jobs           0 jobs         Zero delays (100% savings)
[2026-08-27 12:42:37] [INFO] [SmartSchedulingPipeline:run_pipeline.py:357] -     On-Time Completion (%)       100.00%          100.00%                    0.00% reduction
[2026-08-27 12:42:37] [INFO] [SmartSchedulingPipeline:run_pipeline.py:357] -    Carbon Emissions (tCO2)   2950.9463 t      2206.4813 t   744.47 reduction (25.2% savings)
[2026-08-27 12:42:37] [INFO] [SmartSchedulingPipeline:run_pipeline.py:357] - Power Factor Penalty (INR)         INR 0.00            INR 0.00              No Penalties Incurred
[2026-08-27 12:42:37] [INFO] [SmartSchedulingPipeline:run_pipeline.py:358] - ======================================================================
[2026-08-27 12:42:37] [INFO] [SmartSchedulingPipeline:run_pipeline.py:360] - Pipeline executed successfully. Outputs written to output/ directory.
[2026-08-27 12:43:03] [INFO] [SmartSchedulingPipeline:run_pipeline.py:113] - Initializing Predict-then-Optimize End-to-End Pipeline...
[2026-08-27 12:43:03] [INFO] [SmartSchedulingPipeline:run_pipeline.py:119] - Step 0/5: Generating synthetic job and machine datasets...
[2026-08-27 12:43:03] [INFO] [SmartSchedulingPipeline:run_pipeline.py:121] - Datasets generated successfully.
[2026-08-27 12:43:03] [INFO] [SmartSchedulingPipeline:run_pipeline.py:126] - Step 1/5: Running Data cleaning and feature engineering...
[2026-08-27 12:43:03] [INFO] [SmartSchedulingPipeline:run_pipeline.py:147] - Data preprocessing completed successfully.
[2026-08-27 12:43:03] [INFO] [SmartSchedulingPipeline:run_pipeline.py:152] - Step 2/5: Preparing features and training Quantile XGBoost forecaster...
[2026-08-27 12:43:14] [INFO] [SmartSchedulingPipeline:run_pipeline.py:176] - Forecasting and model persistence completed.
[2026-08-27 12:43:14] [INFO] [SmartSchedulingPipeline:run_pipeline.py:181] - Step 3/5: Running Scheduling Optimization Benchmark algorithms...
[2026-08-27 12:43:14] [INFO] [SmartSchedulingPipeline:run_pipeline.py:184] - Solving Model 1: Proposed Robust Energy-Aware Greedy...
[2026-08-27 12:43:14] [INFO] [SmartSchedulingPipeline:run_pipeline.py:188] - Model 1 done: 180 jobs scheduled.
[2026-08-27 12:43:14] [INFO] [SmartSchedulingPipeline:run_pipeline.py:191] - Solving Model 2: Deterministic Energy-Aware Greedy (p50 baseline)...
[2026-08-27 12:43:14] [INFO] [SmartSchedulingPipeline:run_pipeline.py:195] - Model 2 done: 180 jobs scheduled.
[2026-08-27 12:43:14] [INFO] [SmartSchedulingPipeline:run_pipeline.py:198] - Solving Model 3: Makespan-Only Greedy...
[2026-08-27 12:43:14] [INFO] [SmartSchedulingPipeline:run_pipeline.py:202] - Model 3 done: 180 jobs scheduled.
[2026-08-27 12:43:14] [INFO] [SmartSchedulingPipeline:run_pipeline.py:205] - Solving Model 4: Earliest Deadline First (EDF)...
[2026-08-27 12:43:14] [INFO] [SmartSchedulingPipeline:run_pipeline.py:209] - Model 4 done: 180 jobs scheduled.
[2026-08-27 12:43:14] [INFO] [SmartSchedulingPipeline:run_pipeline.py:212] - Solving Model 5: First Come First Served (FCFS)...
[2026-08-27 12:43:14] [INFO] [SmartSchedulingPipeline:run_pipeline.py:216] - Model 5 done: 180 jobs scheduled.
[2026-08-27 12:43:14] [INFO] [SmartSchedulingPipeline:run_pipeline.py:219] - Solving Model 6: Hybrid FD-PDTS + CP-SAT (warm-start refinement)...
[2026-08-27 12:45:14] [INFO] [SmartSchedulingPipeline:run_pipeline.py:224] - Model 6 done: 180 jobs scheduled.
[2026-08-27 12:45:14] [INFO] [SmartSchedulingPipeline:run_pipeline.py:226] - All scheduling runs completed successfully.
[2026-08-27 12:45:14] [INFO] [SmartSchedulingPipeline:run_pipeline.py:231] - Step 4/5: Computing KPIs for all benchmark models...
[2026-08-27 12:45:14] [INFO] [SmartSchedulingPipeline:run_pipeline.py:349] - Saved comprehensive benchmark comparison report to output/comprehensive_report.csv
[2026-08-27 12:45:14] [INFO] [SmartSchedulingPipeline:run_pipeline.py:351] - ======================================================================
[2026-08-27 12:45:14] [INFO] [SmartSchedulingPipeline:run_pipeline.py:352] - BENCHMARK RESULTS SUMMARY:
[2026-08-27 12:45:14] [INFO] [SmartSchedulingPipeline:run_pipeline.py:353] - ======================================================================
[2026-08-27 12:45:14] [INFO] [SmartSchedulingPipeline:run_pipeline.py:357] -                     Metric FCFS_Baseline CP_SAT_Optimized                        Improvement
[2026-08-27 12:45:14] [INFO] [SmartSchedulingPipeline:run_pipeline.py:357] -    Total Energy Cost (INR)    INR 186096.29       INR 125664.99 60431.30 reduction (32.5% savings)
[2026-08-27 12:45:14] [INFO] [SmartSchedulingPipeline:run_pipeline.py:357] -        Peak Grid Load (kW)     778.95 kW        448.95 kW   330.00 reduction (42.4% savings)
[2026-08-27 12:45:14] [INFO] [SmartSchedulingPipeline:run_pipeline.py:357] -           Makespan (hours)     49.25 hrs        50.00 hrs              +0.75 (1.5% increase)
[2026-08-27 12:45:14] [INFO] [SmartSchedulingPipeline:run_pipeline.py:357] -    Machine Utilization (%)        47.78%           47.06%                   -0.72% reduction
[2026-08-27 12:45:14] [INFO] [SmartSchedulingPipeline:run_pipeline.py:357] - Average Waiting Time (min)      54.6 min         94.4 min            +39.84 (73.0% increase)
[2026-08-27 12:45:14] [INFO] [SmartSchedulingPipeline:run_pipeline.py:357] -      Total Idle Time (min)   12345.0 min      12705.0 min            +360.00 (2.9% increase)
[2026-08-27 12:45:14] [INFO] [SmartSchedulingPipeline:run_pipeline.py:357] -          Total Delay (min)       0.0 min          0.0 min                     +0.00 increase
[2026-08-27 12:45:14] [INFO] [SmartSchedulingPipeline:run_pipeline.py:357] -          Late Jobs (count)        0 jobs           0 jobs         Zero delays (100% savings)
[2026-08-27 12:45:14] [INFO] [SmartSchedulingPipeline:run_pipeline.py:357] -     On-Time Completion (%)       100.00%          100.00%                    0.00% reduction
[2026-08-27 12:45:14] [INFO] [SmartSchedulingPipeline:run_pipeline.py:357] -    Carbon Emissions (tCO2)   2950.9463 t      2202.9224 t   748.02 reduction (25.3% savings)
[2026-08-27 12:45:14] [INFO] [SmartSchedulingPipeline:run_pipeline.py:357] - Power Factor Penalty (INR)         INR 0.00            INR 0.00              No Penalties Incurred
[2026-08-27 12:45:14] [INFO] [SmartSchedulingPipeline:run_pipeline.py:358] - ======================================================================
[2026-08-27 12:45:14] [INFO] [SmartSchedulingPipeline:run_pipeline.py:360] - Pipeline executed successfully. Outputs written to output/ directory.
[2026-08-27 12:49:49] [INFO] [SmartSchedulingPipeline:run_pipeline.py:113] - Initializing Predict-then-Optimize End-to-End Pipeline...
[2026-08-27 12:49:49] [INFO] [SmartSchedulingPipeline:run_pipeline.py:119] - Step 0/5: Generating synthetic job and machine datasets...
[2026-08-27 12:49:49] [INFO] [SmartSchedulingPipeline:run_pipeline.py:121] - Datasets generated successfully.
[2026-08-27 12:49:49] [INFO] [SmartSchedulingPipeline:run_pipeline.py:126] - Step 1/5: Running Data cleaning and feature engineering...
[2026-08-27 12:49:50] [INFO] [SmartSchedulingPipeline:run_pipeline.py:147] - Data preprocessing completed successfully.
[2026-08-27 12:49:50] [INFO] [SmartSchedulingPipeline:run_pipeline.py:152] - Step 2/5: Preparing features and training Quantile XGBoost forecaster...
[2026-08-27 12:50:06] [INFO] [SmartSchedulingPipeline:run_pipeline.py:176] - Forecasting and model persistence completed.
[2026-08-27 12:50:06] [INFO] [SmartSchedulingPipeline:run_pipeline.py:181] - Step 3/5: Running Scheduling Optimization Benchmark algorithms...
[2026-08-27 12:50:06] [INFO] [SmartSchedulingPipeline:run_pipeline.py:184] - Solving Model 1: Proposed Robust Energy-Aware Greedy...
[2026-08-27 12:50:06] [INFO] [SmartSchedulingPipeline:run_pipeline.py:188] - Model 1 done: 180 jobs scheduled.
[2026-08-27 12:50:06] [INFO] [SmartSchedulingPipeline:run_pipeline.py:191] - Solving Model 2: Deterministic Energy-Aware Greedy (p50 baseline)...
[2026-08-27 12:50:06] [INFO] [SmartSchedulingPipeline:run_pipeline.py:195] - Model 2 done: 180 jobs scheduled.
[2026-08-27 12:50:06] [INFO] [SmartSchedulingPipeline:run_pipeline.py:198] - Solving Model 3: Makespan-Only Greedy...
[2026-08-27 12:50:06] [INFO] [SmartSchedulingPipeline:run_pipeline.py:202] - Model 3 done: 180 jobs scheduled.
[2026-08-27 12:50:06] [INFO] [SmartSchedulingPipeline:run_pipeline.py:205] - Solving Model 4: Earliest Deadline First (EDF)...
[2026-08-27 12:50:06] [INFO] [SmartSchedulingPipeline:run_pipeline.py:209] - Model 4 done: 180 jobs scheduled.
[2026-08-27 12:50:06] [INFO] [SmartSchedulingPipeline:run_pipeline.py:212] - Solving Model 5: First Come First Served (FCFS)...
[2026-08-27 12:50:06] [INFO] [SmartSchedulingPipeline:run_pipeline.py:216] - Model 5 done: 180 jobs scheduled.
[2026-08-27 12:50:06] [INFO] [SmartSchedulingPipeline:run_pipeline.py:219] - Solving Model 6: Hybrid FD-PDTS + CP-SAT (warm-start refinement)...
[2026-08-27 12:50:23] [INFO] [SmartSchedulingPipeline:run_pipeline.py:113] - Initializing Predict-then-Optimize End-to-End Pipeline...
[2026-08-27 12:50:23] [INFO] [SmartSchedulingPipeline:run_pipeline.py:119] - Step 0/5: Generating synthetic job and machine datasets...
[2026-08-27 12:50:23] [INFO] [SmartSchedulingPipeline:run_pipeline.py:121] - Datasets generated successfully.
[2026-08-27 12:50:23] [INFO] [SmartSchedulingPipeline:run_pipeline.py:126] - Step 1/5: Running Data cleaning and feature engineering...
[2026-08-27 12:50:24] [INFO] [SmartSchedulingPipeline:run_pipeline.py:147] - Data preprocessing completed successfully.
[2026-08-27 12:50:24] [INFO] [SmartSchedulingPipeline:run_pipeline.py:152] - Step 2/5: Preparing features and training Quantile XGBoost forecaster...
[2026-08-27 12:50:42] [INFO] [SmartSchedulingPipeline:run_pipeline.py:176] - Forecasting and model persistence completed.
[2026-08-27 12:50:42] [INFO] [SmartSchedulingPipeline:run_pipeline.py:181] - Step 3/5: Running Scheduling Optimization Benchmark algorithms...
[2026-08-27 12:50:42] [INFO] [SmartSchedulingPipeline:run_pipeline.py:184] - Solving Model 1: Proposed Robust Energy-Aware Greedy...
[2026-08-27 12:50:42] [INFO] [SmartSchedulingPipeline:run_pipeline.py:188] - Model 1 done: 180 jobs scheduled.
[2026-08-27 12:50:42] [INFO] [SmartSchedulingPipeline:run_pipeline.py:191] - Solving Model 2: Deterministic Energy-Aware Greedy (p50 baseline)...
[2026-08-27 12:50:42] [INFO] [SmartSchedulingPipeline:run_pipeline.py:195] - Model 2 done: 180 jobs scheduled.
[2026-08-27 12:50:42] [INFO] [SmartSchedulingPipeline:run_pipeline.py:198] - Solving Model 3: Makespan-Only Greedy...
[2026-08-27 12:50:42] [INFO] [SmartSchedulingPipeline:run_pipeline.py:202] - Model 3 done: 180 jobs scheduled.
[2026-08-27 12:50:42] [INFO] [SmartSchedulingPipeline:run_pipeline.py:205] - Solving Model 4: Earliest Deadline First (EDF)...
[2026-08-27 12:50:42] [INFO] [SmartSchedulingPipeline:run_pipeline.py:209] - Model 4 done: 180 jobs scheduled.
[2026-08-27 12:50:42] [INFO] [SmartSchedulingPipeline:run_pipeline.py:212] - Solving Model 5: First Come First Served (FCFS)...
[2026-08-27 12:50:42] [INFO] [SmartSchedulingPipeline:run_pipeline.py:216] - Model 5 done: 180 jobs scheduled.
[2026-08-27 12:50:42] [INFO] [SmartSchedulingPipeline:run_pipeline.py:219] - Solving Model 6: Hybrid FD-PDTS + CP-SAT (warm-start refinement)...
[2026-08-27 12:52:07] [INFO] [SmartSchedulingPipeline:run_pipeline.py:224] - Model 6 done: 180 jobs scheduled.
[2026-08-27 12:52:07] [INFO] [SmartSchedulingPipeline:run_pipeline.py:226] - All scheduling runs completed successfully.
[2026-08-27 12:52:07] [INFO] [SmartSchedulingPipeline:run_pipeline.py:231] - Step 4/5: Computing KPIs for all benchmark models...
[2026-08-27 12:52:07] [INFO] [SmartSchedulingPipeline:run_pipeline.py:349] - Saved comprehensive benchmark comparison report to output/comprehensive_report.csv
[2026-08-27 12:52:07] [INFO] [SmartSchedulingPipeline:run_pipeline.py:351] - ======================================================================
[2026-08-27 12:52:07] [INFO] [SmartSchedulingPipeline:run_pipeline.py:352] - BENCHMARK RESULTS SUMMARY:
[2026-08-27 12:52:07] [INFO] [SmartSchedulingPipeline:run_pipeline.py:353] - ======================================================================
[2026-08-27 12:52:07] [INFO] [SmartSchedulingPipeline:run_pipeline.py:357] -                     Metric FCFS_Baseline CP_SAT_Optimized                        Improvement
[2026-08-27 12:52:07] [INFO] [SmartSchedulingPipeline:run_pipeline.py:357] -    Total Energy Cost (INR)    INR 186096.29       INR 126461.58 59634.71 reduction (32.0% savings)
[2026-08-27 12:52:07] [INFO] [SmartSchedulingPipeline:run_pipeline.py:357] -        Peak Grid Load (kW)     778.95 kW        448.95 kW   330.00 reduction (42.4% savings)
[2026-08-27 12:52:07] [INFO] [SmartSchedulingPipeline:run_pipeline.py:357] -           Makespan (hours)     49.25 hrs        49.50 hrs              +0.25 (0.5% increase)
[2026-08-27 12:52:07] [INFO] [SmartSchedulingPipeline:run_pipeline.py:357] -    Machine Utilization (%)        47.78%           47.54%                   -0.24% reduction
[2026-08-27 12:52:07] [INFO] [SmartSchedulingPipeline:run_pipeline.py:357] - Average Waiting Time (min)      54.6 min         90.7 min            +36.09 (66.1% increase)
[2026-08-27 12:52:07] [INFO] [SmartSchedulingPipeline:run_pipeline.py:357] -      Total Idle Time (min)   12345.0 min      12465.0 min            +120.00 (1.0% increase)
[2026-08-27 12:52:07] [INFO] [SmartSchedulingPipeline:run_pipeline.py:357] -          Total Delay (min)       0.0 min          0.0 min                     +0.00 increase
[2026-08-27 12:52:07] [INFO] [SmartSchedulingPipeline:run_pipeline.py:357] -          Late Jobs (count)        0 jobs           0 jobs         Zero delays (100% savings)
[2026-08-27 12:52:07] [INFO] [SmartSchedulingPipeline:run_pipeline.py:357] -     On-Time Completion (%)       100.00%          100.00%                    0.00% reduction
[2026-08-27 12:52:07] [INFO] [SmartSchedulingPipeline:run_pipeline.py:357] -    Carbon Emissions (tCO2)   2950.9463 t      2187.0227 t   763.92 reduction (25.9% savings)
[2026-08-27 12:52:07] [INFO] [SmartSchedulingPipeline:run_pipeline.py:357] - Power Factor Penalty (INR)         INR 0.00            INR 0.00              No Penalties Incurred
[2026-08-27 12:52:07] [INFO] [SmartSchedulingPipeline:run_pipeline.py:358] - ======================================================================
[2026-08-27 12:52:07] [INFO] [SmartSchedulingPipeline:run_pipeline.py:360] - Pipeline executed successfully. Outputs written to output/ directory.
[2026-08-27 12:52:43] [INFO] [SmartSchedulingPipeline:run_pipeline.py:224] - Model 6 done: 180 jobs scheduled.
[2026-08-27 12:52:43] [INFO] [SmartSchedulingPipeline:run_pipeline.py:226] - All scheduling runs completed successfully.
[2026-08-27 12:52:43] [INFO] [SmartSchedulingPipeline:run_pipeline.py:231] - Step 4/5: Computing KPIs for all benchmark models...
[2026-08-27 12:52:43] [INFO] [SmartSchedulingPipeline:run_pipeline.py:349] - Saved comprehensive benchmark comparison report to output/comprehensive_report.csv
[2026-08-27 12:52:43] [INFO] [SmartSchedulingPipeline:run_pipeline.py:351] - ======================================================================
[2026-08-27 12:52:43] [INFO] [SmartSchedulingPipeline:run_pipeline.py:352] - BENCHMARK RESULTS SUMMARY:
[2026-08-27 12:52:43] [INFO] [SmartSchedulingPipeline:run_pipeline.py:353] - ======================================================================
[2026-08-27 12:52:43] [INFO] [SmartSchedulingPipeline:run_pipeline.py:357] -                     Metric FCFS_Baseline CP_SAT_Optimized                        Improvement
[2026-08-27 12:52:43] [INFO] [SmartSchedulingPipeline:run_pipeline.py:357] -    Total Energy Cost (INR)    INR 186096.29       INR 125834.36 60261.93 reduction (32.4% savings)
[2026-08-27 12:52:43] [INFO] [SmartSchedulingPipeline:run_pipeline.py:357] -        Peak Grid Load (kW)     778.95 kW        448.95 kW   330.00 reduction (42.4% savings)
[2026-08-27 12:52:43] [INFO] [SmartSchedulingPipeline:run_pipeline.py:357] -           Makespan (hours)     49.25 hrs        49.50 hrs              +0.25 (0.5% increase)
[2026-08-27 12:52:43] [INFO] [SmartSchedulingPipeline:run_pipeline.py:357] -    Machine Utilization (%)        47.78%           47.54%                   -0.24% reduction
[2026-08-27 12:52:43] [INFO] [SmartSchedulingPipeline:run_pipeline.py:357] - Average Waiting Time (min)      54.6 min         92.6 min            +38.00 (69.6% increase)
[2026-08-27 12:52:43] [INFO] [SmartSchedulingPipeline:run_pipeline.py:357] -      Total Idle Time (min)   12345.0 min      12465.0 min            +120.00 (1.0% increase)
[2026-08-27 12:52:43] [INFO] [SmartSchedulingPipeline:run_pipeline.py:357] -          Total Delay (min)       0.0 min          0.0 min                     +0.00 increase
[2026-08-27 12:52:43] [INFO] [SmartSchedulingPipeline:run_pipeline.py:357] -          Late Jobs (count)        0 jobs           0 jobs         Zero delays (100% savings)
[2026-08-27 12:52:43] [INFO] [SmartSchedulingPipeline:run_pipeline.py:357] -     On-Time Completion (%)       100.00%          100.00%                    0.00% reduction
[2026-08-27 12:52:43] [INFO] [SmartSchedulingPipeline:run_pipeline.py:357] -    Carbon Emissions (tCO2)   2950.9463 t      2206.4916 t   744.45 reduction (25.2% savings)
[2026-08-27 12:52:43] [INFO] [SmartSchedulingPipeline:run_pipeline.py:357] - Power Factor Penalty (INR)         INR 0.00            INR 0.00              No Penalties Incurred
[2026-08-27 12:52:43] [INFO] [SmartSchedulingPipeline:run_pipeline.py:358] - ======================================================================
[2026-08-27 12:52:43] [INFO] [SmartSchedulingPipeline:run_pipeline.py:360] - Pipeline executed successfully. Outputs written to output/ directory.
[2026-08-27 12:54:03] [INFO] [SmartSchedulingPipeline:run_pipeline.py:113] - Initializing Predict-then-Optimize End-to-End Pipeline...
[2026-08-27 12:54:03] [INFO] [SmartSchedulingPipeline:run_pipeline.py:119] - Step 0/5: Generating synthetic job and machine datasets...
[2026-08-27 12:54:03] [INFO] [SmartSchedulingPipeline:run_pipeline.py:121] - Datasets generated successfully.
[2026-08-27 12:54:03] [INFO] [SmartSchedulingPipeline:run_pipeline.py:126] - Step 1/5: Running Data cleaning and feature engineering...
[2026-08-27 12:54:04] [INFO] [SmartSchedulingPipeline:run_pipeline.py:147] - Data preprocessing completed successfully.
[2026-08-27 12:54:04] [INFO] [SmartSchedulingPipeline:run_pipeline.py:152] - Step 2/5: Preparing features and training Quantile XGBoost forecaster...
[2026-08-27 12:54:26] [INFO] [SmartSchedulingPipeline:run_pipeline.py:176] - Forecasting and model persistence completed.
[2026-08-27 12:54:26] [INFO] [SmartSchedulingPipeline:run_pipeline.py:181] - Step 3/5: Running Scheduling Optimization Benchmark algorithms...
[2026-08-27 12:54:26] [INFO] [SmartSchedulingPipeline:run_pipeline.py:184] - Solving Model 1: Proposed Robust Energy-Aware Greedy...
[2026-08-27 12:54:26] [INFO] [SmartSchedulingPipeline:run_pipeline.py:188] - Model 1 done: 180 jobs scheduled.
[2026-08-27 12:54:26] [INFO] [SmartSchedulingPipeline:run_pipeline.py:191] - Solving Model 2: Deterministic Energy-Aware Greedy (p50 baseline)...
[2026-08-27 12:54:26] [INFO] [SmartSchedulingPipeline:run_pipeline.py:195] - Model 2 done: 180 jobs scheduled.
[2026-08-27 12:54:26] [INFO] [SmartSchedulingPipeline:run_pipeline.py:198] - Solving Model 3: Makespan-Only Greedy...
[2026-08-27 12:54:26] [INFO] [SmartSchedulingPipeline:run_pipeline.py:202] - Model 3 done: 180 jobs scheduled.
[2026-08-27 12:54:26] [INFO] [SmartSchedulingPipeline:run_pipeline.py:205] - Solving Model 4: Earliest Deadline First (EDF)...
[2026-08-27 12:54:26] [INFO] [SmartSchedulingPipeline:run_pipeline.py:209] - Model 4 done: 180 jobs scheduled.
[2026-08-27 12:54:26] [INFO] [SmartSchedulingPipeline:run_pipeline.py:212] - Solving Model 5: First Come First Served (FCFS)...
[2026-08-27 12:54:26] [INFO] [SmartSchedulingPipeline:run_pipeline.py:216] - Model 5 done: 180 jobs scheduled.
[2026-08-27 12:54:26] [INFO] [SmartSchedulingPipeline:run_pipeline.py:219] - Solving Model 6: Hybrid FD-PDTS + CP-SAT (warm-start refinement)...
[2026-08-27 12:56:26] [INFO] [SmartSchedulingPipeline:run_pipeline.py:224] - Model 6 done: 180 jobs scheduled.
[2026-08-27 12:56:26] [INFO] [SmartSchedulingPipeline:run_pipeline.py:226] - All scheduling runs completed successfully.
[2026-08-27 12:56:26] [INFO] [SmartSchedulingPipeline:run_pipeline.py:231] - Step 4/5: Computing KPIs for all benchmark models...
[2026-08-27 12:56:26] [INFO] [SmartSchedulingPipeline:run_pipeline.py:349] - Saved comprehensive benchmark comparison report to output/comprehensive_report.csv
[2026-08-27 12:56:26] [INFO] [SmartSchedulingPipeline:run_pipeline.py:351] - ======================================================================
[2026-08-27 12:56:26] [INFO] [SmartSchedulingPipeline:run_pipeline.py:352] - BENCHMARK RESULTS SUMMARY:
[2026-08-27 12:56:26] [INFO] [SmartSchedulingPipeline:run_pipeline.py:353] - ======================================================================
[2026-08-27 12:56:26] [INFO] [SmartSchedulingPipeline:run_pipeline.py:357] -                     Metric FCFS_Baseline CP_SAT_Optimized                        Improvement
[2026-08-27 12:56:26] [INFO] [SmartSchedulingPipeline:run_pipeline.py:357] -    Total Energy Cost (INR)    INR 186096.29       INR 125350.00 60746.29 reduction (32.6% savings)
[2026-08-27 12:56:26] [INFO] [SmartSchedulingPipeline:run_pipeline.py:357] -        Peak Grid Load (kW)     778.95 kW        448.95 kW   330.00 reduction (42.4% savings)
[2026-08-27 12:56:26] [INFO] [SmartSchedulingPipeline:run_pipeline.py:357] -           Makespan (hours)     49.25 hrs        50.00 hrs              +0.75 (1.5% increase)
[2026-08-27 12:56:26] [INFO] [SmartSchedulingPipeline:run_pipeline.py:357] -    Machine Utilization (%)        47.78%           47.06%                   -0.72% reduction
[2026-08-27 12:56:26] [INFO] [SmartSchedulingPipeline:run_pipeline.py:357] - Average Waiting Time (min)      54.6 min         93.9 min            +39.34 (72.1% increase)
[2026-08-27 12:56:26] [INFO] [SmartSchedulingPipeline:run_pipeline.py:357] -      Total Idle Time (min)   12345.0 min      12705.0 min            +360.00 (2.9% increase)
[2026-08-27 12:56:26] [INFO] [SmartSchedulingPipeline:run_pipeline.py:357] -          Total Delay (min)       0.0 min          0.0 min                     +0.00 increase
[2026-08-27 12:56:26] [INFO] [SmartSchedulingPipeline:run_pipeline.py:357] -          Late Jobs (count)        0 jobs           0 jobs         Zero delays (100% savings)
[2026-08-27 12:56:26] [INFO] [SmartSchedulingPipeline:run_pipeline.py:357] -     On-Time Completion (%)       100.00%          100.00%                    0.00% reduction
[2026-08-27 12:56:26] [INFO] [SmartSchedulingPipeline:run_pipeline.py:357] -    Carbon Emissions (tCO2)   2950.9463 t      2191.9967 t   758.95 reduction (25.7% savings)
[2026-08-27 12:56:26] [INFO] [SmartSchedulingPipeline:run_pipeline.py:357] - Power Factor Penalty (INR)         INR 0.00            INR 0.00              No Penalties Incurred
[2026-08-27 12:56:26] [INFO] [SmartSchedulingPipeline:run_pipeline.py:358] - ======================================================================
[2026-08-27 12:56:26] [INFO] [SmartSchedulingPipeline:run_pipeline.py:360] - Pipeline executed successfully. Outputs written to output/ directory.
