timestamp,actual_kWh,predicted_kWh_p50,predicted_kWh_p10,predicted_kWh_p90,actual_CO2,predicted_CO2_p50,actual_PF,predicted_PF_p50
2018-10-20 00:00:00,2.81,4.5733566,1.9999628,7.103443,0.0,0.0,53.91,7.9997687
2018-10-20 00:15:00,64.33,7.4970307,1.9999628,13.008139,0.03,0.16397564,81.49,7.9997687
2018-10-20 00:30:00,45.22,7.473111,1.9999628,13.175135,0.02,0.07144434,82.73,7.9997687
2018-10-20 00:45:00,19.84,7.554377,1.9999628,13.291101,0.01,0.03429426,75.82,7.9997687
2018-10-20 01:00:00,7.09,6.72522,1.9999628,11.771389,0.0,0.016937977,67.88,7.9997687
2018-10-20 01:15:00,5.72,6.386203,1.9999628,6.86289,0.0,0.0,62.95,7.9997687
2018-10-20 01:30:00,4.75,5.19048,1.9999628,5.4823747,0.0,0.01155821,58.88,7.9997687
2018-10-20 01:45:00,4.68,4.719355,1.9999628,5.1374817,0.0,0.014031199,56.69,7.9997687
2018-10-20 02:00:00,4.64,4.6430435,1.9999628,4.7915072,0.0,0.009901539,57.81,7.9997687
2018-10-20 02:15:00,3.6,3.831786,1.9999628,4.28375,0.0,0.0067491555,49.38,7.9997687
2018-10-20 02:30:00,3.56,3.5959213,1.9999628,3.7119937,0.0,0.018425234,46.92,7.9997687
2018-10-20 02:45:00,3.6,3.6115656,1.9999628,3.6780446,0.0,0.0,47.33,7.9997687
2018-10-20 03:00:00,3.53,3.5265756,1.9999628,3.6409671,0.0,0.0,46.83,7.9997687
2018-10-20 03:15:00,3.49,3.4832087,1.9999628,3.4841106,0.0,0.0,46.8,7.9997687
2018-10-20 03:30:00,3.49,3.482225,1.9999628,3.52793,0.0,0.0021668575,46.64,7.9997687
2018-10-20 03:45:00,3.53,3.5160775,1.9999628,3.5424995,0.0,0.0,46.23,7.9997687
2018-10-20 04:00:00,3.49,3.4762893,1.9999628,3.469403,0.0,0.010576488,47.02,7.9997687
2018-10-20 04:15:00,3.49,3.4685497,1.9999628,3.5242314,0.0,0.010488424,47.19,7.9997687
2018-10-20 04:30:00,3.49,3.4726815,1.9999628,3.5242314,0.0,0.010488424,46.8,7.9997687
2018-10-20 04:45:00,3.53,3.5141425,1.9999628,3.5444143,0.0,0.010488424,47.61,7.9997687
2018-10-20 05:00:00,3.53,3.5384955,1.9999628,3.5595725,0.0,0.004992441,45.28,7.9997687
2018-10-20 05:15:00,3.6,3.5922523,1.9999628,3.6496723,0.0,0.008438114,46.57,7.9997687
2018-10-20 05:30:00,3.42,3.440946,1.9999628,3.4449685,0.0,0.0,46.28,7.9997687
2018-10-20 05:45:00,2.99,2.965259,1.9999628,2.9829307,0.0,0.0,50.21,7.9997687
2018-10-20 06:00:00,3.56,3.5905924,1.9999628,3.7900872,0.0,0.0,45.8,7.9997687
2018-10-20 06:15:00,3.17,3.1551442,1.9999628,3.1674023,0.0,0.004164265,47.08,7.9997687
2018-10-20 06:30:00,2.81,2.8368812,1.9999628,2.905881,0.0,0.0,49.52,7.9997687
2018-10-20 06:45:00,2.84,2.8473248,1.9999628,2.8776915,0.0,0.04245074,49.09,7.9997687
2018-10-20 07:00:00,2.84,2.845594,1.9999628,2.8830092,0.0,0.0075885826,50.15,7.9997687
2018-10-20 07:15:00,2.88,2.897623,1.9999628,2.8791273,0.0,0.009495085,51.53,7.9997687
2018-10-20 07:30:00,2.88,2.9069533,1.9999628,2.8896685,0.0,0.016779494,51.85,7.9997687
2018-10-20 07:45:00,3.6,3.6866837,1.9999628,3.631032,0.0,0.0034195562,50.27,7.9997687
2018-10-20 08:00:00,3.78,3.8143492,1.9999628,3.9261386,0.0,0.0,51.21,7.9997687
2018-10-20 08:15:00,18.0,7.8861575,1.9999628,13.862543,0.01,0.0,70.49,7.9997687
2018-10-20 08:30:00,43.06,7.940377,1.9999628,13.913193,0.02,0.08810426,75.62,7.9997687
2018-10-20 08:45:00,52.81,7.9872904,1.9999628,13.98252,0.02,0.0,84.69,7.9997687
2018-10-20 09:00:00,39.92,7.957624,1.9999628,13.962813,0.02,0.009324434,95.39,7.9997687
2018-10-20 09:15:00,62.5,7.9933677,1.9999628,13.985349,0.03,0.03428751,94.8,7.9997687
2018-10-20 09:30:00,48.1,7.9933686,1.9999628,13.985631,0.02,0.00964647,90.37,7.9997687
2018-10-20 09:45:00,50.26,7.9933686,1.9999628,13.985631,0.02,0.0,90.93,7.9997687
2018-10-20 10:00:00,50.87,7.9933686,1.9999628,13.985631,0.02,0.0,90.41,7.9997687
2018-10-20 10:15:00,45.22,7.9933686,1.9999628,13.985631,0.02,0.051253732,91.25,7.9997687
2018-10-20 10:30:00,59.18,7.9933686,1.9999628,13.985631,0.03,0.05005304,88.21,7.9997687
2018-10-20 10:45:00,71.42,7.9933686,1.9999628,13.985631,0.03,0.06231418,91.58,7.9997687
2018-10-20 11:00:00,95.62,7.9933686,1.9999628,13.985631,0.04,0.03448906,87.84,7.9997687
2018-10-20 11:15:00,59.98,7.9933686,1.9999628,13.98467,0.03,0.07543821,91.72,7.9997687
2018-10-20 11:30:00,64.26,7.9933686,1.9999628,13.985631,0.03,0.09112697,86.49,7.9997687
2018-10-20 11:45:00,60.08,7.9933686,1.9999628,13.985631,0.03,0.050061792,86.07,7.9997687
2018-10-20 12:00:00,28.73,7.941727,1.9999628,13.807266,0.01,0.009079277,85.6,7.9997687
2018-10-20 12:15:00,5.65,5.7472935,1.9999628,5.941559,0.0,0.0,100.0,7.9997687
2018-10-20 12:30:00,6.01,5.9734964,1.9999628,6.168181,0.0,0.0,100.0,7.9997687
2018-10-20 12:45:00,6.59,6.2020364,1.9999628,6.3444333,0.0,0.006015219,100.0,7.9997687
2018-10-20 13:00:00,6.52,6.2770925,1.9999628,6.4828234,0.0,0.009628972,100.0,7.9997687
2018-10-20 13:15:00,26.57,7.769162,1.9999628,13.470177,0.01,0.074129626,95.72,7.9997687
2018-10-20 13:30:00,62.96,7.9932942,1.9999628,13.984558,0.03,0.023446918,92.47,7.9997687
2018-10-20 13:45:00,104.44,7.9933677,1.9999628,13.985349,0.05,0.06675614,91.39,7.9997687
2018-10-20 14:00:00,66.35,7.9895954,1.9999628,13.985349,0.03,0.1046602,92.99,7.9997687
2018-10-20 14:15:00,80.96,7.9933686,1.9999628,13.985631,0.04,0.094119556,89.34,7.9997687
2018-10-20 14:30:00,84.49,7.9933686,1.9999628,13.985631,0.04,0.00048050814,91.6,7.9997687
2018-10-20 14:45:00,67.14,7.9933686,1.9999628,13.985631,0.03,0.0059752343,89.37,7.9997687
2018-10-20 15:00:00,67.61,7.9933686,1.9999628,13.985631,0.03,0.0,89.04,7.9997687
2018-10-20 15:15:00,104.51,7.9933686,1.9999628,13.985631,0.05,0.017257972,90.66,7.9997687
2018-10-20 15:30:00,79.24,7.9933686,1.9999628,13.98467,0.04,0.05173565,91.98,7.9997687
2018-10-20 15:45:00,73.84,7.9933686,1.9999628,13.985631,0.03,0.045053232,88.59,7.9997687
2018-10-20 16:00:00,72.9,7.9933686,1.9999628,13.985631,0.03,0.052202255,91.45,7.9997687
2018-10-20 16:15:00,74.45,7.9933686,1.9999628,13.985631,0.03,0.053778578,90.6,7.9997687
2018-10-20 16:30:00,71.78,7.9933686,1.9999628,13.985631,0.03,0.044835508,92.26,7.9997687
2018-10-20 16:45:00,103.82,7.9933686,1.9999628,13.985631,0.05,0.012077155,91.59,7.9997687
2018-10-20 17:00:00,38.12,7.9933686,1.9999628,13.9829645,0.02,0.028810332,94.98,7.9997687
2018-10-20 17:15:00,47.7,7.9933686,1.9999628,13.985631,0.02,0.06209778,96.07,7.9997687
2018-10-20 17:30:00,32.36,7.9933686,1.9999628,13.985631,0.01,0.03281603,96.88,7.9997687
2018-10-20 17:45:00,34.2,7.9933686,1.9999628,13.985631,0.02,0.0,95.89,7.9997687
2018-10-20 18:00:00,40.18,7.9933686,1.9999628,13.985631,0.02,0.031726643,85.87,7.9997687
2018-10-20 18:15:00,33.91,7.9933686,1.9999628,13.985631,0.02,0.010145564,88.83,7.9997687
2018-10-20 18:30:00,10.51,7.9095063,1.9999628,12.78081,0.0,0.07190888,97.88,7.9997687
2018-10-20 18:45:00,5.29,5.2036624,1.9999628,5.346239,0.0,0.02634896,100.0,7.9997687
2018-10-20 19:00:00,4.93,4.9084916,1.9999628,4.884555,0.0,0.009931039,100.0,7.9997687
2018-10-20 19:15:00,4.18,4.0808687,1.9999628,4.2544017,0.0,0.0,100.0,7.9997687
2018-10-20 19:30:00,3.71,3.766647,1.9999628,3.9002354,0.0,0.0,100.0,7.9997687
2018-10-20 19:45:00,3.71,3.6867316,1.9999628,3.7036607,0.0,0.0,100.0,7.9997687
2018-10-20 20:00:00,3.74,3.7692182,1.9999628,3.695488,0.0,0.0,100.0,7.9997687
2018-10-20 20:15:00,3.67,3.6972866,1.9999628,3.6695976,0.0,0.0,100.0,7.9997687
2018-10-20 20:30:00,3.6,3.5904393,1.9999628,3.6731067,0.0,0.0,100.0,7.9997687
2018-10-20 20:45:00,3.64,3.637599,1.9999628,3.6775975,0.0,0.0,100.0,7.9997687
2018-10-20 21:00:00,3.64,3.6358624,1.9999628,3.6859987,0.0,0.0,100.0,7.9997687
2018-10-20 21:15:00,3.67,3.672235,1.9999628,3.683924,0.0,0.030680045,100.0,7.9997687
2018-10-20 21:30:00,3.71,3.7211218,1.9999628,3.697251,0.0,0.03484545,100.0,7.9997687
2018-10-20 21:45:00,3.64,3.6581082,1.9999628,3.66089,0.0,0.030524796,100.0,7.9997687
2018-10-20 22:00:00,3.6,3.5952945,1.9999628,3.6421368,0.0,0.0,100.0,7.9997687
2018-10-20 22:15:00,3.42,3.4741955,1.9999628,3.4472651,0.0,0.0,47.48,7.9997687
2018-10-20 22:30:00,3.42,3.4344292,1.9999628,3.4857237,0.0,0.0052530975,45.3,7.9997687
2018-10-20 22:45:00,3.46,3.4609675,1.9999628,3.5271838,0.0,0.0,46.1,7.9997687
2018-10-20 23:00:00,4.0,3.9558797,1.9999628,4.013265,0.0,0.0,51.09,7.9997687
2018-10-20 23:15:00,4.39,4.3901215,1.9999628,4.3512177,0.0,0.0279448,57.6,7.9997687
2018-10-20 23:30:00,3.35,3.3541074,1.9999628,3.716744,0.0,0.0054377257,49.82,7.9997687
2018-10-20 23:45:00,3.06,2.989077,1.9999628,3.1133235,0.0,0.002053266,50.28,7.9997687
2018-10-21 00:00:00,3.31,3.2721,1.9999628,3.4298816,0.0,0.02356149,46.92,7.9997687
2018-10-21 00:15:00,2.74,2.8116527,1.9999628,2.8772936,0.0,0.020302536,53.56,7.9997687
2018-10-21 00:30:00,2.74,2.714644,1.9999628,2.835604,0.0,0.019322714,52.95,7.9997687
2018-10-21 00:45:00,2.77,2.760991,1.9999628,2.8330183,0.0,0.009327562,51.26,7.9997687
2018-10-21 01:00:00,2.81,2.8303905,1.9999628,2.836609,0.0,0.015200566,50.6,7.9997687
2018-10-21 01:15:00,2.84,2.854024,1.9999628,2.8568454,0.0,0.0046534026,53.03,7.9997687
2018-10-21 01:30:00,2.77,2.7515483,1.9999628,2.7836952,0.0,0.01770605,52.76,7.9997687
2018-10-21 01:45:00,2.74,2.7348256,1.9999628,2.791692,0.0,0.0,51.09,7.9997687
2018-10-21 02:00:00,2.77,2.77843,1.9999628,2.7956102,0.0,0.0,53.36,7.9997687
2018-10-21 02:15:00,2.77,2.7468567,1.9999628,2.7913594,0.0,0.0,52.76,7.9997687
2018-10-21 02:30:00,2.74,2.7305622,1.9999628,2.7622466,0.0,0.0,53.21,7.9997687
2018-10-21 02:45:00,3.13,3.122274,1.9999628,3.1112368,0.0,0.023469558,50.92,7.9997687
2018-10-21 03:00:00,3.85,3.7988124,1.9999628,3.863439,0.0,0.0,50.67,7.9997687
2018-10-21 03:15:00,3.89,3.802003,1.9999628,3.8670788,0.0,0.0077909105,51.88,7.9997687
2018-10-21 03:30:00,2.92,2.8610659,1.9999628,3.003598,0.0,0.026738567,50.13,7.9997687
2018-10-21 03:45:00,2.74,2.73181,1.9999628,2.7794955,0.0,0.0,52.01,7.9997687
2018-10-21 04:00:00,2.81,2.830645,1.9999628,2.8070781,0.0,0.03157969,52.63,7.9997687
2018-10-21 04:15:00,2.81,2.8061,1.9999628,2.7986662,0.0,0.0,51.15,7.9997687
2018-10-21 04:30:00,2.77,2.7647958,1.9999628,2.781293,0.0,0.0015256606,51.5,7.9997687
2018-10-21 04:45:00,2.77,2.744019,1.9999628,2.7882276,0.0,0.06281143,51.5,7.9997687
2018-10-21 05:00:00,2.81,2.8357096,1.9999628,2.8265991,0.0,0.039246272,51.8,7.9997687
2018-10-21 05:15:00,2.77,2.7777038,1.9999628,2.7798553,0.0,0.032194156,50.93,7.9997687
2018-10-21 05:30:00,2.81,2.835073,1.9999628,2.826386,0.0,0.0027283952,52.38,7.9997687
2018-10-21 05:45:00,2.81,2.8192577,1.9999628,2.8076997,0.0,0.009130336,51.15,7.9997687
2018-10-21 06:00:00,2.81,2.8135924,1.9999628,2.8043442,0.0,0.019106258,50.36,7.9997687
2018-10-21 06:15:00,2.74,2.7326794,1.9999628,2.765444,0.0,0.018666267,49.11,7.9997687
2018-10-21 06:30:00,2.74,2.72123,1.9999628,2.7819498,0.0,0.0030332934,49.11,7.9997687
2018-10-21 06:45:00,3.06,3.0461917,1.9999628,3.0667267,0.0,0.0,48.35,7.9997687
2018-10-21 07:00:00,3.31,3.292595,1.9999628,3.3440857,0.0,0.0,45.1,7.9997687
2018-10-21 07:15:00,2.74,2.7479744,1.9999628,2.8900993,0.0,0.0,48.06,7.9997687
2018-10-21 07:30:00,2.77,2.7672358,1.9999628,2.7940204,0.0,0.0,48.17,7.9997687
2018-10-21 07:45:00,2.74,2.750712,1.9999628,2.77124,0.0,0.0,48.81,7.9997687
2018-10-21 08:00:00,3.42,3.4609551,1.9999628,3.5723996,0.0,0.03420011,44.15,7.9997687
2018-10-21 08:15:00,3.17,3.167078,1.9999628,3.3741488,0.0,0.0,46.84,7.9997687
2018-10-21 08:30:00,2.74,2.7576509,1.9999628,2.963288,0.0,0.00748272,48.06,7.9997687
2018-10-21 08:45:00,2.88,2.9479685,1.9999628,3.0045738,0.0,0.070849925,77.08,7.9997687
2018-10-21 09:00:00,3.02,3.021819,1.9999628,2.997792,0.0,0.0,100.0,7.9997687
2018-10-21 09:15:00,2.99,3.007915,1.9999628,2.9965217,0.0,0.0,100.0,7.9997687
2018-10-21 09:30:00,3.06,3.0312524,1.9999628,3.0680993,0.0,0.018495113,100.0,7.9997687
2018-10-21 09:45:00,3.56,3.5353956,1.9999628,3.5883183,0.0,0.0,100.0,7.9997687
2018-10-21 10:00:00,3.35,3.373491,1.9999628,3.416461,0.0,0.045542162,100.0,7.9997687
2018-10-21 10:15:00,2.99,2.9594743,1.9999628,3.0611033,0.0,0.03745186,100.0,7.9997687
2018-10-21 10:30:00,2.99,2.996223,1.9999628,3.0121152,0.0,0.0016503823,100.0,7.9997687
2018-10-21 10:45:00,2.99,2.9985714,1.9999628,2.9961493,0.0,0.008434375,100.0,7.9997687
2018-10-21 11:00:00,3.02,3.033642,1.9999628,3.043095,0.0,0.0,100.0,7.9997687
2018-10-21 11:15:00,2.95,2.965353,1.9999628,2.978084,0.0,0.032632694,100.0,7.9997687
2018-10-21 11:30:00,2.95,2.9494617,1.9999628,2.9649823,0.0,0.022434277,100.0,7.9997687
2018-10-21 11:45:00,3.02,3.0548077,1.9999628,3.0337834,0.0,0.0031664018,100.0,7.9997687
2018-10-21 12:00:00,2.99,2.9963367,1.9999628,2.9932854,0.0,0.0,100.0,7.9997687
2018-10-21 12:15:00,3.1,3.110558,1.9999628,3.1022518,0.0,0.0,100.0,7.9997687
2018-10-21 12:30:00,3.02,3.0166786,1.9999628,3.0517223,0.0,0.0,100.0,7.9997687
2018-10-21 12:45:00,3.1,3.1138294,1.9999628,3.1113825,0.0,0.0,100.0,7.9997687
2018-10-21 13:00:00,3.53,3.519068,1.9999628,3.503314,0.0,0.031262077,100.0,7.9997687
2018-10-21 13:15:00,3.49,3.4554968,1.9999628,3.5009863,0.0,0.0,100.0,7.9997687
2018-10-21 13:30:00,2.99,2.974505,1.9999628,3.0483406,0.0,0.019235844,100.0,7.9997687
2018-10-21 13:45:00,3.31,3.2953868,1.9999628,3.4149895,0.0,0.012174824,100.0,7.9997687
2018-10-21 14:00:00,3.64,3.6330085,1.9999628,3.6905305,0.0,0.0,100.0,7.9997687
2018-10-21 14:15:00,3.02,3.0147932,1.9999628,3.0145857,0.0,0.06520342,100.0,7.9997687
2018-10-21 14:30:00,2.99,2.9857063,1.9999628,3.0211961,0.0,0.0,100.0,7.9997687
2018-10-21 14:45:00,3.06,3.0757093,1.9999628,3.0711906,0.0,0.0,100.0,7.9997687
2018-10-21 15:00:00,2.99,2.993176,1.9999628,3.033046,0.0,0.01527561,100.0,7.9997687
2018-10-21 15:15:00,3.13,3.1516943,1.9999628,3.1340559,0.0,0.0,100.0,7.9997687
2018-10-21 15:30:00,3.82,3.811417,1.9999628,3.900158,0.0,0.0,100.0,7.9997687
2018-10-21 15:45:00,10.37,7.2765393,1.9999628,11.578822,0.0,0.007167844,99.98,7.9997687
2018-10-21 16:00:00,24.88,7.7730885,1.9999628,13.046566,0.01,0.024618778,99.94,7.9997687
2018-10-21 16:15:00,24.62,7.636087,1.9999628,12.87844,0.01,0.0013927522,99.95,7.9997687
2018-10-21 16:30:00,20.41,7.829556,1.9999628,13.5136385,0.01,0.0,99.95,7.9997687
2018-10-21 16:45:00,3.92,4.04731,1.9999628,4.5841055,0.0,0.02262359,100.0,7.9997687
2018-10-21 17:00:00,4.75,4.7079954,1.9999628,4.675051,0.0,0.0,100.0,7.9997687
2018-10-21 17:15:00,3.49,3.6836522,1.9999628,4.100536,0.0,0.015467476,100.0,7.9997687
2018-10-21 17:30:00,2.95,2.9763162,1.9999628,3.1668403,0.0,0.025180804,100.0,7.9997687
2018-10-21 17:45:00,2.95,2.9475582,1.9999628,2.9913633,0.0,0.031978436,100.0,7.9997687
2018-10-21 18:00:00,2.95,2.9211094,1.9999628,2.991828,0.0,0.0044328,100.0,7.9997687
2018-10-21 18:15:00,2.99,2.978367,1.9999628,3.0140197,0.0,0.0581181,100.0,7.9997687
2018-10-21 18:30:00,2.99,2.983023,1.9999628,3.0090952,0.0,0.0082722865,100.0,7.9997687
2018-10-21 18:45:00,3.02,2.9707723,1.9999628,3.0530689,0.0,0.0,100.0,7.9997687
2018-10-21 19:00:00,3.02,3.0248108,1.9999628,3.0680854,0.0,0.0,100.0,7.9997687
2018-10-21 19:15:00,3.06,3.077795,1.9999628,3.093456,0.0,0.0,100.0,7.9997687
2018-10-21 19:30:00,3.1,3.0911837,1.9999628,3.1113758,0.0,0.0,100.0,7.9997687
2018-10-21 19:45:00,3.02,3.0421743,1.9999628,3.093574,0.0,0.0,100.0,7.9997687
2018-10-21 20:00:00,2.99,2.9783182,1.9999628,3.0027318,0.0,0.0,100.0,7.9997687
2018-10-21 20:15:00,3.49,3.4765568,1.9999628,3.5686107,0.0,0.036389515,100.0,7.9997687
2018-10-21 20:30:00,3.71,3.6838286,1.9999628,3.7269375,0.0,0.0,100.0,7.9997687
2018-10-21 20:45:00,3.24,3.2468772,1.9999628,3.2371345,0.0,0.0,100.0,7.9997687
2018-10-21 21:00:00,3.28,3.271865,1.9999628,3.2998052,0.0,0.0,100.0,7.9997687
2018-10-21 21:15:00,3.67,3.653647,1.9999628,3.6884396,0.0,0.02522723,100.0,7.9997687
2018-10-21 21:30:00,3.31,3.317104,1.9999628,3.3334334,0.0,0.0,100.0,7.9997687
2018-10-21 21:45:00,3.02,3.0423284,1.9999628,3.1087525,0.0,0.0,100.0,7.9997687
2018-10-21 22:00:00,3.06,3.090755,1.9999628,3.0699954,0.0,0.0153071005,100.0,7.9997687
2018-10-21 22:15:00,2.88,2.9017844,1.9999628,2.9476907,0.0,0.06661937,48.81,7.9997687
2018-10-21 22:30:00,2.88,2.8920107,1.9999628,2.8805408,0.0,0.012418446,47.33,7.9997687
2018-10-21 22:45:00,2.84,2.8216918,1.9999628,2.872141,0.0,0.0,48.07,7.9997687
2018-10-21 23:00:00,2.81,2.8004417,1.9999628,2.8109345,0.0,0.0,47.9,7.9997687
2018-10-21 23:15:00,2.81,2.821889,1.9999628,2.8162928,0.0,0.024052665,50.92,7.9997687
2018-10-21 23:30:00,2.81,2.8157115,1.9999628,2.8162928,0.0,0.017816234,51.15,7.9997687
2018-10-21 23:45:00,3.2,3.213745,1.9999628,3.2099237,0.0,0.0,48.12,7.9997687
2018-10-22 00:00:00,3.67,3.636716,1.9999628,3.6246483,0.0,0.0,52.12,7.9997687
2018-10-22 00:15:00,2.81,2.8547866,1.9999628,2.993756,0.0,0.0,49.22,7.9997687
2018-10-22 00:30:00,2.81,2.8004968,1.9999628,2.8502395,0.0,0.0,48.4,7.9997687
2018-10-22 00:45:00,2.88,2.8636775,1.9999628,2.910599,0.0,0.0,49.1,7.9997687
2018-10-22 01:00:00,2.88,2.9292898,1.9999628,2.9034374,0.0,0.020577278,48.03,7.9997687
2018-10-22 01:15:00,2.88,2.8991847,1.9999628,2.895191,0.0,0.0,47.06,7.9997687
2018-10-22 01:30:00,2.84,2.8476226,1.9999628,2.885071,0.0,0.026172575,46.08,7.9997687
2018-10-22 01:45:00,2.99,3.0218692,1.9999628,3.01481,0.0,0.010495968,46.33,7.9997687
2018-10-22 02:00:00,3.53,3.5744662,1.9999628,3.557471,0.0,0.015430223,44.72,7.9997687
2018-10-22 02:15:00,3.13,3.1085324,1.9999628,3.1976132,0.0,0.0,44.72,7.9997687
2018-10-22 02:30:00,2.88,2.9052513,1.9999628,2.9890203,0.0,0.007958409,46.79,7.9997687
2018-10-22 02:45:00,2.88,2.8779569,1.9999628,2.8848367,0.0,0.030708436,45.86,7.9997687
2018-10-22 03:00:00,3.46,3.4343927,1.9999628,3.558359,0.0,0.0,48.14,7.9997687
2018-10-22 03:15:00,3.24,3.2529898,1.9999628,3.2786615,0.0,0.021456398,47.64,7.9997687
2018-10-22 03:30:00,2.92,2.9081762,1.9999628,2.963538,0.0,0.036445588,45.91,7.9997687
2018-10-22 03:45:00,2.92,2.9301116,1.9999628,2.969767,0.0,0.0117256865,45.47,7.9997687
2018-10-22 04:00:00,2.95,2.9454648,1.9999628,2.9547455,0.0,0.0033689374,45.84,7.9997687
2018-10-22 04:15:00,2.88,2.939262,1.9999628,2.8747988,0.0,0.0,45.16,7.9997687
2018-10-22 04:30:00,2.92,2.925527,1.9999628,2.930711,0.0,0.0154003,45.91,7.9997687
2018-10-22 04:45:00,2.92,2.9219117,1.9999628,2.9429922,0.0,0.0,46.37,7.9997687
2018-10-22 05:00:00,2.88,2.8746946,1.9999628,2.8850079,0.0,0.0,46.32,7.9997687
2018-10-22 05:15:00,2.88,2.8930137,1.9999628,2.879953,0.0,0.0,46.59,7.9997687
2018-10-22 05:30:00,2.84,2.8248246,1.9999628,2.8704708,0.0,0.0,46.82,7.9997687
2018-10-22 05:45:00,2.84,2.8696065,1.9999628,2.862925,0.0,0.012425933,47.51,7.9997687
2018-10-22 06:00:00,2.84,2.8722544,1.9999628,2.86056,0.0,0.014098637,47.3,7.9997687
2018-10-22 06:15:00,2.81,2.831601,1.9999628,2.8087847,0.0,0.013025248,46.91,7.9997687
2018-10-22 06:30:00,3.89,3.9207788,1.9999628,4.165739,0.0,0.029874545,49.82,7.9997687
2018-10-22 06:45:00,4.1,4.120169,1.9999628,3.9837925,0.0,0.0,50.22,7.9997687
2018-10-22 07:00:00,2.84,2.8936872,1.9999628,3.3785965,0.0,0.0544572,47.51,7.9997687
2018-10-22 07:15:00,2.99,3.059588,1.9999628,3.043543,0.0,0.01714999,50.5,7.9997687
2018-10-22 07:30:00,3.6,3.5650334,1.9999628,3.7931595,0.0,0.0,54.21,7.9997687
2018-10-22 07:45:00,3.92,3.9411604,1.9999628,3.9620569,0.0,0.0,51.53,7.9997687
2018-10-22 08:00:00,3.96,3.9350185,1.9999628,4.0453215,0.0,0.0,53.89,7.9997687
2018-10-22 08:15:00,13.5,7.8975887,1.9999628,13.685931,0.01,0.05387874,72.03,7.9997687
2018-10-22 08:30:00,43.52,7.917524,1.9999628,13.911693,0.02,0.00682411,73.96,7.9997687
2018-10-22 08:45:00,48.35,7.992668,1.9999628,13.909022,0.02,0.0,78.61,7.9997687
2018-10-22 09:00:00,61.13,7.9929094,1.9999628,13.981603,0.03,0.0,87.45,7.9997687
2018-10-22 09:15:00,47.41,7.9895954,1.9999628,13.985349,0.02,0.013338766,92.92,7.9997687
2018-10-22 09:30:00,48.38,7.9933686,1.9999628,13.985631,0.02,0.011651183,90.85,7.9997687
2018-10-22 09:45:00,49.1,7.9933686,1.9999628,13.985631,0.02,0.031728085,90.83,7.9997687
2018-10-22 10:00:00,53.6,7.9933686,1.9999628,13.985631,0.02,0.034579825,91.49,7.9997687
2018-10-22 10:15:00,49.39,7.9933686,1.9999628,13.985631,0.02,0.030442836,90.29,7.9997687
2018-10-22 10:30:00,40.75,7.9933686,1.9999628,13.985631,0.02,0.057349492,93.1,7.9997687
2018-10-22 10:45:00,41.94,7.9933686,1.9999628,13.985631,0.02,0.008142073,92.18,7.9997687
2018-10-22 11:00:00,63.97,7.9933686,1.9999628,13.985631,0.03,0.023587788,83.33,7.9997687
2018-10-22 11:15:00,58.1,7.9933686,1.9999628,13.985631,0.03,0.012430663,85.21,7.9997687
2018-10-22 11:30:00,94.0,7.9933686,1.9999628,13.985631,0.04,0.001805597,87.4,7.9997687
2018-10-22 11:45:00,88.42,7.9933686,1.9999628,13.985631,0.04,0.030461553,85.54,7.9997687
2018-10-22 12:00:00,112.61,7.9933805,1.9999628,13.984885,0.05,0.0,85.76,7.9997687
2018-10-22 12:15:00,5.44,5.437395,1.9999628,6.0022645,0.0,0.021602562,100.0,7.9997687
2018-10-22 12:30:00,5.26,5.323287,1.9999628,5.5852246,0.0,0.0,100.0,7.9997687
2018-10-22 12:45:00,4.61,4.506846,1.9999628,4.632367,0.0,0.0,100.0,7.9997687
2018-10-22 13:00:00,4.46,4.487916,1.9999628,4.5746646,0.0,0.0033390122,100.0,7.9997687
2018-10-22 13:15:00,25.56,7.9590616,1.9999628,13.931491,0.01,0.014090874,90.49,7.9997687
2018-10-22 13:30:00,63.11,7.9916368,1.9999628,13.981209,0.03,0.0,83.66,7.9997687
2018-10-22 13:45:00,120.28,7.99298,1.9999628,13.984408,0.06,0.017125815,87.57,7.9997687
2018-10-22 14:00:00,85.97,7.99298,1.9999628,13.984408,0.04,0.0,84.3,7.9997687
2018-10-22 14:15:00,99.97,7.9933686,1.9999628,13.985631,0.05,0.052281205,86.8,7.9997687
2018-10-22 14:30:00,105.73,7.9933686,1.9999628,13.985631,0.05,0.10543053,87.02,7.9997687
2018-10-22 14:45:00,92.56,7.9933686,1.9999628,13.985631,0.04,0.049457446,87.12,7.9997687
2018-10-22 15:00:00,65.63,7.9933686,1.9999628,13.98467,0.03,0.0,89.94,7.9997687
2018-10-22 15:15:00,40.43,7.9933686,1.9999628,13.98467,0.02,0.008212872,93.63,7.9997687
2018-10-22 15:30:00,47.84,7.9933686,1.9999628,13.985631,0.02,0.009012371,92.84,7.9997687
2018-10-22 15:45:00,46.51,7.9933686,1.9999628,13.985631,0.02,0.033845883,92.59,7.9997687
2018-10-22 16:00:00,50.65,7.9933686,1.9999628,13.985631,0.02,0.04001985,90.46,7.9997687
2018-10-22 16:15:00,52.38,7.9933686,1.9999628,13.985631,0.02,0.026987545,89.58,7.9997687
2018-10-22 16:30:00,51.12,7.9933686,1.9999628,13.985631,0.02,0.008564343,89.19,7.9997687
2018-10-22 16:45:00,52.52,7.9933686,1.9999628,13.985631,0.02,0.029451517,89.35,7.9997687
2018-10-22 17:00:00,42.01,7.9933686,1.9999628,13.985631,0.02,0.031140942,91.52,7.9997687
2018-10-22 17:15:00,55.66,7.9933686,1.9999628,13.985631,0.03,0.043326776,86.98,7.9997687
2018-10-22 17:30:00,52.13,7.9933686,1.9999628,13.985631,0.02,0.037058532,90.59,7.9997687
2018-10-22 17:45:00,32.04,7.9933686,1.9999628,13.985631,0.01,0.0,99.84,7.9997687
2018-10-22 18:00:00,30.67,7.9933686,1.9999628,13.985631,0.01,0.045940958,97.53,7.9997687
2018-10-22 18:15:00,40.1,7.9933686,1.9999628,13.985631,0.02,0.037452437,87.34,7.9997687
2018-10-22 18:30:00,93.02,7.9933686,1.9999628,13.985631,0.04,0.13697971,85.64,7.9997687
2018-10-22 18:45:00,82.26,7.9933686,1.9999628,13.985631,0.04,0.051623903,88.85,7.9997687
2018-10-22 19:00:00,105.08,7.9933686,1.9999628,13.985631,0.05,0.035655,89.46,7.9997687
2018-10-22 19:15:00,76.18,7.9933686,1.9999628,13.98467,0.03,0.009926143,90.85,7.9997687
2018-10-22 19:30:00,95.22,7.9933686,1.9999628,13.985631,0.04,0.039003655,86.97,7.9997687
2018-10-22 19:45:00,46.15,7.9933686,1.9999628,13.9829645,0.02,0.044899285,89.05,7.9997687
2018-10-22 20:00:00,62.17,7.9933686,1.9999628,13.985631,0.03,0.0,88.36,7.9997687
2018-10-22 20:15:00,65.59,7.9933686,1.9999628,13.985631,0.03,0.039460175,92.26,7.9997687
2018-10-22 20:30:00,69.84,7.9933686,1.9999628,13.985631,0.03,0.0,89.0,7.9997687
2018-10-22 20:45:00,61.6,7.9933686,1.9999628,13.985631,0.03,0.035083205,93.46,7.9997687
2018-10-22 21:00:00,17.06,7.980692,1.9999628,13.913933,0.01,0.0,99.13,7.9997687
2018-10-22 21:15:00,5.51,5.8765106,1.9999628,6.389247,0.0,0.0023339277,100.0,7.9997687
2018-10-22 21:30:00,4.07,3.9739788,1.9999628,4.2349653,0.0,0.01617172,100.0,7.9997687
2018-10-22 21:45:00,4.1,4.0803533,1.9999628,4.20206,0.0,0.054165795,100.0,7.9997687
2018-10-22 22:00:00,4.0,4.020308,1.9999628,4.0285654,0.0,0.008753533,100.0,7.9997687
2018-10-22 22:15:00,3.85,3.8021817,1.9999628,3.8816886,0.0,0.020031022,50.67,7.9997687
2018-10-22 22:30:00,3.82,3.8206298,1.9999628,3.8125675,0.0,0.014148586,48.01,7.9997687
2018-10-22 22:45:00,3.74,3.751856,1.9999628,3.7129965,0.0,0.011462232,49.59,7.9997687
2018-10-22 23:00:00,3.71,3.6979816,1.9999628,3.7076986,0.0,0.008174822,51.17,7.9997687
2018-10-22 23:15:00,4.61,4.623855,1.9999628,4.6536446,0.0,0.0,50.98,7.9997687
2018-10-22 23:30:00,4.32,4.281378,1.9999628,4.3857236,0.0,0.0,51.66,7.9997687
2018-10-22 23:45:00,3.6,3.5870314,1.9999628,3.6571965,0.0,0.014030193,47.55,7.9997687
2018-10-23 00:00:00,4.82,4.825121,1.9999628,4.9019513,0.0,0.021517985,54.12,7.9997687
2018-10-23 00:15:00,3.64,3.5439806,1.9999628,4.0925636,0.0,0.0,51.55,7.9997687
2018-10-23 00:30:00,3.6,3.5777044,1.9999628,3.7333114,0.0,0.0,49.2,7.9997687
2018-10-23 00:45:00,3.71,3.7259922,1.9999628,3.8139985,0.0,0.0,46.93,7.9997687
2018-10-23 01:00:00,3.71,3.6993122,1.9999628,3.7388368,0.0,0.0,50.09,7.9997687
2018-10-23 01:15:00,3.71,3.7041202,1.9999628,3.752112,0.0,0.011280162,51.59,7.9997687
2018-10-23 01:30:00,3.67,3.6519775,1.9999628,3.7199495,0.0,0.0063960166,49.92,7.9997687
2018-10-23 01:45:00,3.67,3.665257,1.9999628,3.7773497,0.0,0.018125791,46.54,7.9997687
2018-10-23 02:00:00,3.64,3.628065,1.9999628,3.73615,0.0,0.024623057,48.35,7.9997687
2018-10-23 02:15:00,3.71,3.7027264,1.9999628,3.7533228,0.0,0.0,51.59,7.9997687
2018-10-23 02:30:00,3.82,3.7856808,1.9999628,3.817615,0.0,0.0,51.61,7.9997687
2018-10-23 02:45:00,4.86,4.8474545,1.9999628,4.921853,0.0,0.010220928,50.8,7.9997687
2018-10-23 03:00:00,4.1,4.006411,1.9999628,4.123163,0.0,0.0,49.12,7.9997687
2018-10-23 03:15:00,3.38,3.4779797,1.9999628,3.6355197,0.0,0.0,49.02,7.9997687
2018-10-23 03:30:00,3.06,3.040011,1.9999628,3.1368418,0.0,0.0,46.04,7.9997687
2018-10-23 03:45:00,3.1,3.0865445,1.9999628,3.1379676,0.0,0.0,45.42,7.9997687
2018-10-23 04:00:00,3.2,3.189917,1.9999628,3.2527652,0.0,0.036235705,47.0,7.9997687
2018-10-23 04:15:00,3.1,3.0841599,1.9999628,3.1192133,0.0,0.0,46.27,7.9997687
2018-10-23 04:30:00,3.02,3.01477,1.9999628,3.0529964,0.0,0.018572517,46.0,7.9997687
2018-10-23 04:45:00,3.1,3.114049,1.9999628,3.122384,0.0,0.0052878656,46.51,7.9997687
2018-10-23 05:00:00,3.1,3.0888624,1.9999628,3.1076772,0.0,0.008123751,46.02,7.9997687
2018-10-23 05:15:00,3.1,3.0955315,1.9999628,3.1248827,0.0,0.0023400784,47.84,7.9997687
2018-10-23 05:30:00,3.38,3.3909059,1.9999628,3.4588637,0.0,0.0003727296,50.16,7.9997687
2018-10-23 05:45:00,3.64,3.6434221,1.9999628,3.6913059,0.0,0.0,52.51,7.9997687
2018-10-23 06:00:00,4.68,4.6550994,1.9999628,4.735584,0.0,0.0,50.68,7.9997687
2018-10-23 06:15:00,4.32,4.3518577,1.9999628,4.429112,0.0,0.00048075832,48.93,7.9997687
2018-10-23 06:30:00,2.99,3.1115031,1.9999628,3.5397801,0.0,0.016423512,46.77,7.9997687
2018-10-23 06:45:00,3.06,3.0634336,1.9999628,3.095351,0.0,0.0,47.62,7.9997687
2018-10-23 07:00:00,2.95,2.9641075,1.9999628,3.0756772,0.0,0.011095621,46.74,7.9997687
2018-10-23 07:15:00,3.02,3.0187101,1.9999628,3.0618818,0.0,0.013112751,46.69,7.9997687
2018-10-23 07:30:00,3.17,3.162725,1.9999628,3.2079515,0.0,0.0,49.13,7.9997687
2018-10-23 07:45:00,4.0,4.061084,1.9999628,4.210561,0.0,0.02599257,49.72,7.9997687
2018-10-23 08:00:00,4.68,4.7107596,1.9999628,4.680844,0.0,0.0,56.47,7.9997687
2018-10-23 08:15:00,37.33,7.9280925,1.9999628,13.82889,0.02,0.0,78.95,7.9997687
2018-10-23 08:30:00,81.86,7.988451,1.9999628,13.982153,0.04,0.020446504,78.07,7.9997687
2018-10-23 08:45:00,86.98,7.9929094,1.9999628,13.981603,0.04,0.038292374,79.43,7.9997687
2018-10-23 09:00:00,68.76,7.9895954,1.9999628,13.985349,0.03,0.015280694,85.25,7.9997687
2018-10-23 09:15:00,66.85,7.9933686,1.9999628,13.985631,0.03,0.0,85.45,7.9997687
2018-10-23 09:30:00,66.67,7.9933686,1.9999628,13.985631,0.03,0.023437468,87.09,7.9997687
2018-10-23 09:45:00,56.48,7.9933686,1.9999628,13.985631,0.03,0.026030352,86.5,7.9997687
2018-10-23 10:00:00,46.62,7.9933686,1.9999628,13.985631,0.02,0.0,89.13,7.9997687
2018-10-23 10:15:00,52.24,7.9933686,1.9999628,13.985631,0.02,0.012576027,89.7,7.9997687
2018-10-23 10:30:00,47.02,7.9933686,1.9999628,13.985631,0.02,0.02408117,88.03,7.9997687
2018-10-23 10:45:00,44.32,7.9933686,1.9999628,13.985631,0.02,0.01720904,89.17,7.9997687
2018-10-23 11:00:00,48.17,7.9933686,1.9999628,13.985631,0.02,0.016445154,88.52,7.9997687
2018-10-23 11:15:00,54.0,7.9933686,1.9999628,13.985631,0.02,0.012453763,85.22,7.9997687
2018-10-23 11:30:00,62.32,7.9933686,1.9999628,13.985631,0.03,0.04132318,84.4,7.9997687
2018-10-23 11:45:00,69.05,7.9933686,1.9999628,13.985631,0.03,0.018156474,87.98,7.9997687
2018-10-23 12:00:00,91.3,7.9933805,1.9999628,13.984885,0.04,0.047328148,85.08,7.9997687
2018-10-23 12:15:00,12.85,7.9023237,1.9999628,12.735718,0.01,0.016184926,96.29,7.9997687
2018-10-23 12:30:00,4.82,5.2178655,1.9999628,5.5539737,0.0,0.02590537,100.0,7.9997687
2018-10-23 12:45:00,4.64,4.655752,1.9999628,4.836758,0.0,0.06310474,100.0,7.9997687
2018-10-23 13:00:00,4.25,4.291011,1.9999628,4.572432,0.0,0.032341138,100.0,7.9997687
2018-10-23 13:15:00,48.35,7.957479,1.9999628,13.939548,0.02,0.0,87.83,7.9997687
2018-10-23 13:30:00,89.89,7.992993,1.9999628,13.982804,0.04,0.01401853,84.37,7.9997687
2018-10-23 13:45:00,96.41,7.99298,1.9999628,13.984054,0.04,0.010442512,83.73,7.9997687
2018-10-23 14:00:00,55.76,7.99298,1.9999628,13.984054,0.03,0.0,86.29,7.9997687
2018-10-23 14:15:00,64.37,7.9933686,1.9999628,13.985631,0.03,0.0421216,87.38,7.9997687
2018-10-23 14:30:00,118.48,7.9933686,1.9999628,13.985631,0.05,0.0,87.02,7.9997687
2018-10-23 14:45:00,110.23,7.9933686,1.9999628,13.985631,0.05,0.0750332,88.98,7.9997687
2018-10-23 15:00:00,55.44,7.9933686,1.9999628,13.9829645,0.03,0.028634153,83.52,7.9997687
2018-10-23 15:15:00,78.48,7.9933686,1.9999628,13.985631,0.04,0.0,83.9,7.9997687
2018-10-23 15:30:00,84.1,7.9933686,1.9999628,13.985631,0.04,0.034878097,82.8,7.9997687
2018-10-23 15:45:00,53.5,7.9933686,1.9999628,13.98467,0.02,0.0074176705,83.53,7.9997687
2018-10-23 16:00:00,74.52,7.9933686,1.9999628,13.985631,0.03,0.0,81.98,7.9997687
2018-10-23 16:15:00,58.64,7.9933686,1.9999628,13.985631,0.03,0.010900922,82.76,7.9997687
2018-10-23 16:30:00,46.8,7.9933686,1.9999628,13.985631,0.02,0.012284077,87.08,7.9997687
2018-10-23 16:45:00,44.57,7.9933686,1.9999628,13.985631,0.02,0.0,88.6,7.9997687
2018-10-23 17:00:00,66.74,7.9933686,1.9999628,13.985631,0.03,0.027139021,86.67,7.9997687
2018-10-23 17:15:00,55.37,7.9933686,1.9999628,13.985631,0.03,0.0,84.43,7.9997687
2018-10-23 17:30:00,51.44,7.9933686,1.9999628,13.985631,0.02,0.0,86.73,7.9997687
2018-10-23 17:45:00,31.0,7.9933686,1.9999628,13.985631,0.01,0.020240406,99.93,7.9997687
2018-10-23 18:00:00,31.1,7.9933686,1.9999628,13.985631,0.01,0.0,97.83,7.9997687
2018-10-23 18:15:00,74.05,7.9933686,1.9999628,13.985631,0.03,0.0346165,82.52,7.9997687
2018-10-23 18:30:00,125.28,7.9933686,1.9999628,13.985631,0.06,0.05158659,84.14,7.9997687
2018-10-23 18:45:00,75.64,7.9933686,1.9999628,13.9829645,0.03,0.059965152,87.63,7.9997687
2018-10-23 19:00:00,47.02,7.9933686,1.9999628,13.98467,0.02,0.03352519,83.26,7.9997687
2018-10-23 19:15:00,63.58,7.9933686,1.9999628,13.985631,0.03,0.010815696,83.56,7.9997687
2018-10-23 19:30:00,59.26,7.9933686,1.9999628,13.985631,0.03,0.07469654,81.72,7.9997687
2018-10-23 19:45:00,70.74,7.9933686,1.9999628,13.985631,0.03,0.0027885202,83.62,7.9997687
2018-10-23 20:00:00,51.59,7.9933686,1.9999628,13.985631,0.02,0.0,83.35,7.9997687
2018-10-23 20:15:00,61.2,7.9933686,1.9999628,13.985631,0.03,0.047712617,83.59,7.9997687
2018-10-23 20:30:00,55.51,7.9933686,1.9999628,13.985631,0.03,0.021126635,83.8,7.9997687
2018-10-23 20:45:00,62.75,7.9933686,1.9999628,13.985631,0.03,0.003942108,84.81,7.9997687
2018-10-23 21:00:00,34.09,7.9933686,1.9999628,13.98467,0.02,0.0,96.89,7.9997687
2018-10-23 21:15:00,32.98,7.9933686,1.9999628,13.985631,0.02,0.009338023,96.96,7.9997687
2018-10-23 21:30:00,29.99,7.9933686,1.9999628,13.985631,0.01,0.017593257,97.77,7.9997687
2018-10-23 21:45:00,29.88,7.9933686,1.9999628,13.985631,0.01,0.0,97.03,7.9997687
2018-10-23 22:00:00,37.48,7.9822907,1.9999628,13.97619,0.02,0.0030778707,95.81,7.9997687
2018-10-23 22:15:00,62.5,7.977045,1.9999628,13.97619,0.03,0.01290449,82.57,7.9997687
2018-10-23 22:30:00,92.99,7.96959,1.9999628,13.97619,0.04,0.072634876,87.75,7.9997687
2018-10-23 22:45:00,76.1,7.96959,1.9999628,13.97619,0.03,0.0,86.5,7.9997687
2018-10-23 23:00:00,71.17,7.96959,1.9999628,13.97619,0.03,0.0029634987,86.15,7.9997687
2018-10-23 23:15:00,32.33,7.96959,1.9999628,13.975228,0.01,0.023259183,76.38,7.9997687
2018-10-23 23:30:00,17.93,7.96959,1.9999628,13.97619,0.01,0.013236479,73.54,7.9997687
2018-10-23 23:45:00,6.37,6.935254,1.9999628,9.221366,0.0,0.025615012,62.67,7.9997687
2018-10-24 00:00:00,2.92,5.2460055,1.9999628,5.7476344,0.0,0.0,49.61,7.9997687
2018-10-24 00:15:00,4.86,4.9606175,1.9999628,5.667792,0.0,0.013910999,52.3,7.9997687
2018-10-24 00:30:00,4.9,4.9479547,1.9999628,5.2427144,0.0,0.023239683,51.76,7.9997687
2018-10-24 00:45:00,3.89,3.8847692,1.9999628,4.094437,0.0,0.0,50.04,7.9997687
2018-10-24 01:00:00,3.82,3.7856157,1.9999628,3.9326377,0.0,0.01256005,51.85,7.9997687
2018-10-24 01:15:00,3.74,3.7724187,1.9999628,3.8768806,0.0,0.003107137,49.99,7.9997687
2018-10-24 01:30:00,3.74,3.7106676,1.9999628,3.7845578,0.0,0.0,46.81,7.9997687
2018-10-24 01:45:00,3.78,3.7809505,1.9999628,3.837635,0.0,0.0,47.78,7.9997687
2018-10-24 02:00:00,3.74,3.739108,1.9999628,3.7832677,0.0,0.0,51.29,7.9997687
2018-10-24 02:15:00,3.78,3.779612,1.9999628,3.8422902,0.0,0.015866151,52.55,7.9997687
2018-10-24 02:30:00,3.78,3.7335033,1.9999628,3.8451123,0.0,0.007975871,50.16,7.9997687
2018-10-24 02:45:00,3.78,3.744739,1.9999628,3.8449345,0.0,0.015944071,46.69,7.9997687
2018-10-24 03:00:00,3.78,3.7442899,1.9999628,3.8418775,0.0,0.012510568,50.62,7.9997687
2018-10-24 03:15:00,3.74,3.748684,1.9999628,3.8042657,0.0,0.0219558,51.9,7.9997687
2018-10-24 03:30:00,3.78,3.7724147,1.9999628,3.8402715,0.0,0.008804323,49.98,7.9997687
2018-10-24 03:45:00,3.82,3.8019552,1.9999628,3.863442,0.0,0.008804323,47.8,7.9997687
2018-10-24 04:00:00,4.68,4.6801214,1.9999628,4.782889,0.0,0.0,49.39,7.9997687
2018-10-24 04:15:00,4.72,4.6545525,1.9999628,4.562988,0.0,0.0,50.16,7.9997687
2018-10-24 04:30:00,3.2,3.4171796,1.9999628,4.02888,0.0,0.0,47.18,7.9997687
2018-10-24 04:45:00,3.24,3.2065682,1.9999628,3.303942,0.0,0.012413252,47.64,7.9997687
2018-10-24 05:00:00,3.24,3.211689,1.9999628,3.303812,0.0,0.0,47.03,7.9997687
2018-10-24 05:15:00,3.17,3.192072,1.9999628,3.2247574,0.0,0.0,47.52,7.9997687
2018-10-24 05:30:00,3.13,3.1141553,1.9999628,3.1296494,0.0,0.066883035,48.2,7.9997687
2018-10-24 05:45:00,3.13,3.1118054,1.9999628,3.1243644,0.0,0.0316849,49.67,7.9997687
2018-10-24 06:00:00,3.13,3.1082253,1.9999628,3.1248271,0.0,0.0,47.75,7.9997687
2018-10-24 06:15:00,3.2,3.1980534,1.9999628,3.203975,0.0,0.024479596,46.57,7.9997687
2018-10-24 06:30:00,3.1,3.068211,1.9999628,3.1201525,0.0,0.012609335,46.95,7.9997687
2018-10-24 06:45:00,3.42,3.4088736,1.9999628,3.4828985,0.0,0.0,47.94,7.9997687
2018-10-24 07:00:00,3.74,3.7440877,1.9999628,3.8244174,0.0,0.0246098,47.6,7.9997687
2018-10-24 07:15:00,3.64,3.6755972,1.9999628,3.7321951,0.0,0.02170387,44.43,7.9997687
2018-10-24 07:30:00,3.78,3.791263,1.9999628,3.8988945,0.0,0.011409561,51.21,7.9997687
2018-10-24 07:45:00,5.4,5.528422,1.9999628,5.5795507,0.0,0.0062379357,58.84,7.9997687
2018-10-24 08:00:00,4.18,4.0449133,1.9999628,4.6359572,0.0,0.0,53.16,7.9997687
2018-10-24 08:15:00,34.16,7.9410715,1.9999628,13.890046,0.02,0.03753954,73.13,7.9997687
2018-10-24 08:30:00,58.75,7.991436,1.9999628,13.98214,0.03,0.07172679,72.48,7.9997687
2018-10-24 08:45:00,68.98,7.992909,1.9999628,13.984029,0.03,0.05223516,76.24,7.9997687
2018-10-24 09:00:00,44.21,7.992909,1.9999628,13.983823,0.02,0.022120452,91.92,7.9997687
2018-10-24 09:15:00,43.85,7.9933686,1.9999628,13.985631,0.02,0.027392173,91.59,7.9997687
2018-10-24 09:30:00,66.53,7.9933686,1.9999628,13.985631,0.03,0.08289634,86.81,7.9997687
2018-10-24 09:45:00,52.67,7.9933686,1.9999628,13.985631,0.02,0.008488972,89.41,7.9997687
2018-10-24 10:00:00,49.57,7.9933686,1.9999628,13.985631,0.02,0.0,90.43,7.9997687
2018-10-24 10:15:00,80.78,7.9933686,1.9999628,13.985631,0.04,0.031810906,90.6,7.9997687
2018-10-24 10:30:00,129.85,7.9933686,1.9999628,13.985631,0.06,0.062490232,89.89,7.9997687
2018-10-24 10:45:00,90.43,7.9933686,1.9999628,13.98467,0.04,0.10533086,90.88,7.9997687
2018-10-24 11:00:00,111.89,7.9933686,1.9999628,13.985631,0.05,0.030827846,91.49,7.9997687
2018-10-24 11:15:00,91.55,7.9933686,1.9999628,13.985631,0.04,0.047335308,89.35,7.9997687
2018-10-24 11:30:00,59.36,7.9933686,1.9999628,13.98467,0.03,0.0062403246,82.95,7.9997687
2018-10-24 11:45:00,61.63,7.9933686,1.9999628,13.985631,0.03,0.057107244,85.75,7.9997687
2018-10-24 12:00:00,44.42,7.9933805,1.9999628,13.865507,0.02,0.013962567,88.47,7.9997687
2018-10-24 12:15:00,5.29,5.337885,1.9999628,5.6841245,0.0,0.010106519,100.0,7.9997687
2018-10-24 12:30:00,5.15,5.089153,1.9999628,5.139735,0.0,0.016103324,100.0,7.9997687
2018-10-24 12:45:00,5.44,5.3109317,1.9999628,5.434779,0.0,0.007812381,100.0,7.9997687
2018-10-24 13:00:00,4.75,4.847228,1.9999628,4.7205462,0.0,0.005743619,100.0,7.9997687
2018-10-24 13:15:00,31.21,7.95693,1.9999628,13.904484,0.01,0.0648176,90.24,7.9997687
2018-10-24 13:30:00,54.07,7.993322,1.9999628,13.984165,0.02,0.025328528,85.4,7.9997687
2018-10-24 13:45:00,60.3,7.9933677,1.9999628,13.985349,0.03,0.073467806,85.66,7.9997687
2018-10-24 14:00:00,69.52,7.9933677,1.9999628,13.985349,0.03,0.060353782,84.42,7.9997687
2018-10-24 14:15:00,52.99,7.9933686,1.9999628,13.985631,0.02,0.03243006,85.49,7.9997687
2018-10-24 14:30:00,54.07,7.9933686,1.9999628,13.985631,0.02,0.03162859,86.11,7.9997687
2018-10-24 14:45:00,59.83,7.9933686,1.9999628,13.985631,0.03,0.021290934,86.41,7.9997687
2018-10-24 15:00:00,51.19,7.9933686,1.9999628,13.985631,0.02,0.030129747,91.95,7.9997687
2018-10-24 15:15:00,57.96,7.9933686,1.9999628,13.985631,0.03,0.058567353,89.64,7.9997687
2018-10-24 15:30:00,55.33,7.9933686,1.9999628,13.985631,0.03,0.084113136,89.73,7.9997687
2018-10-24 15:45:00,59.69,7.9933686,1.9999628,13.985631,0.03,0.04942125,88.57,7.9997687
2018-10-24 16:00:00,46.87,7.9933686,1.9999628,13.985631,0.02,0.027379675,90.55,7.9997687
2018-10-24 16:15:00,56.99,7.9933686,1.9999628,13.985631,0.03,0.03405062,89.73,7.9997687
2018-10-24 16:30:00,55.48,7.9933686,1.9999628,13.985631,0.03,0.073952824,90.1,7.9997687
2018-10-24 16:45:00,52.13,7.9933686,1.9999628,13.985631,0.02,0.023238664,91.09,7.9997687
2018-10-24 17:00:00,56.23,7.9933686,1.9999628,13.985631,0.03,0.055242926,84.83,7.9997687
2018-10-24 17:15:00,57.78,7.9933686,1.9999628,13.985631,0.03,0.030723564,87.38,7.9997687
2018-10-24 17:30:00,62.28,7.9933686,1.9999628,13.985631,0.03,0.042846814,87.31,7.9997687
2018-10-24 17:45:00,52.92,7.9933686,1.9999628,13.985631,0.02,0.0032282716,87.05,7.9997687
2018-10-24 18:00:00,33.52,7.9933686,1.9999628,13.985631,0.02,0.05210723,94.63,7.9997687
2018-10-24 18:15:00,15.91,7.9933686,1.9999628,13.964933,0.01,0.024184236,95.33,7.9997687
2018-10-24 18:30:00,3.89,4.319912,1.9999628,5.9364576,0.0,0.01087304,100.0,7.9997687
2018-10-24 18:45:00,3.92,3.8735888,1.9999628,3.9521258,0.0,0.0,100.0,7.9997687
2018-10-24 19:00:00,3.89,3.9069417,1.9999628,3.9028184,0.0,0.0,100.0,7.9997687
2018-10-24 19:15:00,3.92,3.946863,1.9999628,3.9375474,0.0,0.0,100.0,7.9997687
2018-10-24 19:30:00,3.82,3.8194716,1.9999628,3.8488486,0.0,0.0015534665,100.0,7.9997687
2018-10-24 19:45:00,3.85,3.84784,1.9999628,3.8575935,0.0,0.0,100.0,7.9997687
2018-10-24 20:00:00,3.78,3.8137724,1.9999628,3.8216245,0.0,0.0,100.0,7.9997687
2018-10-24 20:15:00,4.72,4.6882987,1.9999628,4.7618446,0.0,0.0,100.0,7.9997687
2018-10-24 20:30:00,4.64,4.5478253,1.9999628,4.537031,0.0,0.002768597,100.0,7.9997687
2018-10-24 20:45:00,3.85,3.8205628,1.9999628,3.9697237,0.0,0.0,100.0,7.9997687
2018-10-24 21:00:00,3.89,3.8575783,1.9999628,3.9373872,0.0,0.0,100.0,7.9997687
2018-10-24 21:15:00,3.82,3.7984056,1.9999628,3.8568356,0.0,0.0,100.0,7.9997687
2018-10-24 21:30:00,3.82,3.7729487,1.9999628,3.8432333,0.0,0.013768517,100.0,7.9997687
2018-10-24 21:45:00,3.92,3.9215913,1.9999628,3.917523,0.0,6.790401e-05,100.0,7.9997687
2018-10-24 22:00:00,3.85,3.8521395,1.9999628,3.831727,0.0,0.0,100.0,7.9997687
2018-10-24 22:15:00,3.64,3.685173,1.9999628,3.7088273,0.0,0.0,44.57,7.9997687
2018-10-24 22:30:00,3.56,3.5667386,1.9999628,3.624543,0.0,0.0019202243,44.32,7.9997687
2018-10-24 22:45:00,3.64,3.662395,1.9999628,3.7298439,0.0,0.017642396,44.92,7.9997687
2018-10-24 23:00:00,3.6,3.584313,1.9999628,3.675146,0.0,0.009560439,44.38,7.9997687
2018-10-24 23:15:00,2.95,2.9853969,1.9999628,3.1562896,0.0,0.0,51.04,7.9997687
2018-10-24 23:30:00,2.92,2.9388819,1.9999628,2.9684017,0.0,0.0,51.5,7.9997687
2018-10-24 23:45:00,2.92,2.9416957,1.9999628,2.9468272,0.0,0.0,51.5,7.9997687
2018-10-25 00:00:00,4.1,4.0578594,1.9999628,4.2545047,0.0,0.012195982,60.19,7.9997687
2018-10-25 00:15:00,3.1,3.1176696,1.9999628,3.2966828,0.0,0.0,48.1,7.9997687
2018-10-25 00:30:00,3.67,3.7038727,1.9999628,3.8351066,0.0,0.00071724516,44.72,7.9997687
2018-10-25 00:45:00,3.02,3.0881934,1.9999628,3.0647376,0.0,0.0,48.54,7.9997687
2018-10-25 01:00:00,2.99,2.9216137,1.9999628,2.9872277,0.0,0.0,47.96,7.9997687
2018-10-25 01:15:00,2.95,2.9664035,1.9999628,3.0019155,0.0,0.0,47.67,7.9997687
2018-10-25 01:30:00,3.13,3.1334352,1.9999628,3.16909,0.0,0.016896155,49.39,7.9997687
2018-10-25 01:45:00,3.02,3.0271773,1.9999628,3.0980654,0.0,0.019429587,49.09,7.9997687
2018-10-25 02:00:00,2.99,2.9478483,1.9999628,2.985663,0.0,0.0084720785,48.17,7.9997687
2018-10-25 02:15:00,2.99,2.983017,1.9999628,2.9969637,0.0,0.0,47.23,7.9997687
2018-10-25 02:30:00,3.13,3.1370387,1.9999628,3.1280806,0.0,0.0,46.19,7.9997687
2018-10-25 02:45:00,3.71,3.6937022,1.9999628,3.819258,0.0,0.0040674764,44.72,7.9997687
2018-10-25 03:00:00,3.17,3.2001548,1.9999628,3.2156057,0.0,0.03440167,45.35,7.9997687
2018-10-25 03:15:00,3.02,3.0121698,1.9999628,3.067823,0.0,0.0,46.0,7.9997687
2018-10-25 03:30:00,3.02,3.024901,1.9999628,3.050214,0.0,0.0,46.18,7.9997687
2018-10-25 03:45:00,3.49,3.5075126,1.9999628,3.662218,0.0,0.015431481,43.28,7.9997687
2018-10-25 04:00:00,3.56,3.5745149,1.9999628,3.610105,0.0,0.070734,44.32,7.9997687
2018-10-25 04:15:00,3.02,3.0399938,1.9999628,3.0818644,0.0,0.0,46.18,7.9997687
2018-10-25 04:30:00,3.02,3.0177174,1.9999628,3.07241,0.0,0.0,45.32,7.9997687
2018-10-25 04:45:00,3.13,3.1232634,1.9999628,3.1708872,0.0,0.016467366,46.86,7.9997687
2018-10-25 05:00:00,3.1,3.0614104,1.9999628,3.1000993,0.0,0.008425799,45.84,7.9997687
2018-10-25 05:15:00,3.13,3.1188393,1.9999628,3.180032,0.0,0.0,46.19,7.9997687
2018-10-25 05:30:00,3.06,3.0461235,1.9999628,3.1178966,0.0,0.0,47.17,7.9997687
2018-10-25 05:45:00,3.02,3.02817,1.9999628,3.0478852,0.0,0.0,47.14,7.9997687
2018-10-25 06:00:00,3.35,3.3687444,1.9999628,3.3897536,0.0,0.0,45.32,7.9997687
2018-10-25 06:15:00,3.42,3.4284868,1.9999628,3.4836946,0.0,0.015438441,46.45,7.9997687
2018-10-25 06:30:00,2.95,2.9110694,1.9999628,2.9385824,0.0,0.0,46.74,7.9997687
2018-10-25 06:45:00,2.95,2.944868,1.9999628,2.9803886,0.0,0.0025409383,48.42,7.9997687
2018-10-25 07:00:00,2.95,2.9531841,1.9999628,2.9549096,0.0,0.0072749048,47.67,7.9997687
2018-10-25 07:15:00,2.84,2.8671813,1.9999628,2.8811154,0.0,0.012648321,50.15,7.9997687
2018-10-25 07:30:00,2.92,2.9223547,1.9999628,2.9296465,0.0,0.0,49.32,7.9997687
2018-10-25 07:45:00,4.43,4.5111547,1.9999628,4.6583395,0.0,0.011435682,53.59,7.9997687
2018-10-25 08:00:00,5.9,5.918061,1.9999628,6.149828,0.0,0.0,66.93,7.9997687
2018-10-25 08:15:00,36.58,7.8671727,1.9999628,13.840548,0.02,0.038042597,74.72,7.9997687
2018-10-25 08:30:00,54.36,7.984565,1.9999628,13.978403,0.02,0.027772719,74.35,7.9997687
2018-10-25 08:45:00,76.25,7.99298,1.9999628,13.984408,0.03,0.035552297,76.15,7.9997687
2018-10-25 09:00:00,74.56,7.9895954,1.9999628,13.985349,0.03,0.0,82.72,7.9997687
2018-10-25 09:15:00,64.84,7.9933686,1.9999628,13.985631,0.03,0.011787063,83.29,7.9997687
2018-10-25 09:30:00,55.26,7.9933686,1.9999628,13.985631,0.03,0.0033016433,86.8,7.9997687
2018-10-25 09:45:00,84.06,7.9933686,1.9999628,13.985631,0.04,0.0,85.5,7.9997687
2018-10-25 10:00:00,67.79,7.9933686,1.9999628,13.985631,0.03,0.02483459,84.27,7.9997687
2018-10-25 10:15:00,78.12,7.9933686,1.9999628,13.985631,0.04,0.0024899824,85.49,7.9997687
2018-10-25 10:30:00,58.72,7.9933686,1.9999628,13.985631,0.03,0.0,86.23,7.9997687
2018-10-25 10:45:00,70.2,7.9933686,1.9999628,13.985631,0.03,0.052873995,86.5,7.9997687
2018-10-25 11:00:00,67.43,7.9933686,1.9999628,13.985631,0.03,0.035814475,83.46,7.9997687
2018-10-25 11:15:00,74.34,7.9933686,1.9999628,13.985631,0.03,0.05544703,85.88,7.9997687
2018-10-25 11:30:00,58.93,7.9933686,1.9999628,13.985631,0.03,0.017180804,84.66,7.9997687
2018-10-25 11:45:00,79.92,7.9933686,1.9999628,13.985631,0.04,0.0,84.6,7.9997687
2018-10-25 12:00:00,52.45,7.9933805,1.9999628,13.975701,0.02,0.0,88.06,7.9997687
2018-10-25 12:15:00,8.46,7.269661,1.9999628,8.184502,0.0,0.0,99.97,7.9997687
2018-10-25 12:30:00,5.83,5.9033265,1.9999628,6.151144,0.0,0.0,100.0,7.9997687
2018-10-25 12:45:00,4.93,4.780604,1.9999628,4.9337354,0.0,0.0,100.0,7.9997687
2018-10-25 13:00:00,4.68,4.7525115,1.9999628,4.721764,0.0,0.0,100.0,7.9997687
2018-10-25 13:15:00,29.48,7.958801,1.9999628,13.9282675,0.01,0.02925846,94.19,7.9997687
2018-10-25 13:30:00,50.26,7.9933805,1.9999628,13.984165,0.02,0.0,91.54,7.9997687
2018-10-25 13:45:00,58.36,7.9933677,1.9999628,13.985349,0.03,0.012091838,90.76,7.9997687
2018-10-25 14:00:00,59.15,7.9933677,1.9999628,13.985349,0.03,0.0168285,90.78,7.9997687
2018-10-25 14:15:00,54.97,7.9933686,1.9999628,13.985631,0.03,0.0,91.66,7.9997687
2018-10-25 14:30:00,60.16,7.9933686,1.9999628,13.985631,0.03,0.012858628,90.24,7.9997687
2018-10-25 14:45:00,58.28,7.9933686,1.9999628,13.985631,0.03,0.04061703,90.78,7.9997687
2018-10-25 15:00:00,60.23,7.9933686,1.9999628,13.985631,0.03,0.04121103,89.62,7.9997687
2018-10-25 15:15:00,47.41,7.9933686,1.9999628,13.985631,0.02,0.016659383,91.93,7.9997687
2018-10-25 15:30:00,47.38,7.9933686,1.9999628,13.985631,0.02,0.0028544245,89.47,7.9997687
2018-10-25 15:45:00,66.53,7.9933686,1.9999628,13.985631,0.03,0.027788386,84.55,7.9997687
2018-10-25 16:00:00,66.28,7.9933686,1.9999628,13.985631,0.03,0.005485148,82.65,7.9997687
2018-10-25 16:15:00,60.37,7.9933686,1.9999628,13.985631,0.03,0.00017706811,83.07,7.9997687
2018-10-25 16:30:00,57.67,7.9933686,1.9999628,13.985631,0.03,0.0,85.23,7.9997687
2018-10-25 16:45:00,57.42,7.9933686,1.9999628,13.985631,0.03,0.0,87.09,7.9997687
2018-10-25 17:00:00,46.84,7.9933686,1.9999628,13.985631,0.02,0.0,89.13,7.9997687
2018-10-25 17:15:00,60.19,7.9933686,1.9999628,13.985631,0.03,0.014700772,88.03,7.9997687
2018-10-25 17:30:00,51.73,7.9933686,1.9999628,13.985631,0.02,0.005016071,91.28,7.9997687
2018-10-25 17:45:00,29.84,7.9933686,1.9999628,13.98467,0.01,0.0,99.93,7.9997687
2018-10-25 18:00:00,30.02,7.9933686,1.9999628,13.985631,0.01,0.023043381,98.23,7.9997687
2018-10-25 18:15:00,51.98,7.9933686,1.9999628,13.985631,0.02,0.0014193425,86.28,7.9997687
2018-10-25 18:30:00,57.6,7.9933686,1.9999628,13.985631,0.03,0.03150117,85.04,7.9997687
2018-10-25 18:45:00,65.12,7.9933686,1.9999628,13.985631,0.03,0.012711927,89.71,7.9997687
2018-10-25 19:00:00,67.32,7.9933686,1.9999628,13.985631,0.03,0.0,88.28,7.9997687
2018-10-25 19:15:00,48.49,7.9933686,1.9999628,13.985631,0.02,0.0069830227,90.42,7.9997687
2018-10-25 19:30:00,51.3,7.9933686,1.9999628,13.985631,0.02,0.012602912,89.68,7.9997687
2018-10-25 19:45:00,56.34,7.9933686,1.9999628,13.985631,0.03,0.068495594,88.55,7.9997687
2018-10-25 20:00:00,57.06,7.9933686,1.9999628,13.985631,0.03,0.020382369,89.72,7.9997687
2018-10-25 20:15:00,53.5,7.9933686,1.9999628,13.985631,0.02,0.010549745,89.83,7.9997687
2018-10-25 20:30:00,56.66,7.9933686,1.9999628,13.985631,0.03,0.01044783,88.99,7.9997687
2018-10-25 20:45:00,81.0,7.9933686,1.9999628,13.985631,0.04,0.038193762,92.07,7.9997687
2018-10-25 21:00:00,75.02,7.9933686,1.9999628,13.985631,0.03,0.027271317,92.7,7.9997687
2018-10-25 21:15:00,8.89,7.2667933,1.9999628,9.273219,0.0,0.037121598,99.96,7.9997687
2018-10-25 21:30:00,4.07,4.076573,1.9999628,4.4058294,0.0,0.004096107,100.0,7.9997687
2018-10-25 21:45:00,3.89,3.9159958,1.9999628,3.9105403,0.0,0.048769612,100.0,7.9997687
2018-10-25 22:00:00,3.89,3.8871639,1.9999628,3.8770308,0.0,0.0,100.0,7.9997687
2018-10-25 22:15:00,3.71,3.788993,1.9999628,3.7291696,0.0,0.0,51.59,7.9997687
2018-10-25 22:30:00,3.64,3.6420448,1.9999628,3.6826282,0.0,0.0,50.03,7.9997687
2018-10-25 22:45:00,3.53,3.5190346,1.9999628,3.5626097,0.0,0.007197476,49.96,7.9997687
2018-10-25 23:00:00,3.56,3.565019,1.9999628,3.6107638,0.0,0.0018463974,49.61,7.9997687
2018-10-25 23:15:00,3.46,3.4505572,1.9999628,3.5243685,0.0,0.004589439,52.22,7.9997687
2018-10-25 23:30:00,3.53,3.5198593,1.9999628,3.5570743,0.0,0.0,56.02,7.9997687
2018-10-25 23:45:00,3.42,3.4401212,1.9999628,3.4243653,0.0,0.0,55.1,7.9997687
2018-10-26 00:00:00,3.6,3.5683837,1.9999628,3.650156,0.0,0.0,44.92,7.9997687
2018-10-26 00:15:00,4.57,4.589089,1.9999628,4.6478624,0.0,0.0,64.6,7.9997687
2018-10-26 00:30:00,3.49,3.4795523,1.9999628,3.9250011,0.0,0.0,52.76,7.9997687
2018-10-26 00:45:00,3.53,3.5108519,1.9999628,3.565546,0.0,0.0,53.94,7.9997687
2018-10-26 01:00:00,3.49,3.4940243,1.9999628,3.515863,0.0,0.0,51.56,7.9997687
2018-10-26 01:15:00,3.53,3.520626,1.9999628,3.5503807,0.0,0.0,52.72,7.9997687
2018-10-26 01:30:00,3.53,3.5532508,1.9999628,3.583502,0.0,0.0,51.79,7.9997687
2018-10-26 01:45:00,3.49,3.4851885,1.9999628,3.5122364,0.0,0.0,52.28,7.9997687
2018-10-26 02:00:00,3.49,3.4869876,1.9999628,3.5149965,0.0,0.0,51.1,7.9997687
2018-10-26 02:15:00,3.35,3.3261805,1.9999628,3.3428855,0.0,0.0,51.74,7.9997687
2018-10-26 02:30:00,2.92,2.9283013,1.9999628,2.9639926,0.0,0.0,52.93,7.9997687
2018-10-26 02:45:00,2.88,2.8792982,1.9999628,2.876414,0.0,0.0,54.85,7.9997687
2018-10-26 03:00:00,2.88,2.8708954,1.9999628,2.8800724,0.0,0.0,53.57,7.9997687
2018-10-26 03:15:00,2.88,2.884914,1.9999628,2.8808506,0.0,0.0203177,54.85,7.9997687
2018-10-26 03:30:00,2.95,2.954331,1.9999628,2.9835205,0.0,0.017533805,54.83,7.9997687
2018-10-26 03:45:00,2.84,2.823403,1.9999628,2.8459024,0.0,0.008722454,53.71,7.9997687
2018-10-26 04:00:00,2.84,2.8547902,1.9999628,2.862925,0.0,0.00470081,54.32,7.9997687
2018-10-26 04:15:00,2.92,2.9174786,1.9999628,2.9318736,0.0,0.0,53.84,7.9997687
2018-10-26 04:30:00,2.88,2.8880563,1.9999628,2.8916528,0.0,0.0049626655,54.85,7.9997687
2018-10-26 04:45:00,3.17,3.164904,1.9999628,3.234147,0.0,0.022370858,54.63,7.9997687
2018-10-26 05:00:00,3.53,3.5723443,1.9999628,3.554075,0.0,0.029275943,50.65,7.9997687
2018-10-26 05:15:00,3.2,3.2080722,1.9999628,3.1901822,0.0,0.0,53.6,7.9997687
2018-10-26 05:30:00,3.38,3.3073263,1.9999628,3.4812536,0.0,0.005039071,51.54,7.9997687
2018-10-26 05:45:00,2.88,2.8275533,1.9999628,2.855688,0.0,0.0,54.51,7.9997687
2018-10-26 06:00:00,2.92,2.924024,1.9999628,2.9246025,0.0,0.0,55.65,7.9997687
2018-10-26 06:15:00,2.84,2.8242226,1.9999628,2.846114,0.0,0.0,55.29,7.9997687
2018-10-26 06:30:00,2.81,2.8030586,1.9999628,2.8072505,0.0,0.01722036,54.88,7.9997687
2018-10-26 06:45:00,2.84,2.8592172,1.9999628,2.853604,0.0,0.0,54.58,7.9997687
2018-10-26 07:00:00,2.81,2.8138485,1.9999628,2.8053644,0.0,0.0,55.52,7.9997687
2018-10-26 07:15:00,2.84,2.8651505,1.9999628,2.849012,0.0,0.0,51.56,7.9997687
2018-10-26 07:30:00,3.28,3.2921677,1.9999628,3.274225,0.0,0.0,55.08,7.9997687
2018-10-26 07:45:00,5.9,6.320884,1.9999628,6.103415,0.0,0.0,66.7,7.9997687
2018-10-26 08:00:00,5.54,5.214483,1.9999628,5.334475,0.0,0.05683902,66.45,7.9997687
2018-10-26 08:15:00,25.99,7.8949738,1.9999628,13.84232,0.01,0.0,78.38,7.9997687
2018-10-26 08:30:00,100.69,7.988212,1.9999628,13.982243,0.05,0.11431141,83.72,7.9997687
2018-10-26 08:45:00,80.68,7.9895954,1.9999628,13.985349,0.04,0.018993262,83.47,7.9997687
2018-10-26 09:00:00,104.65,7.9933677,1.9999628,13.985349,0.05,0.052655444,88.97,7.9997687
2018-10-26 09:15:00,121.18,7.9933686,1.9999628,13.985631,0.06,0.04741791,90.74,7.9997687
2018-10-26 09:30:00,106.06,7.9933686,1.9999628,13.985631,0.05,0.0,89.98,7.9997687
2018-10-26 09:45:00,106.52,7.9933686,1.9999628,13.985631,0.05,0.011440314,88.85,7.9997687
2018-10-26 10:00:00,122.69,7.9933686,1.9999628,13.985631,0.06,0.012816101,91.12,7.9997687
2018-10-26 10:15:00,93.2,7.9933686,1.9999628,13.98467,0.04,0.003388727,92.63,7.9997687
2018-10-26 10:30:00,52.45,7.9933686,1.9999628,13.98467,0.02,0.0,88.79,7.9997687
2018-10-26 10:45:00,74.27,7.9933686,1.9999628,13.985631,0.03,0.0,85.6,7.9997687
2018-10-26 11:00:00,60.26,7.9933686,1.9999628,13.985631,0.03,0.0,87.26,7.9997687
2018-10-26 11:15:00,72.18,7.9933686,1.9999628,13.985631,0.03,0.0167746,84.82,7.9997687
2018-10-26 11:30:00,72.9,7.9933686,1.9999628,13.985631,0.03,0.03085813,85.86,7.9997687
2018-10-26 11:45:00,65.2,7.9933686,1.9999628,13.985631,0.03,0.030052342,88.48,7.9997687
2018-10-26 12:00:00,60.23,7.9933805,1.9999628,13.984885,0.03,0.04035351,87.38,7.9997687
2018-10-26 12:15:00,8.39,7.2232785,1.9999628,8.535825,0.0,0.047478992,99.96,7.9997687
2018-10-26 12:30:00,4.32,4.341364,1.9999628,4.4759064,0.0,0.0,100.0,7.9997687
2018-10-26 12:45:00,4.68,4.72161,1.9999628,4.8417335,0.0,0.0,100.0,7.9997687
2018-10-26 13:00:00,4.28,4.331748,1.9999628,4.4096785,0.0,0.0,100.0,7.9997687
2018-10-26 13:15:00,33.66,7.95053,1.9999628,13.918998,0.02,0.018319193,90.97,7.9997687
2018-10-26 13:30:00,66.02,7.992993,1.9999628,13.983023,0.03,0.0063229585,85.47,7.9997687
2018-10-26 13:45:00,63.76,7.99298,1.9999628,13.984408,0.03,0.024075406,84.87,7.9997687
2018-10-26 14:00:00,68.11,7.99298,1.9999628,13.984408,0.03,0.016211504,84.83,7.9997687
2018-10-26 14:15:00,69.91,7.9933686,1.9999628,13.985631,0.03,0.0,86.37,7.9997687
2018-10-26 14:30:00,55.55,7.9933686,1.9999628,13.985631,0.03,0.039868336,89.96,7.9997687
2018-10-26 14:45:00,52.34,7.9933686,1.9999628,13.985631,0.02,0.0,90.27,7.9997687
2018-10-26 15:00:00,58.64,7.9933686,1.9999628,13.985631,0.03,0.045414895,90.65,7.9997687
2018-10-26 15:15:00,67.61,7.9933686,1.9999628,13.985631,0.03,0.028970348,85.18,7.9997687
2018-10-26 15:30:00,45.36,7.9933686,1.9999628,13.98467,0.02,0.035788283,93.05,7.9997687
2018-10-26 15:45:00,49.1,7.9933686,1.9999628,13.985631,0.02,0.0,90.09,7.9997687
2018-10-26 16:00:00,58.07,7.9933686,1.9999628,13.985631,0.03,0.06110169,88.61,7.9997687
2018-10-26 16:15:00,50.44,7.9933686,1.9999628,13.985631,0.02,0.0,89.99,7.9997687
2018-10-26 16:30:00,48.06,7.9933686,1.9999628,13.985631,0.02,0.03059874,87.96,7.9997687
2018-10-26 16:45:00,55.62,7.9933686,1.9999628,13.985631,0.03,0.062516555,88.61,7.9997687
2018-10-26 17:00:00,47.12,7.9933686,1.9999628,13.985631,0.02,0.016734758,90.64,7.9997687
2018-10-26 17:15:00,54.86,7.9933686,1.9999628,13.985631,0.03,0.05232559,89.53,7.9997687
2018-10-26 17:30:00,62.53,7.9933686,1.9999628,13.985631,0.03,0.024599293,86.19,7.9997687
2018-10-26 17:45:00,31.5,7.9933686,1.9999628,13.98467,0.01,0.026439043,99.87,7.9997687
2018-10-26 18:00:00,31.21,7.9933686,1.9999628,13.985631,0.01,0.0,98.44,7.9997687
2018-10-26 18:15:00,39.92,7.9933686,1.9999628,13.985631,0.02,0.0,87.91,7.9997687
2018-10-26 18:30:00,51.77,7.9933686,1.9999628,13.985631,0.02,0.0,84.27,7.9997687
2018-10-26 18:45:00,52.06,7.9933686,1.9999628,13.985631,0.02,0.008422633,88.55,7.9997687
2018-10-26 19:00:00,51.12,7.9933686,1.9999628,13.985631,0.02,0.009670206,90.04,7.9997687
2018-10-26 19:15:00,63.14,7.9933686,1.9999628,13.985631,0.03,0.03279963,85.39,7.9997687
2018-10-26 19:30:00,65.02,7.9933686,1.9999628,13.985631,0.03,0.025775017,84.71,7.9997687
2018-10-26 19:45:00,51.37,7.9933686,1.9999628,13.985631,0.02,0.008749553,88.39,7.9997687
2018-10-26 20:00:00,58.72,7.9933686,1.9999628,13.985631,0.03,0.032957144,87.63,7.9997687
2018-10-26 20:15:00,51.12,7.9933686,1.9999628,13.985631,0.02,0.016349018,88.6,7.9997687
2018-10-26 20:30:00,49.97,7.9933686,1.9999628,13.985631,0.02,0.0023476703,89.13,7.9997687
2018-10-26 20:45:00,60.26,7.9933686,1.9999628,13.985631,0.03,0.015432608,88.82,7.9997687
2018-10-26 21:00:00,47.02,7.9933686,1.9999628,13.985631,0.02,0.0026587166,88.7,7.9997687
2018-10-26 21:15:00,5.72,5.9250517,1.9999628,6.3188605,0.0,0.0,100.0,7.9997687
2018-10-26 21:30:00,5.04,5.134297,1.9999628,5.198157,0.0,0.0052601094,100.0,7.9997687
2018-10-26 21:45:00,4.07,3.989291,1.9999628,4.100135,0.0,0.0,100.0,7.9997687
2018-10-26 22:00:00,3.96,3.97025,1.9999628,3.9728534,0.0,0.033071816,100.0,7.9997687
2018-10-26 22:15:00,3.78,3.7723913,1.9999628,3.8697462,0.0,0.015454038,53.24,7.9997687
2018-10-26 22:30:00,3.85,3.8613274,1.9999628,3.8582802,0.0,0.0,50.85,7.9997687
2018-10-26 22:45:00,3.67,3.6319625,1.9999628,3.6812973,0.0,0.017934158,45.06,7.9997687
2018-10-26 23:00:00,3.71,3.692342,1.9999628,3.722722,0.0,0.0,44.91,7.9997687
2018-10-26 23:15:00,3.64,3.6797338,1.9999628,3.6892347,0.0,0.008912843,47.96,7.9997687
2018-10-26 23:30:00,3.56,3.5488663,1.9999628,3.6121442,0.0,0.0053885547,48.79,7.9997687
2018-10-26 23:45:00,3.67,3.6730042,1.9999628,3.6977396,0.0,0.0056586848,47.66,7.9997687
2018-10-27 00:00:00,2.74,2.703064,1.9999628,3.0839515,0.0,0.017714549,50.2,7.9997687
2018-10-27 00:15:00,3.64,3.6335168,1.9999628,3.9919097,0.0,0.0,45.47,7.9997687
2018-10-27 00:30:00,3.64,3.5719066,1.9999628,3.6920636,0.0,0.0010861234,49.21,7.9997687
2018-10-27 00:45:00,3.67,3.6524158,1.9999628,3.6707203,0.0,0.0042887735,47.49,7.9997687
2018-10-27 01:00:00,3.67,3.6765904,1.9999628,3.7435653,0.0,0.0,47.07,7.9997687
2018-10-27 01:15:00,3.74,3.7417254,1.9999628,3.7743983,0.0,0.053580243,45.01,7.9997687
2018-10-27 01:30:00,3.64,3.6862001,1.9999628,3.6943877,0.0,0.027820488,45.32,7.9997687
2018-10-27 01:45:00,3.64,3.6298537,1.9999628,3.7128317,0.0,0.020292263,49.61,7.9997687
2018-10-27 02:00:00,4.5,4.4793453,1.9999628,4.705528,0.0,0.036357585,49.07,7.9997687
2018-10-27 02:15:00,3.6,3.7066522,1.9999628,3.875027,0.0,0.008306855,44.72,7.9997687
2018-10-27 02:30:00,3.17,3.1577063,1.9999628,3.2642698,0.0,0.005030951,46.41,7.9997687
2018-10-27 02:45:00,3.13,3.1261559,1.9999628,3.1481588,0.0,0.0030750802,45.3,7.9997687
2018-10-27 03:00:00,3.17,3.1706324,1.9999628,3.2054794,0.0,0.0,44.55,7.9997687
2018-10-27 03:15:00,3.13,3.1464977,1.9999628,3.1503115,0.0,0.0,45.53,7.9997687
2018-10-27 03:30:00,3.13,3.1079268,1.9999628,3.1327155,0.0,0.015240835,45.12,7.9997687
2018-10-27 03:45:00,3.13,3.116898,1.9999628,3.1327155,0.0,0.011449572,45.53,7.9997687
2018-10-27 04:00:00,3.17,3.1682596,1.9999628,3.175616,0.0,0.034501724,46.41,7.9997687
2018-10-27 04:15:00,3.17,3.175218,1.9999628,3.194207,0.0,0.034501724,45.76,7.9997687
2018-10-27 04:30:00,3.13,3.1315498,1.9999628,3.1473851,0.0,0.0,45.53,7.9997687
2018-10-27 04:45:00,3.1,3.08601,1.9999628,3.1083171,0.0,0.012389403,46.27,7.9997687
2018-10-27 05:00:00,3.42,3.399118,1.9999628,3.481219,0.0,0.008145234,47.3,7.9997687
2018-10-27 05:15:00,3.64,3.6648264,1.9999628,3.70355,0.0,0.017695071,51.8,7.9997687
2018-10-27 05:30:00,3.1,3.0712633,1.9999628,3.1301587,0.0,0.0,46.51,7.9997687
2018-10-27 05:45:00,3.1,3.1024156,1.9999628,3.1010435,0.0,0.0,46.51,7.9997687
2018-10-27 06:00:00,3.06,3.0593886,1.9999628,3.0841544,0.0,0.0,46.23,7.9997687
2018-10-27 06:15:00,3.1,3.1073751,1.9999628,3.1207023,0.0,0.04068281,45.6,7.9997687
2018-10-27 06:30:00,3.67,3.7143974,1.9999628,3.8128428,0.0,0.025659552,44.87,7.9997687
2018-10-27 06:45:00,3.49,3.476121,1.9999628,3.6426208,0.0,0.031134281,43.62,7.9997687
2018-10-27 07:00:00,3.1,3.0536456,1.9999628,3.2354574,0.0,0.03578954,43.54,7.9997687
2018-10-27 07:15:00,3.13,3.1074905,1.9999628,3.1701756,0.0,0.008493296,44.89,7.9997687
2018-10-27 07:30:00,3.24,3.2209392,1.9999628,3.3276172,0.0,0.010752073,45.51,7.9997687
2018-10-27 07:45:00,3.2,3.2264953,1.9999628,3.280709,0.0,0.009398231,47.0,7.9997687
2018-10-27 08:00:00,3.38,3.403788,1.9999628,3.5417862,0.0,0.0,48.35,7.9997687
2018-10-27 08:15:00,30.74,7.9014306,1.9999628,13.8217535,0.01,0.05654623,70.09,7.9997687
2018-10-27 08:30:00,46.55,7.9883394,1.9999628,13.98193,0.02,0.031353258,73.21,7.9997687
2018-10-27 08:45:00,47.02,7.981997,1.9999628,13.983119,0.02,0.029344259,78.99,7.9997687
2018-10-27 09:00:00,45.72,7.9156427,1.9999628,13.953715,0.02,0.025825815,92.39,7.9997687
2018-10-27 09:15:00,46.15,7.9933686,1.9999628,13.985631,0.02,0.022733653,90.84,7.9997687
2018-10-27 09:30:00,44.71,7.9933686,1.9999628,13.985631,0.02,0.0,91.44,7.9997687
2018-10-27 09:45:00,45.25,7.9933686,1.9999628,13.985631,0.02,0.0,91.04,7.9997687
2018-10-27 10:00:00,46.08,7.9933686,1.9999628,13.985631,0.02,0.0,91.93,7.9997687
2018-10-27 10:15:00,42.34,7.9933686,1.9999628,13.985631,0.02,0.01917564,93.87,7.9997687
2018-10-27 10:30:00,48.6,7.9933686,1.9999628,13.985631,0.02,0.026360733,90.9,7.9997687
2018-10-27 10:45:00,37.48,7.9933686,1.9999628,13.985631,0.02,0.05108891,94.42,7.9997687
2018-10-27 11:00:00,40.36,7.9933686,1.9999628,13.985631,0.02,0.0,93.23,7.9997687
2018-10-27 11:15:00,46.58,7.9933686,1.9999628,13.985631,0.02,0.011717478,92.11,7.9997687
2018-10-27 11:30:00,45.58,7.9933686,1.9999628,13.985631,0.02,0.010300876,90.83,7.9997687
2018-10-27 11:45:00,47.3,7.9933686,1.9999628,13.985631,0.02,0.024784157,89.9,7.9997687
2018-10-27 12:00:00,23.0,7.9440064,1.9999628,13.808258,0.01,0.0053750575,95.64,7.9997687
2018-10-27 12:15:00,3.82,4.083403,1.9999628,5.4154515,0.0,0.0029133598,100.0,7.9997687
2018-10-27 12:30:00,4.46,4.4484606,1.9999628,4.434954,0.0,0.024830027,100.0,7.9997687
2018-10-27 12:45:00,5.54,5.362405,1.9999628,5.595115,0.0,0.008002304,100.0,7.9997687
2018-10-27 13:00:00,4.97,4.9718595,1.9999628,4.9423757,0.0,0.014817741,100.0,7.9997687
2018-10-27 13:15:00,29.66,7.9550385,1.9999628,13.926827,0.01,0.10863483,92.51,7.9997687
2018-10-27 13:30:00,37.76,7.9928665,1.9999628,13.981616,0.02,0.012386953,95.52,7.9997687
2018-10-27 13:45:00,36.9,7.9895954,1.9999628,13.985349,0.02,0.0,95.9,7.9997687
2018-10-27 14:00:00,48.85,7.9933677,1.9999628,13.985349,0.02,0.0,89.19,7.9997687
2018-10-27 14:15:00,39.92,7.9933686,1.9999628,13.985631,0.02,0.008687016,94.83,7.9997687
2018-10-27 14:30:00,47.09,7.9933686,1.9999628,13.985631,0.02,0.04537874,88.92,7.9997687
2018-10-27 14:45:00,34.42,7.9933686,1.9999628,13.985631,0.02,0.02874965,96.1,7.9997687
2018-10-27 15:00:00,43.63,7.9933686,1.9999628,13.985631,0.02,0.022921195,92.97,7.9997687
2018-10-27 15:15:00,50.18,7.9933686,1.9999628,13.985631,0.02,0.038447455,89.26,7.9997687
2018-10-27 15:30:00,40.54,7.9933686,1.9999628,13.985631,0.02,0.0,95.66,7.9997687
2018-10-27 15:45:00,53.89,7.9933686,1.9999628,13.985631,0.02,0.020817066,90.44,7.9997687
2018-10-27 16:00:00,53.5,7.9933686,1.9999628,13.985631,0.02,0.034486003,90.84,7.9997687
2018-10-27 16:15:00,49.39,7.9933686,1.9999628,13.985631,0.02,0.005087317,92.23,7.9997687
2018-10-27 16:30:00,41.87,7.9933686,1.9999628,13.985631,0.02,0.0,94.03,7.9997687
2018-10-27 16:45:00,48.31,7.9933686,1.9999628,13.985631,0.02,0.028447103,91.21,7.9997687
2018-10-27 17:00:00,9.07,7.150744,1.9999628,10.069748,0.0,0.012469284,99.95,7.9997687
2018-10-27 17:15:00,5.04,4.8797817,1.9999628,5.003762,0.0,0.0,100.0,7.9997687
2018-10-27 17:30:00,3.64,3.6406815,1.9999628,4.0930023,0.0,0.0,100.0,7.9997687
2018-10-27 17:45:00,3.53,3.5454853,1.9999628,3.606435,0.0,0.0,100.0,7.9997687
2018-10-27 18:00:00,3.6,3.6505764,1.9999628,3.7710536,0.0,0.020846995,100.0,7.9997687
2018-10-27 18:15:00,3.53,3.546395,1.9999628,3.5786853,0.0,0.0027665782,100.0,7.9997687
2018-10-27 18:30:00,3.53,3.583577,1.9999628,3.5777135,0.0,0.0,100.0,7.9997687
2018-10-27 18:45:00,3.67,3.6580677,1.9999628,3.7727425,0.0,0.0,100.0,7.9997687
2018-10-27 19:00:00,3.64,3.668883,1.9999628,3.6950905,0.0,0.0,100.0,7.9997687
2018-10-27 19:15:00,3.71,3.720992,1.9999628,3.6979082,0.0,0.0,100.0,7.9997687
2018-10-27 19:30:00,3.64,3.6943102,1.9999628,3.6904485,0.0,0.0,100.0,7.9997687
2018-10-27 19:45:00,3.6,3.603916,1.9999628,3.6593494,0.0,0.0075081773,100.0,7.9997687
2018-10-27 20:00:00,3.6,3.6156468,1.9999628,3.6768646,0.0,0.01403171,100.0,7.9997687
2018-10-27 20:15:00,3.67,3.6760113,1.9999628,3.7059135,0.0,0.008417721,100.0,7.9997687
2018-10-27 20:30:00,3.67,3.6875615,1.9999628,3.6970909,0.0,0.0023446851,100.0,7.9997687
2018-10-27 20:45:00,3.64,3.6464584,1.9999628,3.6780756,0.0,0.010884028,100.0,7.9997687
2018-10-27 21:00:00,4.14,4.0877233,1.9999628,4.197202,0.0,0.0,100.0,7.9997687
2018-10-27 21:15:00,4.61,4.597252,1.9999628,4.600399,0.0,0.0006240569,100.0,7.9997687
2018-10-27 21:30:00,3.67,3.6578562,1.9999628,3.9162428,0.0,0.0,100.0,7.9997687
2018-10-27 21:45:00,3.64,3.644185,1.9999628,3.7202156,0.0,0.014982358,100.0,7.9997687
2018-10-27 22:00:00,3.67,3.6836364,1.9999628,3.6069062,0.0,0.012339896,100.0,7.9997687
2018-10-27 22:15:00,3.38,3.3817525,1.9999628,3.4010456,0.0,0.06416239,47.69,7.9997687
2018-10-27 22:30:00,3.35,3.3487482,1.9999628,3.3716822,0.0,0.0,46.55,7.9997687
2018-10-27 22:45:00,3.42,3.4442632,1.9999628,3.471421,0.0,0.0,44.0,7.9997687
2018-10-27 23:00:00,3.35,3.3772788,1.9999628,3.3655984,0.0,0.0,44.19,7.9997687
2018-10-27 23:15:00,3.38,3.3791654,1.9999628,3.3920221,0.0,0.0,48.59,7.9997687
2018-10-27 23:30:00,2.84,2.7902756,1.9999628,2.8325343,0.0,0.0,51.88,7.9997687
2018-10-27 23:45:00,2.7,2.6966038,1.9999628,2.766514,0.0,0.024885558,52.04,7.9997687
2018-10-28 00:00:00,2.74,2.7039907,1.9999628,2.7841015,0.0,0.05265691,48.06,7.9997687
2018-10-28 00:15:00,2.74,2.675068,1.9999628,2.8099751,0.0,0.0063404017,50.85,7.9997687
2018-10-28 00:30:00,2.95,2.910927,1.9999628,3.0149827,0.0,0.046626076,49.7,7.9997687
2018-10-28 00:45:00,3.38,3.3901827,1.9999628,3.433259,0.0,0.0,46.25,7.9997687
2018-10-28 01:00:00,2.99,2.9952378,1.9999628,2.9750233,0.0,0.020416051,47.23,7.9997687
2018-10-28 01:15:00,2.84,2.8454626,1.9999628,2.8423483,0.0,0.013278362,48.07,7.9997687
2018-10-28 01:30:00,2.81,2.806857,1.9999628,2.8179533,0.0,0.019507758,47.68,7.9997687
2018-10-28 01:45:00,2.81,2.8200753,1.9999628,2.8306818,0.0,0.008019328,48.4,7.9997687
2018-10-28 02:00:00,2.84,2.8245516,1.9999628,2.866817,0.0,0.016923646,48.07,7.9997687
2018-10-28 02:15:00,2.81,2.8097816,1.9999628,2.8330877,0.0,0.0,46.43,7.9997687
2018-10-28 02:30:00,2.84,2.8438897,1.9999628,2.8645575,0.0,0.0046061263,47.3,7.9997687
2018-10-28 02:45:00,2.77,2.7864747,1.9999628,2.8050103,0.0,0.0,47.66,7.9997687
2018-10-28 03:00:00,2.95,2.9437187,1.9999628,2.9798737,0.0,0.0,47.94,7.9997687
2018-10-28 03:15:00,3.46,3.4499261,1.9999628,3.463581,0.0,0.0,49.22,7.9997687
2018-10-28 03:30:00,2.88,2.8436856,1.9999628,2.917274,0.0,0.017885322,47.33,7.9997687
2018-10-28 03:45:00,2.84,2.8360133,1.9999628,2.8669577,0.0,0.0,47.51,7.9997687
2018-10-28 04:00:00,2.81,2.797165,1.9999628,2.8204124,0.0,0.0025063218,47.68,7.9997687
2018-10-28 04:15:00,2.81,2.8041291,1.9999628,2.8304753,0.0,0.0053355624,48.4,7.9997687
2018-10-28 04:30:00,2.84,2.837802,1.9999628,2.864004,0.0,0.0,47.79,7.9997687
2018-10-28 04:45:00,2.81,2.8194249,1.9999628,2.830169,0.0,0.0,46.91,7.9997687
2018-10-28 05:00:00,3.28,3.2081532,1.9999628,3.3087857,0.0,0.023932535,45.38,7.9997687
2018-10-28 05:15:00,3.28,3.2279093,1.9999628,3.296019,0.0,0.0,45.95,7.9997687
2018-10-28 05:30:00,2.84,2.8096101,1.9999628,2.9117174,0.0,0.0021445714,48.8,7.9997687
2018-10-28 05:45:00,2.74,2.745213,1.9999628,2.782905,0.0,0.0015463736,48.81,7.9997687
2018-10-28 06:00:00,2.84,2.8562365,1.9999628,2.844024,0.0,0.0,49.09,7.9997687
2018-10-28 06:15:00,3.35,3.3967285,1.9999628,3.4750316,0.0,0.015013305,43.62,7.9997687
2018-10-28 06:30:00,2.92,2.9150598,1.9999628,2.945264,0.0,0.0021297461,46.11,7.9997687
2018-10-28 06:45:00,2.74,2.765359,1.9999628,2.764698,0.0,0.0,46.2,7.9997687
2018-10-28 07:00:00,2.74,2.7513766,1.9999628,2.784065,0.0,0.0,47.76,7.9997687
2018-10-28 07:15:00,2.81,2.804985,1.9999628,2.8028562,0.0,0.0,47.9,7.9997687
2018-10-28 07:30:00,2.7,2.7017336,1.9999628,2.7847426,0.0,0.0,47.22,7.9997687
2018-10-28 07:45:00,2.77,2.774478,1.9999628,2.7878625,0.0,0.0,45.64,7.9997687
2018-10-28 08:00:00,2.74,2.7621133,1.9999628,2.7823439,0.0,0.0,45.72,7.9997687
2018-10-28 08:15:00,2.77,2.7322896,1.9999628,2.8542516,0.0,0.0,45.64,7.9997687
2018-10-28 08:30:00,2.81,2.824115,1.9999628,2.8593338,0.0,0.03441816,44.98,7.9997687
2018-10-28 08:45:00,2.95,2.9655435,1.9999628,3.049959,0.0,0.0,74.27,7.9997687
2018-10-28 09:00:00,3.53,3.5574145,1.9999628,3.5358315,0.0,0.0058620465,100.0,7.9997687
2018-10-28 09:15:00,3.67,3.63224,1.9999628,3.792298,0.0,0.0,100.0,7.9997687
2018-10-28 09:30:00,3.49,3.4365726,1.9999628,3.597833,0.0,0.033018894,100.0,7.9997687
2018-10-28 09:45:00,3.02,3.0418923,1.9999628,3.072027,0.0,0.04183191,100.0,7.9997687
2018-10-28 10:00:00,3.17,3.191528,1.9999628,3.2083426,0.0,0.0054158345,100.0,7.9997687
2018-10-28 10:15:00,3.06,3.0789404,1.9999628,3.0795283,0.0,0.020891162,100.0,7.9997687
2018-10-28 10:30:00,3.02,3.021898,1.9999628,3.0314848,0.0,0.0,100.0,7.9997687
2018-10-28 10:45:00,2.99,2.9765294,1.9999628,3.0203836,0.0,0.023812404,100.0,7.9997687
2018-10-28 11:00:00,2.99,3.0088918,1.9999628,2.9971051,0.0,0.0,100.0,7.9997687
2018-10-28 11:15:00,3.06,3.0747762,1.9999628,3.0638087,0.0,0.0,100.0,7.9997687
2018-10-28 11:30:00,3.1,3.0673876,1.9999628,3.0925155,0.0,0.0,100.0,7.9997687
2018-10-28 11:45:00,3.06,3.0603423,1.9999628,3.086061,0.0,0.02281162,100.0,7.9997687
2018-10-28 12:00:00,3.06,3.048928,1.9999628,3.068381,0.0,0.056802325,100.0,7.9997687
2018-10-28 12:15:00,3.2,3.241698,1.9999628,3.2607622,0.0,0.0,100.0,7.9997687
2018-10-28 12:30:00,3.74,3.7076483,1.9999628,3.7519078,0.0,0.0,100.0,7.9997687
2018-10-28 12:45:00,3.17,3.166197,1.9999628,3.2317922,0.0,0.09529412,100.0,7.9997687
2018-10-28 13:00:00,3.2,3.1916833,1.9999628,3.2158701,0.0,0.0,100.0,7.9997687
2018-10-28 13:15:00,3.38,3.411558,1.9999628,3.521771,0.0,0.010112268,100.0,7.9997687
2018-10-28 13:30:00,3.67,3.6873758,1.9999628,3.72162,0.0,0.0,100.0,7.9997687
2018-10-28 13:45:00,3.2,3.1763222,1.9999628,3.2881904,0.0,0.015522717,100.0,7.9997687
2018-10-28 14:00:00,3.02,2.9905727,1.9999628,3.086771,0.0,0.0070372242,100.0,7.9997687
2018-10-28 14:15:00,3.1,3.102776,1.9999628,3.1295528,0.0,0.0054421015,100.0,7.9997687
2018-10-28 14:30:00,3.06,3.052191,1.9999628,3.0680342,0.0,0.0,100.0,7.9997687
2018-10-28 14:45:00,3.06,3.0629818,1.9999628,3.0627408,0.0,0.019702116,100.0,7.9997687
2018-10-28 15:00:00,3.06,3.0572073,1.9999628,3.0885077,0.0,0.0,100.0,7.9997687
2018-10-28 15:15:00,3.06,3.0590475,1.9999628,3.0617006,0.0,0.0,100.0,7.9997687
2018-10-28 15:30:00,3.53,3.5238156,1.9999628,3.5524135,0.0,0.0,100.0,7.9997687
2018-10-28 15:45:00,3.49,3.4709542,1.9999628,3.500028,0.0,0.0,100.0,7.9997687
2018-10-28 16:00:00,3.13,3.0927186,1.9999628,3.192513,0.0,0.0,100.0,7.9997687
2018-10-28 16:15:00,3.06,3.0742335,1.9999628,3.076359,0.0,0.0,100.0,7.9997687
2018-10-28 16:30:00,3.02,3.0461676,1.9999628,3.0427449,0.0,0.0,100.0,7.9997687
2018-10-28 16:45:00,3.02,3.0282435,1.9999628,3.0416677,0.0,0.0,100.0,7.9997687
2018-10-28 17:00:00,3.02,3.02175,1.9999628,3.043699,0.0,0.0,100.0,7.9997687
2018-10-28 17:15:00,3.02,3.0148838,1.9999628,3.0412986,0.0,0.0,100.0,7.9997687
2018-10-28 17:30:00,3.06,3.0430312,1.9999628,3.0687025,0.0,0.0,100.0,7.9997687
2018-10-28 17:45:00,3.02,3.0451043,1.9999628,3.045486,0.0,0.0,100.0,7.9997687
2018-10-28 18:00:00,2.92,2.9543455,1.9999628,2.9607723,0.0,0.0,100.0,7.9997687
2018-10-28 18:15:00,2.95,2.952798,1.9999628,2.9578533,0.0,0.02736619,100.0,7.9997687
2018-10-28 18:30:00,3.28,3.2778945,1.9999628,3.2896557,0.0,0.0,100.0,7.9997687
2018-10-28 18:45:00,4.82,4.8047466,1.9999628,4.8567705,0.0,0.0,100.0,7.9997687
2018-10-28 19:00:00,3.49,3.3574748,1.9999628,3.8344648,0.0,0.0,100.0,7.9997687
2018-10-28 19:15:00,2.95,2.909567,1.9999628,3.0572386,0.0,0.0,100.0,7.9997687
2018-10-28 19:30:00,2.99,3.0003326,1.9999628,3.0585911,0.0,0.0,100.0,7.9997687
2018-10-28 19:45:00,2.95,2.9537911,1.9999628,2.9896784,0.0,0.0,100.0,7.9997687
2018-10-28 20:00:00,2.92,2.9391716,1.9999628,2.9361544,0.0,0.0,100.0,7.9997687
2018-10-28 20:15:00,3.06,3.0664122,1.9999628,3.0809186,0.0,0.04029592,100.0,7.9997687
2018-10-28 20:30:00,2.95,2.9560814,1.9999628,3.0160627,0.0,0.0,100.0,7.9997687
2018-10-28 20:45:00,2.95,2.9347515,1.9999628,2.9713273,0.0,0.0,100.0,7.9997687
2018-10-28 21:00:00,2.99,2.9812784,1.9999628,3.0141757,0.0,0.0,100.0,7.9997687
2018-10-28 21:15:00,2.99,2.9973376,1.9999628,2.9931092,0.0,0.024714254,100.0,7.9997687
2018-10-28 21:30:00,3.02,3.0265148,1.9999628,3.0358243,0.0,0.033815555,100.0,7.9997687
2018-10-28 21:45:00,2.95,2.9768388,1.9999628,2.977075,0.0,0.016956666,100.0,7.9997687
2018-10-28 22:00:00,2.99,2.9690735,1.9999628,3.0118668,0.0,0.0,100.0,7.9997687
2018-10-28 22:15:00,3.17,3.1571903,1.9999628,3.19571,0.0,0.0,45.76,7.9997687
2018-10-28 22:30:00,3.31,3.2616541,1.9999628,3.4948764,0.0,0.022542238,44.13,7.9997687
2018-10-28 22:45:00,2.77,2.7279255,1.9999628,2.8850744,0.0,0.0,47.16,7.9997687
2018-10-28 23:00:00,3.2,3.177304,1.9999628,3.3057492,0.0,0.0,44.5,7.9997687
2018-10-28 23:15:00,3.13,3.0679934,1.9999628,3.074301,0.0,0.012372243,47.49,7.9997687
2018-10-28 23:30:00,2.74,2.7328742,1.9999628,2.8196065,0.0,0.0,49.97,7.9997687
2018-10-28 23:45:00,2.77,2.8019753,1.9999628,2.798032,0.0,0.06752382,49.21,7.9997687
2018-10-29 00:00:00,3.64,3.5712306,1.9999628,3.7925038,0.0,0.0,49.38,7.9997687
2018-10-29 00:15:00,2.77,2.7915604,1.9999628,2.9246266,0.0,0.0,47.66,7.9997687
2018-10-29 00:30:00,2.77,2.7497451,1.9999628,2.82695,0.0,0.0,47.66,7.9997687
2018-10-29 00:45:00,2.84,2.8353126,1.9999628,2.892065,0.0,0.027486764,48.8,7.9997687
2018-10-29 01:00:00,2.74,2.741894,1.9999628,2.8007004,0.0,0.06519252,47.47,7.9997687
2018-10-29 01:15:00,2.81,2.8191562,1.9999628,2.8076901,0.0,0.0,47.68,7.9997687
2018-10-29 01:30:00,3.2,3.1968567,1.9999628,3.2396207,0.0,0.0,45.06,7.9997687
2018-10-29 01:45:00,3.38,3.3597298,1.9999628,3.4656634,0.0,0.0,46.25,7.9997687
2018-10-29 02:00:00,2.77,2.786006,1.9999628,2.841634,0.0,0.0,47.37,7.9997687
2018-10-29 02:15:00,2.77,2.7502499,1.9999628,2.7896945,0.0,0.0,47.66,7.9997687
2018-10-29 02:30:00,3.24,3.2500148,1.9999628,3.3763561,0.0,0.0,45.73,7.9997687
2018-10-29 02:45:00,3.38,3.3557506,1.9999628,3.4857738,0.0,0.0,43.18,7.9997687
2018-10-29 03:00:00,2.77,2.7932472,1.9999628,2.8504775,0.0,0.0,47.16,7.9997687
2018-10-29 03:15:00,2.81,2.8237092,1.9999628,2.8241916,0.0,0.016729664,46.91,7.9997687
2018-10-29 03:30:00,2.81,2.8127654,1.9999628,2.8036804,0.0,0.0,47.68,7.9997687
2018-10-29 03:45:00,2.81,2.8231924,1.9999628,2.8004234,0.0,0.0,47.68,7.9997687
2018-10-29 04:00:00,2.81,2.8191476,1.9999628,2.8059154,0.0,0.0,47.9,7.9997687
2018-10-29 04:15:00,2.74,2.7395542,1.9999628,2.7861602,0.0,0.0,46.97,7.9997687
2018-10-29 04:30:00,2.81,2.8118799,1.9999628,2.8046534,0.0,0.0,47.9,7.9997687
2018-10-29 04:45:00,2.77,2.7794423,1.9999628,2.7830772,0.0,0.0,48.17,7.9997687
2018-10-29 05:00:00,2.77,2.7578428,1.9999628,2.7866564,0.0,0.0,47.37,7.9997687
2018-10-29 05:15:00,3.42,3.4144998,1.9999628,3.507421,0.0,0.0100985635,44.15,7.9997687
2018-10-29 05:30:00,3.17,3.1426466,1.9999628,3.2122316,0.0,0.0,48.47,7.9997687
2018-10-29 05:45:00,2.74,2.753863,1.9999628,2.8658628,0.0,0.0,49.42,7.9997687
2018-10-29 06:00:00,2.7,2.7189717,1.9999628,2.722734,0.0,0.0,49.1,7.9997687
2018-10-29 06:15:00,2.66,2.676131,1.9999628,2.7009525,0.0,0.0039820042,48.86,7.9997687
2018-10-29 06:30:00,2.7,2.6763175,1.9999628,2.702685,0.0,0.005213857,50.54,7.9997687
2018-10-29 06:45:00,3.02,2.9963958,1.9999628,3.0554707,0.0,0.0,48.06,7.9997687
2018-10-29 07:00:00,3.28,3.1971803,1.9999628,3.347528,0.0,0.0,45.78,7.9997687
2018-10-29 07:15:00,2.84,2.8466513,1.9999628,2.93056,0.0,0.0,49.39,7.9997687
2018-10-29 07:30:00,2.92,2.9227607,1.9999628,2.9444475,0.0,0.03303665,51.81,7.9997687
2018-10-29 07:45:00,4.0,4.030238,1.9999628,4.2158,0.0,0.024445735,54.27,7.9997687
2018-10-29 08:00:00,3.89,3.8410666,1.9999628,3.8853724,0.0,0.0,57.19,7.9997687
2018-10-29 08:15:00,23.72,7.895467,1.9999628,13.836965,0.01,0.0,75.8,7.9997687
2018-10-29 08:30:00,68.29,7.9791503,1.9999628,13.97382,0.03,0.026698226,77.88,7.9997687
2018-10-29 08:45:00,57.96,7.991104,1.9999628,13.962819,0.03,0.0,81.78,7.9997687
2018-10-29 09:00:00,67.82,7.992723,1.9999628,13.983518,0.03,0.025706975,94.84,7.9997687
2018-10-29 09:15:00,107.64,7.9933686,1.9999628,13.985379,0.05,0.0,95.0,7.9997687
2018-10-29 09:30:00,101.23,7.9933686,1.9999628,13.985631,0.05,0.0,90.94,7.9997687
2018-10-29 09:45:00,112.0,7.9933686,1.9999628,13.985631,0.05,0.107686095,94.61,7.9997687
2018-10-29 10:00:00,93.74,7.9933686,1.9999628,13.985631,0.04,0.0,95.14,7.9997687
2018-10-29 10:15:00,94.93,7.9933686,1.9999628,13.985631,0.04,0.059687074,92.92,7.9997687
2018-10-29 10:30:00,113.51,7.9933686,1.9999628,13.985631,0.05,0.10160752,93.15,7.9997687
2018-10-29 10:45:00,78.44,7.9933686,1.9999628,13.98467,0.04,0.036954816,95.3,7.9997687
2018-10-29 11:00:00,111.2,7.9933686,1.9999628,13.985631,0.05,0.016743613,94.88,7.9997687
2018-10-29 11:15:00,90.83,7.9933686,1.9999628,13.985631,0.04,0.043928023,94.32,7.9997687
2018-10-29 11:30:00,107.93,7.9933686,1.9999628,13.985631,0.05,0.0,94.92,7.9997687
2018-10-29 11:45:00,88.42,7.9933686,1.9999628,13.985631,0.04,0.0,94.87,7.9997687
2018-10-29 12:00:00,87.3,7.9933805,1.9999628,13.984885,0.04,0.05224852,95.3,7.9997687
2018-10-29 12:15:00,5.33,5.288142,1.9999628,5.3843546,0.0,0.0,100.0,7.9997687
2018-10-29 12:30:00,6.01,5.924674,1.9999628,6.063035,0.0,0.0,100.0,7.9997687
2018-10-29 12:45:00,6.01,5.756412,1.9999628,5.705344,0.0,0.0,100.0,7.9997687
2018-10-29 13:00:00,5.29,5.271454,1.9999628,5.1997213,0.0,0.020115048,100.0,7.9997687
2018-10-29 13:15:00,61.56,7.9496045,1.9999628,13.925353,0.03,0.0,94.1,7.9997687
2018-10-29 13:30:00,89.46,7.993253,1.9999628,13.984307,0.04,0.016896056,93.56,7.9997687
2018-10-29 13:45:00,101.48,7.9933677,1.9999628,13.985349,0.05,0.0,95.02,7.9997687
2018-10-29 14:00:00,87.98,7.9895954,1.9999628,13.985349,0.04,0.0,94.5,7.9997687
2018-10-29 14:15:00,118.15,7.9933686,1.9999628,13.985631,0.05,0.04248375,93.02,7.9997687
2018-10-29 14:30:00,83.16,7.9933686,1.9999628,13.98467,0.04,0.0,95.05,7.9997687
2018-10-29 14:45:00,77.33,7.9933686,1.9999628,13.985631,0.04,0.0,94.34,7.9997687
2018-10-29 15:00:00,83.48,7.9933686,1.9999628,13.985631,0.04,0.05718345,90.23,7.9997687
2018-10-29 15:15:00,109.15,7.9933686,1.9999628,13.985631,0.05,0.083455324,91.95,7.9997687
2018-10-29 15:30:00,88.96,7.9933686,1.9999628,13.985631,0.04,0.06142071,92.1,7.9997687
2018-10-29 15:45:00,111.31,7.9933686,1.9999628,13.985631,0.05,0.03761532,91.77,7.9997687
2018-10-29 16:00:00,115.24,7.9933686,1.9999628,13.985631,0.05,0.039445013,91.41,7.9997687
2018-10-29 16:15:00,73.76,7.9933686,1.9999628,13.98467,0.03,0.0,92.42,7.9997687
2018-10-29 16:30:00,134.6,7.9933686,1.9999628,13.985631,0.06,0.11175777,89.72,7.9997687
2018-10-29 16:45:00,101.27,7.9933686,1.9999628,13.98467,0.05,0.0,90.5,7.9997687
2018-10-29 17:00:00,75.06,7.9933686,1.9999628,13.98467,0.03,0.058837198,85.93,7.9997687
2018-10-29 17:15:00,55.58,7.9933686,1.9999628,13.985631,0.03,0.0,90.18,7.9997687
2018-10-29 17:30:00,59.94,7.9933686,1.9999628,13.985631,0.03,0.0,91.01,7.9997687
2018-10-29 17:45:00,31.39,7.9933686,1.9999628,13.98467,0.01,0.0,99.97,7.9997687
2018-10-29 18:00:00,30.64,7.9933686,1.9999628,13.985631,0.01,0.0,98.32,7.9997687
2018-10-29 18:15:00,47.38,7.9933686,1.9999628,13.985631,0.02,0.032431114,84.79,7.9997687
2018-10-29 18:30:00,59.18,7.9933686,1.9999628,13.985631,0.03,0.028281985,86.4,7.9997687
2018-10-29 18:45:00,72.43,7.9933686,1.9999628,13.985631,0.03,0.023711596,84.35,7.9997687
2018-10-29 19:00:00,49.72,7.9933686,1.9999628,13.98467,0.02,0.01351875,90.2,7.9997687
2018-10-29 19:15:00,47.77,7.9933686,1.9999628,13.985631,0.02,0.0,91.25,7.9997687
2018-10-29 19:30:00,54.86,7.9933686,1.9999628,13.985631,0.03,0.0024232108,89.7,7.9997687
2018-10-29 19:45:00,57.82,7.9933686,1.9999628,13.985631,0.03,0.0031180214,89.4,7.9997687
2018-10-29 20:00:00,52.02,7.9933686,1.9999628,13.985631,0.02,0.014517351,91.29,7.9997687
2018-10-29 20:15:00,61.02,7.9933686,1.9999628,13.985631,0.03,0.0,89.2,7.9997687
2018-10-29 20:30:00,57.42,7.9933686,1.9999628,13.985631,0.03,0.024344984,91.25,7.9997687
2018-10-29 20:45:00,48.82,7.9933686,1.9999628,13.985631,0.02,0.0,91.7,7.9997687
2018-10-29 21:00:00,31.5,7.9933686,1.9999628,13.985631,0.01,0.0,99.26,7.9997687
2018-10-29 21:15:00,22.75,7.983482,1.9999628,13.92417,0.01,0.043291353,99.96,7.9997687
2018-10-29 21:30:00,4.03,3.9246242,1.9999628,4.3041916,0.0,0.0,100.0,7.9997687
2018-10-29 21:45:00,4.0,4.0656104,1.9999628,3.9774332,0.0,0.0,100.0,7.9997687
2018-10-29 22:00:00,4.0,4.0392957,1.9999628,3.9440973,0.0,0.007719154,100.0,7.9997687
2018-10-29 22:15:00,3.64,3.7236624,1.9999628,4.0215263,0.0,0.0,52.7,7.9997687
2018-10-29 22:30:00,3.6,3.60054,1.9999628,3.6643736,0.0,0.0,53.27,7.9997687
2018-10-29 22:45:00,3.89,3.957699,1.9999628,3.9764814,0.0,0.0073023345,56.71,7.9997687
2018-10-29 23:00:00,4.68,4.640079,1.9999628,4.7080946,0.0,0.0,64.74,7.9997687
2018-10-29 23:15:00,4.46,4.416335,1.9999628,4.427,0.0,0.0,65.25,7.9997687
2018-10-29 23:30:00,3.64,3.68786,1.9999628,3.7257266,0.0,0.013777823,50.03,7.9997687
2018-10-29 23:45:00,3.67,3.6725578,1.9999628,3.708299,0.0,0.0,49.69,7.9997687
2018-10-30 00:00:00,3.67,3.5379014,1.9999628,3.7345152,0.0,0.0,49.69,7.9997687
2018-10-30 00:15:00,3.6,3.594297,1.9999628,3.7253458,0.0,0.010691296,48.79,7.9997687
2018-10-30 00:30:00,3.67,3.6621056,1.9999628,3.7409906,0.0,0.019848827,46.7,7.9997687
2018-10-30 00:45:00,3.71,3.7154026,1.9999628,3.7499793,0.0,0.013235405,47.46,7.9997687
2018-10-30 01:00:00,3.67,3.6788387,1.9999628,3.7199495,0.0,0.028174382,48.26,7.9997687
2018-10-30 01:15:00,3.64,3.6405115,1.9999628,3.724042,0.0,0.024830637,46.98,7.9997687
2018-10-30 01:30:00,3.67,3.6632967,1.9999628,3.7244334,0.0,0.015583398,47.07,7.9997687
2018-10-30 01:45:00,3.71,3.7138448,1.9999628,3.7562115,0.0,0.021089565,46.16,7.9997687
2018-10-30 02:00:00,3.71,3.7041087,1.9999628,3.7641199,0.0,0.022448415,48.28,7.9997687
2018-10-30 02:15:00,3.67,3.6558533,1.9999628,3.7171848,0.0,0.03690309,45.97,7.9997687
2018-10-30 02:30:00,3.6,3.592609,1.9999628,3.7070646,0.0,0.04714006,50.03,7.9997687
2018-10-30 02:45:00,3.6,3.614459,1.9999628,3.6958568,0.0,0.03295824,53.0,7.9997687
2018-10-30 03:00:00,3.2,3.2010608,1.9999628,3.2723467,0.0,0.053093456,55.55,7.9997687
2018-10-30 03:15:00,2.99,2.9739232,1.9999628,3.059441,0.0,0.038564198,56.91,7.9997687
2018-10-30 03:30:00,2.88,2.8926368,1.9999628,2.9486244,0.0,0.0,58.14,7.9997687
2018-10-30 03:45:00,2.88,2.876964,1.9999628,2.8779674,0.0,0.009312698,57.11,7.9997687
2018-10-30 04:00:00,2.92,2.9163556,1.9999628,2.9289944,0.0,0.008731801,58.67,7.9997687
2018-10-30 04:15:00,2.88,2.8793645,1.9999628,2.8850079,0.0,0.01731624,57.76,7.9997687
2018-10-30 04:30:00,3.2,3.2051544,1.9999628,3.2558496,0.0,0.049868263,55.87,7.9997687
2018-10-30 04:45:00,3.56,3.5945554,1.9999628,3.565154,0.0,0.04897747,53.79,7.9997687
2018-10-30 05:00:00,2.95,2.9512157,1.9999628,2.986462,0.0,0.0007803362,59.07,7.9997687
2018-10-30 05:15:00,2.84,2.8106914,1.9999628,2.860316,0.0,0.041631453,59.36,7.9997687
2018-10-30 05:30:00,2.84,2.8555923,1.9999628,2.86142,0.0,0.007696602,60.07,7.9997687
2018-10-30 05:45:00,2.88,2.8802724,1.9999628,2.8900995,0.0,0.0,59.9,7.9997687
2018-10-30 06:00:00,2.88,2.8933377,1.9999628,2.888963,0.0,0.018014453,61.32,7.9997687
2018-10-30 06:15:00,2.81,2.7878833,1.9999628,2.8033319,0.0,0.04238198,60.38,7.9997687
2018-10-30 06:30:00,2.81,2.800889,1.9999628,2.818597,0.0,0.025670977,60.79,7.9997687
2018-10-30 06:45:00,2.84,2.847983,1.9999628,2.853604,0.0,0.0,56.94,7.9997687
2018-10-30 07:00:00,2.92,2.9063888,1.9999628,2.9228842,0.0,0.0,53.26,7.9997687
2018-10-30 07:15:00,3.53,3.5519052,1.9999628,3.5117059,0.0,0.0,50.21,7.9997687
2018-10-30 07:30:00,3.78,3.7798305,1.9999628,3.845323,0.0,0.0077512837,55.61,7.9997687
2018-10-30 07:45:00,4.5,4.508554,1.9999628,4.6817317,0.0,0.030911602,63.53,7.9997687
2018-10-30 08:00:00,5.15,5.0894156,1.9999628,4.9933324,0.0,0.037727907,73.72,7.9997687
2018-10-30 08:15:00,26.35,7.9432306,1.9999628,13.884115,0.01,0.011335242,76.98,7.9997687
2018-10-30 08:30:00,66.46,7.9913774,1.9999628,13.9823475,0.03,0.013432643,75.79,7.9997687
2018-10-30 08:45:00,54.22,7.99298,1.9999628,13.985349,0.02,0.008929058,78.94,7.9997687
2018-10-30 09:00:00,75.49,7.9933677,1.9999628,13.985349,0.03,0.0,85.84,7.9997687
2018-10-30 09:15:00,68.36,7.9933686,1.9999628,13.985631,0.03,0.053165983,88.58,7.9997687
2018-10-30 09:30:00,63.25,7.9933686,1.9999628,13.985631,0.03,0.0,88.3,7.9997687
2018-10-30 09:45:00,66.02,7.9933686,1.9999628,13.985631,0.03,0.026837315,87.67,7.9997687
2018-10-30 10:00:00,59.76,7.9933686,1.9999628,13.985631,0.03,0.01752159,88.79,7.9997687
2018-10-30 10:15:00,55.55,7.9933686,1.9999628,13.985631,0.03,0.008345298,90.31,7.9997687
2018-10-30 10:30:00,74.3,7.9933686,1.9999628,13.985631,0.03,0.02982817,86.08,7.9997687
2018-10-30 10:45:00,64.51,7.9933686,1.9999628,13.985631,0.03,0.013475826,87.59,7.9997687
2018-10-30 11:00:00,65.77,7.9933686,1.9999628,13.985631,0.03,0.056889664,86.52,7.9997687
2018-10-30 11:15:00,61.31,7.9933686,1.9999628,13.985631,0.03,0.020171473,87.7,7.9997687
2018-10-30 11:30:00,69.91,7.9933686,1.9999628,13.985631,0.03,0.03271265,86.47,7.9997687
2018-10-30 11:45:00,61.16,7.9933686,1.9999628,13.985631,0.03,0.010705424,86.88,7.9997687
2018-10-30 12:00:00,48.74,7.9933805,1.9999628,13.984885,0.02,0.021245519,92.53,7.9997687
2018-10-30 12:15:00,4.97,4.7850957,1.9999628,5.0405436,0.0,0.0066943318,100.0,7.9997687
2018-10-30 12:30:00,4.93,4.942175,1.9999628,4.774858,0.0,0.009391379,100.0,7.9997687
2018-10-30 12:45:00,4.61,4.6652684,1.9999628,4.6280727,0.0,0.029602217,100.0,7.9997687
2018-10-30 13:00:00,5.62,5.5533066,1.9999628,5.694048,0.0,0.0,100.0,7.9997687
2018-10-30 13:15:00,34.31,7.932625,1.9999628,13.912178,0.02,0.031151721,93.67,7.9997687
2018-10-30 13:30:00,65.09,7.993253,1.9999628,13.984325,0.03,0.013730371,87.26,7.9997687
2018-10-30 13:45:00,57.46,7.9895954,1.9999628,13.985349,0.03,0.0,88.52,7.9997687
2018-10-30 14:00:00,63.5,7.9933677,1.9999628,13.985349,0.03,0.0013780552,86.36,7.9997687
2018-10-30 14:15:00,65.02,7.9933686,1.9999628,13.985631,0.03,0.066632375,86.68,7.9997687
2018-10-30 14:30:00,61.63,7.9933686,1.9999628,13.985631,0.03,0.0,86.68,7.9997687
2018-10-30 14:45:00,59.08,7.9933686,1.9999628,13.985631,0.03,0.008448972,87.68,7.9997687
2018-10-30 15:00:00,59.76,7.9933686,1.9999628,13.985631,0.03,0.0,89.98,7.9997687
2018-10-30 15:15:00,54.4,7.9933686,1.9999628,13.985631,0.02,0.0,91.37,7.9997687
2018-10-30 15:30:00,57.78,7.9933686,1.9999628,13.985631,0.03,0.020811873,87.6,7.9997687
2018-10-30 15:45:00,59.9,7.9933686,1.9999628,13.985631,0.03,0.028819697,86.08,7.9997687
2018-10-30 16:00:00,54.97,7.9933686,1.9999628,13.985631,0.03,0.032116193,86.84,7.9997687
2018-10-30 16:15:00,70.16,7.9933686,1.9999628,13.985631,0.03,0.0,87.37,7.9997687
2018-10-30 16:30:00,68.98,7.9933686,1.9999628,13.985631,0.03,0.06395177,88.84,7.9997687
2018-10-30 16:45:00,57.85,7.9933686,1.9999628,13.985631,0.03,0.0,89.19,7.9997687
2018-10-30 17:00:00,46.3,7.9933686,1.9999628,13.985631,0.02,0.010686495,93.13,7.9997687
2018-10-30 17:15:00,61.52,7.9933686,1.9999628,13.985631,0.03,0.0034393717,92.25,7.9997687
2018-10-30 17:30:00,41.8,7.9933686,1.9999628,13.985631,0.02,0.0,97.37,7.9997687
2018-10-30 17:45:00,30.1,7.9933686,1.9999628,13.985631,0.01,0.0,99.99,7.9997687
2018-10-30 18:00:00,30.89,7.9933686,1.9999628,13.985631,0.01,0.0,98.94,7.9997687
2018-10-30 18:15:00,36.29,7.9933686,1.9999628,13.985631,0.02,0.0,92.15,7.9997687
2018-10-30 18:30:00,45.14,7.9933686,1.9999628,13.985631,0.02,0.019604394,89.64,7.9997687
2018-10-30 18:45:00,67.61,7.9933686,1.9999628,13.985631,0.03,0.0,89.02,7.9997687
2018-10-30 19:00:00,55.66,7.9933686,1.9999628,13.985631,0.03,0.047156423,93.06,7.9997687
2018-10-30 19:15:00,52.27,7.9933686,1.9999628,13.985631,0.02,0.0,91.34,7.9997687
2018-10-30 19:30:00,52.6,7.9933686,1.9999628,13.985631,0.02,0.062215127,90.06,7.9997687
2018-10-30 19:45:00,59.36,7.9933686,1.9999628,13.985631,0.03,0.0,91.46,7.9997687
2018-10-30 20:00:00,59.08,7.9933686,1.9999628,13.985631,0.03,0.04696089,92.72,7.9997687
2018-10-30 20:15:00,51.16,7.9933686,1.9999628,13.985631,0.02,0.004562751,91.56,7.9997687
2018-10-30 20:30:00,113.98,7.9933686,1.9999628,13.985631,0.05,0.011267898,87.87,7.9997687
2018-10-30 20:45:00,110.09,7.9933686,1.9999628,13.985631,0.05,0.055213943,90.87,7.9997687
2018-10-30 21:00:00,63.4,7.9933686,1.9999628,13.9829645,0.03,0.015978156,94.02,7.9997687
2018-10-30 21:15:00,4.64,4.689043,1.9999628,4.823858,0.0,0.015571868,100.0,7.9997687
2018-10-30 21:30:00,4.43,4.4963584,1.9999628,4.3615026,0.0,0.055758473,100.0,7.9997687
2018-10-30 21:45:00,4.03,4.0212884,1.9999628,4.1094117,0.0,0.026213475,100.0,7.9997687
2018-10-30 22:00:00,4.07,4.1077194,1.9999628,4.116875,0.0,0.018532205,100.0,7.9997687
2018-10-30 22:15:00,3.85,3.8957777,1.9999628,3.921295,0.0,0.0038252308,49.82,7.9997687
2018-10-30 22:30:00,3.82,3.79007,1.9999628,3.8901725,0.0,0.0,47.23,7.9997687
2018-10-30 22:45:00,4.0,4.0014143,1.9999628,3.9392188,0.0,0.012102374,55.41,7.9997687
2018-10-30 23:00:00,4.54,4.5451427,1.9999628,4.451202,0.0,0.0043218243,64.84,7.9997687
2018-10-30 23:15:00,3.56,3.5468218,1.9999628,3.8584473,0.0,0.0012560679,55.33,7.9997687
2018-10-30 23:30:00,3.71,3.7680817,1.9999628,3.8783803,0.0,0.0,52.28,7.9997687
2018-10-30 23:45:00,3.56,3.5553694,1.9999628,3.6280828,0.0,0.0,49.86,7.9997687
2018-10-31 00:00:00,3.85,3.8744926,1.9999628,3.9437528,0.0,0.0021632677,58.84,7.9997687
2018-10-31 00:15:00,3.64,3.6229706,1.9999628,3.681264,0.0,0.0,51.37,7.9997687
2018-10-31 00:30:00,3.6,3.5986004,1.9999628,3.6425939,0.0,0.0,54.7,7.9997687
2018-10-31 00:45:00,3.67,3.6535997,1.9999628,3.681907,0.0,0.0,53.47,7.9997687
2018-10-31 01:00:00,3.56,3.525519,1.9999628,3.6192749,0.0,0.012132815,53.04,7.9997687
2018-10-31 01:15:00,3.6,3.584547,1.9999628,3.6027927,0.0,0.012200642,53.94,7.9997687
2018-10-31 01:30:00,3.6,3.61445,1.9999628,3.6522322,0.0,0.01920883,52.54,7.9997687
2018-10-31 01:45:00,3.6,3.61445,1.9999628,3.6522322,0.0,0.01920883,53.0,7.9997687
2018-10-31 02:00:00,4.07,3.9767194,1.9999628,4.1272373,0.0,0.02318594,58.18,7.9997687
2018-10-31 02:15:00,4.72,4.691279,1.9999628,4.655849,0.0,0.0,62.47,7.9997687
2018-10-31 02:30:00,3.64,3.7255845,1.9999628,3.9651349,0.0,0.0,53.16,7.9997687
2018-10-31 02:45:00,3.6,3.586969,1.9999628,3.7130752,0.0,0.009725316,51.58,7.9997687
2018-10-31 03:00:00,3.6,3.6028566,1.9999628,3.630648,0.0,0.0,51.58,7.9997687
2018-10-31 03:15:00,3.64,3.6078515,1.9999628,3.6940422,0.0,0.0,52.51,7.9997687
2018-10-31 03:30:00,3.38,3.3133411,1.9999628,3.425213,0.0,0.009516275,52.08,7.9997687
2018-10-31 03:45:00,2.99,2.9536877,1.9999628,2.980305,0.0,0.01649024,56.91,7.9997687
2018-10-31 04:00:00,2.95,2.9775882,1.9999628,2.973248,0.0,0.00011506805,57.39,7.9997687
2018-10-31 04:15:00,2.95,2.9385848,1.9999628,2.9621627,0.0,0.005804015,57.39,7.9997687
2018-10-31 04:30:00,3.02,3.0388174,1.9999628,3.0300891,0.0,0.04889452,59.97,7.9997687
2018-10-31 04:45:00,2.95,2.9290504,1.9999628,2.9738603,0.0,0.03225396,58.69,7.9997687
2018-10-31 05:00:00,2.92,2.938407,1.9999628,2.9308095,0.0,0.011218617,60.43,7.9997687
2018-10-31 05:15:00,2.88,2.8919983,1.9999628,2.8793187,0.0,0.0,59.9,7.9997687
2018-10-31 05:30:00,2.92,2.9359775,1.9999628,2.92392,0.0,0.0,61.13,7.9997687
2018-10-31 05:45:00,3.38,3.3675494,1.9999628,3.4007645,0.0,0.0,58.22,7.9997687
2018-10-31 06:00:00,3.53,3.5204463,1.9999628,3.5746863,0.0,0.0,55.22,7.9997687
2018-10-31 06:15:00,2.88,2.843616,1.9999628,2.9316938,0.0,0.06686154,60.2,7.9997687
2018-10-31 06:30:00,2.84,2.816228,1.9999628,2.8921866,0.0,0.015545747,60.07,7.9997687
2018-10-31 06:45:00,2.84,2.8671727,1.9999628,2.871858,0.0,0.011134603,60.07,7.9997687
2018-10-31 07:00:00,3.42,3.4173017,1.9999628,3.4749804,0.0,0.0,58.11,7.9997687
2018-10-31 07:15:00,3.28,3.2827616,1.9999628,3.393167,0.0,0.028975345,59.51,7.9997687
2018-10-31 07:30:00,2.95,2.9761786,1.9999628,3.0557206,0.0,0.023734747,63.81,7.9997687
2018-10-31 07:45:00,4.39,4.487407,1.9999628,4.544136,0.0,0.030092765,57.85,7.9997687
2018-10-31 08:00:00,4.25,4.1691403,1.9999628,4.2888393,0.0,0.03560511,57.93,7.9997687
2018-10-31 08:15:00,27.79,7.929704,1.9999628,13.881146,0.01,0.0,78.86,7.9997687
2018-10-31 08:30:00,59.0,7.973951,1.9999628,13.97806,0.03,0.01713673,75.32,7.9997687
2018-10-31 08:45:00,115.56,7.99298,1.9999628,13.984054,0.05,0.07193906,84.76,7.9997687
2018-10-31 09:00:00,139.43,7.99298,1.9999628,13.984054,0.06,0.06879582,88.3,7.9997687
2018-10-31 09:15:00,105.88,7.9933686,1.9999628,13.98467,0.05,0.17164315,89.8,7.9997687
2018-10-31 09:30:00,64.87,7.9933686,1.9999628,13.98467,0.03,0.003858672,87.07,7.9997687
2018-10-31 09:45:00,86.98,7.9933686,1.9999628,13.985631,0.04,0.1322939,88.76,7.9997687
2018-10-31 10:00:00,124.85,7.9933686,1.9999628,13.985631,0.06,0.1306897,89.35,7.9997687
2018-10-31 10:15:00,89.21,7.9933686,1.9999628,13.98467,0.04,0.043573666,89.33,7.9997687
2018-10-31 10:30:00,77.4,7.9933686,1.9999628,13.985631,0.04,0.0,88.57,7.9997687
2018-10-31 10:45:00,71.71,7.9933686,1.9999628,13.985631,0.03,0.005502783,90.23,7.9997687
2018-10-31 11:00:00,111.31,7.9933686,1.9999628,13.985631,0.05,0.0657109,88.09,7.9997687
2018-10-31 11:15:00,117.47,7.9933686,1.9999628,13.985631,0.05,0.0,89.05,7.9997687
2018-10-31 11:30:00,103.5,7.9933686,1.9999628,13.985631,0.05,0.0,89.24,7.9997687
2018-10-31 11:45:00,69.37,7.9933686,1.9999628,13.98467,0.03,0.0,87.21,7.9997687
2018-10-31 12:00:00,97.34,7.9933805,1.9999628,13.984885,0.04,0.018990098,90.16,7.9997687
2018-10-31 12:15:00,7.02,6.505498,1.9999628,6.994961,0.0,0.0,100.0,7.9997687
2018-10-31 12:30:00,6.34,6.4206977,1.9999628,6.3087535,0.0,0.029344749,100.0,7.9997687
2018-10-31 12:45:00,5.98,6.046954,1.9999628,6.068708,0.0,0.0023494007,100.0,7.9997687
2018-10-31 13:00:00,6.01,5.8452177,1.9999628,5.862486,0.0,0.0055628824,100.0,7.9997687
2018-10-31 13:15:00,38.77,7.9486775,1.9999628,13.949142,0.02,0.050923932,92.75,7.9997687
2018-10-31 13:30:00,71.06,7.993253,1.9999628,13.984462,0.03,0.03718858,89.48,7.9997687
2018-10-31 13:45:00,87.3,7.9933677,1.9999628,13.985349,0.04,0.042924058,88.42,7.9997687
2018-10-31 14:00:00,96.37,7.9933677,1.9999628,13.985349,0.04,0.017412892,88.76,7.9997687
2018-10-31 14:15:00,112.25,7.9933686,1.9999628,13.985631,0.05,0.0,87.95,7.9997687
2018-10-31 14:30:00,97.09,7.9933686,1.9999628,13.985631,0.04,0.0,85.29,7.9997687
2018-10-31 14:45:00,48.56,7.9933686,1.9999628,13.9829645,0.02,0.02816625,91.7,7.9997687
2018-10-31 15:00:00,49.18,7.9933686,1.9999628,13.985631,0.02,0.0337103,90.58,7.9997687
2018-10-31 15:15:00,49.46,7.9933686,1.9999628,13.985631,0.02,0.01668789,88.07,7.9997687
2018-10-31 15:30:00,61.16,7.9933686,1.9999628,13.985631,0.03,0.017054958,84.75,7.9997687
2018-10-31 15:45:00,58.1,7.9933686,1.9999628,13.985631,0.03,0.037836786,84.25,7.9997687
2018-10-31 16:00:00,56.88,7.9933686,1.9999628,13.985631,0.03,0.019764459,85.55,7.9997687
2018-10-31 16:15:00,50.76,7.9933686,1.9999628,13.985631,0.02,0.00055603,88.39,7.9997687
2018-10-31 16:30:00,67.75,7.9933686,1.9999628,13.985631,0.03,0.038887408,88.31,7.9997687
2018-10-31 16:45:00,59.9,7.9933686,1.9999628,13.985631,0.03,0.025372699,89.01,7.9997687
2018-10-31 17:00:00,73.51,7.9933686,1.9999628,13.985631,0.03,0.019708844,88.15,7.9997687
2018-10-31 17:15:00,62.35,7.9933686,1.9999628,13.985631,0.03,0.025548331,88.61,7.9997687
2018-10-31 17:30:00,97.96,7.9933686,1.9999628,13.985631,0.04,0.0,92.1,7.9997687
2018-10-31 17:45:00,31.36,7.9933686,1.9999628,13.9829645,0.01,0.05355709,99.93,7.9997687
2018-10-31 18:00:00,31.72,7.9933686,1.9999628,13.985631,0.01,0.015729908,98.45,7.9997687
2018-10-31 18:15:00,46.76,7.9933686,1.9999628,13.985631,0.02,0.08951435,86.22,7.9997687
2018-10-31 18:30:00,50.33,7.9933686,1.9999628,13.985631,0.02,0.058638304,85.01,7.9997687
2018-10-31 18:45:00,113.58,7.9933686,1.9999628,13.985631,0.05,0.034840062,89.73,7.9997687
2018-10-31 19:00:00,97.24,7.9933686,1.9999628,13.985631,0.04,0.105537914,92.64,7.9997687
2018-10-31 19:15:00,96.48,7.9933686,1.9999628,13.985631,0.04,0.08611858,90.99,7.9997687
2018-10-31 19:30:00,119.23,7.9933686,1.9999628,13.985631,0.05,0.09307207,91.09,7.9997687
2018-10-31 19:45:00,101.77,7.9933686,1.9999628,13.985631,0.05,0.032047078,90.59,7.9997687
2018-10-31 20:00:00,103.86,7.9933686,1.9999628,13.985631,0.05,0.050517336,92.51,7.9997687
2018-10-31 20:15:00,91.66,7.9933686,1.9999628,13.985631,0.04,0.031114072,91.64,7.9997687
2018-10-31 20:30:00,82.33,7.9933686,1.9999628,13.985631,0.04,0.0,90.5,7.9997687
2018-10-31 20:45:00,82.76,7.9933686,1.9999628,13.985631,0.04,0.0061102356,97.08,7.9997687
2018-10-31 21:00:00,45.07,7.9933686,1.9999628,13.946881,0.02,0.042941995,99.18,7.9997687
2018-10-31 21:15:00,6.84,6.383959,1.9999628,6.92083,0.0,0.05067887,100.0,7.9997687
2018-10-31 21:30:00,4.43,4.502097,1.9999628,4.316781,0.0,0.0,100.0,7.9997687
2018-10-31 21:45:00,4.43,4.409892,1.9999628,4.3557315,0.0,0.017039916,100.0,7.9997687
2018-10-31 22:00:00,4.39,4.3800154,1.9999628,4.4122047,0.0,0.001555368,100.0,7.9997687
2018-10-31 22:15:00,4.18,4.2391887,1.9999628,4.3350344,0.0,0.0,52.93,7.9997687
2018-10-31 22:30:00,4.14,4.107727,1.9999628,4.185626,0.0,0.019384382,48.23,7.9997687
2018-10-31 22:45:00,4.07,4.054754,1.9999628,4.099663,0.0,0.0,48.09,7.9997687
2018-10-31 23:00:00,3.96,3.9976604,1.9999628,3.987048,0.0,0.0,51.34,7.9997687
2018-10-31 23:15:00,3.89,3.9423425,1.9999628,3.9233847,0.0,0.035313386,59.24,7.9997687
2018-10-31 23:30:00,3.89,3.8595333,1.9999628,3.8858464,0.0,0.0,61.64,7.9997687
2018-10-31 23:45:00,3.92,3.9178052,1.9999628,3.89204,0.0,0.0,59.54,7.9997687
2018-11-01 00:00:00,3.06,3.1416416,1.9999628,3.490654,0.0,0.0,50.28,7.9997687
2018-11-01 00:15:00,3.89,3.8434362,1.9999628,4.067972,0.0,1.4198129e-05,57.67,7.9997687
2018-11-01 00:30:00,3.96,3.8993044,1.9999628,3.8908098,0.0,0.0,56.65,7.9997687
2018-11-01 00:45:00,5.11,4.9828553,1.9999628,5.0738153,0.0,0.007894568,67.08,7.9997687
2018-11-01 01:00:00,4.72,4.7199016,1.9999628,4.7077584,0.0,0.0,63.38,7.9997687
2018-11-01 01:15:00,3.89,3.9534502,1.9999628,4.073914,0.0,0.0,55.5,7.9997687
2018-11-01 01:30:00,3.89,3.8818336,1.9999628,4.002118,0.0,0.004852274,57.19,7.9997687
2018-11-01 01:45:00,3.92,3.9528136,1.9999628,3.9960072,0.0,0.0,57.0,7.9997687
2018-11-01 02:00:00,3.96,3.9494634,1.9999628,4.0500455,0.0,0.0,55.47,7.9997687
2018-11-01 02:15:00,3.96,4.005106,1.9999628,3.9530344,0.0,0.0,55.93,7.9997687
2018-11-01 02:30:00,3.89,3.9255376,1.9999628,3.8833911,0.0,0.0,55.04,7.9997687
2018-11-01 02:45:00,3.92,3.944829,1.9999628,3.9346921,0.0,0.0,56.26,7.9997687
2018-11-01 03:00:00,3.89,3.9279485,1.9999628,3.9276338,0.0,0.0,56.44,7.9997687
2018-11-01 03:15:00,3.31,3.4181776,1.9999628,3.5618644,0.0,0.0,61.81,7.9997687
2018-11-01 03:30:00,3.28,3.3047023,1.9999628,3.2833235,0.0,0.025530038,62.47,7.9997687
2018-11-01 03:45:00,3.24,3.2291145,1.9999628,3.258292,0.0,0.020745054,62.28,7.9997687
2018-11-01 04:00:00,3.31,3.2878208,1.9999628,3.3320637,0.0,0.012475082,62.45,7.9997687
2018-11-01 04:15:00,3.24,3.2184882,1.9999628,3.2482173,0.0,0.009234557,62.0,7.9997687
2018-11-01 04:30:00,3.28,3.2764173,1.9999628,3.292641,0.0,0.0,63.12,7.9997687
2018-11-01 04:45:00,3.28,3.2824612,1.9999628,3.2982383,0.0,0.0,63.12,7.9997687
2018-11-01 05:00:00,3.31,3.306693,1.9999628,3.3224971,0.0,0.0,62.08,7.9997687
2018-11-01 05:15:00,4.0,3.938088,1.9999628,4.025302,0.0,0.0,57.78,7.9997687
2018-11-01 05:30:00,3.82,3.7352548,1.9999628,3.7647135,0.0,0.038387164,57.47,7.9997687
2018-11-01 05:45:00,3.53,3.523851,1.9999628,3.5393066,0.0,0.001372491,59.65,7.9997687
2018-11-01 06:00:00,3.96,3.9179745,1.9999628,3.9771416,0.0,0.020603722,57.87,7.9997687
2018-11-01 06:15:00,3.35,3.4784427,1.9999628,3.4524467,0.0,0.009887744,62.54,7.9997687
2018-11-01 06:30:00,3.17,3.1534114,1.9999628,3.1706808,0.0,0.0,63.17,7.9997687
2018-11-01 06:45:00,3.17,3.1716495,1.9999628,3.1842399,0.0,0.026792614,63.86,7.9997687
2018-11-01 07:00:00,3.17,3.170083,1.9999628,3.1947143,0.0,0.033555977,63.86,7.9997687
2018-11-01 07:15:00,3.17,3.1717243,1.9999628,3.1822724,0.0,0.0,66.09,7.9997687
2018-11-01 07:30:00,3.67,3.6404037,1.9999628,3.6825633,0.0,0.0,64.4,7.9997687
2018-11-01 07:45:00,4.5,4.531879,1.9999628,4.6076074,0.0,0.0,66.6,7.9997687
2018-11-01 08:00:00,4.79,4.762636,1.9999628,4.8374553,0.0,0.0,70.71,7.9997687
2018-11-01 08:15:00,47.27,7.9536524,1.9999628,13.839623,0.02,0.05505749,84.38,7.9997687
2018-11-01 08:30:00,106.49,7.987381,1.9999628,13.982202,0.05,0.014587462,83.73,7.9997687
2018-11-01 08:45:00,110.7,7.99298,1.9999628,13.985349,0.05,0.0,86.97,7.9997687
2018-11-01 09:00:00,71.1,7.9895954,1.9999628,13.985349,0.03,0.09823476,91.58,7.9997687
2018-11-01 09:15:00,64.84,7.9933686,1.9999628,13.985631,0.03,0.0,89.15,7.9997687
2018-11-01 09:30:00,52.06,7.9933686,1.9999628,13.985631,0.02,0.010513941,90.13,7.9997687
2018-11-01 09:45:00,53.71,7.9933686,1.9999628,13.985631,0.02,0.0923725,88.3,7.9997687
2018-11-01 10:00:00,65.92,7.9933686,1.9999628,13.985631,0.03,0.017624771,87.94,7.9997687
2018-11-01 10:15:00,58.43,7.9933686,1.9999628,13.985631,0.03,0.015221182,89.67,7.9997687
2018-11-01 10:30:00,56.52,7.9933686,1.9999628,13.985631,0.03,0.031804383,90.7,7.9997687
2018-11-01 10:45:00,77.87,7.9933686,1.9999628,13.985631,0.04,0.017329117,86.65,7.9997687
2018-11-01 11:00:00,104.18,7.9933686,1.9999628,13.985631,0.05,0.114449866,88.29,7.9997687
2018-11-01 11:15:00,84.82,7.9933686,1.9999628,13.985631,0.04,0.049854767,87.42,7.9997687
2018-11-01 11:30:00,102.6,7.9933686,1.9999628,13.985631,0.05,0.06489102,88.41,7.9997687
2018-11-01 11:45:00,114.66,7.9933686,1.9999628,13.985631,0.05,0.048185654,90.06,7.9997687
2018-11-01 12:00:00,89.42,7.9933805,1.9999628,13.975701,0.04,0.0,88.86,7.9997687
2018-11-01 12:15:00,6.26,6.208952,1.9999628,6.3508077,0.0,0.0,100.0,7.9997687
2018-11-01 12:30:00,6.44,6.155885,1.9999628,6.464264,0.0,0.017099947,100.0,7.9997687
2018-11-01 12:45:00,6.08,5.975704,1.9999628,6.1575313,0.0,0.024363624,100.0,7.9997687
2018-11-01 13:00:00,6.05,5.883514,1.9999628,6.022195,0.0,0.009088026,100.0,7.9997687
2018-11-01 13:15:00,49.64,7.9450736,1.9999628,13.893924,0.02,0.015703246,91.42,7.9997687
2018-11-01 13:30:00,110.66,7.993253,1.9999628,13.984462,0.05,0.07905401,87.79,7.9997687
2018-11-01 13:45:00,120.17,7.9933677,1.9999628,13.985349,0.06,0.06265073,88.03,7.9997687
2018-11-01 14:00:00,98.24,7.9895954,1.9999628,13.985349,0.05,0.0,85.21,7.9997687
2018-11-01 14:15:00,90.47,7.9933686,1.9999628,13.985631,0.04,0.0,90.06,7.9997687
2018-11-01 14:30:00,113.9,7.9933686,1.9999628,13.985631,0.05,0.058080714,90.37,7.9997687
2018-11-01 14:45:00,82.8,7.9933686,1.9999628,13.98467,0.04,0.034134425,86.94,7.9997687
2018-11-01 15:00:00,66.6,7.9933686,1.9999628,13.985631,0.03,0.058117438,84.48,7.9997687
2018-11-01 15:15:00,60.37,7.9933686,1.9999628,13.985631,0.03,0.0326552,85.82,7.9997687
2018-11-01 15:30:00,52.92,7.9933686,1.9999628,13.985631,0.02,0.0,89.32,7.9997687
2018-11-01 15:45:00,50.83,7.9933686,1.9999628,13.985631,0.02,0.06108787,88.93,7.9997687
2018-11-01 16:00:00,57.31,7.9933686,1.9999628,13.985631,0.03,0.034421846,86.37,7.9997687
2018-11-01 16:15:00,59.0,7.9933686,1.9999628,13.985631,0.03,0.0,86.81,7.9997687
2018-11-01 16:30:00,63.36,7.9933686,1.9999628,13.985631,0.03,0.012672781,85.51,7.9997687
2018-11-01 16:45:00,59.69,7.9933686,1.9999628,13.985631,0.03,0.0,88.22,7.9997687
2018-11-01 17:00:00,49.36,7.9933686,1.9999628,13.985631,0.02,0.022044457,93.02,7.9997687
2018-11-01 17:15:00,52.16,7.9933686,1.9999628,13.985631,0.02,0.0,91.31,7.9997687
2018-11-01 17:30:00,52.49,7.9933686,1.9999628,13.985631,0.02,0.06121803,91.38,7.9997687
2018-11-01 17:45:00,36.25,7.9933686,1.9999628,13.985631,0.02,0.017043704,99.1,7.9997687
2018-11-01 18:00:00,30.74,7.9933686,1.9999628,13.985631,0.01,0.0,98.91,7.9997687
2018-11-01 18:15:00,16.31,7.9924088,1.9999628,13.933113,0.01,0.0,96.46,7.9997687
2018-11-01 18:30:00,3.89,4.1695585,1.9999628,5.5425363,0.0,0.0,100.0,7.9997687
2018-11-01 18:45:00,3.82,3.7561796,1.9999628,3.8909478,0.0,0.0507222,100.0,7.9997687
2018-11-01 19:00:00,3.89,3.834491,1.9999628,3.9485078,0.0,0.0021843628,100.0,7.9997687
2018-11-01 19:15:00,3.85,3.8228247,1.9999628,3.8501165,0.0,0.034575433,100.0,7.9997687
2018-11-01 19:30:00,3.89,3.8933198,1.9999628,3.917089,0.0,0.019517757,100.0,7.9997687
2018-11-01 19:45:00,3.89,3.8971055,1.9999628,3.8883243,0.0,0.013555214,100.0,7.9997687
2018-11-01 20:00:00,3.85,3.8414118,1.9999628,3.8603137,0.0,0.0,100.0,7.9997687
2018-11-01 20:15:00,3.85,3.823206,1.9999628,3.8683367,0.0,0.0,100.0,7.9997687
2018-11-01 20:30:00,4.61,4.553304,1.9999628,4.6717305,0.0,0.0,100.0,7.9997687
2018-11-01 20:45:00,4.86,4.8246646,1.9999628,4.781293,0.0,0.007600648,100.0,7.9997687
2018-11-01 21:00:00,3.92,4.010487,1.9999628,4.038847,0.0,0.0048993174,100.0,7.9997687
2018-11-01 21:15:00,3.92,3.892458,1.9999628,3.9650571,0.0,0.013226311,100.0,7.9997687
2018-11-01 21:30:00,3.92,3.9226475,1.9999628,3.954612,0.0,0.009919575,100.0,7.9997687
2018-11-01 21:45:00,3.92,3.9026237,1.9999628,3.9822083,0.0,0.01713209,100.0,7.9997687
2018-11-01 22:00:00,3.92,3.9049287,1.9999628,3.8994436,0.0,0.0,100.0,7.9997687
2018-11-01 22:15:00,3.71,3.7491832,1.9999628,3.7088897,0.0,0.0,47.89,7.9997687
2018-11-01 22:30:00,3.74,3.766923,1.9999628,3.785523,0.0,0.0,45.4,7.9997687
2018-11-01 22:45:00,3.71,3.6932688,1.9999628,3.748445,0.0,0.0,44.06,7.9997687
2018-11-01 23:00:00,3.67,3.6576247,1.9999628,3.7204452,0.0,0.0,43.35,7.9997687
2018-11-01 23:15:00,3.6,3.583323,1.9999628,3.6631472,0.0,0.0,46.2,7.9997687
2018-11-01 23:30:00,3.64,3.624022,1.9999628,3.6618357,0.0,0.0,48.58,7.9997687
2018-11-01 23:45:00,3.71,3.6979136,1.9999628,3.702911,0.0,0.0043535195,48.28,7.9997687
2018-11-02 00:00:00,3.82,3.7397962,1.9999628,3.773516,0.0,0.0,51.85,7.9997687
2018-11-02 00:15:00,3.02,3.0244288,1.9999628,3.275719,0.0,0.0,50.08,7.9997687
2018-11-02 00:30:00,3.38,3.3599963,1.9999628,3.5640976,0.0,0.009674214,46.87,7.9997687
2018-11-02 00:45:00,3.74,3.733851,1.9999628,3.9040675,0.0,0.01962895,44.15,7.9997687
2018-11-02 01:00:00,3.28,3.283103,1.9999628,3.3433263,0.0,0.003445313,47.48,7.9997687
2018-11-02 01:15:00,3.1,3.0918899,1.9999628,3.1157916,0.0,0.0024190496,48.83,7.9997687
2018-11-02 01:30:00,3.1,3.0839424,1.9999628,3.0888104,0.0,0.02585408,49.51,7.9997687
2018-11-02 01:45:00,3.06,3.0419612,1.9999628,3.0720737,0.0,0.0027599637,48.55,7.9997687
2018-11-02 02:00:00,3.1,3.1157107,1.9999628,3.1111472,0.0,0.010322306,47.84,7.9997687
2018-11-02 02:15:00,3.13,3.114811,1.9999628,3.161576,0.0,0.03185131,47.3,7.9997687
2018-11-02 02:30:00,3.13,3.108461,1.9999628,3.112117,0.0,0.0136419665,48.2,7.9997687
2018-11-02 02:45:00,3.24,3.236742,1.9999628,3.2970617,0.0,0.0014746751,45.97,7.9997687
2018-11-02 03:00:00,3.74,3.6707187,1.9999628,3.8207145,0.0,0.013720033,43.19,7.9997687
2018-11-02 03:15:00,3.31,3.3232718,1.9999628,3.426749,0.0,0.0,47.15,7.9997687
2018-11-02 03:30:00,3.06,3.0228953,1.9999628,3.1210442,0.0,0.028493844,47.17,7.9997687
2018-11-02 03:45:00,3.13,3.117638,1.9999628,3.1565502,0.0,0.022362374,48.66,7.9997687
2018-11-02 04:00:00,3.13,3.1043673,1.9999628,3.1176958,0.0,0.010182241,48.92,7.9997687
2018-11-02 04:15:00,3.1,3.106616,1.9999628,3.0947273,0.0,0.0,47.84,7.9997687
2018-11-02 04:30:00,3.06,3.0627747,1.9999628,3.0627944,0.0,0.0066013224,49.3,7.9997687
2018-11-02 04:45:00,3.06,3.041236,1.9999628,3.0583105,0.0,0.0070413146,49.03,7.9997687
2018-11-02 05:00:00,3.2,3.223783,1.9999628,3.2704012,0.0,0.0,48.82,7.9997687
2018-11-02 05:15:00,3.71,3.7223473,1.9999628,3.7679608,0.0,0.029681886,44.91,7.9997687
2018-11-02 05:30:00,3.24,3.2769375,1.9999628,3.3029525,0.0,0.032851607,48.13,7.9997687
2018-11-02 05:45:00,3.06,3.023857,1.9999628,3.0726643,0.0,0.022937458,49.58,7.9997687
2018-11-02 06:00:00,3.06,3.0515652,1.9999628,3.0583045,0.0,0.010743364,50.07,7.9997687
2018-11-02 06:15:00,3.31,3.3028517,1.9999628,3.386984,0.0,0.01005107,49.37,7.9997687
2018-11-02 06:30:00,3.6,3.6303458,1.9999628,3.6738856,0.0,0.0,44.92,7.9997687
2018-11-02 06:45:00,3.17,3.1515384,1.9999628,3.190376,0.0,0.009361029,48.93,7.9997687
2018-11-02 07:00:00,2.99,2.9312744,1.9999628,3.0052505,0.0,0.003812902,50.21,7.9997687
2018-11-02 07:15:00,2.95,2.9325671,1.9999628,2.9801388,0.0,0.0,50.81,7.9997687
2018-11-02 07:30:00,3.28,3.2995396,1.9999628,3.3330717,0.0,0.029194571,52.2,7.9997687
2018-11-02 07:45:00,5.0,4.9989505,1.9999628,5.046774,0.0,0.0031554787,57.25,7.9997687
2018-11-02 08:00:00,5.15,5.217573,1.9999628,5.2420106,0.0,0.002090263,60.15,7.9997687
2018-11-02 08:15:00,24.37,7.9321666,1.9999628,13.841773,0.01,0.0,78.06,7.9997687
2018-11-02 08:30:00,44.53,7.9869246,1.9999628,13.981075,0.02,0.07102384,79.21,7.9997687
2018-11-02 08:45:00,51.37,7.9933677,1.9999628,13.985349,0.02,0.046063125,80.49,7.9997687
2018-11-02 09:00:00,54.65,7.9933677,1.9999628,13.985349,0.03,0.031493127,90.12,7.9997687
2018-11-02 09:15:00,64.44,7.9933686,1.9999628,13.985379,0.03,0.05223733,89.48,7.9997687
2018-11-02 09:30:00,66.28,7.9933686,1.9999628,13.985631,0.03,0.031645082,89.36,7.9997687
2018-11-02 09:45:00,63.54,7.9933686,1.9999628,13.985631,0.03,0.05161504,92.07,7.9997687
2018-11-02 10:00:00,59.0,7.9933686,1.9999628,13.985631,0.03,0.05020559,91.72,7.9997687
2018-11-02 10:15:00,53.32,7.9933686,1.9999628,13.985631,0.02,0.06826559,93.2,7.9997687
2018-11-02 10:30:00,56.77,7.9933686,1.9999628,13.985631,0.03,0.05625107,91.61,7.9997687
2018-11-02 10:45:00,60.26,7.9933686,1.9999628,13.985631,0.03,0.04656948,92.47,7.9997687
2018-11-02 11:00:00,62.06,7.9933686,1.9999628,13.985631,0.03,0.08342824,90.3,7.9997687
2018-11-02 11:15:00,63.58,7.9933686,1.9999628,13.985631,0.03,0.0466621,90.84,7.9997687
2018-11-02 11:30:00,62.53,7.9933686,1.9999628,13.985631,0.03,0.058505937,91.13,7.9997687
2018-11-02 11:45:00,66.06,7.9933686,1.9999628,13.985631,0.03,0.07982913,90.24,7.9997687
2018-11-02 12:00:00,52.6,7.9933805,1.9999628,13.984885,0.02,0.08579874,92.08,7.9997687
2018-11-02 12:15:00,7.88,7.300623,1.9999628,8.139897,0.0,0.0,100.0,7.9997687
2018-11-02 12:30:00,5.87,5.9874754,1.9999628,5.954466,0.0,0.0,100.0,7.9997687
2018-11-02 12:45:00,5.94,5.8202477,1.9999628,5.994085,0.0,0.0,100.0,7.9997687
2018-11-02 13:00:00,5.98,5.854762,1.9999628,6.0031314,0.0,0.0002709523,100.0,7.9997687
2018-11-02 13:15:00,44.68,7.9508452,1.9999628,13.899972,0.02,0.047077917,88.44,7.9997687
2018-11-02 13:30:00,57.13,7.993253,1.9999628,13.984462,0.03,0.08297871,85.54,7.9997687
2018-11-02 13:45:00,57.35,7.9933677,1.9999628,13.985349,0.03,0.03426339,86.33,7.9997687
2018-11-02 14:00:00,62.32,7.9933677,1.9999628,13.985349,0.03,0.04999325,85.65,7.9997687
2018-11-02 14:15:00,54.97,7.9933686,1.9999628,13.985631,0.03,0.058951713,87.66,7.9997687
2018-11-02 14:30:00,79.27,7.9933686,1.9999628,13.985631,0.04,0.056338668,83.95,7.9997687
2018-11-02 14:45:00,55.76,7.9933686,1.9999628,13.98467,0.03,0.0015155568,85.29,7.9997687
2018-11-02 15:00:00,62.75,7.9933686,1.9999628,13.985631,0.03,0.06155694,86.76,7.9997687
2018-11-02 15:15:00,68.76,7.9933686,1.9999628,13.985631,0.03,0.02825226,83.31,7.9997687
2018-11-02 15:30:00,58.68,7.9933686,1.9999628,13.985631,0.03,0.09876875,88.2,7.9997687
2018-11-02 15:45:00,65.81,7.9933686,1.9999628,13.985631,0.03,0.01789306,84.71,7.9997687
2018-11-02 16:00:00,82.98,7.9933686,1.9999628,13.985631,0.04,0.015536133,82.98,7.9997687
2018-11-02 16:15:00,61.63,7.9933686,1.9999628,13.98467,0.03,0.09309099,84.51,7.9997687
2018-11-02 16:30:00,63.54,7.9933686,1.9999628,13.985631,0.03,0.036215823,85.36,7.9997687
2018-11-02 16:45:00,60.23,7.9933686,1.9999628,13.985631,0.03,0.025113238,86.85,7.9997687
2018-11-02 17:00:00,53.53,7.9933686,1.9999628,13.985631,0.02,0.09299548,88.46,7.9997687
2018-11-02 17:15:00,68.0,7.9933686,1.9999628,13.985631,0.03,0.0,84.06,7.9997687
2018-11-02 17:30:00,72.72,7.9933686,1.9999628,13.985631,0.03,0.0,85.84,7.9997687
2018-11-02 17:45:00,31.72,7.9933686,1.9999628,13.98467,0.01,0.0,99.86,7.9997687
2018-11-02 18:00:00,30.02,7.9933686,1.9999628,13.985631,0.01,0.0,98.1,7.9997687
2018-11-02 18:15:00,47.66,7.9933686,1.9999628,13.985631,0.02,0.0034500642,80.17,7.9997687
2018-11-02 18:30:00,51.8,7.9933686,1.9999628,13.985631,0.02,0.0,78.81,7.9997687
2018-11-02 18:45:00,58.82,7.9933686,1.9999628,13.985631,0.03,0.0,85.03,7.9997687
2018-11-02 19:00:00,56.3,7.9933686,1.9999628,13.985631,0.03,0.016314812,86.0,7.9997687
2018-11-02 19:15:00,58.46,7.9933686,1.9999628,13.985631,0.03,0.014666867,84.73,7.9997687
2018-11-02 19:30:00,74.77,7.9933686,1.9999628,13.985631,0.03,0.011864575,84.36,7.9997687
2018-11-02 19:45:00,62.14,7.9933686,1.9999628,13.985631,0.03,0.0098230755,85.08,7.9997687
2018-11-02 20:00:00,76.93,7.9933686,1.9999628,13.985631,0.04,0.022243848,80.91,7.9997687
2018-11-02 20:15:00,79.13,7.9933686,1.9999628,13.985631,0.04,0.009983237,82.69,7.9997687
2018-11-02 20:30:00,72.0,7.9933686,1.9999628,13.985631,0.03,0.015452341,85.12,7.9997687
2018-11-02 20:45:00,64.08,7.9933686,1.9999628,13.985631,0.03,0.010650341,87.02,7.9997687
2018-11-02 21:00:00,48.02,7.9933686,1.9999628,13.985631,0.02,0.012153205,89.89,7.9997687
2018-11-02 21:15:00,6.23,6.3159466,1.9999628,6.71872,0.0,0.0,100.0,7.9997687
2018-11-02 21:30:00,4.25,4.1597576,1.9999628,4.322443,0.0,0.0,100.0,7.9997687
2018-11-02 21:45:00,4.18,4.172743,1.9999628,4.173007,0.0,0.034564003,100.0,7.9997687
2018-11-02 22:00:00,4.14,4.1498938,1.9999628,4.1848164,0.0,0.021953711,100.0,7.9997687
2018-11-02 22:15:00,3.92,3.9786325,1.9999628,4.031587,0.0,0.0,49.34,7.9997687
2018-11-02 22:30:00,3.92,3.8643115,1.9999628,3.9544735,0.0,0.018365487,45.7,7.9997687
2018-11-02 22:45:00,3.96,3.9149106,1.9999628,4.028054,0.0,0.010677536,46.21,7.9997687
2018-11-02 23:00:00,3.92,3.9000275,1.9999628,3.9227839,0.0,0.010416788,48.39,7.9997687
2018-11-02 23:15:00,3.85,3.8826828,1.9999628,3.8436046,0.0,0.0005041645,50.67,7.9997687
2018-11-02 23:30:00,3.82,3.827608,1.9999628,3.860332,0.0,0.015559884,52.52,7.9997687
2018-11-02 23:45:00,3.85,3.838912,1.9999628,3.861348,0.0,0.004809536,53.0,7.9997687
2018-11-03 00:00:00,2.88,2.996943,1.9999628,3.3516996,0.0,0.0,54.25,7.9997687
2018-11-03 00:15:00,4.93,5.2903247,1.9999628,5.463487,0.0,0.0,60.14,7.9997687
2018-11-03 00:30:00,4.43,4.2447624,1.9999628,4.2981167,0.0,0.0,56.02,7.9997687
2018-11-03 00:45:00,3.82,3.6943269,1.9999628,3.7272801,0.0,0.0,51.02,7.9997687
2018-11-03 01:00:00,3.82,3.7693095,1.9999628,3.9174218,0.0,0.0,49.98,7.9997687
2018-11-03 01:15:00,3.78,3.801382,1.9999628,3.8634741,0.0,0.0,50.39,7.9997687
2018-11-03 01:30:00,3.85,3.8621626,1.9999628,3.9481647,0.0,0.0,49.43,7.9997687
2018-11-03 01:45:00,3.82,3.8339748,1.9999628,3.9046435,0.0,0.0,50.38,7.9997687
2018-11-03 02:00:00,3.78,3.7857409,1.9999628,3.8457384,0.0,0.0,49.76,7.9997687
2018-11-03 02:15:00,3.82,3.811069,1.9999628,3.8824973,0.0,0.0,49.53,7.9997687
2018-11-03 02:30:00,3.82,3.7878323,1.9999628,3.9027967,0.0,0.0,49.36,7.9997687
2018-11-03 02:45:00,3.56,3.5354037,1.9999628,3.6490254,0.0,0.0144916065,53.31,7.9997687
2018-11-03 03:00:00,3.17,3.1735582,1.9999628,3.2535114,0.0,0.0,54.63,7.9997687
2018-11-03 03:15:00,3.2,3.186768,1.9999628,3.210104,0.0,0.0,54.45,7.9997687
2018-11-03 03:30:00,3.2,3.1789026,1.9999628,3.2039716,0.0,0.0,54.45,7.9997687
2018-11-03 03:45:00,3.2,3.1927247,1.9999628,3.2066,0.0,0.0,54.99,7.9997687
2018-11-03 04:00:00,3.28,3.2976737,1.9999628,3.3246522,0.0,0.0036066049,55.39,7.9997687
2018-11-03 04:15:00,3.31,3.3215437,1.9999628,3.3390534,0.0,0.0,54.37,7.9997687
2018-11-03 04:30:00,3.85,3.7982273,1.9999628,3.8022025,0.0,0.0,49.43,7.9997687
2018-11-03 04:45:00,3.46,3.50955,1.9999628,3.4841936,0.0,0.009627462,52.7,7.9997687
2018-11-03 05:00:00,3.17,3.1816401,1.9999628,3.1524878,0.0,0.0,55.51,7.9997687
2018-11-03 05:15:00,3.6,3.5837488,1.9999628,3.700505,0.0,0.0,53.47,7.9997687
2018-11-03 05:30:00,3.78,3.8181133,1.9999628,3.8362284,0.0,0.0,49.59,7.9997687
2018-11-03 05:45:00,3.24,3.2823772,1.9999628,3.2936442,0.0,0.0,54.38,7.9997687
2018-11-03 06:00:00,3.24,3.196432,1.9999628,3.2768986,0.0,0.012884297,53.77,7.9997687
2018-11-03 06:15:00,3.17,3.2015824,1.9999628,3.229187,0.0,0.0,54.95,7.9997687
2018-11-03 06:30:00,3.24,3.2487926,1.9999628,3.2606747,0.0,0.0018275254,54.38,7.9997687
2018-11-03 06:45:00,3.13,3.1266031,1.9999628,3.149227,0.0,0.035626367,52.23,7.9997687
2018-11-03 07:00:00,3.17,3.1681242,1.9999628,3.1696825,0.0,0.023074297,52.72,7.9997687
2018-11-03 07:15:00,3.24,3.253574,1.9999628,3.253864,0.0,0.0,53.03,7.9997687
2018-11-03 07:30:00,3.17,3.1875706,1.9999628,3.2457044,0.0,0.002859495,54.32,7.9997687
2018-11-03 07:45:00,3.31,3.3355656,1.9999628,3.4174876,0.0,0.0,55.98,7.9997687
2018-11-03 08:00:00,3.28,3.290021,1.9999628,3.3493934,0.0,0.0,55.63,7.9997687
2018-11-03 08:15:00,22.14,7.900129,1.9999628,13.822694,0.01,0.0,74.24,7.9997687
2018-11-03 08:30:00,41.04,7.955445,1.9999628,13.962019,0.02,0.0,77.19,7.9997687
2018-11-03 08:45:00,40.9,7.956571,1.9999628,13.964967,0.02,0.00021107733,84.36,7.9997687
2018-11-03 09:00:00,43.52,7.988506,1.9999628,13.983253,0.02,0.049525343,96.67,7.9997687
2018-11-03 09:15:00,40.07,7.9933686,1.9999628,13.985349,0.02,0.043408304,96.4,7.9997687
2018-11-03 09:30:00,38.12,7.9933686,1.9999628,13.985631,0.02,0.015855365,97.84,7.9997687
2018-11-03 09:45:00,57.24,7.9933686,1.9999628,13.985631,0.03,0.051775333,96.76,7.9997687
2018-11-03 10:00:00,73.87,7.9933686,1.9999628,13.985631,0.03,0.023466287,95.09,7.9997687
2018-11-03 10:15:00,92.41,7.9933686,1.9999628,13.985631,0.04,0.037770543,94.72,7.9997687
2018-11-03 10:30:00,88.88,7.9933686,1.9999628,13.985631,0.04,0.07301411,95.33,7.9997687
2018-11-03 10:45:00,68.62,7.9933686,1.9999628,13.985631,0.03,0.07470155,96.73,7.9997687
2018-11-03 11:00:00,92.59,7.9933686,1.9999628,13.985631,0.04,0.031358343,96.37,7.9997687
2018-11-03 11:15:00,71.39,7.9933686,1.9999628,13.98467,0.03,0.057991188,97.0,7.9997687
2018-11-03 11:30:00,92.02,7.9933686,1.9999628,13.985631,0.04,0.047596727,96.42,7.9997687
2018-11-03 11:45:00,74.92,7.9933686,1.9999628,13.985631,0.03,0.054318406,96.69,7.9997687
2018-11-03 12:00:00,59.18,7.9440064,1.9999628,13.850778,0.03,0.073617175,96.84,7.9997687
2018-11-03 12:15:00,3.85,4.2404943,1.9999628,4.993417,0.0,0.0,100.0,7.9997687
2018-11-03 12:30:00,3.6,3.5892055,1.9999628,3.885744,0.0,0.07862885,100.0,7.9997687
2018-11-03 12:45:00,3.6,3.6090271,1.9999628,3.7902083,0.0,0.02020098,100.0,7.9997687
2018-11-03 13:00:00,3.67,3.649874,1.9999628,3.799575,0.0,0.013919285,100.0,7.9997687
2018-11-03 13:15:00,26.46,7.410442,1.9999628,12.886712,0.01,0.0042856857,98.38,7.9997687
2018-11-03 13:30:00,91.55,7.9695535,1.9999628,13.9819145,0.04,0.11980982,96.57,7.9997687
2018-11-03 13:45:00,71.53,7.9217744,1.9999628,13.912784,0.03,0.064825736,97.15,7.9997687
2018-11-03 14:00:00,92.23,7.96969,1.9999628,13.983249,0.04,0.0,96.66,7.9997687
2018-11-03 14:15:00,61.27,7.9933686,1.9999628,13.98467,0.03,0.0,97.26,7.9997687
2018-11-03 14:30:00,32.54,7.9933686,1.9999628,13.98467,0.01,0.040003248,99.91,7.9997687
2018-11-03 14:45:00,32.18,7.9933686,1.9999628,13.985631,0.01,0.03830792,99.94,7.9997687
2018-11-03 15:00:00,32.04,7.9933686,1.9999628,13.985631,0.01,0.054776747,99.94,7.9997687
2018-11-03 15:15:00,29.59,7.9933686,1.9999628,13.985631,0.01,0.066189274,99.97,7.9997687
2018-11-03 15:30:00,30.35,7.9933686,1.9999628,13.985631,0.01,0.028069163,99.99,7.9997687
2018-11-03 15:45:00,30.96,7.9933686,1.9999628,13.985631,0.01,0.025852185,99.99,7.9997687
2018-11-03 16:00:00,30.2,7.9933686,1.9999628,13.985631,0.01,0.016876478,99.99,7.9997687
2018-11-03 16:15:00,30.38,7.9933686,1.9999628,13.985631,0.01,0.0,99.57,7.9997687
2018-11-03 16:30:00,29.34,7.9933686,1.9999628,13.985631,0.01,0.0,99.38,7.9997687
2018-11-03 16:45:00,28.15,7.9933686,1.9999628,13.985631,0.01,0.0,99.99,7.9997687
2018-11-03 17:00:00,26.14,7.9933686,1.9999628,13.964933,0.01,0.0,99.99,7.9997687
2018-11-03 17:15:00,5.29,5.5589457,1.9999628,6.0197234,0.0,0.0,100.0,7.9997687
2018-11-03 17:30:00,3.85,3.934302,1.9999628,4.274931,0.0,0.022865115,100.0,7.9997687
2018-11-03 17:45:00,3.89,3.8630645,1.9999628,3.9629953,0.0,0.0,100.0,7.9997687
2018-11-03 18:00:00,3.74,3.7350705,1.9999628,3.7730644,0.0,0.022573268,100.0,7.9997687
2018-11-03 18:15:00,4.03,4.092888,1.9999628,4.0809073,0.0,0.0,100.0,7.9997687
2018-11-03 18:30:00,4.82,4.8860784,1.9999628,4.8715887,0.0,0.0,100.0,7.9997687
2018-11-03 18:45:00,4.46,4.4813347,1.9999628,4.4520936,0.0,0.017916156,100.0,7.9997687
2018-11-03 19:00:00,3.71,3.6975667,1.9999628,3.8337677,0.0,0.00959644,100.0,7.9997687
2018-11-03 19:15:00,3.71,3.6946425,1.9999628,3.7704968,0.0,0.0,100.0,7.9997687
2018-11-03 19:30:00,3.67,3.656733,1.9999628,3.711215,0.0,0.0,100.0,7.9997687
2018-11-03 19:45:00,3.71,3.710143,1.9999628,3.719943,0.0,0.01986809,100.0,7.9997687
2018-11-03 20:00:00,3.74,3.7336655,1.9999628,3.767646,0.0,0.03975654,100.0,7.9997687
2018-11-03 20:15:00,3.74,3.6926384,1.9999628,3.7754571,0.0,0.028157711,100.0,7.9997687
2018-11-03 20:30:00,3.74,3.696868,1.9999628,3.7602313,0.0,0.029686457,100.0,7.9997687
2018-11-03 20:45:00,3.74,3.710223,1.9999628,3.7582064,0.0,0.02002864,100.0,7.9997687
2018-11-03 21:00:00,3.71,3.7110975,1.9999628,3.7153504,0.0,0.027923342,100.0,7.9997687
2018-11-03 21:15:00,3.78,3.7910962,1.9999628,3.7693179,0.0,0.03629511,100.0,7.9997687
2018-11-03 21:30:00,3.71,3.685537,1.9999628,3.6882937,0.0,0.01167677,100.0,7.9997687
2018-11-03 21:45:00,3.67,3.6673694,1.9999628,3.675585,0.0,0.026931474,100.0,7.9997687
2018-11-03 22:00:00,3.67,3.6727707,1.9999628,3.6873095,0.0,0.021889951,100.0,7.9997687
2018-11-03 22:15:00,3.42,3.4012263,1.9999628,3.4961202,0.0,0.0013350196,53.22,7.9997687
2018-11-03 22:30:00,3.49,3.4994385,1.9999628,3.5731273,0.0,0.014474224,53.3,7.9997687
2018-11-03 22:45:00,3.46,3.480744,1.9999628,3.49236,0.0,0.006560648,52.7,7.9997687
2018-11-03 23:00:00,3.89,3.8340566,1.9999628,3.9211638,0.0,0.008005154,57.95,7.9997687
2018-11-03 23:15:00,4.54,4.5352716,1.9999628,4.3775697,0.0,0.016450921,65.34,7.9997687
2018-11-03 23:30:00,3.85,3.8031502,1.9999628,3.8927069,0.0,0.00593233,53.25,7.9997687
2018-11-03 23:45:00,3.28,3.3412855,1.9999628,3.5253298,0.0,0.0033664326,52.41,7.9997687
2018-11-04 00:00:00,2.92,2.8331208,1.9999628,2.9689348,0.0,0.0,57.27,7.9997687
2018-11-04 00:15:00,2.88,2.9050136,1.9999628,2.9161553,0.0,0.028248971,53.32,7.9997687
2018-11-04 00:30:00,2.92,2.9229527,1.9999628,2.929692,0.0,0.01553359,51.19,7.9997687
2018-11-04 00:45:00,2.95,2.972336,1.9999628,2.9620013,0.0,0.0028589885,52.2,7.9997687
2018-11-04 01:00:00,2.92,2.9378068,1.9999628,2.9367747,0.0,0.0,51.19,7.9997687
2018-11-04 01:15:00,2.99,2.999772,1.9999628,3.0159514,0.0,0.0,51.55,7.9997687
2018-11-04 01:30:00,2.95,2.9565926,1.9999628,2.9428346,0.0,0.01869356,51.35,7.9997687
2018-11-04 01:45:00,2.95,2.9399216,1.9999628,2.9640737,0.0,0.0157213,50.22,7.9997687
2018-11-04 02:00:00,2.92,2.934165,1.9999628,2.9310856,0.0,0.0037936666,50.96,7.9997687
2018-11-04 02:15:00,3.13,3.1261263,1.9999628,3.169626,0.0,0.016174825,49.39,7.9997687
2018-11-04 02:30:00,3.67,3.6477077,1.9999628,3.6835556,0.0,0.018890928,46.33,7.9997687
2018-11-04 02:45:00,3.28,3.275953,1.9999628,3.2960103,0.0,0.0,48.78,7.9997687
2018-11-04 03:00:00,2.92,2.9159362,1.9999628,2.9552765,0.0,0.00708087,50.43,7.9997687
2018-11-04 03:15:00,2.95,2.954187,1.9999628,2.956368,0.0,0.0,49.7,7.9997687
2018-11-04 03:30:00,3.28,3.2933514,1.9999628,3.3333821,0.0,0.04048607,47.24,7.9997687
2018-11-04 03:45:00,3.64,3.672737,1.9999628,3.6294866,0.0,0.0,45.83,7.9997687
2018-11-04 04:00:00,3.31,3.298183,1.9999628,3.2635725,0.0,0.025575448,46.74,7.9997687
2018-11-04 04:15:00,2.95,2.9729555,1.9999628,2.9977977,0.0,0.0,50.51,7.9997687
2018-11-04 04:30:00,2.99,3.000774,1.9999628,3.0035756,0.0,0.035445925,49.99,7.9997687
2018-11-04 04:45:00,2.95,2.9604824,1.9999628,2.9472241,0.0,0.023703892,50.81,7.9997687
2018-11-04 05:00:00,2.99,2.9914143,1.9999628,3.0064948,0.0,0.0,51.86,7.9997687
2018-11-04 05:15:00,2.92,2.9279392,1.9999628,2.9429474,0.0,0.0,50.43,7.9997687
2018-11-04 05:30:00,2.95,2.9602456,1.9999628,2.9550877,0.0,0.0,51.04,7.9997687
2018-11-04 05:45:00,2.99,2.98836,1.9999628,3.003991,0.0,0.007278266,50.5,7.9997687
2018-11-04 06:00:00,2.99,2.9852858,1.9999628,2.99129,0.0,0.0,51.32,7.9997687
2018-11-04 06:15:00,2.92,2.9226387,1.9999628,2.9346201,0.0,0.0,50.66,7.9997687
2018-11-04 06:30:00,3.49,3.5428991,1.9999628,3.604094,0.0,0.0,45.45,7.9997687
2018-11-04 06:45:00,3.46,3.4391568,1.9999628,3.507625,0.0,0.011886919,44.77,7.9997687
2018-11-04 07:00:00,2.95,2.9695418,1.9999628,3.0474682,0.0,0.017026247,48.22,7.9997687
2018-11-04 07:15:00,2.95,2.957143,1.9999628,2.98611,0.0,0.030577026,47.67,7.9997687
2018-11-04 07:30:00,2.92,2.9625401,1.9999628,2.9258265,0.0,0.026682574,46.83,7.9997687
2018-11-04 07:45:00,3.13,3.1282775,1.9999628,3.1642435,0.0,0.0,48.92,7.9997687
2018-11-04 08:00:00,3.17,3.1673079,1.9999628,3.1907823,0.0,0.0,47.96,7.9997687
2018-11-04 08:15:00,26.53,7.876048,1.9999628,13.763166,0.01,0.031887885,73.59,7.9997687
2018-11-04 08:30:00,29.3,7.8711433,1.9999628,13.723669,0.01,0.06327723,71.05,7.9997687
2018-11-04 08:45:00,33.73,7.988506,1.9999628,13.9811735,0.02,0.0186026,82.41,7.9997687
2018-11-04 09:00:00,36.4,7.988506,1.9999628,13.983323,0.02,0.07151726,97.53,7.9997687
2018-11-04 09:15:00,40.93,7.9933686,1.9999628,13.985631,0.02,0.0,98.46,7.9997687
2018-11-04 09:30:00,47.88,7.9933686,1.9999628,13.985631,0.02,0.0,97.49,7.9997687
2018-11-04 09:45:00,83.12,7.9933686,1.9999628,13.985631,0.04,0.04732013,96.66,7.9997687
2018-11-04 10:00:00,69.34,7.9933686,1.9999628,13.985631,0.03,0.035443593,96.52,7.9997687
2018-11-04 10:15:00,60.05,7.9933686,1.9999628,13.985631,0.03,0.07329082,97.31,7.9997687
2018-11-04 10:30:00,86.69,7.9933686,1.9999628,13.985631,0.04,0.03188531,96.78,7.9997687
2018-11-04 10:45:00,91.73,7.9933686,1.9999628,13.985631,0.04,0.039370522,96.49,7.9997687
2018-11-04 11:00:00,75.17,7.9933686,1.9999628,13.985631,0.03,0.051638875,96.76,7.9997687
2018-11-04 11:15:00,93.31,7.9933686,1.9999628,13.985631,0.04,0.042875648,96.37,7.9997687
2018-11-04 11:30:00,63.79,7.9933686,1.9999628,13.98467,0.03,0.05528314,97.23,7.9997687
2018-11-04 11:45:00,93.31,7.9933686,1.9999628,13.985631,0.04,0.052156564,96.22,7.9997687
2018-11-04 12:00:00,61.34,7.9933805,1.9999628,13.975701,0.03,0.048116483,96.78,7.9997687
2018-11-04 12:15:00,6.01,6.1085114,1.9999628,7.3868637,0.0,0.09814418,99.99,7.9997687
2018-11-04 12:30:00,3.46,3.841262,1.9999628,4.6143856,0.0,0.0,100.0,7.9997687
2018-11-04 12:45:00,3.38,3.282214,1.9999628,3.66513,0.0,0.048175894,100.0,7.9997687
2018-11-04 13:00:00,3.35,3.289059,1.9999628,3.558959,0.0,0.041503675,100.0,7.9997687
2018-11-04 13:15:00,37.69,7.848867,1.9999628,13.588707,0.02,0.0,96.76,7.9997687
2018-11-04 13:30:00,92.05,7.9682503,1.9999628,13.98198,0.04,0.041386727,96.2,7.9997687
2018-11-04 13:45:00,66.96,7.896918,1.9999628,13.905967,0.03,0.106555335,96.93,7.9997687
2018-11-04 14:00:00,95.15,7.9682374,1.9999628,13.983253,0.04,0.012627274,96.31,7.9997687
2018-11-04 14:15:00,71.93,7.9933686,1.9999628,13.98467,0.03,0.04191974,96.76,7.9997687
2018-11-04 14:30:00,89.46,7.9933686,1.9999628,13.985631,0.04,0.07228648,96.39,7.9997687
2018-11-04 14:45:00,81.58,7.9933686,1.9999628,13.985631,0.04,0.05099731,96.5,7.9997687
2018-11-04 15:00:00,75.89,7.9933686,1.9999628,13.985631,0.03,0.08198003,96.5,7.9997687
2018-11-04 15:15:00,93.6,7.9933686,1.9999628,13.985631,0.04,0.03615494,96.28,7.9997687
2018-11-04 15:30:00,70.96,7.9933686,1.9999628,13.98467,0.03,0.07720564,96.73,7.9997687
2018-11-04 15:45:00,91.66,7.9933686,1.9999628,13.985631,0.04,0.062420264,96.4,7.9997687
2018-11-04 16:00:00,71.28,7.9933686,1.9999628,13.985631,0.03,0.10268727,97.03,7.9997687
2018-11-04 16:15:00,93.89,7.9933686,1.9999628,13.985631,0.04,0.11664397,96.35,7.9997687
2018-11-04 16:30:00,71.53,7.9933686,1.9999628,13.98467,0.03,0.09392085,96.95,7.9997687
2018-11-04 16:45:00,83.81,7.9933686,1.9999628,13.985631,0.04,0.1189451,96.57,7.9997687
2018-11-04 17:00:00,9.47,7.3896346,1.9999628,11.856326,0.0,0.025015071,99.99,7.9997687
2018-11-04 17:15:00,3.89,3.8958313,1.9999628,4.2590766,0.0,0.033054262,100.0,7.9997687
2018-11-04 17:30:00,3.89,3.8877242,1.9999628,3.8392649,0.0,0.0765381,100.0,7.9997687
2018-11-04 17:45:00,3.92,3.9497888,1.9999628,3.9343812,0.0,0.029264605,100.0,7.9997687
2018-11-04 18:00:00,4.72,4.602556,1.9999628,4.7891483,0.0,0.0,100.0,7.9997687
2018-11-04 18:15:00,4.39,4.500563,1.9999628,4.427481,0.0,0.026371444,100.0,7.9997687
2018-11-04 18:30:00,3.74,3.7766345,1.9999628,3.7976007,0.0,0.02826373,100.0,7.9997687
2018-11-04 18:45:00,3.78,3.779844,1.9999628,3.812866,0.0,0.026664939,100.0,7.9997687
2018-11-04 19:00:00,3.17,3.3553903,1.9999628,3.371932,0.0,0.0,100.0,7.9997687
2018-11-04 19:15:00,3.13,3.1214623,1.9999628,3.1440597,0.0,0.012635824,100.0,7.9997687
2018-11-04 19:30:00,3.13,3.137179,1.9999628,3.1578138,0.0,0.0,100.0,7.9997687
2018-11-04 19:45:00,3.17,3.1840148,1.9999628,3.1934483,0.0,0.0,100.0,7.9997687
2018-11-04 20:00:00,3.17,3.1798782,1.9999628,3.207249,0.0,0.017732816,100.0,7.9997687
2018-11-04 20:15:00,3.2,3.213212,1.9999628,3.218558,0.0,0.0,100.0,7.9997687
2018-11-04 20:30:00,3.13,3.1227202,1.9999628,3.1353521,0.0,0.0,100.0,7.9997687
2018-11-04 20:45:00,3.13,3.1269212,1.9999628,3.1260195,0.0,0.0,100.0,7.9997687
2018-11-04 21:00:00,3.13,3.1276364,1.9999628,3.127485,0.0,0.0,100.0,7.9997687
2018-11-04 21:15:00,3.13,3.123633,1.9999628,3.127485,0.0,0.0,100.0,7.9997687
2018-11-04 21:30:00,3.13,3.133501,1.9999628,3.1319413,0.0,0.062233515,100.0,7.9997687
2018-11-04 21:45:00,3.24,3.2311044,1.9999628,3.2991872,0.0,0.054734286,100.0,7.9997687
2018-11-04 22:00:00,3.82,3.7804346,1.9999628,3.801002,0.0,0.0,100.0,7.9997687
2018-11-04 22:15:00,3.1,3.0453486,1.9999628,3.199863,0.0,0.015662258,54.65,7.9997687
2018-11-04 22:30:00,2.95,2.9482913,1.9999628,3.022282,0.0,0.0,54.23,7.9997687
2018-11-04 22:45:00,3.46,3.3739138,1.9999628,3.6007109,0.0,0.0,49.22,7.9997687
2018-11-04 23:00:00,3.42,3.3417397,1.9999628,3.4207954,0.0,0.0,51.78,7.9997687
2018-11-04 23:15:00,2.92,2.903469,1.9999628,2.915891,0.0,0.04538778,57.27,7.9997687
2018-11-04 23:30:00,2.84,2.8318925,1.9999628,2.8470972,0.0,0.04113451,57.22,7.9997687
2018-11-04 23:45:00,2.92,2.8891215,1.9999628,2.9267375,0.0,0.0,58.29,7.9997687
2018-11-05 00:00:00,3.78,3.7224097,1.9999628,3.995466,0.0,0.0,46.13,7.9997687
2018-11-05 00:15:00,2.95,2.8934793,1.9999628,3.0878217,0.0,0.0,56.75,7.9997687
2018-11-05 00:30:00,2.95,2.9093952,1.9999628,3.010022,0.0,0.022516329,55.17,7.9997687
2018-11-05 00:45:00,3.53,3.4766068,1.9999628,3.6988678,0.0,0.0,48.88,7.9997687
2018-11-05 01:00:00,3.38,3.330401,1.9999628,3.3859584,0.0,0.005996214,51.34,7.9997687
2018-11-05 01:15:00,2.92,2.942748,1.9999628,2.955041,0.0,0.01241907,55.03,7.9997687
2018-11-05 01:30:00,2.95,2.9464922,1.9999628,2.9837017,0.0,0.0,55.43,7.9997687
2018-11-05 01:45:00,2.95,2.925877,1.9999628,2.9641569,0.0,0.0,56.04,7.9997687
2018-11-05 02:00:00,2.92,2.9342294,1.9999628,2.9302473,0.0,0.0074507007,54.78,7.9997687
2018-11-05 02:15:00,2.99,2.9898539,1.9999628,3.0093167,0.0,0.010495469,55.34,7.9997687
2018-11-05 02:30:00,2.95,2.9474068,1.9999628,2.9442542,0.0,0.025655758,54.23,7.9997687
2018-11-05 02:45:00,3.56,3.500526,1.9999628,3.5534084,0.0,0.025033366,48.79,7.9997687
2018-11-05 03:00:00,3.31,3.3204885,1.9999628,3.378356,0.0,0.0,53.04,7.9997687
2018-11-05 03:15:00,2.92,2.9416075,1.9999628,2.9775,0.0,0.0,54.09,7.9997687
2018-11-05 03:30:00,2.95,2.9409246,1.9999628,2.9837017,0.0,0.004317327,55.17,7.9997687
2018-11-05 03:45:00,2.92,2.9398427,1.9999628,2.9311688,0.0,0.0,54.78,7.9997687
2018-11-05 04:00:00,3.02,3.005,1.9999628,3.0185854,0.0,0.0067050327,55.39,7.9997687
2018-11-05 04:15:00,3.64,3.6466374,1.9999628,3.6430724,0.0,0.025936175,50.27,7.9997687
2018-11-05 04:30:00,3.35,3.3390794,1.9999628,3.3433924,0.0,0.0,50.74,7.9997687
2018-11-05 04:45:00,2.92,2.9733686,1.9999628,2.9562812,0.0,0.0028491907,56.0,7.9997687
2018-11-05 05:00:00,2.88,2.8554506,1.9999628,2.902707,0.0,0.0,56.74,7.9997687
2018-11-05 05:15:00,2.95,2.9378762,1.9999628,2.993854,0.0,0.0,57.39,7.9997687
2018-11-05 05:30:00,2.88,2.894534,1.9999628,2.8704772,0.0,0.017631907,57.11,7.9997687
2018-11-05 05:45:00,2.92,2.9209242,1.9999628,2.930711,0.0,0.0,58.96,7.9997687
2018-11-05 06:00:00,2.88,2.87632,1.9999628,2.8850079,0.0,0.0,58.43,7.9997687
2018-11-05 06:15:00,2.84,2.8134432,1.9999628,2.8728359,0.0,0.01319124,59.36,7.9997687
2018-11-05 06:30:00,2.92,2.9267998,1.9999628,2.9318736,0.0,0.021073494,58.67,7.9997687
2018-11-05 06:45:00,3.53,3.5385213,1.9999628,3.5560439,0.0,0.013359541,54.43,7.9997687
2018-11-05 07:00:00,3.31,3.3253984,1.9999628,3.4305613,0.0,0.0,55.2,7.9997687
2018-11-05 07:15:00,3.31,3.2677732,1.9999628,3.397795,0.0,0.0,62.82,7.9997687
2018-11-05 07:30:00,4.32,4.375604,1.9999628,4.410709,0.0,0.012911667,66.44,7.9997687
2018-11-05 07:45:00,5.22,5.13841,1.9999628,5.2232046,0.0,0.022541054,70.44,7.9997687
2018-11-05 08:00:00,5.22,5.199235,1.9999628,5.0628757,0.0,0.014468901,72.42,7.9997687
2018-11-05 08:15:00,37.69,7.9429517,1.9999628,13.896591,0.02,0.0,84.45,7.9997687
2018-11-05 08:30:00,94.86,7.9928665,1.9999628,13.983303,0.04,0.024694456,83.64,7.9997687
2018-11-05 08:45:00,59.47,7.9895954,1.9999628,13.985349,0.03,0.029966444,79.4,7.9997687
2018-11-05 09:00:00,78.62,7.9933677,1.9999628,13.985349,0.04,0.049779605,85.11,7.9997687
2018-11-05 09:15:00,82.26,7.9933686,1.9999628,13.985631,0.04,0.06479489,85.08,7.9997687
2018-11-05 09:30:00,73.48,7.9933686,1.9999628,13.985631,0.03,0.047333423,88.53,7.9997687
2018-11-05 09:45:00,65.66,7.9933686,1.9999628,13.985631,0.03,0.054867964,87.72,7.9997687
2018-11-05 10:00:00,83.23,7.9933686,1.9999628,13.985631,0.04,0.03214901,86.06,7.9997687
2018-11-05 10:15:00,61.56,7.9933686,1.9999628,13.98467,0.03,0.09132361,89.0,7.9997687
2018-11-05 10:30:00,63.0,7.9933686,1.9999628,13.985631,0.03,0.03471816,89.73,7.9997687
2018-11-05 10:45:00,61.96,7.9933686,1.9999628,13.985631,0.03,0.06184834,86.0,7.9997687
2018-11-05 11:00:00,64.3,7.9933686,1.9999628,13.985631,0.03,0.03638413,85.66,7.9997687
2018-11-05 11:15:00,68.94,7.9933686,1.9999628,13.985631,0.03,0.074748725,87.72,7.9997687
2018-11-05 11:30:00,66.1,7.9933686,1.9999628,13.985631,0.03,0.027179087,86.95,7.9997687
2018-11-05 11:45:00,73.8,7.9933686,1.9999628,13.985631,0.03,0.045778338,85.81,7.9997687
2018-11-05 12:00:00,55.94,7.9933805,1.9999628,13.984885,0.03,0.032218233,88.4,7.9997687
2018-11-05 12:15:00,6.16,6.093276,1.9999628,6.2199025,0.0,0.04926728,100.0,7.9997687
2018-11-05 12:30:00,6.62,6.2826223,1.9999628,6.646265,0.0,0.0,100.0,7.9997687
2018-11-05 12:45:00,6.88,6.476681,1.9999628,6.996662,0.0,0.0,100.0,7.9997687
2018-11-05 13:00:00,6.84,6.5124187,1.9999628,6.7498674,0.0,0.017886607,99.99,7.9997687
2018-11-05 13:15:00,48.31,7.9461536,1.9999628,13.946713,0.02,0.10199321,91.82,7.9997687
2018-11-05 13:30:00,68.87,7.993362,1.9999628,13.98462,0.03,0.121197,84.79,7.9997687
2018-11-05 13:45:00,69.26,7.9933677,1.9999628,13.985349,0.03,0.020786038,83.48,7.9997687
2018-11-05 14:00:00,59.72,7.9895954,1.9999628,13.985349,0.03,0.055217747,87.16,7.9997687
2018-11-05 14:15:00,52.74,7.9933686,1.9999628,13.985631,0.02,0.07202564,86.42,7.9997687
2018-11-05 14:30:00,68.47,7.9933686,1.9999628,13.985631,0.03,0.03347775,83.97,7.9997687
2018-11-05 14:45:00,45.68,7.9933686,1.9999628,13.98467,0.02,0.055513352,87.56,7.9997687
2018-11-05 15:00:00,46.4,7.9933686,1.9999628,13.985631,0.02,0.052481245,79.49,7.9997687
2018-11-05 15:15:00,64.15,7.9933686,1.9999628,13.985631,0.03,0.09405186,80.7,7.9997687
2018-11-05 15:30:00,73.44,7.9933686,1.9999628,13.985631,0.03,0.06289822,78.91,7.9997687
2018-11-05 15:45:00,53.14,7.9933686,1.9999628,13.985631,0.02,0.024592401,74.89,7.9997687
2018-11-05 16:00:00,55.58,7.9933686,1.9999628,13.985631,0.03,0.044026982,80.07,7.9997687
2018-11-05 16:15:00,59.26,7.9933686,1.9999628,13.985631,0.03,0.034839734,84.96,7.9997687
2018-11-05 16:30:00,67.43,7.9933686,1.9999628,13.985631,0.03,0.0,75.87,7.9997687
2018-11-05 16:45:00,54.65,7.9933686,1.9999628,13.985631,0.03,0.035179686,85.94,7.9997687
2018-11-05 17:00:00,51.7,7.9933686,1.9999628,13.985631,0.02,0.0068118027,88.23,7.9997687
2018-11-05 17:15:00,43.99,7.9933686,1.9999628,13.985631,0.02,0.06378671,89.73,7.9997687
2018-11-05 17:30:00,62.75,7.9933686,1.9999628,13.985631,0.03,0.08472829,88.77,7.9997687
2018-11-05 17:45:00,31.54,7.9933686,1.9999628,13.98467,0.01,0.027547091,99.96,7.9997687
2018-11-05 18:00:00,32.22,7.9933686,1.9999628,13.985631,0.01,0.014104558,98.27,7.9997687
2018-11-05 18:15:00,40.5,7.9933686,1.9999628,13.985631,0.02,0.008389314,85.88,7.9997687
2018-11-05 18:30:00,56.66,7.9933686,1.9999628,13.985631,0.03,0.026365355,82.67,7.9997687
2018-11-05 18:45:00,44.39,7.9933686,1.9999628,13.985631,0.02,0.052555446,89.89,7.9997687
2018-11-05 19:00:00,60.8,7.9933686,1.9999628,13.985631,0.03,0.013829777,87.02,7.9997687
2018-11-05 19:15:00,58.1,7.9933686,1.9999628,13.985631,0.03,0.033065274,86.57,7.9997687
2018-11-05 19:30:00,52.16,7.9933686,1.9999628,13.985631,0.02,0.035214163,87.88,7.9997687
2018-11-05 19:45:00,64.26,7.9933686,1.9999628,13.985631,0.03,0.0,84.15,7.9997687
2018-11-05 20:00:00,59.9,7.9933686,1.9999628,13.985631,0.03,0.0572707,85.53,7.9997687
2018-11-05 20:15:00,51.01,7.9933686,1.9999628,13.985631,0.02,0.021983122,89.63,7.9997687
2018-11-05 20:30:00,56.45,7.9933686,1.9999628,13.985631,0.03,0.041607376,87.44,7.9997687
2018-11-05 20:45:00,55.33,7.9933686,1.9999628,13.985631,0.03,0.04734939,78.82,7.9997687
2018-11-05 21:00:00,45.22,7.9933686,1.9999628,13.985631,0.02,0.04680315,87.61,7.9997687
2018-11-05 21:15:00,42.59,7.9933686,1.9999628,13.985631,0.02,0.03963035,90.57,7.9997687
2018-11-05 21:30:00,59.33,7.9933686,1.9999628,13.985631,0.03,0.015149984,94.08,7.9997687
2018-11-05 21:45:00,74.88,7.9933686,1.9999628,13.985631,0.03,0.020220432,93.9,7.9997687
2018-11-05 22:00:00,61.38,7.9822907,1.9999628,13.97619,0.03,0.013424606,93.53,7.9997687
2018-11-05 22:15:00,73.87,7.977045,1.9999628,13.97619,0.03,0.032380838,82.47,7.9997687
2018-11-05 22:30:00,24.44,7.96959,1.9999628,13.973523,0.01,0.0,69.31,7.9997687
2018-11-05 22:45:00,4.39,7.8095865,1.9999628,13.940391,0.0,0.0,50.92,7.9997687
2018-11-05 23:00:00,4.86,5.0471683,1.9999628,6.402825,0.0,0.030194711,51.97,7.9997687
2018-11-05 23:15:00,3.82,4.1498866,1.9999628,4.9949203,0.0,0.0,45.63,7.9997687
2018-11-05 23:30:00,3.78,3.8315725,1.9999628,4.194337,0.0,0.0,48.37,7.9997687
2018-11-05 23:45:00,3.74,3.745244,1.9999628,3.7434618,0.0,0.017254189,48.36,7.9997687
2018-11-06 00:00:00,3.49,3.4959066,1.9999628,3.5374482,0.0,0.0,50.66,7.9997687
2018-11-06 00:15:00,3.74,3.7129772,1.9999628,3.825004,0.0,0.0,45.9,7.9997687
2018-11-06 00:30:00,3.71,3.7290032,1.9999628,3.7567244,0.0,0.0031869859,46.36,7.9997687
2018-11-06 00:45:00,3.74,3.7401438,1.9999628,3.7495952,0.0,0.0040707733,46.1,7.9997687
2018-11-06 01:00:00,3.64,3.6479506,1.9999628,3.705845,0.0,0.01794944,44.92,7.9997687
2018-11-06 01:15:00,3.71,3.7007775,1.9999628,3.8057415,0.0,0.0,44.91,7.9997687
2018-11-06 01:30:00,3.71,3.7113037,1.9999628,3.7896287,0.0,0.0,44.91,7.9997687
2018-11-06 01:45:00,3.67,3.6549568,1.9999628,3.7358432,0.0,0.0,46.33,7.9997687
2018-11-06 02:00:00,3.71,3.7097225,1.9999628,3.7588613,0.0,0.0,46.16,7.9997687
2018-11-06 02:15:00,4.75,4.7422624,1.9999628,4.861893,0.0,0.012706032,51.43,7.9997687
2018-11-06 02:30:00,4.14,4.1756606,1.9999628,4.2714896,0.0,0.0011227783,48.72,7.9997687
2018-11-06 02:45:00,3.67,3.7103248,1.9999628,3.7653852,0.0,0.0,46.91,7.9997687
2018-11-06 03:00:00,3.64,3.652557,1.9999628,3.7784162,0.0,0.0,45.12,7.9997687
2018-11-06 03:15:00,3.71,3.7105012,1.9999628,3.732679,0.0,0.0,44.72,7.9997687
2018-11-06 03:30:00,3.38,3.356876,1.9999628,3.4605215,0.0,0.0,47.69,7.9997687
2018-11-06 03:45:00,3.13,3.0556087,1.9999628,3.1676013,0.0,0.0,49.39,7.9997687
2018-11-06 04:00:00,3.06,3.0493693,1.9999628,3.084048,0.0,0.0045007025,49.79,7.9997687
2018-11-06 04:15:00,3.1,3.1144676,1.9999628,3.1163998,0.0,0.0018645073,50.28,7.9997687
2018-11-06 04:30:00,3.06,3.0772953,1.9999628,3.064851,0.0,0.0,50.86,7.9997687
2018-11-06 04:45:00,3.1,3.1179347,1.9999628,3.1199834,0.0,0.0,51.35,7.9997687
2018-11-06 05:00:00,3.1,3.0994592,1.9999628,3.080765,0.0,0.0,50.07,7.9997687
2018-11-06 05:15:00,3.06,3.0747042,1.9999628,3.0660782,0.0,0.0,50.28,7.9997687
2018-11-06 05:30:00,3.17,3.1686206,1.9999628,3.2339177,0.0,0.0,49.87,7.9997687
2018-11-06 05:45:00,3.71,3.6885424,1.9999628,3.8107345,0.0,0.01587786,45.26,7.9997687
2018-11-06 06:00:00,3.31,3.321763,1.9999628,3.354885,0.0,0.023381425,50.09,7.9997687
2018-11-06 06:15:00,3.02,3.0215359,1.9999628,3.075854,0.0,0.00226576,52.24,7.9997687
2018-11-06 06:30:00,3.38,3.39603,1.9999628,3.5479615,0.0,0.019906685,46.25,7.9997687
2018-11-06 06:45:00,3.53,3.5564332,1.9999628,3.6264133,0.0,0.0,44.92,7.9997687
2018-11-06 07:00:00,2.99,2.9646964,1.9999628,3.0769012,0.0,0.0,51.02,7.9997687
2018-11-06 07:15:00,3.02,3.0025373,1.9999628,3.055457,0.0,0.0,51.93,7.9997687
2018-11-06 07:30:00,3.31,3.278553,1.9999628,3.427401,0.0,0.0,54.59,7.9997687
2018-11-06 07:45:00,4.39,4.595627,1.9999628,4.550926,0.0,0.0,54.63,7.9997687
2018-11-06 08:00:00,4.07,4.069405,1.9999628,4.26503,0.0,0.006199969,55.13,7.9997687
2018-11-06 08:15:00,35.03,7.886918,1.9999628,13.889587,0.02,0.0,75.16,7.9997687
2018-11-06 08:30:00,54.94,7.988589,1.9999628,13.98188,0.03,0.007059533,72.71,7.9997687
2018-11-06 08:45:00,60.37,7.9929094,1.9999628,13.981603,0.03,0.039217032,76.7,7.9997687
2018-11-06 09:00:00,76.1,7.9929094,1.9999628,13.981603,0.03,0.01275311,86.5,7.9997687
2018-11-06 09:15:00,70.96,7.9933686,1.9999628,13.985631,0.03,0.0057803346,87.13,7.9997687
2018-11-06 09:30:00,76.54,7.9933686,1.9999628,13.985631,0.04,0.0468677,85.94,7.9997687
2018-11-06 09:45:00,76.0,7.9933686,1.9999628,13.985631,0.03,0.07739835,87.22,7.9997687
2018-11-06 10:00:00,66.67,7.9933686,1.9999628,13.985631,0.03,0.05644844,87.33,7.9997687
2018-11-06 10:15:00,63.32,7.9933686,1.9999628,13.985631,0.03,0.047279485,89.19,7.9997687
2018-11-06 10:30:00,56.52,7.9933686,1.9999628,13.985631,0.03,0.0,87.61,7.9997687
2018-11-06 10:45:00,60.23,7.9933686,1.9999628,13.985631,0.03,0.0,86.51,7.9997687
2018-11-06 11:00:00,74.77,7.9933686,1.9999628,13.985631,0.03,0.060610436,87.95,7.9997687
2018-11-06 11:15:00,85.75,7.9933686,1.9999628,13.985631,0.04,0.06773881,88.47,7.9997687
2018-11-06 11:30:00,64.12,7.9933686,1.9999628,13.98467,0.03,0.07424407,85.38,7.9997687
2018-11-06 11:45:00,60.62,7.9933686,1.9999628,13.985631,0.03,0.0,85.69,7.9997687
2018-11-06 12:00:00,52.99,7.9933805,1.9999628,13.984885,0.02,0.0,89.47,7.9997687
2018-11-06 12:15:00,6.05,6.073146,1.9999628,6.189759,0.0,0.0,100.0,7.9997687
2018-11-06 12:30:00,5.9,5.710145,1.9999628,5.81744,0.0,0.0,100.0,7.9997687
2018-11-06 12:45:00,5.76,5.6483574,1.9999628,5.819366,0.0,0.0,100.0,7.9997687
2018-11-06 13:00:00,4.93,5.004678,1.9999628,5.0147057,0.0,0.0,100.0,7.9997687
2018-11-06 13:15:00,44.39,7.9682193,1.9999628,13.876157,0.02,0.0,89.58,7.9997687
2018-11-06 13:30:00,53.03,7.993322,1.9999628,13.984307,0.02,0.012436485,85.2,7.9997687
2018-11-06 13:45:00,60.34,7.9933677,1.9999628,13.985349,0.03,0.024643717,86.73,7.9997687
2018-11-06 14:00:00,59.65,7.9895954,1.9999628,13.985349,0.03,0.036573756,86.66,7.9997687
2018-11-06 14:15:00,51.19,7.9933686,1.9999628,13.985631,0.02,0.010015206,87.73,7.9997687
2018-11-06 14:30:00,50.9,7.9933686,1.9999628,13.985631,0.02,0.0,88.78,7.9997687
2018-11-06 14:45:00,49.9,7.9933686,1.9999628,13.985631,0.02,0.009150971,87.65,7.9997687
2018-11-06 15:00:00,50.69,7.9933686,1.9999628,13.985631,0.02,0.0,86.73,7.9997687
2018-11-06 15:15:00,50.62,7.9933686,1.9999628,13.985631,0.02,0.019912958,87.05,7.9997687
2018-11-06 15:30:00,51.91,7.9933686,1.9999628,13.985631,0.02,0.03281073,88.42,7.9997687
2018-11-06 15:45:00,49.97,7.9933686,1.9999628,13.985631,0.02,0.0057348823,88.43,7.9997687
2018-11-06 16:00:00,49.18,7.9933686,1.9999628,13.985631,0.02,0.0013991909,86.48,7.9997687
2018-11-06 16:15:00,58.64,7.9933686,1.9999628,13.985631,0.03,0.027463919,85.31,7.9997687
2018-11-06 16:30:00,55.58,7.9933686,1.9999628,13.985631,0.03,0.038998302,85.51,7.9997687
2018-11-06 16:45:00,55.84,7.9933686,1.9999628,13.985631,0.03,0.009280384,85.64,7.9997687
2018-11-06 17:00:00,48.71,7.9933686,1.9999628,13.985631,0.02,0.0,85.35,7.9997687
2018-11-06 17:15:00,42.52,7.9933686,1.9999628,13.985631,0.02,0.0,89.85,7.9997687
2018-11-06 17:30:00,60.77,7.9933686,1.9999628,13.985631,0.03,0.011506757,86.37,7.9997687
2018-11-06 17:45:00,31.03,7.9933686,1.9999628,13.98467,0.01,0.012187051,99.9,7.9997687
2018-11-06 18:00:00,31.32,7.9933686,1.9999628,13.985631,0.01,0.0074093672,98.41,7.9997687
2018-11-06 18:15:00,43.92,7.9933686,1.9999628,13.985631,0.02,0.007771105,84.69,7.9997687
2018-11-06 18:30:00,51.52,7.9933686,1.9999628,13.985631,0.02,0.0,82.86,7.9997687
2018-11-06 18:45:00,52.81,7.9933686,1.9999628,13.985631,0.02,0.0,88.2,7.9997687
2018-11-06 19:00:00,66.46,7.9933686,1.9999628,13.985631,0.03,0.0,85.31,7.9997687
2018-11-06 19:15:00,48.35,7.9933686,1.9999628,13.985631,0.02,0.0,87.59,7.9997687
2018-11-06 19:30:00,46.51,7.9933686,1.9999628,13.985631,0.02,0.0136417635,89.58,7.9997687
2018-11-06 19:45:00,73.62,7.9933686,1.9999628,13.985631,0.03,0.035576165,82.36,7.9997687
2018-11-06 20:00:00,50.98,7.9933686,1.9999628,13.98467,0.02,0.013734172,85.69,7.9997687
2018-11-06 20:15:00,49.25,7.9933686,1.9999628,13.985631,0.02,0.0,86.98,7.9997687
2018-11-06 20:30:00,42.66,7.9933686,1.9999628,13.985631,0.02,0.0,91.99,7.9997687
2018-11-06 20:45:00,30.35,7.9933686,1.9999628,13.985631,0.01,0.0,99.92,7.9997687
2018-11-06 21:00:00,8.28,6.988166,1.9999628,8.225599,0.0,0.010143154,100.0,7.9997687
2018-11-06 21:15:00,7.6,7.1264644,1.9999628,7.79913,0.0,0.0,100.0,7.9997687
2018-11-06 21:30:00,4.21,4.133934,1.9999628,4.5023966,0.0,0.037361287,100.0,7.9997687
2018-11-06 21:45:00,3.85,3.7750976,1.9999628,3.983872,0.0,0.0,100.0,7.9997687
2018-11-06 22:00:00,3.85,3.816541,1.9999628,3.8735201,0.0,0.017876523,100.0,7.9997687
2018-11-06 22:15:00,3.67,3.7213962,1.9999628,3.784375,0.0,0.0,48.88,7.9997687
2018-11-06 22:30:00,3.64,3.660415,1.9999628,3.7347057,0.0,0.012453706,47.19,7.9997687
2018-11-06 22:45:00,3.64,3.638106,1.9999628,3.7047293,0.0,0.0002647246,47.19,7.9997687
2018-11-06 23:00:00,3.53,3.5193691,1.9999628,3.578697,0.0,0.0155919045,47.84,7.9997687
2018-11-06 23:15:00,3.53,3.571137,1.9999628,3.5705247,0.0,0.018529527,50.4,7.9997687
2018-11-06 23:30:00,3.6,3.6055012,1.9999628,3.665694,0.0,0.0,51.83,7.9997687
2018-11-06 23:45:00,3.53,3.5374908,1.9999628,3.5715034,0.0,0.0,51.99,7.9997687
2018-11-07 00:00:00,0.0,2.3771539,1.9999628,2.9906518,0.0,0.0,0.0,7.9997687
2018-11-07 00:15:00,3.53,5.69752,1.9999628,6.4342747,0.0,0.090098314,49.3,7.9997687
2018-11-07 00:30:00,3.56,3.384355,1.9999628,3.635143,0.0,0.05454248,49.86,7.9997687
2018-11-07 00:45:00,3.64,3.485504,1.9999628,3.6624608,0.0,0.17625144,50.03,7.9997687
2018-11-07 01:00:00,3.74,3.612942,1.9999628,3.707572,0.0,0.00889207,52.39,7.9997687
2018-11-07 01:15:00,4.68,4.641881,1.9999628,4.746097,0.0,0.026280658,58.97,7.9997687
2018-11-07 01:30:00,3.85,3.848106,1.9999628,4.043055,0.0,0.029062329,52.57,7.9997687
2018-11-07 01:45:00,2.95,3.1372418,1.9999628,3.4384363,0.0,0.0072037145,53.9,7.9997687
2018-11-07 02:00:00,2.92,2.9456801,1.9999628,2.9314415,0.0,0.013610068,54.43,7.9997687
2018-11-07 02:15:00,2.95,2.901103,1.9999628,2.9667356,0.0,0.0,55.43,7.9997687
2018-11-07 02:30:00,2.95,2.948348,1.9999628,2.9674032,0.0,0.018422188,54.83,7.9997687
2018-11-07 02:45:00,2.95,2.9215837,1.9999628,2.963128,0.0,0.049337476,54.23,7.9997687
2018-11-07 03:00:00,2.92,2.9354162,1.9999628,2.93014,0.0,0.0,54.09,7.9997687
2018-11-07 03:15:00,2.95,2.955864,1.9999628,2.9556077,0.0,0.003659802,53.9,7.9997687
2018-11-07 03:30:00,2.99,2.9858127,1.9999628,3.0045109,0.0,0.003659802,54.75,7.9997687
2018-11-07 03:45:00,2.99,2.9892645,1.9999628,2.9941752,0.0,0.0060794004,53.51,7.9997687
2018-11-07 04:00:00,2.95,2.953185,1.9999628,2.9427886,0.0,0.0,52.76,7.9997687
2018-11-07 04:15:00,2.95,2.9307022,1.9999628,2.9614325,0.0,0.0,53.0,7.9997687
2018-11-07 04:30:00,3.02,3.020625,1.9999628,3.0302336,0.0,0.0,53.33,7.9997687
2018-11-07 04:45:00,3.42,3.455083,1.9999628,3.4021258,0.0,0.01876201,50.34,7.9997687
2018-11-07 05:00:00,3.56,3.5138683,1.9999628,3.6643975,0.0,0.056696247,49.61,7.9997687
2018-11-07 05:15:00,3.06,2.9831815,1.9999628,3.064881,0.0,0.0,52.43,7.9997687
2018-11-07 05:30:00,3.6,3.568501,1.9999628,3.6995,0.0,0.004657172,48.79,7.9997687
2018-11-07 05:45:00,3.1,3.0670428,1.9999628,3.1413774,0.0,0.0012071764,52.09,7.9997687
2018-11-07 06:00:00,2.95,2.946065,1.9999628,3.0013194,0.0,0.0061325324,54.23,7.9997687
2018-11-07 06:15:00,2.95,2.9264975,1.9999628,2.983215,0.0,0.012020253,53.9,7.9997687
2018-11-07 06:30:00,2.88,2.8874044,1.9999628,2.9146087,0.0,0.0073692114,54.51,7.9997687
2018-11-07 06:45:00,2.88,2.8859148,1.9999628,2.8777127,0.0,0.015199387,53.57,7.9997687
2018-11-07 07:00:00,2.88,2.8887997,1.9999628,2.880091,0.0,0.0,54.51,7.9997687
2018-11-07 07:15:00,2.84,2.8255663,1.9999628,2.8706088,0.0,0.0,55.29,7.9997687
2018-11-07 07:30:00,3.24,3.2470613,1.9999628,3.242424,0.0,0.0,59.03,7.9997687
2018-11-07 07:45:00,4.82,4.799849,1.9999628,4.78719,0.0,0.043358155,66.59,7.9997687
2018-11-07 08:00:00,5.72,5.5716324,1.9999628,5.968447,0.0,0.0,75.49,7.9997687
2018-11-07 08:15:00,29.92,7.8939805,1.9999628,13.834972,0.01,0.0,78.63,7.9997687
2018-11-07 08:30:00,54.94,7.988212,1.9999628,13.982243,0.03,0.0,76.79,7.9997687
2018-11-07 08:45:00,64.4,7.9933677,1.9999628,13.985349,0.03,0.083094284,81.0,7.9997687
2018-11-07 09:00:00,62.1,7.9895954,1.9999628,13.985349,0.03,0.023437649,89.74,7.9997687
2018-11-07 09:15:00,54.79,7.9933686,1.9999628,13.985631,0.03,0.0,90.24,7.9997687
2018-11-07 09:30:00,51.41,7.9933686,1.9999628,13.985631,0.02,0.0,90.31,7.9997687
2018-11-07 09:45:00,44.35,7.9933686,1.9999628,13.985631,0.02,0.0027723585,92.4,7.9997687
2018-11-07 10:00:00,48.02,7.9933686,1.9999628,13.985631,0.02,0.0,90.68,7.9997687
2018-11-07 10:15:00,64.12,7.9933686,1.9999628,13.985631,0.03,0.0,88.85,7.9997687
2018-11-07 10:30:00,52.52,7.9933686,1.9999628,13.985631,0.02,0.033645134,90.85,7.9997687
2018-11-07 10:45:00,70.52,7.9933686,1.9999628,13.985631,0.03,0.0,86.94,7.9997687
2018-11-07 11:00:00,55.26,7.9933686,1.9999628,13.985631,0.03,0.04033315,86.02,7.9997687
2018-11-07 11:15:00,49.0,7.9933686,1.9999628,13.985631,0.02,0.0,87.04,7.9997687
2018-11-07 11:30:00,43.27,7.9933686,1.9999628,13.985631,0.02,0.0,88.72,7.9997687
2018-11-07 11:45:00,50.54,7.9933686,1.9999628,13.985631,0.02,0.0,86.78,7.9997687
2018-11-07 12:00:00,47.63,7.9933805,1.9999628,13.984885,0.02,0.033606064,87.98,7.9997687
2018-11-07 12:15:00,4.18,4.454824,1.9999628,5.6197248,0.0,0.0,100.0,7.9997687
2018-11-07 12:30:00,4.28,4.267073,1.9999628,4.558518,0.0,0.0083844755,100.0,7.9997687
2018-11-07 12:45:00,4.57,4.6364403,1.9999628,4.7090755,0.0,0.0052048033,100.0,7.9997687
2018-11-07 13:00:00,4.75,4.780374,1.9999628,4.781383,0.0,0.017568838,100.0,7.9997687
2018-11-07 13:15:00,30.64,7.6362777,1.9999628,13.419585,0.01,0.0,96.19,7.9997687
2018-11-07 13:30:00,58.28,7.9920454,1.9999628,13.983299,0.03,0.0,89.39,7.9997687
2018-11-07 13:45:00,47.95,7.963856,1.9999628,13.985349,0.02,0.06286468,91.48,7.9997687
2018-11-07 14:00:00,66.49,7.9933677,1.9999628,13.985349,0.03,0.0,88.31,7.9997687
2018-11-07 14:15:00,52.06,7.9933686,1.9999628,13.985631,0.02,0.028648626,90.85,7.9997687
2018-11-07 14:30:00,61.2,7.9933686,1.9999628,13.985631,0.03,0.0,89.23,7.9997687
2018-11-07 14:45:00,51.05,7.9933686,1.9999628,13.985631,0.02,0.0076666204,90.39,7.9997687
2018-11-07 15:00:00,43.06,7.9933686,1.9999628,13.985631,0.02,0.009280579,92.84,7.9997687
2018-11-07 15:15:00,42.55,7.9933686,1.9999628,13.985631,0.02,0.02325836,92.73,7.9997687
2018-11-07 15:30:00,64.58,7.9933686,1.9999628,13.985631,0.03,0.0,86.47,7.9997687
2018-11-07 15:45:00,56.92,7.9933686,1.9999628,13.985631,0.03,0.023168838,89.46,7.9997687
2018-11-07 16:00:00,55.91,7.9933686,1.9999628,13.985631,0.03,0.025452996,85.79,7.9997687
2018-11-07 16:15:00,46.22,7.9933686,1.9999628,13.985631,0.02,0.041726306,87.42,7.9997687
2018-11-07 16:30:00,50.76,7.9933686,1.9999628,13.985631,0.02,0.0,88.03,7.9997687
2018-11-07 16:45:00,68.4,7.9933686,1.9999628,13.985631,0.03,0.0,85.05,7.9997687
2018-11-07 17:00:00,62.06,7.9933686,1.9999628,13.985631,0.03,0.05508881,86.31,7.9997687
2018-11-07 17:15:00,53.75,7.9933686,1.9999628,13.985631,0.02,0.06036872,86.23,7.9997687
2018-11-07 17:30:00,60.19,7.9933686,1.9999628,13.985631,0.03,0.0,86.54,7.9997687
2018-11-07 17:45:00,32.0,7.9933686,1.9999628,13.98467,0.01,0.059257466,99.9,7.9997687
2018-11-07 18:00:00,32.29,7.9933686,1.9999628,13.985631,0.01,0.0,97.8,7.9997687
2018-11-07 18:15:00,41.15,7.9933686,1.9999628,13.985631,0.02,0.02612228,84.41,7.9997687
2018-11-07 18:30:00,52.63,7.9933686,1.9999628,13.985631,0.02,0.0,78.34,7.9997687
2018-11-07 18:45:00,52.49,7.9933686,1.9999628,13.985631,0.02,0.0,87.26,7.9997687
2018-11-07 19:00:00,65.66,7.9933686,1.9999628,13.985631,0.03,0.0010137528,86.17,7.9997687
2018-11-07 19:15:00,61.85,7.9933686,1.9999628,13.985631,0.03,0.051718753,85.44,7.9997687
2018-11-07 19:30:00,45.94,7.9933686,1.9999628,13.985631,0.02,0.006915988,90.41,7.9997687
2018-11-07 19:45:00,59.33,7.9933686,1.9999628,13.985631,0.03,0.02860264,84.25,7.9997687
2018-11-07 20:00:00,55.66,7.9933686,1.9999628,13.985631,0.03,0.014476537,85.37,7.9997687
2018-11-07 20:15:00,63.29,7.9933686,1.9999628,13.985631,0.03,0.0,85.88,7.9997687
2018-11-07 20:30:00,50.69,7.9933686,1.9999628,13.985631,0.02,0.03662109,87.0,7.9997687
2018-11-07 20:45:00,33.08,7.9933686,1.9999628,13.985631,0.02,0.0,99.31,7.9997687
2018-11-07 21:00:00,10.51,7.20371,1.9999628,10.679145,0.0,0.008136907,99.99,7.9997687
2018-11-07 21:15:00,5.26,5.410925,1.9999628,5.653688,0.0,0.0,100.0,7.9997687
2018-11-07 21:30:00,4.1,3.9328773,1.9999628,4.1010227,0.0,0.028404232,100.0,7.9997687
2018-11-07 21:45:00,4.0,4.044117,1.9999628,4.015165,0.0,0.0,100.0,7.9997687
2018-11-07 22:00:00,5.0,4.945847,1.9999628,4.9056354,0.0,0.0,100.0,7.9997687
2018-11-07 22:15:00,4.5,4.4255495,1.9999628,4.467206,0.0,0.0,56.8,7.9997687
2018-11-07 22:30:00,3.74,3.7982285,1.9999628,3.8445795,0.0,0.02012182,47.6,7.9997687
2018-11-07 22:45:00,3.74,3.7333806,1.9999628,3.8007631,0.0,0.005029885,49.36,7.9997687
2018-11-07 23:00:00,3.64,3.6785283,1.9999628,3.643452,0.0,0.0,49.38,7.9997687
2018-11-07 23:15:00,3.56,3.568963,1.9999628,3.620175,0.0,0.002792468,50.04,7.9997687
2018-11-07 23:30:00,3.6,3.610949,1.9999628,3.6078615,0.0,0.039279178,50.27,7.9997687
2018-11-07 23:45:00,3.56,3.575677,1.9999628,3.5924013,0.0,0.025850017,51.66,7.9997687
2018-11-08 00:00:00,3.53,3.347155,1.9999628,3.5674963,0.0,0.0,48.47,7.9997687
2018-11-08 00:15:00,3.64,3.6469955,1.9999628,3.716507,0.0,0.0,51.12,7.9997687
2018-11-08 00:30:00,3.64,3.6361327,1.9999628,3.6734805,0.0,0.0025541415,49.61,7.9997687
2018-11-08 00:45:00,3.67,3.679923,1.9999628,3.6718721,0.0,0.0006499378,51.86,7.9997687
2018-11-08 01:00:00,3.67,3.6994338,1.9999628,3.7204778,0.0,0.0,51.18,7.9997687
2018-11-08 01:15:00,3.6,3.613927,1.9999628,3.6787555,0.0,0.00704662,49.38,7.9997687
2018-11-08 01:30:00,3.74,3.709579,1.9999628,3.7831094,0.0,0.0,49.19,7.9997687
2018-11-08 01:45:00,3.6,3.6187887,1.9999628,3.6722965,0.0,0.0,50.27,7.9997687
2018-11-08 02:00:00,3.64,3.637103,1.9999628,3.6752274,0.0,0.0,51.99,7.9997687
2018-11-08 02:15:00,3.35,3.3004947,1.9999628,3.4280682,0.0,0.008082641,51.47,7.9997687
2018-11-08 02:30:00,3.17,3.1525378,1.9999628,3.1794405,0.0,0.004131645,51.62,7.9997687
2018-11-08 02:45:00,3.74,3.713563,1.9999628,3.7826822,0.0,0.0,51.05,7.9997687
2018-11-08 03:00:00,3.38,3.405099,1.9999628,3.4707658,0.0,0.0,50.35,7.9997687
2018-11-08 03:15:00,3.06,3.059525,1.9999628,3.0480893,0.0,0.0073221438,51.6,7.9997687
2018-11-08 03:30:00,3.06,3.0636969,1.9999628,3.0797033,0.0,0.0,52.43,7.9997687
2018-11-08 03:45:00,3.06,3.0526834,1.9999628,3.0618734,0.0,0.0,51.38,7.9997687
2018-11-08 04:00:00,3.13,3.1501408,1.9999628,3.1496344,0.0,0.011046009,51.14,7.9997687
2018-11-08 04:15:00,3.17,3.175096,1.9999628,3.1895998,0.0,0.00082263385,50.14,7.9997687
2018-11-08 04:30:00,3.13,3.1199121,1.9999628,3.1265354,0.0,0.0,51.14,7.9997687
2018-11-08 04:45:00,3.06,3.0502577,1.9999628,3.0794234,0.0,0.0,51.08,7.9997687
2018-11-08 05:00:00,3.06,3.0456014,1.9999628,3.0615942,0.0,0.008411549,51.9,7.9997687
2018-11-08 05:15:00,3.1,3.1106248,1.9999628,3.1223807,0.0,0.0,51.87,7.9997687
2018-11-08 05:30:00,3.13,3.1165557,1.9999628,3.1676745,0.0,0.008283259,51.94,7.9997687
2018-11-08 05:45:00,3.13,3.1077375,1.9999628,3.1182156,0.0,0.0,50.92,7.9997687
2018-11-08 06:00:00,3.67,3.6365862,1.9999628,3.6936712,0.0,0.0026898421,49.51,7.9997687
2018-11-08 06:15:00,3.46,3.4528165,1.9999628,3.5687053,0.0,0.0,48.37,7.9997687
2018-11-08 06:30:00,3.02,2.9510474,1.9999628,3.0133867,0.0,0.0,52.24,7.9997687
2018-11-08 06:45:00,3.02,3.0257688,1.9999628,3.0498967,0.0,0.0,53.65,7.9997687
2018-11-08 07:00:00,2.99,2.95076,1.9999628,2.9965773,0.0,0.025318395,52.71,7.9997687
2018-11-08 07:15:00,2.95,2.9213185,1.9999628,2.9842737,0.0,0.023485519,54.49,7.9997687
2018-11-08 07:30:00,3.2,3.2142086,1.9999628,3.2203908,0.0,0.0,57.61,7.9997687
2018-11-08 07:45:00,4.68,4.768006,1.9999628,4.8327646,0.0,0.0,61.89,7.9997687
2018-11-08 08:00:00,5.0,4.94942,1.9999628,5.041952,0.0,0.0,65.81,7.9997687
2018-11-08 08:15:00,22.28,7.9360538,1.9999628,13.829835,0.01,0.0,72.38,7.9997687
2018-11-08 08:30:00,46.84,7.955946,1.9999628,13.962248,0.02,0.0,72.75,7.9997687
2018-11-08 08:45:00,63.04,7.9933677,1.9999628,13.985349,0.03,0.009497736,79.85,7.9997687
2018-11-08 09:00:00,66.85,7.9933677,1.9999628,13.985349,0.03,0.03354056,88.7,7.9997687
2018-11-08 09:15:00,54.65,7.9933686,1.9999628,13.985349,0.03,0.010057418,89.45,7.9997687
2018-11-08 09:30:00,56.34,7.9933686,1.9999628,13.985631,0.03,0.049568884,89.61,7.9997687
2018-11-08 09:45:00,55.98,7.9933686,1.9999628,13.985631,0.03,0.0039819665,90.41,7.9997687
2018-11-08 10:00:00,66.1,7.9933686,1.9999628,13.985631,0.03,0.021707023,89.4,7.9997687
2018-11-08 10:15:00,53.24,7.9933686,1.9999628,13.985631,0.02,0.01772804,89.6,7.9997687
2018-11-08 10:30:00,67.07,7.9933686,1.9999628,13.985631,0.03,0.053048383,88.03,7.9997687
2018-11-08 10:45:00,62.93,7.9933686,1.9999628,13.985631,0.03,0.050594848,86.01,7.9997687
2018-11-08 11:00:00,52.85,7.9933686,1.9999628,13.985631,0.02,0.028876288,88.01,7.9997687
2018-11-08 11:15:00,52.13,7.9933686,1.9999628,13.985631,0.02,0.051909715,88.24,7.9997687
2018-11-08 11:30:00,53.6,7.9933686,1.9999628,13.985631,0.02,0.030518638,88.12,7.9997687
2018-11-08 11:45:00,58.25,7.9933686,1.9999628,13.985631,0.03,0.0419126,89.9,7.9997687
2018-11-08 12:00:00,48.49,7.9933805,1.9999628,13.984885,0.02,0.0,93.84,7.9997687
2018-11-08 12:15:00,7.31,6.7029786,1.9999628,7.5026274,0.0,0.018540597,100.0,7.9997687
2018-11-08 12:30:00,7.63,6.857499,1.9999628,7.271382,0.0,0.0,100.0,7.9997687
2018-11-08 12:45:00,7.88,6.6773515,1.9999628,7.7756395,0.0,0.0,100.0,7.9997687
2018-11-08 13:00:00,7.92,6.734731,1.9999628,7.666301,0.0,0.0,100.0,7.9997687
2018-11-08 13:15:00,45.18,7.8877783,1.9999628,13.917448,0.02,0.055768684,90.97,7.9997687
2018-11-08 13:30:00,59.8,7.993313,1.9999628,13.98462,0.03,0.024117103,87.12,7.9997687
2018-11-08 13:45:00,59.0,7.9895954,1.9999628,13.985349,0.03,0.05101094,88.99,7.9997687
2018-11-08 14:00:00,62.53,7.9933677,1.9999628,13.985349,0.03,0.019887086,88.26,7.9997687
2018-11-08 14:15:00,60.26,7.9933686,1.9999628,13.985631,0.03,0.01482776,87.9,7.9997687
2018-11-08 14:30:00,54.61,7.9933686,1.9999628,13.985631,0.03,0.015982533,89.41,7.9997687
2018-11-08 14:45:00,52.13,7.9933686,1.9999628,13.985631,0.02,0.011895483,88.7,7.9997687
2018-11-08 15:00:00,59.76,7.9933686,1.9999628,13.985631,0.03,0.04792671,86.95,7.9997687
2018-11-08 15:15:00,43.92,7.9933686,1.9999628,13.985631,0.02,0.026493033,91.67,7.9997687
2018-11-08 15:30:00,48.6,7.9933686,1.9999628,13.985631,0.02,0.018041376,89.94,7.9997687
2018-11-08 15:45:00,63.68,7.9933686,1.9999628,13.985631,0.03,0.014192286,86.03,7.9997687
2018-11-08 16:00:00,54.04,7.9933686,1.9999628,13.985631,0.02,0.0,86.57,7.9997687
2018-11-08 16:15:00,56.48,7.9933686,1.9999628,13.985631,0.03,0.019418288,89.61,7.9997687
2018-11-08 16:30:00,109.08,7.9933686,1.9999628,13.985631,0.05,0.09618297,86.24,7.9997687
2018-11-08 16:45:00,70.06,7.9933686,1.9999628,13.98467,0.03,0.015659329,86.54,7.9997687
2018-11-08 17:00:00,62.96,7.9933686,1.9999628,13.985631,0.03,0.033413436,83.31,7.9997687
2018-11-08 17:15:00,64.84,7.9933686,1.9999628,13.985631,0.03,0.009424568,78.38,7.9997687
2018-11-08 17:30:00,71.57,7.9933686,1.9999628,13.985631,0.03,0.019285075,82.5,7.9997687
2018-11-08 17:45:00,32.36,7.9933686,1.9999628,13.98467,0.01,0.020768318,99.59,7.9997687
2018-11-08 18:00:00,32.26,7.9933686,1.9999628,13.985631,0.01,0.0,97.44,7.9997687
2018-11-08 18:15:00,52.02,7.9933686,1.9999628,13.985631,0.02,0.0023097,80.53,7.9997687
2018-11-08 18:30:00,46.94,7.9933686,1.9999628,13.985631,0.02,0.0006804757,85.03,7.9997687
2018-11-08 18:45:00,73.94,7.9933686,1.9999628,13.985631,0.03,0.040092815,91.74,7.9997687
2018-11-08 19:00:00,74.3,7.9933686,1.9999628,13.985631,0.03,0.067368634,91.2,7.9997687
2018-11-08 19:15:00,80.17,7.9933686,1.9999628,13.985631,0.04,0.027998246,88.77,7.9997687
2018-11-08 19:30:00,85.43,7.9933686,1.9999628,13.985631,0.04,0.032055683,92.38,7.9997687
2018-11-08 19:45:00,94.21,7.9933686,1.9999628,13.985631,0.04,0.045210697,93.14,7.9997687
2018-11-08 20:00:00,83.2,7.9933686,1.9999628,13.985631,0.04,0.055249352,92.39,7.9997687
2018-11-08 20:15:00,70.7,7.9933686,1.9999628,13.985631,0.03,0.096918955,87.83,7.9997687
2018-11-08 20:30:00,91.19,7.9933686,1.9999628,13.985631,0.04,0.06541541,85.72,7.9997687
2018-11-08 20:45:00,80.14,7.9933686,1.9999628,13.985631,0.04,0.05695383,93.42,7.9997687
2018-11-08 21:00:00,28.66,7.9933686,1.9999628,13.9829645,0.01,0.037742656,99.52,7.9997687
2018-11-08 21:15:00,19.76,7.98111,1.9999628,13.916599,0.01,0.032385778,99.8,7.9997687
2018-11-08 21:30:00,4.1,4.2037573,1.9999628,4.469887,0.0,0.020272085,100.0,7.9997687
2018-11-08 21:45:00,4.1,4.0547776,1.9999628,4.096752,0.0,0.0,100.0,7.9997687
2018-11-08 22:00:00,4.07,4.056376,1.9999628,4.1575255,0.0,0.0,100.0,7.9997687
2018-11-08 22:15:00,3.92,4.0075064,1.9999628,4.2616816,0.0,0.0,45.51,7.9997687
2018-11-08 22:30:00,3.78,3.7976053,1.9999628,3.815133,0.0,0.0,48.59,7.9997687
2018-11-08 22:45:00,3.96,3.9662716,1.9999628,3.9609559,0.0,0.0,48.19,7.9997687
2018-11-08 23:00:00,4.9,4.898447,1.9999628,5.068456,0.0,0.009198875,46.65,7.9997687
2018-11-08 23:15:00,4.25,4.1571126,1.9999628,4.1874137,0.0,0.0,46.96,7.9997687
2018-11-08 23:30:00,3.56,3.5720572,1.9999628,3.690177,0.0,0.010790675,50.04,7.9997687
2018-11-08 23:45:00,3.53,3.5457902,1.9999628,3.5895677,0.0,0.0036945792,49.96,7.9997687
2018-11-09 00:00:00,4.9,4.8739934,1.9999628,4.997289,0.0,0.0,57.84,7.9997687
2018-11-09 00:15:00,3.56,3.3607993,1.9999628,4.0117555,0.0,0.0,46.76,7.9997687
2018-11-09 00:30:00,3.64,3.6454492,1.9999628,3.7643518,0.0,0.007948827,47.96,7.9997687
2018-11-09 00:45:00,3.6,3.627037,1.9999628,3.6943958,0.0,0.005302739,50.46,7.9997687
2018-11-09 01:00:00,3.38,3.3842778,1.9999628,3.4226644,0.0,0.0,53.06,7.9997687
2018-11-09 01:15:00,2.88,2.7607112,1.9999628,2.8245451,0.0,0.0,56.74,7.9997687
2018-11-09 01:30:00,2.84,2.832828,1.9999628,2.8780322,0.0,0.0,55.92,7.9997687
2018-11-09 01:45:00,2.88,2.8989506,1.9999628,2.8925478,0.0,0.0,56.74,7.9997687
2018-11-09 02:00:00,2.88,2.9177752,1.9999628,2.8851733,0.0,0.020242937,56.46,7.9997687
2018-11-09 02:15:00,2.95,2.9239979,1.9999628,2.9651058,0.0,0.019721143,54.83,7.9997687
2018-11-09 02:30:00,2.92,2.944809,1.9999628,2.94443,0.0,0.0,54.78,7.9997687
2018-11-09 02:45:00,2.88,2.8727999,1.9999628,2.8864734,0.0,0.010200465,54.51,7.9997687
2018-11-09 03:00:00,2.92,2.9182339,1.9999628,2.9321766,0.0,0.022345873,54.43,7.9997687
2018-11-09 03:15:00,2.88,2.871243,1.9999628,2.8864734,0.0,0.021200018,53.32,7.9997687
2018-11-09 03:30:00,2.99,2.9648757,1.9999628,2.9989302,0.0,0.041975692,56.29,7.9997687
2018-11-09 03:45:00,3.28,3.2794185,1.9999628,3.335144,0.0,0.0,53.2,7.9997687
2018-11-09 04:00:00,3.53,3.5660486,1.9999628,3.5831404,0.0,0.0,51.99,7.9997687
2018-11-09 04:15:00,3.17,3.1922297,1.9999628,3.1664248,0.0,0.0064582373,53.78,7.9997687
2018-11-09 04:30:00,3.49,3.4537358,1.9999628,3.564759,0.0,0.01934661,50.91,7.9997687
2018-11-09 04:45:00,3.24,3.2554116,1.9999628,3.287014,0.0,0.017860197,53.77,7.9997687
2018-11-09 05:00:00,2.88,2.8318753,1.9999628,2.967952,0.0,0.0,56.1,7.9997687
2018-11-09 05:15:00,2.88,2.884727,1.9999628,2.8723044,0.0,0.0,56.74,7.9997687
2018-11-09 05:30:00,2.88,2.872933,1.9999628,2.8809874,0.0,0.012311111,57.76,7.9997687
2018-11-09 05:45:00,2.84,2.820168,1.9999628,2.8711193,0.0,0.015561119,56.94,7.9997687
2018-11-09 06:00:00,2.84,2.8486304,1.9999628,2.86056,0.0,0.008357368,56.57,7.9997687
2018-11-09 06:15:00,2.95,2.9343944,1.9999628,2.964105,0.0,0.0,57.02,7.9997687
2018-11-09 06:30:00,2.84,2.8594947,1.9999628,2.8293915,0.0,0.0061818124,55.92,7.9997687
2018-11-09 06:45:00,2.88,2.879909,1.9999628,2.8823771,0.0,0.0,55.83,7.9997687
2018-11-09 07:00:00,2.84,2.8494353,1.9999628,2.8768446,0.0,0.0,53.97,7.9997687
2018-11-09 07:15:00,2.84,2.8495421,1.9999628,2.860698,0.0,0.0,54.58,7.9997687
2018-11-09 07:30:00,3.42,3.4187188,1.9999628,3.4502993,0.0,0.0,55.1,7.9997687
2018-11-09 07:45:00,5.72,5.731477,1.9999628,5.7107935,0.0,0.003208619,69.36,7.9997687
2018-11-09 08:00:00,6.05,5.9049306,1.9999628,6.002184,0.0,0.019391948,76.83,7.9997687
2018-11-09 08:15:00,35.96,7.8988285,1.9999628,13.818546,0.02,0.00884999,79.05,7.9997687
2018-11-09 08:30:00,90.18,7.985792,1.9999628,13.982243,0.04,0.13293047,81.39,7.9997687
2018-11-09 08:45:00,80.53,7.9895954,1.9999628,13.985349,0.04,0.011787479,82.66,7.9997687
2018-11-09 09:00:00,108.5,7.9933677,1.9999628,13.985349,0.05,0.042217534,88.54,7.9997687
2018-11-09 09:15:00,102.89,7.9933686,1.9999628,13.985631,0.05,0.060955975,87.44,7.9997687
2018-11-09 09:30:00,108.47,7.9933686,1.9999628,13.985631,0.05,0.04271525,89.54,7.9997687
2018-11-09 09:45:00,83.63,7.9933686,1.9999628,13.98467,0.04,0.0,88.28,7.9997687
2018-11-09 10:00:00,76.57,7.9933686,1.9999628,13.985631,0.04,0.0026832796,88.42,7.9997687
2018-11-09 10:15:00,59.4,7.9933686,1.9999628,13.985631,0.03,0.039655965,89.31,7.9997687
2018-11-09 10:30:00,56.81,7.9933686,1.9999628,13.985631,0.03,0.03463359,91.49,7.9997687
2018-11-09 10:45:00,55.98,7.9933686,1.9999628,13.985631,0.03,0.03952965,88.92,7.9997687
2018-11-09 11:00:00,61.6,7.9933686,1.9999628,13.985631,0.03,0.0418317,88.42,7.9997687
2018-11-09 11:15:00,68.08,7.9933686,1.9999628,13.985631,0.03,0.01351386,87.39,7.9997687
2018-11-09 11:30:00,64.19,7.9933686,1.9999628,13.985631,0.03,0.049290292,87.35,7.9997687
2018-11-09 11:45:00,56.95,7.9933686,1.9999628,13.985631,0.03,0.052721772,87.18,7.9997687
2018-11-09 12:00:00,51.44,7.9933805,1.9999628,13.984885,0.02,0.018303946,90.98,7.9997687
2018-11-09 12:15:00,5.15,4.971389,1.9999628,5.3180375,0.0,0.025072318,100.0,7.9997687
2018-11-09 12:30:00,4.82,4.7870226,1.9999628,4.720223,0.0,0.0,100.0,7.9997687
2018-11-09 12:45:00,4.97,4.9840226,1.9999628,5.220959,0.0,0.0,100.0,7.9997687
2018-11-09 13:00:00,4.72,4.7598095,1.9999628,4.8730927,0.0,0.0,100.0,7.9997687
2018-11-09 13:15:00,37.26,7.912629,1.9999628,13.88939,0.02,0.0009134263,89.14,7.9997687
2018-11-09 13:30:00,68.62,7.993322,1.9999628,13.984302,0.03,0.0,84.35,7.9997687
2018-11-09 13:45:00,53.35,7.9895954,1.9999628,13.985349,0.02,0.0,89.35,7.9997687
2018-11-09 14:00:00,53.28,7.9933677,1.9999628,13.985349,0.02,0.0,89.0,7.9997687
2018-11-09 14:15:00,54.97,7.9933686,1.9999628,13.985631,0.03,0.0,87.13,7.9997687
2018-11-09 14:30:00,70.38,7.9933686,1.9999628,13.985631,0.03,0.0,84.72,7.9997687
2018-11-09 14:45:00,60.12,7.9933686,1.9999628,13.985631,0.03,0.010824288,83.28,7.9997687
2018-11-09 15:00:00,65.63,7.9933686,1.9999628,13.985631,0.03,0.05643823,80.89,7.9997687
2018-11-09 15:15:00,51.59,7.9933686,1.9999628,13.985631,0.02,0.057424802,84.55,7.9997687
2018-11-09 15:30:00,53.78,7.9933686,1.9999628,13.985631,0.02,0.01184112,86.06,7.9997687
2018-11-09 15:45:00,55.87,7.9933686,1.9999628,13.985631,0.03,0.0,84.77,7.9997687
2018-11-09 16:00:00,57.38,7.9933686,1.9999628,13.985631,0.03,0.0,85.75,7.9997687
2018-11-09 16:15:00,59.72,7.9933686,1.9999628,13.985631,0.03,0.05528498,85.6,7.9997687
2018-11-09 16:30:00,66.28,7.9933686,1.9999628,13.985631,0.03,0.010336836,84.44,7.9997687
2018-11-09 16:45:00,59.72,7.9933686,1.9999628,13.985631,0.03,0.04967503,85.87,7.9997687
2018-11-09 17:00:00,64.04,7.9933686,1.9999628,13.985631,0.03,0.01577442,84.88,7.9997687
2018-11-09 17:15:00,69.48,7.9933686,1.9999628,13.985631,0.03,0.012614409,86.45,7.9997687
2018-11-09 17:30:00,56.92,7.9933686,1.9999628,13.985631,0.03,0.028850842,91.14,7.9997687
2018-11-09 17:45:00,28.8,7.9933686,1.9999628,13.98467,0.01,0.013674483,99.99,7.9997687
2018-11-09 18:00:00,29.12,7.9933686,1.9999628,13.985631,0.01,0.0,98.73,7.9997687
2018-11-09 18:15:00,53.5,7.9933686,1.9999628,13.985631,0.02,0.019935593,86.9,7.9997687
2018-11-09 18:30:00,58.79,7.9933686,1.9999628,13.985631,0.03,0.046673086,86.81,7.9997687
2018-11-09 18:45:00,53.71,7.9933686,1.9999628,13.985631,0.02,0.019466566,92.67,7.9997687
2018-11-09 19:00:00,63.0,7.9933686,1.9999628,13.985631,0.03,0.04134468,91.22,7.9997687
2018-11-09 19:15:00,53.14,7.9933686,1.9999628,13.985631,0.02,0.007538104,92.79,7.9997687
2018-11-09 19:30:00,55.51,7.9933686,1.9999628,13.985631,0.03,0.0,91.54,7.9997687
2018-11-09 19:45:00,63.76,7.9933686,1.9999628,13.985631,0.03,0.04287626,91.19,7.9997687
2018-11-09 20:00:00,52.45,7.9933686,1.9999628,13.985631,0.02,0.0,91.72,7.9997687
2018-11-09 20:15:00,66.49,7.9933686,1.9999628,13.985631,0.03,0.0061875884,90.33,7.9997687
2018-11-09 20:30:00,51.73,7.9933686,1.9999628,13.985631,0.02,0.01533161,92.32,7.9997687
2018-11-09 20:45:00,42.48,7.9933686,1.9999628,13.985631,0.02,3.57721e-05,95.46,7.9997687
2018-11-09 21:00:00,29.27,7.9933686,1.9999628,13.985631,0.01,0.0,99.76,7.9997687
2018-11-09 21:15:00,16.6,7.9758477,1.9999628,13.72916,0.01,0.01052706,99.95,7.9997687
2018-11-09 21:30:00,6.55,6.3241687,1.9999628,6.9619336,0.0,0.0,100.0,7.9997687
2018-11-09 21:45:00,6.44,6.313037,1.9999628,6.374139,0.0,0.0,100.0,7.9997687
2018-11-09 22:00:00,5.9,5.876452,1.9999628,5.9385204,0.0,0.0,100.0,7.9997687
2018-11-09 22:15:00,4.93,5.52041,1.9999628,5.5880623,0.0,0.0,54.98,7.9997687
2018-11-09 22:30:00,4.93,4.989164,1.9999628,5.2503095,0.0,0.0,54.27,7.9997687
2018-11-09 22:45:00,4.97,5.012757,1.9999628,5.0410714,0.0,0.0,55.5,7.9997687
2018-11-09 23:00:00,4.82,4.819,1.9999628,4.808371,0.0,0.0,54.89,7.9997687
2018-11-09 23:15:00,4.82,4.75766,1.9999628,4.807073,0.0,0.010017066,57.21,7.9997687
2018-11-09 23:30:00,4.82,4.7412477,1.9999628,4.802769,0.0,0.014087574,58.0,7.9997687
2018-11-09 23:45:00,4.82,4.7412477,1.9999628,4.802769,0.0,0.014087574,57.83,7.9997687
2018-11-10 00:00:00,2.7,2.9340312,1.9999628,4.075318,0.0,0.023974461,60.0,7.9997687
2018-11-10 00:15:00,4.82,5.111242,1.9999628,5.527735,0.0,0.0033476658,56.6,7.9997687
2018-11-10 00:30:00,4.86,4.7929854,1.9999628,4.726578,0.0,0.0,55.36,7.9997687
2018-11-10 00:45:00,4.9,4.8649535,1.9999628,4.6460834,0.0,0.0,55.89,7.9997687
2018-11-10 01:00:00,4.86,4.805078,1.9999628,4.737186,0.0,0.02683153,54.43,7.9997687
2018-11-10 01:15:00,4.9,5.0040216,1.9999628,4.952805,0.0,0.054958414,54.59,7.9997687
2018-11-10 01:30:00,4.97,5.003373,1.9999628,4.969473,0.0,0.03790865,55.86,7.9997687
2018-11-10 01:45:00,4.9,4.9019356,1.9999628,4.900773,0.0,0.04540337,54.04,7.9997687
2018-11-10 02:00:00,6.01,5.61516,1.9999628,5.931973,0.0,0.08958481,59.59,7.9997687
2018-11-10 02:15:00,5.54,5.4041734,1.9999628,5.4136305,0.0,0.018076343,56.26,7.9997687
2018-11-10 02:30:00,4.0,4.5807505,1.9999628,5.061748,0.0,0.03437615,46.43,7.9997687
2018-11-10 02:45:00,3.82,3.8965979,1.9999628,4.091278,0.0,0.018024676,45.29,7.9997687
2018-11-10 03:00:00,3.74,3.7500944,1.9999628,3.853033,0.0,0.0,44.87,7.9997687
2018-11-10 03:15:00,3.74,3.7290583,1.9999628,3.849025,0.0,0.0,44.01,7.9997687
2018-11-10 03:30:00,3.78,3.7843065,1.9999628,3.8677044,0.0,0.011018,44.07,7.9997687
2018-11-10 03:45:00,3.74,3.7399726,1.9999628,3.817096,0.0,0.0,44.67,7.9997687
2018-11-10 04:00:00,3.78,3.788652,1.9999628,3.843841,0.0,0.0,45.39,7.9997687
2018-11-10 04:15:00,3.78,3.743309,1.9999628,3.8549387,0.0,0.0,45.05,7.9997687
2018-11-10 04:30:00,3.78,3.7405286,1.9999628,3.8549387,0.0,0.0,44.39,7.9997687
2018-11-10 04:45:00,3.74,3.7403097,1.9999628,3.7851539,0.0,0.0,45.01,7.9997687
2018-11-10 05:00:00,3.74,3.7173915,1.9999628,3.8258922,0.0,0.0,45.4,7.9997687
2018-11-10 05:15:00,3.78,3.7916832,1.9999628,3.843671,0.0,0.0,45.39,7.9997687
2018-11-10 05:30:00,3.78,3.7436051,1.9999628,3.845447,0.0,0.0024839607,45.59,7.9997687
2018-11-10 05:45:00,3.74,3.7433405,1.9999628,3.7851539,0.0,0.004502854,45.75,7.9997687
2018-11-10 06:00:00,5.51,5.4149833,1.9999628,5.3105636,0.0,0.0055654314,60.4,7.9997687
2018-11-10 06:15:00,5.69,5.628569,1.9999628,5.814951,0.0,0.01489695,60.34,7.9997687
2018-11-10 06:30:00,4.07,4.5934854,1.9999628,5.0549097,0.0,0.029087815,47.06,7.9997687
2018-11-10 06:45:00,3.74,3.8546963,1.9999628,4.169639,0.0,0.01741997,44.87,7.9997687
2018-11-10 07:00:00,3.71,3.7113247,1.9999628,3.9174519,0.0,0.0076592066,44.06,7.9997687
2018-11-10 07:15:00,3.71,3.7247424,1.9999628,3.8489952,0.0,0.008193816,43.87,7.9997687
2018-11-10 07:30:00,3.78,3.7902093,1.9999628,3.9109776,0.0,0.012814711,43.88,7.9997687
2018-11-10 07:45:00,3.82,3.8198357,1.9999628,3.916342,0.0,0.0,45.63,7.9997687
2018-11-10 08:00:00,4.14,4.113044,1.9999628,4.249061,0.0,0.02391161,50.8,7.9997687
2018-11-10 08:15:00,26.17,7.9454055,1.9999628,13.891094,0.01,0.075266026,74.7,7.9997687
2018-11-10 08:30:00,42.16,7.991436,1.9999628,13.98214,0.02,0.028535621,77.14,7.9997687
2018-11-10 08:45:00,55.51,7.992693,1.9999628,13.983512,0.03,0.03319947,80.76,7.9997687
2018-11-10 09:00:00,57.78,7.992909,1.9999628,13.984029,0.03,0.03891197,93.09,7.9997687
2018-11-10 09:15:00,45.14,7.9933686,1.9999628,13.985631,0.02,0.008750206,96.44,7.9997687
2018-11-10 09:30:00,56.09,7.9933686,1.9999628,13.985631,0.03,0.041099507,91.52,7.9997687
2018-11-10 09:45:00,50.72,7.9933686,1.9999628,13.985631,0.02,0.05270535,95.8,7.9997687
2018-11-10 10:00:00,50.58,7.9933686,1.9999628,13.985631,0.02,0.04751715,92.94,7.9997687
2018-11-10 10:15:00,58.61,7.9933686,1.9999628,13.985631,0.03,0.08907374,92.67,7.9997687
2018-11-10 10:30:00,44.86,7.9933686,1.9999628,13.985631,0.02,0.019890303,96.25,7.9997687
2018-11-10 10:45:00,58.54,7.9933686,1.9999628,13.985631,0.03,0.07653009,90.68,7.9997687
2018-11-10 11:00:00,44.5,7.9933686,1.9999628,13.985631,0.02,0.0,94.52,7.9997687
2018-11-10 11:15:00,56.52,7.9933686,1.9999628,13.985631,0.03,0.0,91.29,7.9997687
2018-11-10 11:30:00,53.14,7.9933686,1.9999628,13.985631,0.02,0.0,91.52,7.9997687
2018-11-10 11:45:00,62.21,7.9933686,1.9999628,13.985631,0.03,0.02031946,88.33,7.9997687
2018-11-10 12:00:00,30.1,7.9440064,1.9999628,13.817263,0.01,0.0003329467,94.12,7.9997687
2018-11-10 12:15:00,4.07,4.444793,1.9999628,5.695292,0.0,0.0,100.0,7.9997687
2018-11-10 12:30:00,4.57,4.5489173,1.9999628,4.5555096,0.0,0.0,100.0,7.9997687
2018-11-10 12:45:00,5.08,5.0304475,1.9999628,5.184469,0.0,0.01655259,100.0,7.9997687
2018-11-10 13:00:00,5.08,5.018885,1.9999628,4.9395304,0.0,0.0027761583,100.0,7.9997687
2018-11-10 13:15:00,28.66,7.6711173,1.9999628,13.455079,0.01,0.0,95.87,7.9997687
2018-11-10 13:30:00,49.97,7.9920454,1.9999628,13.984184,0.02,0.018661525,93.47,7.9997687
2018-11-10 13:45:00,60.77,7.9933677,1.9999628,13.985349,0.03,0.020641787,91.11,7.9997687
2018-11-10 14:00:00,63.43,7.9933677,1.9999628,13.985349,0.03,0.049115818,88.19,7.9997687
2018-11-10 14:15:00,61.27,7.9933686,1.9999628,13.985631,0.03,0.0,89.99,7.9997687
2018-11-10 14:30:00,52.52,7.9933686,1.9999628,13.985631,0.02,0.0,90.47,7.9997687
2018-11-10 14:45:00,50.36,7.9933686,1.9999628,13.985631,0.02,0.0023571735,92.09,7.9997687
2018-11-10 15:00:00,47.84,7.9933686,1.9999628,13.985631,0.02,0.0,92.06,7.9997687
2018-11-10 15:15:00,67.68,7.9933686,1.9999628,13.985631,0.03,0.048486684,88.19,7.9997687
2018-11-10 15:30:00,46.37,7.9933686,1.9999628,13.98467,0.02,0.016396744,93.75,7.9997687
2018-11-10 15:45:00,55.15,7.9933686,1.9999628,13.985631,0.03,0.031790115,90.77,7.9997687
2018-11-10 16:00:00,51.26,7.9933686,1.9999628,13.985631,0.02,0.0,91.52,7.9997687
2018-11-10 16:15:00,37.15,7.9933686,1.9999628,13.985631,0.02,0.014363278,96.7,7.9997687
2018-11-10 16:30:00,48.82,7.9933686,1.9999628,13.985631,0.02,0.0,90.97,7.9997687
2018-11-10 16:45:00,30.6,7.9933686,1.9999628,13.985631,0.01,0.0,97.97,7.9997687
2018-11-10 17:00:00,5.87,5.7874217,1.9999628,6.107339,0.0,0.0,100.0,7.9997687
2018-11-10 17:15:00,5.0,5.009793,1.9999628,4.934115,0.0,0.0,100.0,7.9997687
2018-11-10 17:30:00,3.67,3.7075946,1.9999628,4.088653,0.0,0.017818104,100.0,7.9997687
2018-11-10 17:45:00,3.71,3.7107432,1.9999628,3.7298818,0.0,0.0,100.0,7.9997687
2018-11-10 18:00:00,4.5,4.5559144,1.9999628,4.5495777,0.0,0.006726879,100.0,7.9997687
2018-11-10 18:15:00,4.61,4.5936646,1.9999628,4.486598,0.0,0.0,100.0,7.9997687
2018-11-10 18:30:00,3.64,3.684831,1.9999628,3.8188193,0.0,0.004342981,100.0,7.9997687
2018-11-10 18:45:00,3.67,3.6705244,1.9999628,3.719535,0.0,0.011320542,100.0,7.9997687
2018-11-10 19:00:00,3.74,3.760179,1.9999628,3.787012,0.0,0.0,100.0,7.9997687
2018-11-10 19:15:00,3.82,3.8120184,1.9999628,3.8581119,0.0,0.0042338045,100.0,7.9997687
2018-11-10 19:30:00,3.71,3.7293186,1.9999628,3.741512,0.0,0.040336493,100.0,7.9997687
2018-11-10 19:45:00,3.67,3.6630628,1.9999628,3.7120395,0.0,0.020307736,100.0,7.9997687
2018-11-10 20:00:00,3.71,3.7240057,1.9999628,3.745371,0.0,0.018336093,100.0,7.9997687
2018-11-10 20:15:00,3.74,3.7521803,1.9999628,3.7472262,0.0,0.009184893,100.0,7.9997687
2018-11-10 20:30:00,3.71,3.6963184,1.9999628,3.713433,0.0,0.0,100.0,7.9997687
2018-11-10 20:45:00,3.71,3.6987379,1.9999628,3.73934,0.0,0.0043464745,100.0,7.9997687
2018-11-10 21:00:00,3.67,3.6791985,1.9999628,3.6857097,0.0,0.015613701,100.0,7.9997687
2018-11-10 21:15:00,3.74,3.7472255,1.9999628,3.7746909,0.0,0.0045920336,100.0,7.9997687
2018-11-10 21:30:00,3.67,3.6987088,1.9999628,3.682901,0.0,0.0009473921,100.0,7.9997687
2018-11-10 21:45:00,3.71,3.7223303,1.9999628,3.7386339,0.0,0.030135857,100.0,7.9997687
2018-11-10 22:00:00,3.78,3.7662923,1.9999628,3.7916417,0.0,0.008912433,100.0,7.9997687
2018-11-10 22:15:00,4.21,4.1732135,1.9999628,4.2036657,0.0,0.003632716,57.12,7.9997687
2018-11-10 22:30:00,4.43,4.4359536,1.9999628,4.427948,0.0,0.010772851,58.2,7.9997687
2018-11-10 22:45:00,3.46,3.567176,1.9999628,3.767575,0.0,0.016920198,48.79,7.9997687
2018-11-10 23:00:00,3.42,3.4185266,1.9999628,3.5278184,0.0,0.0,48.36,7.9997687
2018-11-10 23:15:00,3.49,3.505973,1.9999628,3.5912569,0.0,0.0,52.55,7.9997687
2018-11-10 23:30:00,3.35,3.3129346,1.9999628,3.3397467,0.0,0.0,54.3,7.9997687
2018-11-10 23:45:00,2.74,2.699228,1.9999628,2.784468,0.0,0.0,60.99,7.9997687
2018-11-11 00:00:00,2.7,2.6838593,1.9999628,2.7597373,0.0,0.0,64.02,7.9997687
2018-11-11 00:15:00,2.7,2.6840422,1.9999628,2.7574267,0.0,0.024367679,59.26,7.9997687
2018-11-11 00:30:00,2.81,2.8170838,1.9999628,2.8330631,0.0,0.0,58.26,7.9997687
2018-11-11 00:45:00,2.77,2.7641852,1.9999628,2.7779667,0.0,0.023584934,57.32,7.9997687
2018-11-11 01:00:00,2.77,2.7605238,1.9999628,2.7800703,0.0,0.0,56.26,7.9997687
2018-11-11 01:15:00,2.77,2.7605238,1.9999628,2.7818546,0.0,0.024055796,55.98,7.9997687
2018-11-11 01:30:00,2.81,2.8451185,1.9999628,2.8242712,0.0,0.0,55.79,7.9997687
2018-11-11 01:45:00,2.77,2.787274,1.9999628,2.7805517,0.0,0.004965922,55.98,7.9997687
2018-11-11 02:00:00,2.84,2.8410149,1.9999628,2.8701806,0.0,0.0,56.57,7.9997687
2018-11-11 02:15:00,2.81,2.7978415,1.9999628,2.8116188,0.0,0.0,54.88,7.9997687
2018-11-11 02:30:00,4.21,4.1254587,1.9999628,4.079857,0.0,0.0032548737,58.54,7.9997687
2018-11-11 02:45:00,4.28,4.149332,1.9999628,4.243473,0.0,0.0,57.31,7.9997687
2018-11-11 03:00:00,2.84,2.8799803,1.9999628,3.2661006,0.0,0.009497072,53.03,7.9997687
2018-11-11 03:15:00,2.92,2.944274,1.9999628,2.9750402,0.0,0.0,54.78,7.9997687
2018-11-11 03:30:00,2.81,2.8139925,1.9999628,2.8258557,0.0,0.0,53.56,7.9997687
2018-11-11 03:45:00,2.88,2.838236,1.9999628,2.8813417,0.0,0.0,52.98,7.9997687
2018-11-11 04:00:00,2.88,2.9127004,1.9999628,2.8922722,0.0,0.0,52.09,7.9997687
2018-11-11 04:15:00,2.84,2.841539,1.9999628,2.881537,0.0,0.0,53.37,7.9997687
2018-11-11 04:30:00,2.84,2.8570383,1.9999628,2.8699648,0.0,0.0066136066,53.97,7.9997687
2018-11-11 04:45:00,2.84,2.860485,1.9999628,2.86056,0.0,0.0,53.97,7.9997687
2018-11-11 05:00:00,2.81,2.8206997,1.9999628,2.8087847,0.0,0.0,53.56,7.9997687
2018-11-11 05:15:00,2.84,2.8703117,1.9999628,2.851239,0.0,0.0,53.37,7.9997687
2018-11-11 05:30:00,2.84,2.8667932,1.9999628,2.8572,0.0,0.0,54.32,7.9997687
2018-11-11 05:45:00,2.95,2.9354954,1.9999628,2.957541,0.0,0.0,53.9,7.9997687
2018-11-11 06:00:00,3.49,3.5069833,1.9999628,3.4530158,0.0,0.0,48.87,7.9997687
2018-11-11 06:15:00,3.38,3.3132455,1.9999628,3.3871486,0.0,0.0,49.21,7.9997687
2018-11-11 06:30:00,2.99,3.017321,1.9999628,3.0034218,0.0,0.011543303,51.02,7.9997687
2018-11-11 06:45:00,3.46,3.4008677,1.9999628,3.5905964,0.0,0.014002764,47.33,7.9997687
2018-11-11 07:00:00,3.13,3.1458588,1.9999628,3.183728,0.0,0.07248377,48.46,7.9997687
2018-11-11 07:15:00,2.84,2.9042382,1.9999628,2.9603944,0.0,0.012366974,53.37,7.9997687
2018-11-11 07:30:00,2.81,2.7983694,1.9999628,2.8130758,0.0,0.007963372,52.97,7.9997687
2018-11-11 07:45:00,2.77,2.7635295,1.9999628,2.8015983,0.0,0.0,51.5,7.9997687
2018-11-11 08:00:00,2.81,2.862823,1.9999628,2.8342838,0.0,0.0049902573,52.05,7.9997687
2018-11-11 08:15:00,2.81,2.8220055,1.9999628,2.9088209,0.0,0.0,51.15,7.9997687
2018-11-11 08:30:00,2.84,2.8623805,1.9999628,2.9512,0.0,0.0,51.32,7.9997687
2018-11-11 08:45:00,2.95,2.938407,1.9999628,3.0572064,0.0,0.0,80.68,7.9997687
2018-11-11 09:00:00,2.92,2.9680648,1.9999628,2.941902,0.0,0.0,100.0,7.9997687
2018-11-11 09:15:00,2.95,2.9563756,1.9999628,2.9680073,0.0,0.0,100.0,7.9997687
2018-11-11 09:30:00,3.53,3.5377307,1.9999628,3.5372882,0.0,0.0,100.0,7.9997687
2018-11-11 09:45:00,3.6,3.6397605,1.9999628,3.672749,0.0,0.0,100.0,7.9997687
2018-11-11 10:00:00,3.2,3.2066321,1.9999628,3.209605,0.0,0.017993603,100.0,7.9997687
2018-11-11 10:15:00,2.99,2.9908938,1.9999628,3.0708938,0.0,0.008911638,100.0,7.9997687
2018-11-11 10:30:00,2.99,2.9994895,1.9999628,2.993752,0.0,0.047497924,100.0,7.9997687
2018-11-11 10:45:00,2.95,2.9478765,1.9999628,2.9817548,0.0,0.0,100.0,7.9997687
2018-11-11 11:00:00,2.95,2.9664097,1.9999628,2.9648275,0.0,0.0,100.0,7.9997687
2018-11-11 11:15:00,2.95,2.9684248,1.9999628,2.9626172,0.0,0.0,100.0,7.9997687
2018-11-11 11:30:00,3.02,3.0590096,1.9999628,3.0314183,0.0,0.0,100.0,7.9997687
2018-11-11 11:45:00,2.95,2.9808345,1.9999628,2.9804945,0.0,0.0,100.0,7.9997687
2018-11-11 12:00:00,3.35,3.3612015,1.9999628,3.3647234,0.0,0.0,100.0,7.9997687
2018-11-11 12:15:00,3.64,3.6295588,1.9999628,3.6714957,0.0,0.03759851,100.0,7.9997687
2018-11-11 12:30:00,3.02,3.0096223,1.9999628,3.0082672,0.0,0.019287573,100.0,7.9997687
2018-11-11 12:45:00,2.99,2.9831088,1.9999628,3.0005631,0.0,0.053087905,100.0,7.9997687
2018-11-11 13:00:00,3.02,2.9970207,1.9999628,3.0275567,0.0,0.0,100.0,7.9997687
2018-11-11 13:15:00,3.42,3.434761,1.9999628,3.4492915,0.0,0.0,100.0,7.9997687
2018-11-11 13:30:00,3.56,3.5864515,1.9999628,3.6490986,0.0,0.0,100.0,7.9997687
2018-11-11 13:45:00,3.28,3.2774034,1.9999628,3.310695,0.0,0.0,100.0,7.9997687
2018-11-11 14:00:00,2.88,2.8894622,1.9999628,3.0068614,0.0,0.017423172,100.0,7.9997687
2018-11-11 14:15:00,2.84,2.8049803,1.9999628,2.8646405,0.0,0.0,100.0,7.9997687
2018-11-11 14:30:00,2.95,2.9366207,1.9999628,2.9857433,0.0,0.0,100.0,7.9997687
2018-11-11 14:45:00,2.88,2.9254513,1.9999628,2.8566182,0.0,0.0,100.0,7.9997687
2018-11-11 15:00:00,2.92,2.9099371,1.9999628,2.9340405,0.0,0.017216926,100.0,7.9997687
2018-11-11 15:15:00,2.88,2.8808513,1.9999628,2.8889527,0.0,0.0,100.0,7.9997687
2018-11-11 15:30:00,2.92,2.925222,1.9999628,2.92842,0.0,0.051225614,100.0,7.9997687
2018-11-11 15:45:00,2.95,2.9693503,1.9999628,2.9575403,0.0,0.014919804,100.0,7.9997687
2018-11-11 16:00:00,2.99,2.9743102,1.9999628,3.0093806,0.0,0.0,100.0,7.9997687
2018-11-11 16:15:00,2.95,2.9539187,1.9999628,2.935693,0.0,0.05339722,100.0,7.9997687
2018-11-11 16:30:00,3.46,3.4570792,1.9999628,3.4751866,0.0,0.026704442,100.0,7.9997687
2018-11-11 16:45:00,4.03,4.021719,1.9999628,3.9086895,0.0,0.0,100.0,7.9997687
2018-11-11 17:00:00,3.85,3.7764485,1.9999628,3.770104,0.0,0.0,100.0,7.9997687
2018-11-11 17:15:00,3.49,3.4914718,1.9999628,3.458417,0.0,0.0,100.0,7.9997687
2018-11-11 17:30:00,2.95,2.9654164,1.9999628,3.0219626,0.0,0.0,100.0,7.9997687
2018-11-11 17:45:00,2.92,2.9392774,1.9999628,2.9320035,0.0,0.0,100.0,7.9997687
2018-11-11 18:00:00,2.88,2.895993,1.9999628,2.878653,0.0,0.0128105115,100.0,7.9997687
2018-11-11 18:15:00,2.84,2.8214936,1.9999628,2.8689296,0.0,0.0,100.0,7.9997687
2018-11-11 18:30:00,2.88,2.8898034,1.9999628,2.8814273,0.0,0.004641471,100.0,7.9997687
2018-11-11 18:45:00,3.02,3.0185735,1.9999628,3.0205095,0.0,0.0,100.0,7.9997687
2018-11-11 19:00:00,2.92,2.93719,1.9999628,2.9666748,0.0,0.0003996397,100.0,7.9997687
2018-11-11 19:15:00,2.95,2.9499629,1.9999628,2.9719315,0.0,0.0,100.0,7.9997687
2018-11-11 19:30:00,2.95,2.9429665,1.9999628,2.9681277,0.0,0.0,100.0,7.9997687
2018-11-11 19:45:00,2.99,2.9809225,1.9999628,3.0059314,0.0,0.0,100.0,7.9997687
2018-11-11 20:00:00,2.95,2.9476676,1.9999628,2.94565,0.0,0.011389019,100.0,7.9997687
2018-11-11 20:15:00,2.99,2.9722672,1.9999628,3.0056767,0.0,0.009436533,100.0,7.9997687
2018-11-11 20:30:00,3.2,3.1945293,1.9999628,3.238851,0.0,0.04752497,100.0,7.9997687
2018-11-11 20:45:00,3.56,3.5942552,1.9999628,3.6422946,0.0,0.0,100.0,7.9997687
2018-11-11 21:00:00,3.49,3.4145908,1.9999628,3.523193,0.0,0.0,100.0,7.9997687
2018-11-11 21:15:00,2.95,2.953938,1.9999628,2.9962695,0.0,0.0,100.0,7.9997687
2018-11-11 21:30:00,2.99,2.9967663,1.9999628,3.0073946,0.0,0.0,100.0,7.9997687
2018-11-11 21:45:00,2.95,2.9851043,1.9999628,2.9574351,0.0,0.005979196,100.0,7.9997687
2018-11-11 22:00:00,2.92,2.9791105,1.9999628,2.9379036,0.0,0.08336818,100.0,7.9997687
2018-11-11 22:15:00,3.35,3.3688092,1.9999628,3.408743,0.0,0.04716515,57.63,7.9997687
2018-11-11 22:30:00,3.24,3.1967597,1.9999628,3.2308986,0.0,0.0,57.5,7.9997687
2018-11-11 22:45:00,2.74,2.697698,1.9999628,2.8568344,0.0,0.004220959,62.97,7.9997687
2018-11-11 23:00:00,2.74,2.7327335,1.9999628,2.7865465,0.0,0.008022791,65.39,7.9997687
2018-11-11 23:15:00,2.63,2.6437624,1.9999628,2.694632,0.0,0.0,68.33,7.9997687
2018-11-11 23:30:00,2.66,2.627622,1.9999628,2.674203,0.0,0.0,67.34,7.9997687
2018-11-11 23:45:00,2.66,2.6433527,1.9999628,2.703818,0.0,0.0,66.97,7.9997687
2018-11-12 00:00:00,4.82,4.748526,1.9999628,4.9679723,0.0,0.0,61.01,7.9997687
2018-11-12 00:15:00,3.24,2.9100127,1.9999628,3.6773689,0.0,0.061719235,58.09,7.9997687
2018-11-12 00:30:00,3.42,3.3249512,1.9999628,3.5848753,0.0,0.0010444775,58.67,7.9997687
2018-11-12 00:45:00,2.88,2.8958442,1.9999628,2.9135027,0.0,0.03142873,59.5,7.9997687
2018-11-12 01:00:00,2.77,2.7539911,1.9999628,2.8386014,0.0,0.0,58.4,7.9997687
2018-11-12 01:15:00,2.77,2.7620687,1.9999628,2.7664652,0.0,0.0,58.4,7.9997687
2018-11-12 01:30:00,2.77,2.7678905,1.9999628,2.7768621,0.0,0.01520618,57.32,7.9997687
2018-11-12 01:45:00,2.84,2.850658,1.9999628,2.8776608,0.0,0.0,57.22,7.9997687
2018-11-12 02:00:00,2.84,2.8720155,1.9999628,2.8539515,0.0,0.0067517394,56.2,7.9997687
2018-11-12 02:15:00,2.77,2.7602544,1.9999628,2.786659,0.0,0.0,56.26,7.9997687
2018-11-12 02:30:00,2.81,2.8438654,1.9999628,2.8302166,0.0,0.0,57.2,7.9997687
2018-11-12 02:45:00,2.77,2.788546,1.9999628,2.785139,0.0,0.0,57.32,7.9997687
2018-11-12 03:00:00,2.81,2.8431957,1.9999628,2.8286455,0.0,0.0,57.2,7.9997687
2018-11-12 03:15:00,3.38,3.4089742,1.9999628,3.408455,0.0,0.0,53.06,7.9997687
2018-11-12 03:30:00,3.49,3.4252307,1.9999628,3.506513,0.0,0.0036641075,52.55,7.9997687
2018-11-12 03:45:00,3.38,3.270993,1.9999628,3.3467293,0.0,0.0,53.06,7.9997687
2018-11-12 04:00:00,3.31,3.264054,1.9999628,3.288675,0.0,0.009725496,54.89,7.9997687
2018-11-12 04:15:00,2.74,2.7969913,1.9999628,2.795363,0.0,0.0,58.69,7.9997687
2018-11-12 04:30:00,2.74,2.739119,1.9999628,2.7658923,0.0,0.0,60.56,7.9997687
2018-11-12 04:45:00,2.74,2.7492888,1.9999628,2.7833827,0.0,0.04359679,61.32,7.9997687
2018-11-12 05:00:00,2.74,2.7387478,1.9999628,2.7768888,0.0,0.0,62.97,7.9997687
2018-11-12 05:15:00,2.7,2.6766636,1.9999628,2.712837,0.0,0.0,63.55,7.9997687
2018-11-12 05:30:00,2.66,2.676229,1.9999628,2.6968224,0.0,0.0,63.92,7.9997687
2018-11-12 05:45:00,2.66,2.651894,1.9999628,2.6972668,0.0,0.0,64.76,7.9997687
2018-11-12 06:00:00,2.7,2.6838074,1.9999628,2.7027388,0.0,0.0,65.32,7.9997687
2018-11-12 06:15:00,2.74,2.7156792,1.9999628,2.7582607,0.0,0.0,66.23,7.9997687
2018-11-12 06:30:00,2.59,2.63855,1.9999628,2.6725109,0.0,0.02494457,64.61,7.9997687
2018-11-12 06:45:00,2.59,2.5919898,1.9999628,2.6039321,0.0,0.0,65.1,7.9997687
2018-11-12 07:00:00,2.63,2.6490633,1.9999628,2.6709228,0.0,0.0,64.69,7.9997687
2018-11-12 07:15:00,3.53,3.630208,1.9999628,3.534225,0.0,0.0,69.32,7.9997687
2018-11-12 07:30:00,5.72,5.739033,1.9999628,5.776654,0.0,0.0,82.22,7.9997687
2018-11-12 07:45:00,5.08,4.6165376,1.9999628,4.8210545,0.0,0.110334374,73.04,7.9997687
2018-11-12 08:00:00,5.0,4.861585,1.9999628,5.072586,0.0,0.0,74.63,7.9997687
2018-11-12 08:15:00,15.05,7.938235,1.9999628,13.877179,0.01,0.050810903,77.68,7.9997687
2018-11-12 08:30:00,50.58,7.9489837,1.9999628,13.919359,0.02,0.014520989,77.76,7.9997687
2018-11-12 08:45:00,61.16,7.993313,1.9999628,13.98462,0.03,0.016457083,84.59,7.9997687
2018-11-12 09:00:00,55.01,7.9895954,1.9999628,13.985349,0.03,0.025972627,92.85,7.9997687
2018-11-12 09:15:00,62.14,7.9933677,1.9999628,13.985349,0.03,0.027157031,91.54,7.9997687
2018-11-12 09:30:00,62.5,7.9933686,1.9999628,13.985631,0.03,0.011309116,89.44,7.9997687
2018-11-12 09:45:00,67.07,7.9933686,1.9999628,13.985631,0.03,0.057843093,88.72,7.9997687
2018-11-12 10:00:00,57.89,7.9933686,1.9999628,13.985631,0.03,0.0,91.31,7.9997687
2018-11-12 10:15:00,51.98,7.9933686,1.9999628,13.985631,0.02,0.005660219,93.56,7.9997687
2018-11-12 10:30:00,70.02,7.9933686,1.9999628,13.985631,0.03,0.0,87.86,7.9997687
2018-11-12 10:45:00,60.08,7.9933686,1.9999628,13.985631,0.03,0.0,90.05,7.9997687
2018-11-12 11:00:00,57.71,7.9933686,1.9999628,13.985631,0.03,0.0,90.44,7.9997687
2018-11-12 11:15:00,52.06,7.9933686,1.9999628,13.985631,0.02,0.0,90.78,7.9997687
2018-11-12 11:30:00,57.17,7.9933686,1.9999628,13.985631,0.03,0.04300014,88.17,7.9997687
2018-11-12 11:45:00,78.19,7.9933686,1.9999628,13.985631,0.04,0.03347967,85.52,7.9997687
2018-11-12 12:00:00,59.9,7.9933805,1.9999628,13.984885,0.03,0.083654255,87.09,7.9997687
2018-11-12 12:15:00,4.93,4.876705,1.9999628,5.13666,0.0,0.04499549,100.0,7.9997687
2018-11-12 12:30:00,5.0,4.9833884,1.9999628,5.0612664,0.0,0.0005250641,100.0,7.9997687
2018-11-12 12:45:00,4.97,4.9814725,1.9999628,5.124164,0.0,0.0,100.0,7.9997687
2018-11-12 13:00:00,5.87,5.7073107,1.9999628,5.992206,0.0,0.0,100.0,7.9997687
2018-11-12 13:15:00,43.81,7.9244943,1.9999628,13.8678055,0.02,0.0,89.93,7.9997687
2018-11-12 13:30:00,78.73,7.993253,1.9999628,13.984462,0.04,0.036929853,83.08,7.9997687
2018-11-12 13:45:00,69.05,7.9895954,1.9999628,13.985349,0.03,0.09476656,87.14,7.9997687
2018-11-12 14:00:00,70.06,7.9933677,1.9999628,13.985349,0.03,0.08067917,86.58,7.9997687
2018-11-12 14:15:00,55.08,7.9933686,1.9999628,13.985631,0.03,0.057334386,89.44,7.9997687
2018-11-12 14:30:00,59.29,7.9933686,1.9999628,13.985631,0.03,0.026043104,86.62,7.9997687
2018-11-12 14:45:00,73.4,7.9933686,1.9999628,13.985631,0.03,0.027481828,84.6,7.9997687
2018-11-12 15:00:00,68.18,7.9933686,1.9999628,13.985631,0.03,0.034196734,84.97,7.9997687
2018-11-12 15:15:00,75.35,7.9933686,1.9999628,13.985631,0.03,0.008593748,83.65,7.9997687
2018-11-12 15:30:00,61.96,7.9933686,1.9999628,13.985631,0.03,0.03782767,86.22,7.9997687
2018-11-12 15:45:00,82.04,7.9933686,1.9999628,13.985631,0.04,0.020231243,88.67,7.9997687
2018-11-12 16:00:00,115.13,7.9933686,1.9999628,13.985631,0.05,0.031601552,91.22,7.9997687
2018-11-12 16:15:00,105.7,7.9933686,1.9999628,13.985631,0.05,0.124665365,89.27,7.9997687
2018-11-12 16:30:00,104.4,7.9933686,1.9999628,13.985631,0.05,0.018628906,88.0,7.9997687
2018-11-12 16:45:00,107.5,7.9933686,1.9999628,13.985631,0.05,0.09874757,92.07,7.9997687
2018-11-12 17:00:00,96.26,7.9933686,1.9999628,13.985631,0.04,0.026775094,91.39,7.9997687
2018-11-12 17:15:00,86.83,7.9933686,1.9999628,13.985631,0.04,0.09246181,89.43,7.9997687
2018-11-12 17:30:00,108.97,7.9933686,1.9999628,13.985631,0.05,0.0,92.5,7.9997687
2018-11-12 17:45:00,33.05,7.9933686,1.9999628,13.940625,0.02,0.0,99.94,7.9997687
2018-11-12 18:00:00,32.26,7.9933686,1.9999628,13.985631,0.01,0.021242807,98.57,7.9997687
2018-11-12 18:15:00,90.86,7.9933686,1.9999628,13.985631,0.04,0.0845487,89.57,7.9997687
2018-11-12 18:30:00,96.34,7.9933686,1.9999628,13.985631,0.04,0.07986712,92.41,7.9997687
2018-11-12 18:45:00,108.61,7.9933686,1.9999628,13.985631,0.05,0.035792053,94.6,7.9997687
2018-11-12 19:00:00,109.37,7.9933686,1.9999628,13.985631,0.05,0.16528147,91.22,7.9997687
2018-11-12 19:15:00,108.5,7.9933686,1.9999628,13.985631,0.05,0.072286665,94.35,7.9997687
2018-11-12 19:30:00,90.25,7.9933686,1.9999628,13.985631,0.04,0.031923275,94.14,7.9997687
2018-11-12 19:45:00,108.0,7.9933686,1.9999628,13.985631,0.05,0.026976153,93.53,7.9997687
2018-11-12 20:00:00,123.73,7.9933686,1.9999628,13.985631,0.06,0.0,92.28,7.9997687
2018-11-12 20:15:00,86.83,7.9933686,1.9999628,13.98467,0.04,0.036244202,94.17,7.9997687
2018-11-12 20:30:00,111.35,7.9933686,1.9999628,13.985631,0.05,0.07935925,93.5,7.9997687
2018-11-12 20:45:00,100.19,7.9933686,1.9999628,13.985631,0.05,0.0031217018,92.95,7.9997687
2018-11-12 21:00:00,23.62,7.980692,1.9999628,13.9135,0.01,0.035753865,99.05,7.9997687
2018-11-12 21:15:00,6.84,6.3516397,1.9999628,6.793753,0.0,0.02377587,100.0,7.9997687
2018-11-12 21:30:00,5.36,5.313775,1.9999628,5.373948,0.0,0.026740067,100.0,7.9997687
2018-11-12 21:45:00,5.33,5.210902,1.9999628,5.3661675,0.0,0.0,100.0,7.9997687
2018-11-12 22:00:00,5.4,5.271229,1.9999628,5.389398,0.0,0.0,100.0,7.9997687
2018-11-12 22:15:00,5.15,5.107597,1.9999628,5.338821,0.0,0.0074630626,51.82,7.9997687
2018-11-12 22:30:00,4.97,5.072897,1.9999628,4.9714174,0.0,0.051474296,49.69,7.9997687
2018-11-12 22:45:00,5.0,4.960987,1.9999628,5.0108175,0.0,0.016574077,50.39,7.9997687
2018-11-12 23:00:00,5.04,5.038845,1.9999628,5.0184803,0.0,0.0,50.87,7.9997687
2018-11-12 23:15:00,4.9,4.9417434,1.9999628,4.812445,0.0,0.0151099,52.95,7.9997687
2018-11-12 23:30:00,5.44,5.293648,1.9999628,5.332478,0.0,0.029814413,58.61,7.9997687
2018-11-12 23:45:00,6.01,5.844742,1.9999628,5.9041424,0.0,0.0,64.66,7.9997687
2018-11-13 00:00:00,31.5,7.462648,1.9999628,13.31921,0.01,0.0,72.01,7.9997687
2018-11-13 00:15:00,4.79,5.4556246,1.9999628,6.6807566,0.0,0.08741857,59.86,7.9997687
2018-11-13 00:30:00,4.79,4.7912354,1.9999628,5.399654,0.0,0.050833732,59.03,7.9997687
2018-11-13 00:45:00,4.86,4.8874164,1.9999628,5.164866,0.0,0.05502656,60.24,7.9997687
2018-11-13 01:00:00,4.79,4.826039,1.9999628,5.108533,0.0,0.012419832,60.28,7.9997687
2018-11-13 01:15:00,4.82,4.819741,1.9999628,4.8645177,0.0,0.02894837,61.19,7.9997687
2018-11-13 01:30:00,4.36,4.3151126,1.9999628,4.5410156,0.0,0.033875253,55.59,7.9997687
2018-11-13 01:45:00,3.67,3.6915934,1.9999628,3.9613206,0.0,0.004236302,50.1,7.9997687
2018-11-13 02:00:00,3.78,3.788167,1.9999628,3.8756933,0.0,0.0,50.16,7.9997687
2018-11-13 02:15:00,3.67,3.7023368,1.9999628,3.6773906,0.0,0.0,49.05,7.9997687
2018-11-13 02:30:00,3.67,3.6726236,1.9999628,3.774592,0.0,0.019723589,49.69,7.9997687
2018-11-13 02:45:00,3.67,3.6571426,1.9999628,3.768529,0.0,0.021703793,48.88,7.9997687
2018-11-13 03:00:00,3.74,3.7241325,1.9999628,3.8157375,0.0,0.0,50.4,7.9997687
2018-11-13 03:15:00,3.74,3.6977348,1.9999628,3.8071792,0.0,0.0,49.76,7.9997687
2018-11-13 03:30:00,4.36,4.3607635,1.9999628,4.3989725,0.0,0.0,55.59,7.9997687
2018-11-13 03:45:00,4.82,4.785235,1.9999628,4.854739,0.0,0.0,60.76,7.9997687
2018-11-13 04:00:00,4.75,4.659228,1.9999628,4.449539,0.0,0.0,58.71,7.9997687
2018-11-13 04:15:00,4.79,4.7430296,1.9999628,4.5748096,0.0,0.0,59.44,7.9997687
2018-11-13 04:30:00,3.96,3.9745574,1.9999628,4.2405334,0.0,0.025457362,53.64,7.9997687
2018-11-13 04:45:00,3.67,3.6469765,1.9999628,3.9404562,0.0,0.0070592477,51.0,7.9997687
2018-11-13 05:00:00,3.71,3.7246852,1.9999628,3.785096,0.0,0.0061424286,51.17,7.9997687
2018-11-13 05:15:00,3.67,3.6727037,1.9999628,3.7448359,0.0,0.0,50.76,7.9997687
2018-11-13 05:30:00,3.67,3.6629233,1.9999628,3.739499,0.0,0.027029071,49.28,7.9997687
2018-11-13 05:45:00,3.71,3.6986756,1.9999628,3.75395,0.0,0.026695732,50.09,7.9997687
2018-11-13 06:00:00,3.74,3.7449794,1.9999628,3.799102,0.0,0.02552696,51.29,7.9997687
2018-11-13 06:15:00,3.67,3.689878,1.9999628,3.7200806,0.0,0.0059830383,53.27,7.9997687
2018-11-13 06:30:00,3.6,3.5938883,1.9999628,3.7073383,0.0,0.015365344,50.95,7.9997687
2018-11-13 06:45:00,3.64,3.6347575,1.9999628,3.6880696,0.0,0.013006194,53.16,7.9997687
2018-11-13 07:00:00,3.64,3.6391373,1.9999628,3.7082381,0.0,0.016771313,52.7,7.9997687
2018-11-13 07:15:00,3.6,3.586298,1.9999628,3.7059386,0.0,0.027748302,53.27,7.9997687
2018-11-13 07:30:00,4.54,4.497977,1.9999628,4.726649,0.0,0.025030015,65.91,7.9997687
2018-11-13 07:45:00,6.91,6.641406,1.9999628,6.8696637,0.0,0.010178445,80.18,7.9997687
2018-11-13 08:00:00,7.27,6.721526,1.9999628,7.0752735,0.0,0.0038893092,83.13,7.9997687
2018-11-13 08:15:00,62.17,7.870536,1.9999628,13.864923,0.03,0.12652215,81.7,7.9997687
2018-11-13 08:30:00,103.1,7.992925,1.9999628,13.98462,0.05,0.08097432,81.93,7.9997687
2018-11-13 08:45:00,105.7,7.9933677,1.9999628,13.985349,0.05,0.0722864,84.33,7.9997687
2018-11-13 09:00:00,130.46,7.9933677,1.9999628,13.985349,0.06,0.12618725,91.41,7.9997687
2018-11-13 09:15:00,92.16,7.9933686,1.9999628,13.98467,0.04,0.08456578,89.35,7.9997687
2018-11-13 09:30:00,72.14,7.9933686,1.9999628,13.985631,0.03,0.04609849,89.81,7.9997687
2018-11-13 09:45:00,115.34,7.9933686,1.9999628,13.985631,0.05,0.15562655,92.32,7.9997687
2018-11-13 10:00:00,106.42,7.9933686,1.9999628,13.985631,0.05,0.13134079,90.57,7.9997687
2018-11-13 10:15:00,87.55,7.9933686,1.9999628,13.985631,0.04,0.022242563,92.33,7.9997687
2018-11-13 10:30:00,102.42,7.9933686,1.9999628,13.985631,0.05,0.08383252,93.61,7.9997687
2018-11-13 10:45:00,104.0,7.9933686,1.9999628,13.985631,0.05,0.07660549,93.83,7.9997687
2018-11-13 11:00:00,83.38,7.9933686,1.9999628,13.98467,0.04,0.042288415,92.81,7.9997687
2018-11-13 11:15:00,107.75,7.9933686,1.9999628,13.985631,0.05,0.0843792,94.88,7.9997687
2018-11-13 11:30:00,84.17,7.9933686,1.9999628,13.98467,0.04,0.060762547,92.24,7.9997687
2018-11-13 11:45:00,100.15,7.9933686,1.9999628,13.985631,0.05,0.036353663,91.88,7.9997687
2018-11-13 12:00:00,95.94,7.9933805,1.9999628,13.984885,0.04,0.065218456,91.73,7.9997687
2018-11-13 12:15:00,36.72,7.988677,1.9999628,13.9253645,0.02,0.01959515,98.79,7.9997687
2018-11-13 12:30:00,31.14,7.988677,1.9999628,13.958058,0.01,0.031759497,99.86,7.9997687
2018-11-13 12:45:00,32.69,7.988677,1.9999628,13.975745,0.01,0.0,98.43,7.9997687
2018-11-13 13:00:00,31.43,7.9933686,1.9999628,13.985631,0.01,0.02097664,99.87,7.9997687
2018-11-13 13:15:00,44.1,7.9933686,1.9999628,13.985631,0.02,0.041693848,94.02,7.9997687
2018-11-13 13:30:00,82.26,7.9933686,1.9999628,13.985631,0.04,0.06933837,95.15,7.9997687
2018-11-13 13:45:00,78.84,7.9933686,1.9999628,13.985631,0.04,0.0,96.06,7.9997687
2018-11-13 14:00:00,100.33,7.9933686,1.9999628,13.985631,0.05,0.030406252,93.22,7.9997687
2018-11-13 14:15:00,66.38,7.9933686,1.9999628,13.98467,0.03,0.00976353,91.26,7.9997687
2018-11-13 14:30:00,85.79,7.9933686,1.9999628,13.985631,0.04,0.044159483,92.11,7.9997687
2018-11-13 14:45:00,112.03,7.9933686,1.9999628,13.985631,0.05,0.051464602,93.27,7.9997687
2018-11-13 15:00:00,70.31,7.9933686,1.9999628,13.98467,0.03,0.055118673,92.47,7.9997687
2018-11-13 15:15:00,88.88,7.9933686,1.9999628,13.985631,0.04,0.037518248,91.32,7.9997687
2018-11-13 15:30:00,77.29,7.9933686,1.9999628,13.985631,0.04,0.07528831,93.89,7.9997687
2018-11-13 15:45:00,107.89,7.9933686,1.9999628,13.985631,0.05,0.10881876,93.28,7.9997687
2018-11-13 16:00:00,60.08,7.9933686,1.9999628,13.9829645,0.03,0.037271507,90.7,7.9997687
2018-11-13 16:15:00,56.95,7.9933686,1.9999628,13.985631,0.03,0.0519669,88.98,7.9997687
2018-11-13 16:30:00,53.06,7.9933686,1.9999628,13.985631,0.02,0.039413974,87.61,7.9997687
2018-11-13 16:45:00,92.7,7.9933686,1.9999628,13.985631,0.04,0.13616528,92.74,7.9997687
2018-11-13 17:00:00,114.91,7.9933686,1.9999628,13.985631,0.05,0.1023955,91.7,7.9997687
2018-11-13 17:15:00,92.56,7.9933686,1.9999628,13.98467,0.04,0.06574316,91.37,7.9997687
2018-11-13 17:30:00,90.79,7.9933686,1.9999628,13.985631,0.04,0.0,90.26,7.9997687
2018-11-13 17:45:00,39.38,7.9933686,1.9999628,13.9829645,0.02,0.0,98.88,7.9997687
2018-11-13 18:00:00,35.35,7.9933686,1.9999628,13.985631,0.02,0.0,98.05,7.9997687
2018-11-13 18:15:00,71.17,7.9933686,1.9999628,13.985631,0.03,0.046123322,91.53,7.9997687
2018-11-13 18:30:00,107.17,7.9933686,1.9999628,13.985631,0.05,0.014275079,92.06,7.9997687
2018-11-13 18:45:00,76.36,7.9933686,1.9999628,13.98467,0.04,0.017881911,95.8,7.9997687
2018-11-13 19:00:00,93.92,7.9933686,1.9999628,13.985631,0.04,0.04266944,93.77,7.9997687
2018-11-13 19:15:00,74.45,7.9933686,1.9999628,13.985631,0.03,0.049410023,93.55,7.9997687
2018-11-13 19:30:00,104.26,7.9933686,1.9999628,13.985631,0.05,0.09191293,92.33,7.9997687
2018-11-13 19:45:00,62.64,7.9933686,1.9999628,13.98467,0.03,0.031089596,92.81,7.9997687
2018-11-13 20:00:00,90.14,7.9933686,1.9999628,13.985631,0.04,0.066821225,91.87,7.9997687
2018-11-13 20:15:00,70.38,7.9933686,1.9999628,13.985631,0.03,0.04751923,91.52,7.9997687
2018-11-13 20:30:00,100.73,7.9933686,1.9999628,13.985631,0.05,0.087679885,91.45,7.9997687
2018-11-13 20:45:00,68.98,7.9933686,1.9999628,13.98467,0.03,0.045518626,90.08,7.9997687
2018-11-13 21:00:00,49.61,7.9933686,1.9999628,13.985631,0.02,0.0571165,93.72,7.9997687
2018-11-13 21:15:00,32.15,7.9933686,1.9999628,13.985631,0.01,0.051875457,96.07,7.9997687
2018-11-13 21:30:00,31.14,7.9933686,1.9999628,13.985631,0.01,0.005795804,96.3,7.9997687
2018-11-13 21:45:00,32.26,7.9933686,1.9999628,13.985631,0.01,0.0,96.35,7.9997687
2018-11-13 22:00:00,32.11,7.9822907,1.9999628,13.97619,0.01,0.0,95.95,7.9997687
2018-11-13 22:15:00,32.22,7.977045,1.9999628,13.97619,0.01,0.0,69.73,7.9997687
2018-11-13 22:30:00,32.54,7.96959,1.9999628,13.97619,0.01,0.0,71.65,7.9997687
2018-11-13 22:45:00,33.48,7.96959,1.9999628,13.97619,0.02,0.0,72.44,7.9997687
2018-11-13 23:00:00,33.34,7.96959,1.9999628,13.97619,0.02,0.0,72.69,7.9997687
2018-11-13 23:15:00,31.75,7.96959,1.9999628,13.97619,0.01,0.0,72.05,7.9997687
2018-11-13 23:30:00,31.5,7.96959,1.9999628,13.97619,0.01,0.0,72.71,7.9997687
2018-11-13 23:45:00,32.26,7.96959,1.9999628,13.97619,0.01,0.0,72.71,7.9997687
2018-11-14 00:00:00,4.75,5.425332,1.9999628,7.4725785,0.0,0.0,62.45,7.9997687
2018-11-14 00:15:00,31.64,7.807186,1.9999628,13.549896,0.01,0.08301021,71.72,7.9997687
2018-11-14 00:30:00,32.47,7.7764044,1.9999628,13.365675,0.01,0.048558243,75.18,7.9997687
2018-11-14 00:45:00,29.3,7.8157277,1.9999628,13.557926,0.01,0.03051738,76.19,7.9997687
2018-11-14 01:00:00,26.93,7.8344674,1.9999628,13.57341,0.01,0.0219782,75.68,7.9997687
2018-11-14 01:15:00,32.29,7.917761,1.9999628,13.712098,0.01,0.031840444,72.74,7.9997687
2018-11-14 01:30:00,3.82,6.96096,1.9999628,11.555333,0.0,0.0072830953,54.54,7.9997687
2018-11-14 01:45:00,3.74,3.8640857,1.9999628,4.752601,0.0,0.0,50.63,7.9997687
2018-11-14 02:00:00,3.71,3.7847505,1.9999628,4.0677786,0.0,0.0,49.69,7.9997687
2018-11-14 02:15:00,3.6,3.715066,1.9999628,3.990229,0.0,0.0,48.97,7.9997687
2018-11-14 02:30:00,3.67,3.6800594,1.9999628,3.7660139,0.0,0.0,49.05,7.9997687
2018-11-14 02:45:00,3.64,3.6181545,1.9999628,3.7318163,0.0,0.0,50.27,7.9997687
2018-11-14 03:00:00,3.67,3.6807284,1.9999628,3.716541,0.0,0.0,48.65,7.9997687
2018-11-14 03:15:00,3.67,3.7081676,1.9999628,3.7401652,0.0,0.020986332,51.18,7.9997687
2018-11-14 03:30:00,3.64,3.6343775,1.9999628,3.7257712,0.0,0.04041847,50.27,7.9997687
2018-11-14 03:45:00,3.13,3.1242456,1.9999628,3.3095129,0.0,0.027855597,53.29,7.9997687
2018-11-14 04:00:00,3.02,3.0076027,1.9999628,3.046539,0.0,0.0,55.13,7.9997687
2018-11-14 04:15:00,3.35,3.3554978,1.9999628,3.4976513,0.0,0.12218079,51.95,7.9997687
2018-11-14 04:30:00,3.67,3.6774516,1.9999628,3.765209,0.0,0.08423327,50.58,7.9997687
2018-11-14 04:45:00,3.06,3.0881171,1.9999628,3.1265342,0.0,0.004136384,55.64,7.9997687
2018-11-14 05:00:00,3.02,3.0348277,1.9999628,3.0606897,0.0,0.043701317,55.13,7.9997687
2018-11-14 05:15:00,3.02,3.014112,1.9999628,3.047383,0.0,0.06738951,56.33,7.9997687
2018-11-14 05:30:00,3.02,3.0135622,1.9999628,3.0438054,0.0,0.058370452,55.73,7.9997687
2018-11-14 05:45:00,3.02,3.009984,1.9999628,3.062611,0.0,0.052945685,56.33,7.9997687
2018-11-14 06:00:00,3.35,3.3661022,1.9999628,3.372526,0.0,0.049311705,54.01,7.9997687
2018-11-14 06:15:00,3.64,3.6222115,1.9999628,3.69896,0.0,0.05088899,52.25,7.9997687
2018-11-14 06:30:00,3.13,3.1295962,1.9999628,3.1396146,0.0,0.07421403,53.83,7.9997687
2018-11-14 06:45:00,2.95,2.962782,1.9999628,3.0109394,0.0,0.06607926,56.04,7.9997687
2018-11-14 07:00:00,2.92,2.9370866,1.9999628,2.9452374,0.0,0.042693637,56.36,7.9997687
2018-11-14 07:15:00,2.99,2.9756684,1.9999628,3.0191276,0.0,0.047738545,57.27,7.9997687
2018-11-14 07:30:00,3.13,3.1510925,1.9999628,3.127362,0.0,0.026117364,59.94,7.9997687
2018-11-14 07:45:00,4.61,4.7661047,1.9999628,4.8749204,0.0,0.04184219,65.42,7.9997687
2018-11-14 08:00:00,4.79,4.844497,1.9999628,4.7720118,0.0,0.02116602,67.12,7.9997687
2018-11-14 08:15:00,51.23,7.949418,1.9999628,13.851754,0.02,0.059996586,82.22,7.9997687
2018-11-14 08:30:00,103.03,7.98846,1.9999628,13.982303,0.05,0.08958722,81.3,7.9997687
2018-11-14 08:45:00,123.77,7.9933677,1.9999628,13.985349,0.06,0.016462388,84.1,7.9997687
2018-11-14 09:00:00,95.18,7.9895954,1.9999628,13.985349,0.04,0.120333694,90.55,7.9997687
2018-11-14 09:15:00,97.78,7.9933686,1.9999628,13.985631,0.04,0.14091533,88.1,7.9997687
2018-11-14 09:30:00,82.04,7.9933686,1.9999628,13.985631,0.04,0.0072773388,84.42,7.9997687
2018-11-14 09:45:00,71.89,7.9933686,1.9999628,13.985631,0.03,0.073814884,86.0,7.9997687
2018-11-14 10:00:00,76.43,7.9933686,1.9999628,13.985631,0.04,0.06767567,87.2,7.9997687
2018-11-14 10:15:00,78.41,7.9933686,1.9999628,13.985631,0.04,0.06868897,84.1,7.9997687
2018-11-14 10:30:00,58.97,7.9933686,1.9999628,13.985631,0.03,0.029576521,89.46,7.9997687
2018-11-14 10:45:00,58.1,7.9933686,1.9999628,13.985631,0.03,0.069700316,89.11,7.9997687
2018-11-14 11:00:00,75.2,7.9933686,1.9999628,13.985631,0.03,0.0515489,86.98,7.9997687
2018-11-14 11:15:00,71.93,7.9933686,1.9999628,13.985631,0.03,0.04916132,85.63,7.9997687
2018-11-14 11:30:00,59.47,7.9933686,1.9999628,13.985631,0.03,0.027029496,86.23,7.9997687
2018-11-14 11:45:00,60.48,7.9933686,1.9999628,13.985631,0.03,0.047317185,85.75,7.9997687
2018-11-14 12:00:00,52.02,7.9933805,1.9999628,13.984885,0.02,0.0,90.75,7.9997687
2018-11-14 12:15:00,6.19,6.0309834,1.9999628,6.3074594,0.0,0.0,100.0,7.9997687
2018-11-14 12:30:00,6.91,6.430616,1.9999628,6.909787,0.0,0.013587456,100.0,7.9997687
2018-11-14 12:45:00,7.13,6.6109877,1.9999628,7.0195136,0.0,0.03409255,100.0,7.9997687
2018-11-14 13:00:00,7.06,6.9076843,1.9999628,6.9620776,0.0,0.02742711,100.0,7.9997687
2018-11-14 13:15:00,42.95,7.915234,1.9999628,13.925267,0.02,0.07878097,92.64,7.9997687
2018-11-14 13:30:00,62.17,7.993313,1.9999628,13.98462,0.03,0.060851216,87.7,7.9997687
2018-11-14 13:45:00,68.72,7.9933677,1.9999628,13.985349,0.03,0.06609917,88.14,7.9997687
2018-11-14 14:00:00,81.65,7.9933677,1.9999628,13.985349,0.04,0.08015555,88.61,7.9997687
2018-11-14 14:15:00,116.6,7.9933686,1.9999628,13.985631,0.05,0.117356524,91.09,7.9997687
2018-11-14 14:30:00,120.64,7.9933686,1.9999628,13.985631,0.06,0.08883092,91.31,7.9997687
2018-11-14 14:45:00,87.26,7.9933686,1.9999628,13.98467,0.04,0.0817405,88.74,7.9997687
2018-11-14 15:00:00,107.06,7.9933686,1.9999628,13.985631,0.05,0.0020924085,92.12,7.9997687
2018-11-14 15:15:00,61.78,7.9933686,1.9999628,13.9829645,0.03,0.0,87.7,7.9997687
2018-11-14 15:30:00,68.58,7.9933686,1.9999628,13.985631,0.03,0.035676662,86.3,7.9997687
2018-11-14 15:45:00,69.95,7.9933686,1.9999628,13.985631,0.03,0.038572323,82.95,7.9997687
2018-11-14 16:00:00,74.63,7.9933686,1.9999628,13.985631,0.03,0.040869363,84.52,7.9997687
2018-11-14 16:15:00,69.41,7.9933686,1.9999628,13.985631,0.03,0.08647205,84.7,7.9997687
2018-11-14 16:30:00,65.27,7.9933686,1.9999628,13.985631,0.03,0.06206238,86.14,7.9997687
2018-11-14 16:45:00,120.85,7.9933686,1.9999628,13.985631,0.06,0.040594757,89.78,7.9997687
2018-11-14 17:00:00,97.45,7.9933686,1.9999628,13.98467,0.04,0.10633337,91.69,7.9997687
2018-11-14 17:15:00,119.59,7.9933686,1.9999628,13.985631,0.05,0.07993384,91.53,7.9997687
2018-11-14 17:30:00,108.97,7.9933686,1.9999628,13.985631,0.05,0.09957108,94.82,7.9997687
2018-11-14 17:45:00,68.15,7.9933686,1.9999628,13.98467,0.03,0.051566783,96.0,7.9997687
2018-11-14 18:00:00,30.64,7.9933686,1.9999628,13.98467,0.01,0.0,98.99,7.9997687
2018-11-14 18:15:00,19.01,7.9933686,1.9999628,13.964933,0.01,0.048157465,96.75,7.9997687
2018-11-14 18:30:00,5.18,5.524657,1.9999628,6.978047,0.0,0.0,100.0,7.9997687
2018-11-14 18:45:00,5.18,5.1543884,1.9999628,5.210173,0.0,0.0,100.0,7.9997687
2018-11-14 19:00:00,5.18,5.177651,1.9999628,5.1761994,0.0,0.0019134234,100.0,7.9997687
2018-11-14 19:15:00,5.15,5.1338687,1.9999628,5.0986996,0.0,0.0,100.0,7.9997687
2018-11-14 19:30:00,5.11,5.0799356,1.9999628,5.050196,0.0,0.01845353,100.0,7.9997687
2018-11-14 19:45:00,5.08,5.0948467,1.9999628,5.064443,0.0,0.011150876,100.0,7.9997687
2018-11-14 20:00:00,5.08,4.9684324,1.9999628,4.981249,0.0,0.023161745,100.0,7.9997687
2018-11-14 20:15:00,5.15,5.079992,1.9999628,5.068401,0.0,0.0,100.0,7.9997687
2018-11-14 20:30:00,5.11,5.090892,1.9999628,5.009981,0.0,0.0,100.0,7.9997687
2018-11-14 20:45:00,5.15,5.1105137,1.9999628,5.0853667,0.0,0.00095597934,100.0,7.9997687
2018-11-14 21:00:00,5.08,5.0427957,1.9999628,4.996617,0.0,0.0,100.0,7.9997687
2018-11-14 21:15:00,5.08,4.9659557,1.9999628,4.9939413,0.0,0.022255093,100.0,7.9997687
2018-11-14 21:30:00,5.11,4.958098,1.9999628,5.018356,0.0,0.022255093,100.0,7.9997687
2018-11-14 21:45:00,4.97,4.8799596,1.9999628,4.7900333,0.0,0.012534525,100.0,7.9997687
2018-11-14 22:00:00,5.65,5.539118,1.9999628,5.5684505,0.0,0.0072569936,100.0,7.9997687
2018-11-14 22:15:00,5.83,5.8451595,1.9999628,5.8550634,0.0,0.0,74.25,7.9997687
2018-11-14 22:30:00,4.93,5.0411606,1.9999628,5.115643,0.0,0.0,60.31,7.9997687
2018-11-14 22:45:00,4.82,4.8896284,1.9999628,4.9580064,0.0,0.0,59.27,7.9997687
2018-11-14 23:00:00,4.79,4.742375,1.9999628,4.929701,0.0,0.0,59.86,7.9997687
2018-11-14 23:15:00,4.75,4.689886,1.9999628,4.861625,0.0,0.0,63.36,7.9997687
2018-11-14 23:30:00,4.64,4.6271625,1.9999628,4.7438536,0.0,0.006935005,65.17,7.9997687
2018-11-14 23:45:00,4.72,4.7365575,1.9999628,4.801583,0.0,0.023140676,64.58,7.9997687
2018-11-15 00:00:00,3.92,3.7732434,1.9999628,4.05819,0.0,0.032279827,53.69,7.9997687
2018-11-15 00:15:00,4.75,4.700219,1.9999628,4.8868256,0.0,0.0013293922,62.01,7.9997687
2018-11-15 00:30:00,3.67,3.808928,1.9999628,4.2558546,0.0,0.0,50.76,7.9997687
2018-11-15 00:45:00,3.64,3.6354408,1.9999628,3.8241386,0.0,0.0,50.27,7.9997687
2018-11-15 01:00:00,3.6,3.611497,1.9999628,3.7346601,0.0,0.0,52.28,7.9997687
2018-11-15 01:15:00,3.56,3.537932,1.9999628,3.641679,0.0,0.0,59.97,7.9997687
2018-11-15 01:30:00,3.56,3.570959,1.9999628,3.604023,0.0,0.0,59.97,7.9997687
2018-11-15 01:45:00,3.53,3.5389528,1.9999628,3.555357,0.0,0.0,59.33,7.9997687
2018-11-15 02:00:00,3.56,3.5685916,1.9999628,3.6006699,0.0,0.0008465694,58.23,7.9997687
2018-11-15 02:15:00,3.6,3.5999103,1.9999628,3.613158,0.0,0.009278189,59.21,7.9997687
2018-11-15 02:30:00,3.56,3.5707436,1.9999628,3.6028771,0.0,0.00040657772,57.39,7.9997687
2018-11-15 02:45:00,4.75,4.7224956,1.9999628,4.8079643,0.0,0.003968731,67.8,7.9997687
2018-11-15 03:00:00,4.39,4.3645735,1.9999628,4.433371,0.0,0.0,65.16,7.9997687
2018-11-15 03:15:00,3.56,3.5076919,1.9999628,3.6465063,0.0,0.0,56.86,7.9997687
2018-11-15 03:30:00,4.07,4.140223,1.9999628,4.2328224,0.0,0.0,62.0,7.9997687
2018-11-15 03:45:00,4.43,4.381054,1.9999628,4.5107293,0.0,0.0,64.99,7.9997687
2018-11-15 04:00:00,3.6,3.5729322,1.9999628,3.8132982,0.0,0.0,58.66,7.9997687
2018-11-15 04:15:00,3.6,3.6156268,1.9999628,3.7111702,0.0,0.0,58.43,7.9997687
2018-11-15 04:30:00,3.6,3.6030736,1.9999628,3.6711185,0.0,0.0,56.48,7.9997687
2018-11-15 04:45:00,3.6,3.6138859,1.9999628,3.6643627,0.0,0.0,58.12,7.9997687
2018-11-15 05:00:00,3.56,3.577849,1.9999628,3.5900104,0.0,0.0,57.69,7.9997687
2018-11-15 05:15:00,3.53,3.5324922,1.9999628,3.5357432,0.0,0.0,59.65,7.9997687
2018-11-15 05:30:00,3.6,3.6056533,1.9999628,3.6256135,0.0,0.0,59.21,7.9997687
2018-11-15 05:45:00,3.53,3.5324101,1.9999628,3.5655034,0.0,0.0,59.33,7.9997687
2018-11-15 06:00:00,3.56,3.5654855,1.9999628,3.5587087,0.0,0.0,60.54,7.9997687
2018-11-15 06:15:00,3.92,3.8512502,1.9999628,3.9985569,0.0,0.0,65.35,7.9997687
2018-11-15 06:30:00,4.54,4.5376716,1.9999628,4.4239225,0.0,0.0075601228,67.96,7.9997687
2018-11-15 06:45:00,3.6,3.653986,1.9999628,3.7927086,0.0,0.0057672677,59.52,7.9997687
2018-11-15 07:00:00,3.49,3.4887404,1.9999628,3.622961,0.0,0.0,59.45,7.9997687
2018-11-15 07:15:00,4.18,4.1613765,1.9999628,4.264019,0.0,0.0,59.2,7.9997687
2018-11-15 07:30:00,4.9,4.9097295,1.9999628,4.991555,0.0,0.0,64.34,7.9997687
2018-11-15 07:45:00,5.36,5.2775035,1.9999628,5.310014,0.0,0.023908772,70.91,7.9997687
2018-11-15 08:00:00,5.76,5.7124567,1.9999628,5.855222,0.0,0.027333425,77.61,7.9997687
2018-11-15 08:15:00,52.13,7.8845344,1.9999628,13.861144,0.02,0.04418731,85.22,7.9997687
2018-11-15 08:30:00,115.31,7.993253,1.9999628,13.984462,0.05,0.0707933,85.5,7.9997687
2018-11-15 08:45:00,119.12,7.9933677,1.9999628,13.985349,0.05,0.057473306,85.22,7.9997687
2018-11-15 09:00:00,87.3,7.9895954,1.9999628,13.985349,0.04,0.08902119,90.21,7.9997687
2018-11-15 09:15:00,107.24,7.9933686,1.9999628,13.985631,0.05,0.070429206,93.3,7.9997687
2018-11-15 09:30:00,123.48,7.9933686,1.9999628,13.985631,0.06,0.08764629,91.65,7.9997687
2018-11-15 09:45:00,113.15,7.9933686,1.9999628,13.985631,0.05,0.02758783,89.95,7.9997687
2018-11-15 10:00:00,117.43,7.9933686,1.9999628,13.985631,0.05,0.029877601,92.78,7.9997687
2018-11-15 10:15:00,108.5,7.9933686,1.9999628,13.985631,0.05,0.0,88.37,7.9997687
2018-11-15 10:30:00,88.42,7.9933686,1.9999628,13.985631,0.04,0.0,92.57,7.9997687
2018-11-15 10:45:00,99.76,7.9933686,1.9999628,13.985631,0.05,0.0525793,91.02,7.9997687
2018-11-15 11:00:00,112.82,7.9933686,1.9999628,13.985631,0.05,0.053925738,91.25,7.9997687
2018-11-15 11:15:00,123.98,7.9933686,1.9999628,13.985631,0.06,0.055570856,89.28,7.9997687
2018-11-15 11:30:00,115.56,7.9933686,1.9999628,13.985631,0.05,0.102904335,92.72,7.9997687
2018-11-15 11:45:00,121.64,7.9933686,1.9999628,13.985631,0.06,0.021238355,88.25,7.9997687
2018-11-15 12:00:00,97.24,7.9933805,1.9999628,13.975701,0.04,0.08838561,93.04,7.9997687
2018-11-15 12:15:00,4.46,4.649247,1.9999628,4.7672606,0.0,0.0,100.0,7.9997687
2018-11-15 12:30:00,4.54,4.5376425,1.9999628,4.6170216,0.0,0.020380288,100.0,7.9997687
2018-11-15 12:45:00,4.43,4.4647593,1.9999628,4.5435266,0.0,0.066270165,100.0,7.9997687
2018-11-15 13:00:00,4.54,4.600616,1.9999628,4.808229,0.0,0.012347614,100.0,7.9997687
2018-11-15 13:15:00,54.0,7.8563423,1.9999628,13.866436,0.02,0.013890533,94.29,7.9997687
2018-11-15 13:30:00,85.97,7.992172,1.9999628,13.982591,0.04,0.052222397,90.45,7.9997687
2018-11-15 13:45:00,125.71,7.992159,1.9999628,13.984408,0.06,0.10129402,90.86,7.9997687
2018-11-15 14:00:00,111.74,7.963856,1.9999628,13.985349,0.05,0.044598218,92.27,7.9997687
2018-11-15 14:15:00,54.86,7.9933686,1.9999628,13.9829645,0.03,0.0,87.14,7.9997687
2018-11-15 14:30:00,58.1,7.9933686,1.9999628,13.985631,0.03,0.0027942061,88.41,7.9997687
2018-11-15 14:45:00,49.54,7.9933686,1.9999628,13.985631,0.02,0.06895853,91.45,7.9997687
2018-11-15 15:00:00,49.43,7.9933686,1.9999628,13.985631,0.02,0.027030246,90.28,7.9997687
2018-11-15 15:15:00,50.29,7.9933686,1.9999628,13.985631,0.02,0.02282241,91.91,7.9997687
2018-11-15 15:30:00,61.67,7.9933686,1.9999628,13.985631,0.03,0.053592343,90.47,7.9997687
2018-11-15 15:45:00,45.47,7.9933686,1.9999628,13.985631,0.02,0.030739967,93.26,7.9997687
2018-11-15 16:00:00,48.64,7.9933686,1.9999628,13.985631,0.02,0.032890733,90.63,7.9997687
2018-11-15 16:15:00,51.59,7.9933686,1.9999628,13.985631,0.02,0.018684957,90.15,7.9997687
2018-11-15 16:30:00,55.87,7.9933686,1.9999628,13.985631,0.03,0.0060471715,91.24,7.9997687
2018-11-15 16:45:00,49.54,7.9933686,1.9999628,13.985631,0.02,0.001551562,91.83,7.9997687
2018-11-15 17:00:00,49.21,7.9933686,1.9999628,13.985631,0.02,0.0016062944,93.6,7.9997687
2018-11-15 17:15:00,56.48,7.9933686,1.9999628,13.985631,0.03,0.036748856,91.56,7.9997687
2018-11-15 17:30:00,50.69,7.9933686,1.9999628,13.985631,0.02,0.027810102,91.47,7.9997687
2018-11-15 17:45:00,33.52,7.9933686,1.9999628,13.985631,0.02,0.025095815,99.29,7.9997687
2018-11-15 18:00:00,30.13,7.9933686,1.9999628,13.985631,0.01,0.005320062,98.83,7.9997687
2018-11-15 18:15:00,38.45,7.9933686,1.9999628,13.985631,0.02,0.026823575,90.57,7.9997687
2018-11-15 18:30:00,57.46,7.9933686,1.9999628,13.985631,0.03,0.008577436,87.08,7.9997687
2018-11-15 18:45:00,55.37,7.9933686,1.9999628,13.985631,0.03,0.079553865,92.41,7.9997687
2018-11-15 19:00:00,56.59,7.9933686,1.9999628,13.985631,0.03,0.043124836,91.5,7.9997687
2018-11-15 19:15:00,58.75,7.9933686,1.9999628,13.985631,0.03,0.010349453,91.31,7.9997687
2018-11-15 19:30:00,58.14,7.9933686,1.9999628,13.985631,0.03,0.04332972,90.67,7.9997687
2018-11-15 19:45:00,55.04,7.9933686,1.9999628,13.985631,0.03,0.06076776,91.22,7.9997687
2018-11-15 20:00:00,51.26,7.9933686,1.9999628,13.985631,0.02,0.021072727,91.52,7.9997687
2018-11-15 20:15:00,55.37,7.9933686,1.9999628,13.985631,0.03,0.04079271,90.07,7.9997687
2018-11-15 20:30:00,46.04,7.9933686,1.9999628,13.985631,0.02,0.017763928,92.38,7.9997687
2018-11-15 20:45:00,42.7,7.9933686,1.9999628,13.985631,0.02,0.02083145,94.14,7.9997687
2018-11-15 21:00:00,28.37,7.9933686,1.9999628,13.985631,0.01,0.0,99.93,7.9997687
2018-11-15 21:15:00,19.66,7.98111,1.9999628,13.916599,0.01,0.0,99.94,7.9997687
2018-11-15 21:30:00,4.07,4.1253653,1.9999628,4.4506264,0.0,0.005373192,100.0,7.9997687
2018-11-15 21:45:00,4.03,4.091483,1.9999628,3.9698026,0.0,0.0,100.0,7.9997687
2018-11-15 22:00:00,4.07,4.1158075,1.9999628,4.105371,0.0,0.0039321436,100.0,7.9997687
2018-11-15 22:15:00,3.89,3.9312625,1.9999628,4.1707726,0.0,0.0,47.33,7.9997687
2018-11-15 22:30:00,3.85,3.8561413,1.9999628,3.8820648,0.0,0.0,45.57,7.9997687
2018-11-15 22:45:00,3.74,3.802745,1.9999628,3.7736294,0.0,0.005751654,46.3,7.9997687
2018-11-15 23:00:00,3.78,3.8050416,1.9999628,3.7967107,0.0,0.0,45.39,7.9997687
2018-11-15 23:15:00,3.67,3.7146435,1.9999628,3.6908884,0.0,0.0,48.88,7.9997687
2018-11-15 23:30:00,3.78,3.8157077,1.9999628,3.7735562,0.0,0.0,51.69,7.9997687
2018-11-15 23:45:00,3.67,3.7128124,1.9999628,3.685011,0.0,0.0,50.58,7.9997687
2018-11-16 00:00:00,4.25,4.2627993,1.9999628,4.2303476,0.0,0.042502027,51.41,7.9997687
2018-11-16 00:15:00,4.79,4.7461524,1.9999628,4.763897,0.0,0.0230967,58.62,7.9997687
2018-11-16 00:30:00,4.0,3.9645038,1.9999628,3.9789195,0.0,0.027967023,51.26,7.9997687
2018-11-16 00:45:00,3.78,3.6584125,1.9999628,3.7746704,0.0,0.026604842,49.59,7.9997687
2018-11-16 01:00:00,3.71,3.7492948,1.9999628,3.8153553,0.0,0.01925363,47.89,7.9997687
2018-11-16 01:15:00,3.67,3.6944423,1.9999628,3.7219923,0.0,0.019087356,46.54,7.9997687
2018-11-16 01:30:00,3.74,3.7697706,1.9999628,3.7827387,0.0,0.04284178,48.58,7.9997687
2018-11-16 01:45:00,3.82,3.8415914,1.9999628,3.8686614,0.0,0.012839584,47.43,7.9997687
2018-11-16 02:00:00,3.74,3.7473764,1.9999628,3.7658994,0.0,0.022489002,47.39,7.9997687
2018-11-16 02:15:00,3.74,3.7130961,1.9999628,3.8193085,0.0,0.002281364,47.39,7.9997687
2018-11-16 02:30:00,3.67,3.707448,1.9999628,3.743854,0.0,0.0,46.91,7.9997687
2018-11-16 02:45:00,3.1,3.1072187,1.9999628,3.2433732,0.0,0.0025408487,52.92,7.9997687
2018-11-16 03:00:00,3.1,3.09723,1.9999628,3.0940573,0.0,0.0,51.35,7.9997687
2018-11-16 03:15:00,3.1,3.0970826,1.9999628,3.1078956,0.0,0.016176322,51.06,7.9997687
2018-11-16 03:30:00,3.17,3.1773868,1.9999628,3.2018592,0.0,0.010400257,52.42,7.9997687
2018-11-16 03:45:00,3.1,3.0846715,1.9999628,3.1232772,0.0,0.006026218,52.09,7.9997687
2018-11-16 04:00:00,3.13,3.1193447,1.9999628,3.1596205,0.0,0.0041061253,51.43,7.9997687
2018-11-16 04:15:00,3.67,3.6351066,1.9999628,3.7487147,0.0,0.010305569,47.28,7.9997687
2018-11-16 04:30:00,3.53,3.4974442,1.9999628,3.659765,0.0,0.0,47.84,7.9997687
2018-11-16 04:45:00,3.2,3.2018166,1.9999628,3.2401412,0.0,0.01057564,54.14,7.9997687
2018-11-16 05:00:00,3.1,3.081092,1.9999628,3.1217778,0.0,0.0,51.87,7.9997687
2018-11-16 05:15:00,3.1,3.0944142,1.9999628,3.0938227,0.0,0.0,51.57,7.9997687
2018-11-16 05:30:00,3.24,3.2512727,1.9999628,3.292865,0.0,0.0,49.95,7.9997687
2018-11-16 05:45:00,3.82,3.78717,1.9999628,3.8090286,0.0,0.018987674,47.07,7.9997687
2018-11-16 06:00:00,3.2,3.171471,1.9999628,3.1856093,0.0,0.0,54.68,7.9997687
2018-11-16 06:15:00,3.1,3.0934434,1.9999628,3.122899,0.0,0.014426189,53.78,7.9997687
2018-11-16 06:30:00,3.02,3.01221,1.9999628,3.0569408,0.0,0.024288926,53.65,7.9997687
2018-11-16 06:45:00,3.06,3.0672336,1.9999628,3.0703886,0.0,0.0,52.97,7.9997687
2018-11-16 07:00:00,3.13,3.109727,1.9999628,3.1306388,0.0,0.014750503,51.43,7.9997687
2018-11-16 07:15:00,3.1,3.0773768,1.9999628,3.1289833,0.0,0.0,53.23,7.9997687
2018-11-16 07:30:00,3.35,3.3635697,1.9999628,3.3957503,0.0,0.0,57.31,7.9997687
2018-11-16 07:45:00,4.46,4.50932,1.9999628,4.556086,0.0,0.0,63.68,7.9997687
2018-11-16 08:00:00,5.8,5.733231,1.9999628,5.9035153,0.0,0.018664166,69.44,7.9997687
2018-11-16 08:15:00,28.94,7.8990684,1.9999628,13.832227,0.01,0.018574445,76.02,7.9997687
2018-11-16 08:30:00,50.65,7.9856806,1.9999628,13.982243,0.02,0.09908813,73.81,7.9997687
2018-11-16 08:45:00,58.72,7.99298,1.9999628,13.984408,0.03,0.083039686,78.13,7.9997687
2018-11-16 09:00:00,60.16,7.9933677,1.9999628,13.985349,0.03,0.051577594,87.45,7.9997687
2018-11-16 09:15:00,65.3,7.9933686,1.9999628,13.985631,0.03,0.055934038,87.75,7.9997687
2018-11-16 09:30:00,69.23,7.9933686,1.9999628,13.985631,0.03,0.087074384,85.47,7.9997687
2018-11-16 09:45:00,71.32,7.9933686,1.9999628,13.985631,0.03,0.09895794,84.45,7.9997687
2018-11-16 10:00:00,65.23,7.9933686,1.9999628,13.985631,0.03,0.040270492,84.79,7.9997687
2018-11-16 10:15:00,67.68,7.9933686,1.9999628,13.985631,0.03,0.0657549,85.71,7.9997687
2018-11-16 10:30:00,64.51,7.9933686,1.9999628,13.985631,0.03,0.07364774,85.83,7.9997687
2018-11-16 10:45:00,63.18,7.9933686,1.9999628,13.985631,0.03,0.054126833,86.05,7.9997687
2018-11-16 11:00:00,60.52,7.9933686,1.9999628,13.985631,0.03,0.0,87.35,7.9997687
2018-11-16 11:15:00,58.39,7.9933686,1.9999628,13.985631,0.03,0.043069173,88.35,7.9997687
2018-11-16 11:30:00,58.25,7.9933686,1.9999628,13.985631,0.03,0.050238382,88.23,7.9997687
2018-11-16 11:45:00,62.1,7.9933686,1.9999628,13.985631,0.03,0.04107485,85.94,7.9997687
2018-11-16 12:00:00,68.26,7.9933805,1.9999628,13.984885,0.03,0.031270962,83.25,7.9997687
2018-11-16 12:15:00,9.29,7.358576,1.9999628,10.0217085,0.0,0.008509209,99.28,7.9997687
2018-11-16 12:30:00,5.47,5.688499,1.9999628,6.045982,0.0,0.023637034,100.0,7.9997687
2018-11-16 12:45:00,6.23,6.1419606,1.9999628,6.357661,0.0,0.004301435,100.0,7.9997687
2018-11-16 13:00:00,5.83,5.8226233,1.9999628,6.0469317,0.0,0.011904731,100.0,7.9997687
2018-11-16 13:15:00,32.08,7.9467506,1.9999628,13.907091,0.01,0.029179495,91.61,7.9997687
2018-11-16 13:30:00,73.22,7.993253,1.9999628,13.984325,0.03,0.019977225,84.07,7.9997687
2018-11-16 13:45:00,72.18,7.9895954,1.9999628,13.985349,0.03,0.014280987,83.49,7.9997687
2018-11-16 14:00:00,59.15,7.9895954,1.9999628,13.985349,0.03,0.0144261,86.3,7.9997687
2018-11-16 14:15:00,51.37,7.9933686,1.9999628,13.985631,0.02,0.0,90.32,7.9997687
2018-11-16 14:30:00,59.26,7.9933686,1.9999628,13.985631,0.03,0.027296524,86.45,7.9997687
2018-11-16 14:45:00,96.19,7.9933686,1.9999628,13.985631,0.04,0.03355664,88.85,7.9997687
2018-11-16 15:00:00,98.86,7.9933686,1.9999628,13.985631,0.05,0.053886093,90.3,7.9997687
2018-11-16 15:15:00,101.77,7.9933686,1.9999628,13.985631,0.05,0.10511693,90.72,7.9997687
2018-11-16 15:30:00,105.84,7.9933686,1.9999628,13.985631,0.05,0.091801986,91.08,7.9997687
2018-11-16 15:45:00,55.22,7.9933686,1.9999628,13.9829645,0.03,0.03414847,90.75,7.9997687
2018-11-16 16:00:00,54.94,7.9933686,1.9999628,13.985631,0.03,0.08159811,89.04,7.9997687
2018-11-16 16:15:00,60.16,7.9933686,1.9999628,13.985631,0.03,0.032888893,88.52,7.9997687
2018-11-16 16:30:00,58.79,7.9933686,1.9999628,13.985631,0.03,0.037422795,87.44,7.9997687
2018-11-16 16:45:00,56.34,7.9933686,1.9999628,13.985631,0.03,0.053308066,86.69,7.9997687
2018-11-16 17:00:00,57.24,7.9933686,1.9999628,13.985631,0.03,0.04173299,88.83,7.9997687
2018-11-16 17:15:00,64.8,7.9933686,1.9999628,13.985631,0.03,0.024075653,88.07,7.9997687
2018-11-16 17:30:00,59.62,7.9933686,1.9999628,13.985631,0.03,0.009597982,87.53,7.9997687
2018-11-16 17:45:00,36.29,7.9933686,1.9999628,13.98467,0.02,0.021307431,94.98,7.9997687
2018-11-16 18:00:00,32.08,7.9933686,1.9999628,13.985631,0.01,0.0,93.84,7.9997687
2018-11-16 18:15:00,40.21,7.9933686,1.9999628,13.985631,0.02,0.027807314,88.06,7.9997687
2018-11-16 18:30:00,47.56,7.9933686,1.9999628,13.985631,0.02,0.0,87.5,7.9997687
2018-11-16 18:45:00,49.07,7.9933686,1.9999628,13.985631,0.02,0.035284653,91.03,7.9997687
2018-11-16 19:00:00,53.64,7.9933686,1.9999628,13.985631,0.02,0.036416437,90.13,7.9997687
2018-11-16 19:15:00,50.4,7.9933686,1.9999628,13.985631,0.02,0.02995524,92.01,7.9997687
2018-11-16 19:30:00,59.04,7.9933686,1.9999628,13.985631,0.03,0.054876752,91.36,7.9997687
2018-11-16 19:45:00,95.18,7.9933686,1.9999628,13.985631,0.04,0.03000402,91.02,7.9997687
2018-11-16 20:00:00,94.72,7.9933686,1.9999628,13.985631,0.04,0.061870243,93.73,7.9997687
2018-11-16 20:15:00,122.8,7.9933686,1.9999628,13.985631,0.06,0.08004911,91.49,7.9997687
2018-11-16 20:30:00,80.35,7.9933686,1.9999628,13.9829645,0.04,0.0,93.96,7.9997687
2018-11-16 20:45:00,119.34,7.9933686,1.9999628,13.985631,0.05,0.20703663,91.25,7.9997687
2018-11-16 21:00:00,23.0,7.980692,1.9999628,13.9135,0.01,0.06953375,97.62,7.9997687
2018-11-16 21:15:00,4.61,4.6323624,1.9999628,4.9666986,0.0,0.07999642,100.0,7.9997687
2018-11-16 21:30:00,4.36,4.452001,1.9999628,4.328808,0.0,0.0,100.0,7.9997687
2018-11-16 21:45:00,4.36,4.3547397,1.9999628,4.375246,0.0,0.0,100.0,7.9997687
2018-11-16 22:00:00,4.36,4.3361278,1.9999628,4.476871,0.0,0.0,100.0,7.9997687
2018-11-16 22:15:00,4.18,4.1738205,1.9999628,4.3474174,0.0,0.0024195737,56.65,7.9997687
2018-11-16 22:30:00,4.07,4.055284,1.9999628,4.1404934,0.0,0.045177747,52.78,7.9997687
2018-11-16 22:45:00,4.07,4.0794315,1.9999628,4.0589333,0.0,0.0,50.75,7.9997687
2018-11-16 23:00:00,4.03,4.0524764,1.9999628,4.0786204,0.0,0.0,50.38,7.9997687
2018-11-16 23:15:00,3.92,3.9411008,1.9999628,3.9481633,0.0,0.041102897,53.5,7.9997687
2018-11-16 23:30:00,3.89,3.902789,1.9999628,3.8799188,0.0,0.035779078,53.39,7.9997687
2018-11-16 23:45:00,3.92,3.914886,1.9999628,3.9192986,0.0,0.0094896555,50.33,7.9997687
2018-11-17 00:00:00,3.24,3.1380439,1.9999628,3.4926593,0.0,0.0,56.03,7.9997687
2018-11-17 00:15:00,5.0,4.986333,1.9999628,5.0818777,0.0,0.020202652,54.96,7.9997687
2018-11-17 00:30:00,4.03,3.915171,1.9999628,4.1643167,0.0,0.0,52.4,7.9997687
2018-11-17 00:45:00,3.96,3.8655567,1.9999628,3.996567,0.0,0.0,51.34,7.9997687
2018-11-17 01:00:00,4.0,3.9409976,1.9999628,3.983441,0.0,0.0,50.48,7.9997687
2018-11-17 01:15:00,3.96,4.0118623,1.9999628,3.9844482,0.0,0.0,53.22,7.9997687
2018-11-17 01:30:00,3.96,4.005346,1.9999628,3.9660008,0.0,0.0,53.46,7.9997687
2018-11-17 01:45:00,3.89,3.9375076,1.9999628,3.8855145,0.0,0.0,52.12,7.9997687
2018-11-17 02:00:00,4.0,4.0574574,1.9999628,4.014155,0.0,0.0,48.77,7.9997687
2018-11-17 02:15:00,3.49,3.5833745,1.9999628,3.6855433,0.0,0.0,51.1,7.9997687
2018-11-17 02:30:00,3.31,3.301084,1.9999628,3.273089,0.0,0.024220819,52.26,7.9997687
2018-11-17 02:45:00,3.35,3.3607264,1.9999628,3.350044,0.0,0.008719992,50.74,7.9997687
2018-11-17 03:00:00,3.42,3.4182673,1.9999628,3.4640305,0.0,0.0,50.79,7.9997687
2018-11-17 03:15:00,3.35,3.356124,1.9999628,3.3717685,0.0,0.0,50.54,7.9997687
2018-11-17 03:30:00,3.38,3.3792238,1.9999628,3.3973243,0.0,0.0,52.29,7.9997687
2018-11-17 03:45:00,3.56,3.5575652,1.9999628,3.596794,0.0,0.0,53.04,7.9997687
2018-11-17 04:00:00,3.85,3.8273726,1.9999628,3.9199507,0.0,0.0,50.44,7.9997687
2018-11-17 04:15:00,3.2,3.1379957,1.9999628,3.2612672,0.0,0.0,56.12,7.9997687
2018-11-17 04:30:00,3.24,3.2302494,1.9999628,3.2304008,0.0,0.005003316,57.5,7.9997687
2018-11-17 04:45:00,3.6,3.62813,1.9999628,3.6929696,0.0,0.0,55.97,7.9997687
2018-11-17 05:00:00,3.64,3.5836468,1.9999628,3.6300156,0.0,0.0,54.91,7.9997687
2018-11-17 05:15:00,3.17,3.177349,1.9999628,3.1725147,0.0,0.0,59.52,7.9997687
2018-11-17 05:30:00,3.17,3.168519,1.9999628,3.1840277,0.0,0.0,59.16,7.9997687
2018-11-17 05:45:00,3.13,3.1282954,1.9999628,3.1296246,0.0,0.0,59.94,7.9997687
2018-11-17 06:00:00,3.28,3.2860703,1.9999628,3.3733366,0.0,0.0,61.46,7.9997687
2018-11-17 06:15:00,3.2,3.2103877,1.9999628,3.213767,0.0,0.011650062,60.51,7.9997687
2018-11-17 06:30:00,3.13,3.1087685,1.9999628,3.1318328,0.0,0.0063416804,57.7,7.9997687
2018-11-17 06:45:00,3.13,3.125173,1.9999628,3.1225002,0.0,0.018101117,56.17,7.9997687
2018-11-17 07:00:00,3.17,3.1660366,1.9999628,3.1678183,0.0,0.022100477,55.75,7.9997687
2018-11-17 07:15:00,3.2,3.1968994,1.9999628,3.2128117,0.0,0.0,55.55,7.9997687
2018-11-17 07:30:00,3.31,3.3195024,1.9999628,3.4130762,0.0,0.0,57.74,7.9997687
2018-11-17 07:45:00,4.57,4.600965,1.9999628,4.68626,0.0,0.010684516,58.96,7.9997687
2018-11-17 08:00:00,4.9,4.8479934,1.9999628,4.9327855,0.0,0.0,59.49,7.9997687
2018-11-17 08:15:00,45.65,7.9536967,1.9999628,13.838836,0.02,0.036635164,82.37,7.9997687
2018-11-17 08:30:00,82.62,7.9887094,1.9999628,13.982073,0.04,0.014762291,84.85,7.9997687
2018-11-17 08:45:00,102.71,7.99298,1.9999628,13.985349,0.05,0.0751186,88.58,7.9997687
2018-11-17 09:00:00,105.59,7.9933677,1.9999628,13.985349,0.05,0.10118394,92.25,7.9997687
2018-11-17 09:15:00,115.45,7.9933686,1.9999628,13.985631,0.05,0.118638106,93.91,7.9997687
2018-11-17 09:30:00,104.04,7.9933686,1.9999628,13.985631,0.05,0.0,91.0,7.9997687
2018-11-17 09:45:00,123.62,7.9933686,1.9999628,13.985631,0.06,0.0,93.03,7.9997687
2018-11-17 10:00:00,105.01,7.9933686,1.9999628,13.985631,0.05,0.022092156,93.32,7.9997687
2018-11-17 10:15:00,113.0,7.9933686,1.9999628,13.985631,0.05,0.030204615,91.39,7.9997687
2018-11-17 10:30:00,117.72,7.9933686,1.9999628,13.985631,0.05,0.060421005,93.93,7.9997687
2018-11-17 10:45:00,100.87,7.9933686,1.9999628,13.985631,0.05,0.0,91.01,7.9997687
2018-11-17 11:00:00,106.49,7.9933686,1.9999628,13.985631,0.05,0.04361273,94.72,7.9997687
2018-11-17 11:15:00,92.81,7.9933686,1.9999628,13.985631,0.04,0.020530043,94.54,7.9997687
2018-11-17 11:30:00,93.82,7.9933686,1.9999628,13.985631,0.04,0.058640108,94.22,7.9997687
2018-11-17 11:45:00,127.98,7.9933686,1.9999628,13.985631,0.06,0.0,90.97,7.9997687
2018-11-17 12:00:00,78.73,7.9440064,1.9999628,13.8155575,0.04,0.057368424,90.76,7.9997687
2018-11-17 12:15:00,4.0,4.453887,1.9999628,5.585984,0.0,0.0,100.0,7.9997687
2018-11-17 12:30:00,4.14,4.11506,1.9999628,4.3506308,0.0,0.09276029,100.0,7.9997687
2018-11-17 12:45:00,4.5,4.518588,1.9999628,4.631977,0.0,0.028606605,100.0,7.9997687
2018-11-17 13:00:00,4.79,4.720115,1.9999628,5.0013347,0.0,0.00014130748,100.0,7.9997687
2018-11-17 13:15:00,46.33,7.8770504,1.9999628,13.859632,0.02,0.06252267,88.93,7.9997687
2018-11-17 13:30:00,107.1,7.992042,1.9999628,13.982982,0.05,0.07481675,93.52,7.9997687
2018-11-17 13:45:00,75.02,7.963856,1.9999628,13.985349,0.03,0.0,92.89,7.9997687
2018-11-17 14:00:00,121.43,7.9933677,1.9999628,13.985349,0.06,0.019505696,90.63,7.9997687
2018-11-17 14:15:00,103.0,7.9933686,1.9999628,13.985631,0.05,0.0,87.89,7.9997687
2018-11-17 14:30:00,105.08,7.9933686,1.9999628,13.985631,0.05,0.025134591,93.51,7.9997687
2018-11-17 14:45:00,100.01,7.9933686,1.9999628,13.985631,0.05,0.035040595,90.12,7.9997687
2018-11-17 15:00:00,133.42,7.9933686,1.9999628,13.985631,0.06,0.013312877,88.4,7.9997687
2018-11-17 15:15:00,101.2,7.9933686,1.9999628,13.98467,0.05,0.060280006,93.65,7.9997687
2018-11-17 15:30:00,95.18,7.9933686,1.9999628,13.985631,0.04,0.08836774,89.87,7.9997687
2018-11-17 15:45:00,132.3,7.9933686,1.9999628,13.985631,0.06,0.07755891,88.37,7.9997687
2018-11-17 16:00:00,81.5,7.9933686,1.9999628,13.9829645,0.04,0.08085545,93.05,7.9997687
2018-11-17 16:15:00,110.34,7.9933686,1.9999628,13.985631,0.05,0.043005947,91.56,7.9997687
2018-11-17 16:30:00,128.16,7.9933686,1.9999628,13.985631,0.06,0.14508854,87.91,7.9997687
2018-11-17 16:45:00,74.74,7.9933686,1.9999628,13.9829645,0.03,0.08294869,91.26,7.9997687
2018-11-17 17:00:00,23.11,7.980692,1.9999628,13.926373,0.01,0.0,95.39,7.9997687
2018-11-17 17:15:00,4.54,4.6721106,1.9999628,5.0490456,0.0,0.06994456,100.0,7.9997687
2018-11-17 17:30:00,4.9,4.93385,1.9999628,5.1234326,0.0,0.0,100.0,7.9997687
2018-11-17 17:45:00,5.0,4.9995503,1.9999628,5.0703964,0.0,0.0,100.0,7.9997687
2018-11-17 18:00:00,4.03,4.1120005,1.9999628,4.4800076,0.0,0.022517076,100.0,7.9997687
2018-11-17 18:15:00,4.03,4.071506,1.9999628,4.215371,0.0,0.0,100.0,7.9997687
2018-11-17 18:30:00,4.03,4.064398,1.9999628,4.069014,0.0,0.012801966,100.0,7.9997687
2018-11-17 18:45:00,4.14,4.1968274,1.9999628,4.2342277,0.0,0.0,100.0,7.9997687
2018-11-17 19:00:00,4.14,4.1918426,1.9999628,4.175399,0.0,0.00349032,100.0,7.9997687
2018-11-17 19:15:00,4.14,4.1754417,1.9999628,4.1690383,0.0,0.005986783,100.0,7.9997687
2018-11-17 19:30:00,4.14,4.1670003,1.9999628,4.1690383,0.0,0.0039254157,100.0,7.9997687
2018-11-17 19:45:00,4.1,4.1301737,1.9999628,4.1257267,0.0,0.027320564,100.0,7.9997687
2018-11-17 20:00:00,4.18,4.2340503,1.9999628,4.2445817,0.0,0.032771192,100.0,7.9997687
2018-11-17 20:15:00,4.07,4.086671,1.9999628,4.0427785,0.0,0.0,100.0,7.9997687
2018-11-17 20:30:00,4.07,4.095626,1.9999628,4.0803185,0.0,0.008891555,100.0,7.9997687
2018-11-17 20:45:00,4.07,4.1005855,1.9999628,4.0965343,0.0,0.0,100.0,7.9997687
2018-11-17 21:00:00,4.1,4.140757,1.9999628,4.1483994,0.0,0.0,100.0,7.9997687
2018-11-17 21:15:00,4.36,4.3685184,1.9999628,4.4493904,0.0,0.006361781,100.0,7.9997687
2018-11-17 21:30:00,5.26,5.1808467,1.9999628,5.22001,0.0,0.016252223,100.0,7.9997687
2018-11-17 21:45:00,4.28,4.2476897,1.9999628,4.2285013,0.0,0.0,100.0,7.9997687
2018-11-17 22:00:00,4.03,4.0162907,1.9999628,4.048648,0.0,0.021740057,100.0,7.9997687
2018-11-17 22:15:00,3.85,3.8477712,1.9999628,3.94795,0.0,0.020246007,50.05,7.9997687
2018-11-17 22:30:00,3.78,3.805653,1.9999628,3.8388827,0.0,0.021917712,49.14,7.9997687
2018-11-17 22:45:00,3.89,3.8923492,1.9999628,3.916437,0.0,0.0,49.66,7.9997687
2018-11-17 23:00:00,3.78,3.806878,1.9999628,3.795355,0.0,0.0,47.78,7.9997687
2018-11-17 23:15:00,3.82,3.824799,1.9999628,3.8296697,0.0,0.0,49.14,7.9997687
2018-11-17 23:30:00,3.35,3.3630114,1.9999628,3.4661052,0.0,0.0,53.72,7.9997687
2018-11-17 23:45:00,3.13,3.1245427,1.9999628,3.1165287,0.0,0.0,55.27,7.9997687
2018-11-18 00:00:00,3.13,3.062025,1.9999628,3.0859225,0.0,0.0,53.06,7.9997687
2018-11-18 00:15:00,3.13,3.0960622,1.9999628,3.1264522,0.0,0.0,53.83,7.9997687
2018-11-18 00:30:00,3.2,3.2053075,1.9999628,3.1977992,0.0,0.017957464,52.56,7.9997687
2018-11-18 00:45:00,3.2,3.1845894,1.9999628,3.2032356,0.0,0.010315359,53.07,7.9997687
2018-11-18 01:00:00,3.2,3.1945262,1.9999628,3.20176,0.0,0.013800802,52.56,7.9997687
2018-11-18 01:15:00,3.74,3.7141757,1.9999628,3.7469904,0.0,0.0,48.74,7.9997687
2018-11-18 01:30:00,3.56,3.5180383,1.9999628,3.6811485,0.0,0.0,48.79,7.9997687
2018-11-18 01:45:00,3.2,3.2174497,1.9999628,3.2748604,0.0,0.0,50.02,7.9997687
2018-11-18 02:00:00,3.31,3.342545,1.9999628,3.3725708,0.0,0.0,49.82,7.9997687
2018-11-18 02:15:00,3.24,3.2314343,1.9999628,3.230473,0.0,0.0,50.48,7.9997687
2018-11-18 02:30:00,3.35,3.3514886,1.9999628,3.3830488,0.0,0.0,51.47,7.9997687
2018-11-18 02:45:00,3.82,3.7339988,1.9999628,3.7861435,0.0,0.02206538,50.78,7.9997687
2018-11-18 03:00:00,3.42,3.4396691,1.9999628,3.500141,0.0,0.0,49.46,7.9997687
2018-11-18 03:15:00,3.35,3.3667998,1.9999628,3.3699276,0.0,0.0,49.38,7.9997687
2018-11-18 03:30:00,3.28,3.2748227,1.9999628,3.3077056,0.0,0.0,49.03,7.9997687
2018-11-18 03:45:00,3.31,3.3125086,1.9999628,3.3268976,0.0,0.0,49.57,7.9997687
2018-11-18 04:00:00,3.28,3.2917714,1.9999628,3.2913036,0.0,0.0,49.74,7.9997687
2018-11-18 04:15:00,3.24,3.2399144,1.9999628,3.256447,0.0,0.0014396253,50.69,7.9997687
2018-11-18 04:30:00,3.24,3.2292438,1.9999628,3.2649813,0.0,0.0,49.95,7.9997687
2018-11-18 04:45:00,3.67,3.6090665,1.9999628,3.6800995,0.0,0.0145335905,45.97,7.9997687
2018-11-18 05:00:00,3.82,3.8325229,1.9999628,3.864798,0.0,0.0,46.51,7.9997687
2018-11-18 05:15:00,3.31,3.3459392,1.9999628,3.3403094,0.0,0.0,48.93,7.9997687
2018-11-18 05:30:00,3.28,3.3057513,1.9999628,3.2921305,0.0,0.0,50.95,7.9997687
2018-11-18 05:45:00,3.42,3.4648547,1.9999628,3.5094361,0.0,0.0,49.21,7.9997687
2018-11-18 06:00:00,3.82,3.8337588,1.9999628,3.855295,0.0,0.0,47.43,7.9997687
2018-11-18 06:15:00,3.35,3.3600526,1.9999628,3.3853211,0.0,0.0,50.28,7.9997687
2018-11-18 06:30:00,3.24,3.2333326,1.9999628,3.2782514,0.0,0.0,50.69,7.9997687
2018-11-18 06:45:00,3.24,3.2276106,1.9999628,3.266385,0.0,0.0,49.29,7.9997687
2018-11-18 07:00:00,3.17,3.1993804,1.9999628,3.279337,0.0,0.0,48.47,7.9997687
2018-11-18 07:15:00,3.17,3.156345,1.9999628,3.1808596,0.0,0.0,48.47,7.9997687
2018-11-18 07:30:00,3.17,3.1638632,1.9999628,3.1785727,0.0,0.011494789,48.93,7.9997687
2018-11-18 07:45:00,4.07,4.146521,1.9999628,4.2240276,0.0,0.013192905,51.36,7.9997687
2018-11-18 08:00:00,5.0,4.9831047,1.9999628,5.2109203,0.0,0.00024576945,52.72,7.9997687
2018-11-18 08:15:00,44.21,7.94233,1.9999628,13.851787,0.02,0.080231555,83.79,7.9997687
2018-11-18 08:30:00,86.22,7.98846,1.9999628,13.982143,0.04,0.0006066898,88.3,7.9997687
2018-11-18 08:45:00,69.16,7.984841,1.9999628,13.981252,0.03,0.0865658,90.17,7.9997687
2018-11-18 09:00:00,70.6,7.9933677,1.9999628,13.985349,0.03,0.084291436,97.17,7.9997687
2018-11-18 09:15:00,34.74,7.9933686,1.9999628,13.98467,0.02,0.05784635,97.25,7.9997687
2018-11-18 09:30:00,36.4,7.9933686,1.9999628,13.985631,0.02,0.08061326,96.85,7.9997687
2018-11-18 09:45:00,38.2,7.9933686,1.9999628,13.985631,0.02,0.005037008,96.65,7.9997687
2018-11-18 10:00:00,32.76,7.9933686,1.9999628,13.985631,0.02,0.060154606,98.79,7.9997687
2018-11-18 10:15:00,32.58,7.9933686,1.9999628,13.985631,0.01,0.020928035,98.86,7.9997687
2018-11-18 10:30:00,31.72,7.9933686,1.9999628,13.985631,0.01,0.06861185,99.31,7.9997687
2018-11-18 10:45:00,31.57,7.9933686,1.9999628,13.985631,0.01,0.048031066,99.51,7.9997687
2018-11-18 11:00:00,32.54,7.9933686,1.9999628,13.985631,0.01,0.043665256,99.39,7.9997687
2018-11-18 11:15:00,37.51,7.9933686,1.9999628,13.985631,0.02,0.026388934,97.53,7.9997687
2018-11-18 11:30:00,37.22,7.9933686,1.9999628,13.985631,0.02,0.06609346,97.39,7.9997687
2018-11-18 11:45:00,36.0,7.9933686,1.9999628,13.985631,0.02,0.0,98.48,7.9997687
2018-11-18 12:00:00,34.52,7.9933805,1.9999628,13.984885,0.02,0.08124038,97.2,7.9997687
2018-11-18 12:15:00,3.82,4.2119355,1.9999628,5.139031,0.0,0.036473688,100.0,7.9997687
2018-11-18 12:30:00,3.71,3.6739166,1.9999628,3.9672568,0.0,0.033088908,100.0,7.9997687
2018-11-18 12:45:00,4.18,4.2060337,1.9999628,4.3360248,0.0,0.021677393,100.0,7.9997687
2018-11-18 13:00:00,4.25,4.308207,1.9999628,4.3101144,0.0,0.0032422368,100.0,7.9997687
2018-11-18 13:15:00,16.45,7.522833,1.9999628,13.106014,0.01,0.0,99.83,7.9997687
2018-11-18 13:30:00,36.29,7.925898,1.9999628,13.863477,0.02,0.018493356,98.53,7.9997687
2018-11-18 13:45:00,35.5,7.939074,1.9999628,13.515753,0.02,0.03841438,98.83,7.9997687
2018-11-18 14:00:00,35.1,7.963856,1.9999628,13.984054,0.02,0.111036375,98.74,7.9997687
2018-11-18 14:15:00,35.89,7.9933677,1.9999628,13.985349,0.02,0.039206922,98.49,7.9997687
2018-11-18 14:30:00,34.34,7.9933686,1.9999628,13.985631,0.02,0.024530405,98.91,7.9997687
2018-11-18 14:45:00,36.36,7.9933686,1.9999628,13.985631,0.02,0.08845044,98.38,7.9997687
2018-11-18 15:00:00,34.34,7.9933686,1.9999628,13.985631,0.02,0.09201886,99.03,7.9997687
2018-11-18 15:15:00,37.01,7.9933686,1.9999628,13.985631,0.02,0.07443336,98.14,7.9997687
2018-11-18 15:30:00,33.52,7.9933686,1.9999628,13.985631,0.02,0.06496833,98.75,7.9997687
2018-11-18 15:45:00,37.12,7.9933686,1.9999628,13.985631,0.02,0.025280312,97.84,7.9997687
2018-11-18 16:00:00,34.49,7.9933686,1.9999628,13.985631,0.02,0.028943658,99.09,7.9997687
2018-11-18 16:15:00,38.41,7.9933686,1.9999628,13.985631,0.02,0.058681756,98.1,7.9997687
2018-11-18 16:30:00,34.02,7.9933686,1.9999628,13.985631,0.02,0.0873021,98.95,7.9997687
2018-11-18 16:45:00,36.94,7.9933686,1.9999628,13.985631,0.02,0.057927087,98.41,7.9997687
2018-11-18 17:00:00,7.16,6.470741,1.9999628,7.225803,0.0,0.056621388,100.0,7.9997687
2018-11-18 17:15:00,4.03,4.017707,1.9999628,4.2934313,0.0,0.071173,100.0,7.9997687
2018-11-18 17:30:00,3.96,3.9684167,1.9999628,3.97719,0.0,0.020469815,100.0,7.9997687
2018-11-18 17:45:00,3.85,3.85626,1.9999628,3.9298632,0.0,0.0320876,100.0,7.9997687
2018-11-18 18:00:00,3.85,3.7986224,1.9999628,3.8760016,0.0,0.024977112,100.0,7.9997687
2018-11-18 18:15:00,3.74,3.8141701,1.9999628,3.758,0.0,0.0115954075,100.0,7.9997687
2018-11-18 18:30:00,3.78,3.7657526,1.9999628,3.81908,0.0,0.013047248,100.0,7.9997687
2018-11-18 18:45:00,3.89,3.8591576,1.9999628,3.8872368,0.0,0.012738368,100.0,7.9997687
2018-11-18 19:00:00,3.82,3.844199,1.9999628,3.83678,0.0,0.023225715,100.0,7.9997687
2018-11-18 19:15:00,3.78,3.788809,1.9999628,3.7971303,0.0,0.052721597,100.0,7.9997687
2018-11-18 19:30:00,3.78,3.7407293,1.9999628,3.820953,0.0,0.071757756,100.0,7.9997687
2018-11-18 19:45:00,3.82,3.8132899,1.9999628,3.8346467,0.0,0.035700757,100.0,7.9997687
2018-11-18 20:00:00,3.89,3.8887546,1.9999628,3.9020836,0.0,0.056450743,100.0,7.9997687
2018-11-18 20:15:00,3.74,3.7501378,1.9999628,3.7385743,0.0,0.056770716,100.0,7.9997687
2018-11-18 20:30:00,3.78,3.7686634,1.9999628,3.7853208,0.0,0.042398833,100.0,7.9997687
2018-11-18 20:45:00,4.39,4.378867,1.9999628,4.3795967,0.0,0.046246603,100.0,7.9997687
2018-11-18 21:00:00,3.82,3.8026,1.9999628,3.8931704,0.0,0.015105482,100.0,7.9997687
2018-11-18 21:15:00,3.24,3.2899644,1.9999628,3.4072914,0.0,0.032427464,100.0,7.9997687
2018-11-18 21:30:00,3.13,3.147845,1.9999628,3.2146397,0.0,0.02796011,100.0,7.9997687
2018-11-18 21:45:00,3.1,3.093196,1.9999628,3.1040123,0.0,0.023354333,100.0,7.9997687
2018-11-18 22:00:00,3.1,3.1025784,1.9999628,3.0865436,0.0,0.0028597037,100.0,7.9997687
2018-11-18 22:15:00,2.95,2.9368467,1.9999628,3.0238583,0.0,0.03411728,55.17,7.9997687
2018-11-18 22:30:00,2.99,3.0092607,1.9999628,3.045538,0.0,0.020671876,54.17,7.9997687
2018-11-18 22:45:00,2.92,2.9283316,1.9999628,2.9658058,0.0,0.0,53.51,7.9997687
2018-11-18 23:00:00,2.92,2.9184024,1.9999628,2.9563768,0.0,0.0,54.09,7.9997687
2018-11-18 23:15:00,2.88,2.8788111,1.9999628,2.8831997,0.0,0.0,56.46,7.9997687
2018-11-18 23:30:00,2.88,2.8696985,1.9999628,2.880838,0.0,0.0,56.74,7.9997687
2018-11-18 23:45:00,2.92,2.9149845,1.9999628,2.9268658,0.0,0.0,57.64,7.9997687
2018-11-19 00:00:00,4.14,3.9614573,1.9999628,4.092961,0.0,0.0008809306,79.4,7.9997687
2018-11-19 00:15:00,3.42,3.2126627,1.9999628,3.3775845,0.0,0.013369233,51.05,7.9997687
2018-11-19 00:30:00,3.31,3.2692525,1.9999628,3.3121095,0.0,0.05238401,51.5,7.9997687
2018-11-19 00:45:00,3.49,3.4734535,1.9999628,3.5709982,0.0,0.0,49.78,7.9997687
2018-11-19 01:00:00,2.95,2.9457266,1.9999628,2.9510837,0.0,0.0,54.49,7.9997687
2018-11-19 01:15:00,2.92,2.945268,1.9999628,2.9218922,0.0,0.0,54.78,7.9997687
2018-11-19 01:30:00,2.88,2.8771043,1.9999628,2.8815768,0.0,0.0036172655,53.57,7.9997687
2018-11-19 01:45:00,2.92,2.9030995,1.9999628,2.9294264,0.0,0.0,54.43,7.9997687
2018-11-19 02:00:00,2.95,2.9479222,1.9999628,2.9622424,0.0,0.019811904,54.49,7.9997687
2018-11-19 02:15:00,2.95,2.9404762,1.9999628,2.9697628,0.0,0.0022771829,53.9,7.9997687
2018-11-19 02:30:00,2.92,2.9319303,1.9999628,2.9367747,0.0,0.0,53.51,7.9997687
2018-11-19 02:45:00,3.31,3.298278,1.9999628,3.357581,0.0,0.017062789,50.28,7.9997687
2018-11-19 03:00:00,3.46,3.4336336,1.9999628,3.5505168,0.0,0.0,47.9,7.9997687
2018-11-19 03:15:00,2.95,2.9304366,1.9999628,2.9619334,0.0,0.003256061,53.0,7.9997687
2018-11-19 03:30:00,2.92,2.9330924,1.9999628,2.9541023,0.0,0.019856162,53.51,7.9997687
2018-11-19 03:45:00,2.95,2.9538274,1.9999628,2.9539773,0.0,0.008560757,53.32,7.9997687
2018-11-19 04:00:00,2.92,2.9371867,1.9999628,2.9300277,0.0,0.0,53.84,7.9997687
2018-11-19 04:15:00,2.92,2.9209874,1.9999628,2.9335184,0.0,0.016908916,55.03,7.9997687
2018-11-19 04:30:00,3.13,3.128408,1.9999628,3.147586,0.0,0.0,51.94,7.9997687
2018-11-19 04:45:00,3.64,3.575777,1.9999628,3.628621,0.0,0.028251464,49.79,7.9997687
2018-11-19 05:00:00,3.13,3.1512718,1.9999628,3.0997663,0.0,0.009985632,54.15,7.9997687
2018-11-19 05:15:00,2.92,2.9357293,1.9999628,2.9868114,0.0,0.0,55.38,7.9997687
2018-11-19 05:30:00,2.88,2.8821187,1.9999628,2.877714,0.0,0.0,55.83,7.9997687
2018-11-19 05:45:00,2.92,2.9035237,1.9999628,2.9333103,0.0,0.021942873,56.36,7.9997687
2018-11-19 06:00:00,3.38,3.3517153,1.9999628,3.3960445,0.0,0.03679059,52.78,7.9997687
2018-11-19 06:15:00,3.42,3.4081023,1.9999628,3.4415784,0.0,0.031562615,53.79,7.9997687
2018-11-19 06:30:00,2.77,2.8063838,1.9999628,2.8825083,0.0,0.0,57.71,7.9997687
2018-11-19 06:45:00,2.77,2.7369287,1.9999628,2.7867758,0.0,0.0,56.93,7.9997687
2018-11-19 07:00:00,2.81,2.8374665,1.9999628,2.8397164,0.0,0.07205805,58.26,7.9997687
2018-11-19 07:15:00,3.2,3.1849604,1.9999628,3.2200243,0.0,0.0,62.85,7.9997687
2018-11-19 07:30:00,3.64,3.6519697,1.9999628,3.6562853,0.0,0.0,61.07,7.9997687
2018-11-19 07:45:00,4.07,4.057095,1.9999628,4.051402,0.0,0.0,61.78,7.9997687
2018-11-19 08:00:00,5.76,5.6617427,1.9999628,5.7860756,0.0,0.024132185,77.61,7.9997687
2018-11-19 08:15:00,16.99,7.8997016,1.9999628,13.839648,0.01,0.054579284,81.39,7.9997687
2018-11-19 08:30:00,57.02,7.9429584,1.9999628,13.917412,0.03,0.0,77.06,7.9997687
2018-11-19 08:45:00,58.54,7.9924603,1.9999628,13.835013,0.03,0.011155323,80.73,7.9997687
2018-11-19 09:00:00,58.86,7.9933677,1.9999628,13.985349,0.03,0.0037113747,91.83,7.9997687
2018-11-19 09:15:00,62.75,7.9933677,1.9999628,13.985349,0.03,0.042440254,88.48,7.9997687
2018-11-19 09:30:00,68.83,7.9933686,1.9999628,13.985631,0.03,0.034844976,86.66,7.9997687
2018-11-19 09:45:00,72.18,7.9933686,1.9999628,13.985631,0.03,0.082425535,88.11,7.9997687
2018-11-19 10:00:00,67.5,7.9933686,1.9999628,13.985631,0.03,0.08288704,87.37,7.9997687
2018-11-19 10:15:00,67.72,7.9933686,1.9999628,13.985631,0.03,0.060582705,88.2,7.9997687
2018-11-19 10:30:00,64.37,7.9933686,1.9999628,13.985631,0.03,0.033656742,89.52,7.9997687
2018-11-19 10:45:00,61.31,7.9933686,1.9999628,13.985631,0.03,0.020071305,89.31,7.9997687
2018-11-19 11:00:00,65.45,7.9933686,1.9999628,13.985631,0.03,0.004187502,89.33,7.9997687
2018-11-19 11:15:00,59.18,7.9933686,1.9999628,13.985631,0.03,0.0,89.57,7.9997687
2018-11-19 11:30:00,62.03,7.9933686,1.9999628,13.985631,0.03,0.0075294487,89.06,7.9997687
2018-11-19 11:45:00,60.34,7.9933686,1.9999628,13.985631,0.03,0.044421405,88.14,7.9997687
2018-11-19 12:00:00,46.12,7.9933805,1.9999628,13.984885,0.02,0.0,91.84,7.9997687
2018-11-19 12:15:00,5.94,5.8200693,1.9999628,5.9858932,0.0,0.0,100.0,7.9997687
2018-11-19 12:30:00,6.08,5.9518857,1.9999628,6.024426,0.0,0.0,100.0,7.9997687
2018-11-19 12:45:00,6.05,5.8575325,1.9999628,6.035419,0.0,0.0,100.0,7.9997687
2018-11-19 13:00:00,5.11,5.0520906,1.9999628,5.3666677,0.0,0.0,100.0,7.9997687
2018-11-19 13:15:00,29.3,7.91875,1.9999628,13.875998,0.01,0.032596074,94.34,7.9997687
2018-11-19 13:30:00,69.52,7.993322,1.9999628,13.984171,0.03,0.011876654,88.25,7.9997687
2018-11-19 13:45:00,60.23,7.9895954,1.9999628,13.985349,0.03,0.0,89.0,7.9997687
2018-11-19 14:00:00,58.79,7.9895954,1.9999628,13.985349,0.03,0.029411927,89.28,7.9997687
2018-11-19 14:15:00,58.21,7.9933686,1.9999628,13.985631,0.03,0.0,89.16,7.9997687
2018-11-19 14:30:00,68.62,7.9933686,1.9999628,13.985631,0.03,0.0075478777,89.25,7.9997687
2018-11-19 14:45:00,60.66,7.9933686,1.9999628,13.985631,0.03,0.029032689,88.21,7.9997687
2018-11-19 15:00:00,64.44,7.9933686,1.9999628,13.985631,0.03,0.016182357,84.35,7.9997687
2018-11-19 15:15:00,63.36,7.9933686,1.9999628,13.985631,0.03,0.023212394,87.98,7.9997687
2018-11-19 15:30:00,60.05,7.9933686,1.9999628,13.985631,0.03,0.051788166,85.06,7.9997687
2018-11-19 15:45:00,65.52,7.9933686,1.9999628,13.985631,0.03,0.036482282,88.39,7.9997687
2018-11-19 16:00:00,61.42,7.9933686,1.9999628,13.985631,0.03,0.03234794,90.11,7.9997687
2018-11-19 16:15:00,61.42,7.9933686,1.9999628,13.985631,0.03,0.002194789,88.47,7.9997687
2018-11-19 16:30:00,59.08,7.9933686,1.9999628,13.985631,0.03,0.04447287,89.26,7.9997687
2018-11-19 16:45:00,62.89,7.9933686,1.9999628,13.985631,0.03,0.022326767,91.15,7.9997687
2018-11-19 17:00:00,62.89,7.9933686,1.9999628,13.985631,0.03,0.041446436,91.33,7.9997687
2018-11-19 17:15:00,56.05,7.9933686,1.9999628,13.985631,0.03,0.012651324,92.94,7.9997687
2018-11-19 17:30:00,59.11,7.9933686,1.9999628,13.985631,0.03,0.0,92.98,7.9997687
2018-11-19 17:45:00,30.89,7.6785507,1.9999628,13.7586155,0.01,0.03574249,100.0,7.9997687
2018-11-19 18:00:00,31.61,7.9933686,1.9999628,13.985631,0.01,0.0,99.6,7.9997687
2018-11-19 18:15:00,34.99,7.9933686,1.9999628,13.985631,0.02,0.017965319,96.51,7.9997687
2018-11-19 18:30:00,43.06,7.9933686,1.9999628,13.985631,0.02,0.010819884,95.38,7.9997687
2018-11-19 18:45:00,43.49,7.9933686,1.9999628,13.985631,0.02,0.018381596,98.45,7.9997687
2018-11-19 19:00:00,63.32,7.9933686,1.9999628,13.985631,0.03,0.04575494,93.99,7.9997687
2018-11-19 19:15:00,45.54,7.9933686,1.9999628,13.985631,0.02,0.0021361276,97.25,7.9997687
2018-11-19 19:30:00,45.79,7.9933686,1.9999628,13.985631,0.02,0.0042714947,96.32,7.9997687
2018-11-19 19:45:00,53.21,7.9933686,1.9999628,13.985631,0.02,0.0338886,93.78,7.9997687
2018-11-19 20:00:00,44.78,7.9933686,1.9999628,13.985631,0.02,0.019021844,96.1,7.9997687
2018-11-19 20:15:00,44.17,7.9933686,1.9999628,13.985631,0.02,0.028865615,94.52,7.9997687
2018-11-19 20:30:00,52.81,7.9933686,1.9999628,13.985631,0.02,0.0036012086,92.6,7.9997687
2018-11-19 20:45:00,40.39,7.9933686,1.9999628,13.985631,0.02,0.0,97.44,7.9997687
2018-11-19 21:00:00,26.64,7.7193356,1.9999628,13.7598095,0.01,0.0,100.0,7.9997687
2018-11-19 21:15:00,13.43,7.2835608,1.9999628,11.668664,0.01,0.0,100.0,7.9997687
2018-11-19 21:30:00,3.82,3.7934327,1.9999628,4.4228034,0.0,0.0,100.0,7.9997687
2018-11-19 21:45:00,3.89,3.8867857,1.9999628,3.891713,0.0,0.01313994,100.0,7.9997687
2018-11-19 22:00:00,3.78,3.7395165,1.9999628,3.7597394,0.0,0.022866601,100.0,7.9997687
2018-11-19 22:15:00,3.67,3.733958,1.9999628,3.982609,0.0,0.0,70.71,7.9997687
2018-11-19 22:30:00,3.64,3.6512563,1.9999628,3.6644301,0.0,0.02569698,68.7,7.9997687
2018-11-19 22:45:00,3.6,3.5913455,1.9999628,3.644943,0.0,0.003830194,67.92,7.9997687
2018-11-19 23:00:00,3.56,3.5652819,1.9999628,3.604259,0.0,0.0067332396,69.92,7.9997687
2018-11-19 23:15:00,3.56,3.571961,1.9999628,3.5997996,0.0,0.01839505,73.54,7.9997687
2018-11-19 23:30:00,3.64,3.6413484,1.9999628,3.6736872,0.0,0.0,77.69,7.9997687
2018-11-19 23:45:00,4.57,4.556214,1.9999628,4.5892973,0.0,0.0,83.43,7.9997687
2018-11-20 00:00:00,4.61,4.298779,1.9999628,4.3321743,0.0,0.019590035,92.38,7.9997687
2018-11-20 00:15:00,3.53,3.4491382,1.9999628,3.7714815,0.0,0.0,74.4,7.9997687
2018-11-20 00:30:00,3.64,3.6657033,1.9999628,3.7529383,0.0,0.01264028,71.49,7.9997687
2018-11-20 00:45:00,3.71,3.716402,1.9999628,3.7560096,0.0,0.016094727,68.0,7.9997687
2018-11-20 01:00:00,3.6,3.5736103,1.9999628,3.6871538,0.0,0.0060368315,69.35,7.9997687
2018-11-20 01:15:00,3.64,3.657196,1.9999628,3.656394,0.0,0.0068947244,72.88,7.9997687
2018-11-20 01:30:00,3.53,3.502771,1.9999628,3.5723271,0.0,0.0,73.67,7.9997687
2018-11-20 01:45:00,3.6,3.608675,1.9999628,3.672271,0.0,0.0064077363,71.8,7.9997687
2018-11-20 02:00:00,3.71,3.7142649,1.9999628,3.701115,0.0,0.00017184636,68.74,7.9997687
2018-11-20 02:15:00,3.56,3.5374832,1.9999628,3.6549876,0.0,0.0020702472,72.52,7.9997687
2018-11-20 02:30:00,3.56,3.5686374,1.9999628,3.6073124,0.0,0.03133133,71.41,7.9997687
2018-11-20 02:45:00,3.02,3.0464249,1.9999628,3.2010422,0.0,0.018514475,70.71,7.9997687
2018-11-20 03:00:00,3.02,3.0431056,1.9999628,3.0438414,0.0,0.0028171241,71.06,7.9997687
2018-11-20 03:15:00,3.13,3.134779,1.9999628,3.1714854,0.0,0.0,67.95,7.9997687
2018-11-20 03:30:00,3.31,3.2670727,1.9999628,3.392339,0.0,0.0,71.03,7.9997687
2018-11-20 03:45:00,3.67,3.6738005,1.9999628,3.6843343,0.0,0.0042014555,66.97,7.9997687
2018-11-20 04:00:00,2.95,2.986012,1.9999628,3.101567,0.0,0.009051105,78.86,7.9997687
2018-11-20 04:15:00,2.88,2.9254274,1.9999628,2.9124656,0.0,0.0,80.93,7.9997687
2018-11-20 04:30:00,2.95,2.9515715,1.9999628,2.997384,0.0,0.0,81.21,7.9997687
2018-11-20 04:45:00,2.88,2.9147906,1.9999628,2.8839421,0.0,0.0,80.53,7.9997687
2018-11-20 05:00:00,2.84,2.8298821,1.9999628,2.8728359,0.0,0.015594484,82.03,7.9997687
2018-11-20 05:15:00,2.81,2.8085318,1.9999628,2.8111498,0.0,0.0,82.7,7.9997687
2018-11-20 05:30:00,2.88,2.8581877,1.9999628,2.876981,0.0,0.0,82.94,7.9997687
2018-11-20 05:45:00,3.17,3.1681108,1.9999628,3.2202518,0.0,0.026709817,82.15,7.9997687
2018-11-20 06:00:00,3.46,3.4951315,1.9999628,3.493653,0.0,0.0,82.83,7.9997687
2018-11-20 06:15:00,3.42,3.3251882,1.9999628,3.396142,0.0,0.0016194321,82.98,7.9997687
2018-11-20 06:30:00,2.81,2.794014,1.9999628,2.9035387,0.0,0.0,84.21,7.9997687
2018-11-20 06:45:00,2.77,2.7596273,1.9999628,2.790497,0.0,0.0,83.3,7.9997687
2018-11-20 07:00:00,2.84,2.831266,1.9999628,2.8830655,0.0,0.060880985,83.93,7.9997687
2018-11-20 07:15:00,2.7,2.6783795,1.9999628,2.7775524,0.0,0.0082988,85.19,7.9997687
2018-11-20 07:30:00,3.71,3.6807652,1.9999628,3.711124,0.0,0.027546955,90.35,7.9997687
2018-11-20 07:45:00,5.51,5.3855147,1.9999628,5.487957,0.0,0.008723923,94.85,7.9997687
2018-11-20 08:00:00,5.33,5.204661,1.9999628,5.4293923,0.0,0.041421153,94.36,7.9997687
2018-11-20 08:15:00,25.88,7.918963,1.9999628,13.849158,0.01,0.020028835,83.27,7.9997687
2018-11-20 08:30:00,60.16,7.98714,1.9999628,13.982178,0.03,0.0,77.83,7.9997687
2018-11-20 08:45:00,67.54,7.9933677,1.9999628,13.985349,0.03,0.0,81.93,7.9997687
2018-11-20 09:00:00,78.98,7.9933677,1.9999628,13.985349,0.04,0.0,86.51,7.9997687
2018-11-20 09:15:00,70.24,7.9933686,1.9999628,13.985631,0.03,0.04249284,88.09,7.9997687
2018-11-20 09:30:00,77.47,7.9933686,1.9999628,13.985631,0.04,0.06456572,86.54,7.9997687
2018-11-20 09:45:00,74.88,7.9933686,1.9999628,13.985631,0.03,0.038668435,87.45,7.9997687
2018-11-20 10:00:00,54.18,7.9933686,1.9999628,13.98467,0.02,0.0048217075,92.93,7.9997687
2018-11-20 10:15:00,54.79,7.9933686,1.9999628,13.985631,0.03,0.06652331,92.89,7.9997687
2018-11-20 10:30:00,59.54,7.9933686,1.9999628,13.985631,0.03,0.056996074,90.1,7.9997687
2018-11-20 10:45:00,52.16,7.9933686,1.9999628,13.985631,0.02,0.0064937645,95.99,7.9997687
2018-11-20 11:00:00,61.81,7.9933686,1.9999628,13.985631,0.03,0.04394662,92.6,7.9997687
2018-11-20 11:15:00,52.2,7.9933686,1.9999628,13.985631,0.02,0.008082853,94.46,7.9997687
2018-11-20 11:30:00,46.94,7.9933686,1.9999628,13.985631,0.02,0.04626965,98.56,7.9997687
2018-11-20 11:45:00,48.56,7.9933686,1.9999628,13.985631,0.02,0.06017707,98.04,7.9997687
2018-11-20 12:00:00,52.7,7.9933805,1.9999628,13.865507,0.02,0.03524537,94.53,7.9997687
2018-11-20 12:15:00,6.12,6.003683,1.9999628,6.221691,0.0,0.07349069,100.0,7.9997687
2018-11-20 12:30:00,5.44,5.530407,1.9999628,5.6216545,0.0,0.060210723,100.0,7.9997687
2018-11-20 12:45:00,5.4,5.422165,1.9999628,5.4702353,0.0,0.026877802,100.0,7.9997687
2018-11-20 13:00:00,5.58,5.4643316,1.9999628,5.561756,0.0,0.028698985,100.0,7.9997687
2018-11-20 13:15:00,28.15,7.6603875,1.9999628,13.393311,0.01,0.046621192,96.76,7.9997687
2018-11-20 13:30:00,53.24,7.9931855,1.9999628,13.984398,0.02,0.0036218741,91.11,7.9997687
2018-11-20 13:45:00,48.67,7.9895954,1.9999628,13.985349,0.02,0.034552794,92.43,7.9997687
2018-11-20 14:00:00,57.85,7.9933677,1.9999628,13.985349,0.03,0.09981132,90.66,7.9997687
2018-11-20 14:15:00,55.12,7.9933686,1.9999628,13.985631,0.03,0.07309481,94.63,7.9997687
2018-11-20 14:30:00,52.63,7.9933686,1.9999628,13.985631,0.02,0.040103402,93.66,7.9997687
2018-11-20 14:45:00,56.77,7.9933686,1.9999628,13.985631,0.03,0.03260042,92.17,7.9997687
2018-11-20 15:00:00,47.41,7.9933686,1.9999628,13.985631,0.02,0.038902007,95.25,7.9997687
2018-11-20 15:15:00,51.16,7.9933686,1.9999628,13.985631,0.02,0.043251827,93.72,7.9997687
2018-11-20 15:30:00,46.51,7.9933686,1.9999628,13.985631,0.02,0.062201314,93.93,7.9997687
2018-11-20 15:45:00,56.99,7.9933686,1.9999628,13.985631,0.03,0.080676064,89.34,7.9997687
2018-11-20 16:00:00,44.57,7.9933686,1.9999628,13.985631,0.02,0.04090713,94.15,7.9997687
2018-11-20 16:15:00,43.09,7.9933686,1.9999628,13.985631,0.02,0.03854894,97.32,7.9997687
2018-11-20 16:30:00,67.32,7.9933686,1.9999628,13.985631,0.03,0.010834047,90.2,7.9997687
2018-11-20 16:45:00,45.47,7.9933686,1.9999628,13.98467,0.02,0.06456271,98.07,7.9997687
2018-11-20 17:00:00,64.84,7.9933686,1.9999628,13.985631,0.03,0.0062976074,92.98,7.9997687
2018-11-20 17:15:00,41.15,7.9933686,1.9999628,13.98467,0.02,0.08186653,98.62,7.9997687
2018-11-20 17:30:00,31.97,7.9933686,1.9999628,13.953958,0.01,0.019727243,99.95,7.9997687
2018-11-20 17:45:00,27.83,7.736288,1.9999628,13.857395,0.01,0.04830751,100.0,7.9997687
2018-11-20 18:00:00,22.97,7.98111,1.9999628,13.930862,0.01,0.0,99.86,7.9997687
2018-11-20 18:15:00,8.14,6.3495793,1.9999628,9.972229,0.0,0.0057412176,100.0,7.9997687
2018-11-20 18:30:00,8.17,6.6857424,1.9999628,8.176764,0.0,0.0,100.0,7.9997687
2018-11-20 18:45:00,8.39,7.3385844,1.9999628,8.420479,0.0,0.029629674,100.0,7.9997687
2018-11-20 19:00:00,8.32,7.420571,1.9999628,8.245309,0.0,0.0,100.0,7.9997687
2018-11-20 19:15:00,8.71,7.3800097,1.9999628,8.39389,0.0,0.00034745736,100.0,7.9997687
2018-11-20 19:30:00,7.38,6.8534274,1.9999628,7.2489743,0.0,0.0,100.0,7.9997687
2018-11-20 19:45:00,7.6,7.118898,1.9999628,7.240956,0.0,0.0,100.0,7.9997687
2018-11-20 20:00:00,6.44,6.468063,1.9999628,6.374992,0.0,0.015319322,100.0,7.9997687
2018-11-20 20:15:00,5.0,5.0137196,1.9999628,5.1619477,0.0,0.012432977,100.0,7.9997687
2018-11-20 20:30:00,4.86,4.8999543,1.9999628,4.9936666,0.0,0.0,100.0,7.9997687
2018-11-20 20:45:00,5.0,5.013586,1.9999628,5.099084,0.0,0.0048616077,100.0,7.9997687
2018-11-20 21:00:00,4.1,4.1441274,1.9999628,4.4747696,0.0,0.0,100.0,7.9997687
2018-11-20 21:15:00,3.89,3.8938487,1.9999628,4.0038815,0.0,0.03657743,100.0,7.9997687
2018-11-20 21:30:00,3.82,3.792861,1.9999628,3.879432,0.0,0.022878557,100.0,7.9997687
2018-11-20 21:45:00,3.85,3.8265126,1.9999628,3.8607812,0.0,0.027934723,100.0,7.9997687
2018-11-20 22:00:00,3.92,3.9121072,1.9999628,3.9765184,0.0,0.030361788,100.0,7.9997687
2018-11-20 22:15:00,3.71,3.7482176,1.9999628,3.7032654,0.0,0.0070247175,70.71,7.9997687
2018-11-20 22:30:00,3.64,3.6455774,1.9999628,3.6735651,0.0,0.020247525,71.79,7.9997687
2018-11-20 22:45:00,3.64,3.6359577,1.9999628,3.6895545,0.0,0.0,71.49,7.9997687
2018-11-20 23:00:00,3.64,3.6359577,1.9999628,3.6809502,0.0,0.0,72.18,7.9997687
2018-11-20 23:15:00,3.6,3.604996,1.9999628,3.6409373,0.0,0.0,82.35,7.9997687
2018-11-20 23:30:00,3.49,3.490167,1.9999628,3.4981766,0.0,0.0,85.79,7.9997687
2018-11-20 23:45:00,3.56,3.5796545,1.9999628,3.61014,0.0,0.011143855,85.49,7.9997687
2018-11-21 00:00:00,3.71,3.6226482,1.9999628,3.73966,0.0,0.031460833,77.14,7.9997687
2018-11-21 00:15:00,4.0,3.9785135,1.9999628,4.0649614,0.0,0.07239598,88.99,7.9997687
2018-11-21 00:30:00,3.64,3.6467028,1.9999628,3.6990032,0.0,0.05273859,84.54,7.9997687
2018-11-21 00:45:00,3.46,3.481388,1.9999628,3.4877093,0.0,0.039527543,82.39,7.9997687
2018-11-21 01:00:00,3.46,3.4622686,1.9999628,3.4652753,0.0,0.050008155,82.39,7.9997687
2018-11-21 01:15:00,3.46,3.4629812,1.9999628,3.4555893,0.0,0.0869999,82.83,7.9997687
2018-11-21 01:30:00,3.13,3.1250174,1.9999628,3.1169643,0.0,0.051667765,83.16,7.9997687
2018-11-21 01:45:00,2.95,2.9234133,1.9999628,2.9927583,0.0,0.0068100626,84.46,7.9997687
2018-11-21 02:00:00,2.77,2.777485,1.9999628,2.8118134,0.0,0.054355405,83.3,7.9997687
2018-11-21 02:15:00,2.88,2.884307,1.9999628,2.8941553,0.0,0.019392224,83.34,7.9997687
2018-11-21 02:30:00,2.92,2.9185362,1.9999628,2.9356544,0.0,0.06927637,79.87,7.9997687
2018-11-21 02:45:00,2.88,2.9210587,1.9999628,2.8741648,0.0,0.014419695,82.4,7.9997687
2018-11-21 03:00:00,2.95,2.909271,1.9999628,2.9626098,0.0,0.0,83.03,7.9997687
2018-11-21 03:15:00,2.84,2.8459718,1.9999628,2.8459024,0.0,0.013409933,81.49,7.9997687
2018-11-21 03:30:00,2.88,2.888227,1.9999628,2.8836443,0.0,0.024154197,82.94,7.9997687
2018-11-21 03:45:00,3.38,3.381865,1.9999628,3.422014,0.0,0.03281917,81.42,7.9997687
2018-11-21 04:00:00,3.74,3.713506,1.9999628,3.6926491,0.0,0.02804772,84.77,7.9997687
2018-11-21 04:15:00,3.71,3.6918755,1.9999628,3.685726,0.0,0.04587275,79.72,7.9997687
2018-11-21 04:30:00,3.49,3.4233172,1.9999628,3.421321,0.0,0.04312171,78.33,7.9997687
2018-11-21 04:45:00,2.92,2.8827577,1.9999628,2.9487135,0.0,0.06571448,80.39,7.9997687
2018-11-21 05:00:00,2.95,2.9342601,1.9999628,2.9607117,0.0,0.06619664,81.6,7.9997687
2018-11-21 05:15:00,2.92,2.961631,1.9999628,2.939569,0.0,0.037997298,82.24,7.9997687
2018-11-21 05:30:00,2.92,2.9470239,1.9999628,2.940423,0.0,0.011916184,82.24,7.9997687
2018-11-21 05:45:00,2.88,2.8881798,1.9999628,2.8814042,0.0,0.0,81.87,7.9997687
2018-11-21 06:00:00,2.84,2.8238943,1.9999628,2.8728359,0.0,0.0115512125,82.03,7.9997687
2018-11-21 06:15:00,2.92,2.928079,1.9999628,2.9318736,0.0,0.0,82.24,7.9997687
2018-11-21 06:30:00,2.88,2.8960114,1.9999628,2.8916528,0.0,0.0,82.94,7.9997687
2018-11-21 06:45:00,2.84,2.8408644,1.9999628,2.8784564,0.0,0.0,83.52,7.9997687
2018-11-21 07:00:00,2.88,2.8948839,1.9999628,2.88015,0.0,0.015362512,83.87,7.9997687
2018-11-21 07:15:00,2.77,2.8264666,1.9999628,2.816389,0.0,0.012934199,84.4,7.9997687
2018-11-21 07:30:00,3.56,3.5336199,1.9999628,3.6658254,0.0,0.02583985,88.53,7.9997687
2018-11-21 07:45:00,5.83,5.754994,1.9999628,5.780201,0.0,0.0,94.49,7.9997687
2018-11-21 08:00:00,6.26,5.9603786,1.9999628,6.0922165,0.0,0.04638317,97.21,7.9997687
2018-11-21 08:15:00,24.98,7.905863,1.9999628,13.850313,0.01,0.046359606,87.5,7.9997687
2018-11-21 08:30:00,50.08,7.984693,1.9999628,13.980459,0.02,0.0,84.29,7.9997687
2018-11-21 08:45:00,64.04,7.9933677,1.9999628,13.985349,0.03,0.0,90.15,7.9997687
2018-11-21 09:00:00,77.9,7.9933677,1.9999628,13.985349,0.04,0.036719516,91.08,7.9997687
2018-11-21 09:15:00,65.12,7.9933686,1.9999628,13.985379,0.03,0.03662241,91.79,7.9997687
2018-11-21 09:30:00,67.43,7.9933686,1.9999628,13.985631,0.03,0.005766308,90.71,7.9997687
2018-11-21 09:45:00,67.43,7.9933686,1.9999628,13.985631,0.03,0.0,90.75,7.9997687
2018-11-21 10:00:00,75.67,7.9933686,1.9999628,13.985631,0.03,0.00079460285,89.71,7.9997687
2018-11-21 10:15:00,69.66,7.9933686,1.9999628,13.985631,0.03,0.0026397905,91.97,7.9997687
2018-11-21 10:30:00,69.08,7.9933686,1.9999628,13.985631,0.03,0.0020168778,91.04,7.9997687
2018-11-21 10:45:00,69.66,7.9933686,1.9999628,13.985631,0.03,0.0,91.35,7.9997687
2018-11-21 11:00:00,68.87,7.9933686,1.9999628,13.985631,0.03,0.025209248,90.61,7.9997687
2018-11-21 11:15:00,81.32,7.9933686,1.9999628,13.985631,0.04,0.0,89.62,7.9997687
2018-11-21 11:30:00,96.26,7.9933686,1.9999628,13.985631,0.04,0.0,92.07,7.9997687
2018-11-21 11:45:00,83.95,7.9933686,1.9999628,13.985631,0.04,0.011192392,89.1,7.9997687
2018-11-21 12:00:00,109.33,7.9933805,1.9999628,13.984885,0.05,0.014587598,94.4,7.9997687
2018-11-21 12:15:00,7.6,6.7037997,1.9999628,7.0847564,0.0,0.0,100.0,7.9997687
2018-11-21 12:30:00,6.66,6.794957,1.9999628,6.809377,0.0,0.06355156,100.0,7.9997687
2018-11-21 12:45:00,6.73,6.6657186,1.9999628,6.88086,0.0,0.03645818,100.0,7.9997687
2018-11-21 13:00:00,6.66,6.4956627,1.9999628,6.6137285,0.0,0.026723813,100.0,7.9997687
2018-11-21 13:15:00,47.3,7.943026,1.9999628,13.956442,0.02,0.03995355,91.94,7.9997687
2018-11-21 13:30:00,74.52,7.993362,1.9999628,13.98462,0.03,0.017151374,92.32,7.9997687
2018-11-21 13:45:00,109.19,7.9933677,1.9999628,13.985349,0.05,0.0,94.0,7.9997687
2018-11-21 14:00:00,79.38,7.9895954,1.9999628,13.985349,0.04,0.0,96.37,7.9997687
2018-11-21 14:15:00,94.0,7.9933686,1.9999628,13.985631,0.04,0.0,96.34,7.9997687
2018-11-21 14:30:00,85.14,7.9933686,1.9999628,13.985631,0.04,0.020272292,95.68,7.9997687
2018-11-21 14:45:00,91.76,7.9933686,1.9999628,13.985631,0.04,0.03394826,95.94,7.9997687
2018-11-21 15:00:00,127.33,7.9933686,1.9999628,13.985631,0.06,0.032677352,92.93,7.9997687
2018-11-21 15:15:00,94.82,7.9933686,1.9999628,13.98467,0.04,0.0,96.21,7.9997687
2018-11-21 15:30:00,122.98,7.9933686,1.9999628,13.985631,0.06,0.025087113,94.32,7.9997687
2018-11-21 15:45:00,86.51,7.9933686,1.9999628,13.98467,0.04,0.0,93.45,7.9997687
2018-11-21 16:00:00,79.16,7.9933686,1.9999628,13.985631,0.04,0.0,96.21,7.9997687
2018-11-21 16:15:00,70.6,7.9933686,1.9999628,13.985631,0.03,0.039468378,93.8,7.9997687
2018-11-21 16:30:00,103.9,7.9933686,1.9999628,13.985631,0.05,0.020885363,95.17,7.9997687
2018-11-21 16:45:00,106.13,7.9933686,1.9999628,13.985631,0.05,0.018310739,94.42,7.9997687
2018-11-21 17:00:00,103.54,7.9933686,1.9999628,13.985631,0.05,0.040224344,93.39,7.9997687
2018-11-21 17:15:00,126.22,7.9933686,1.9999628,13.985631,0.06,0.09111419,93.71,7.9997687
2018-11-21 17:30:00,115.49,7.9933686,1.9999628,13.985631,0.05,0.02019969,91.78,7.9997687
2018-11-21 17:45:00,44.6,7.9933686,1.9999628,13.980571,0.02,0.09730425,97.39,7.9997687
2018-11-21 18:00:00,33.77,7.9933686,1.9999628,13.985631,0.02,0.0,99.11,7.9997687
2018-11-21 18:15:00,74.27,7.9933686,1.9999628,13.985631,0.03,0.0048368294,91.0,7.9997687
2018-11-21 18:30:00,127.4,7.9933686,1.9999628,13.985631,0.06,0.054307815,89.65,7.9997687
2018-11-21 18:45:00,106.52,7.9933686,1.9999628,13.98467,0.05,0.025783878,91.45,7.9997687
2018-11-21 19:00:00,119.59,7.9933686,1.9999628,13.985631,0.05,0.11107092,91.07,7.9997687
2018-11-21 19:15:00,83.38,7.9933686,1.9999628,13.98467,0.04,0.12195733,92.29,7.9997687
2018-11-21 19:30:00,93.53,7.9933686,1.9999628,13.985631,0.04,0.0,91.88,7.9997687
2018-11-21 19:45:00,99.32,7.9933686,1.9999628,13.985631,0.05,0.02205704,90.79,7.9997687
2018-11-21 20:00:00,119.45,7.9933686,1.9999628,13.985631,0.05,0.03301756,91.5,7.9997687
2018-11-21 20:15:00,95.65,7.9933686,1.9999628,13.98467,0.04,0.053507082,93.08,7.9997687
2018-11-21 20:30:00,98.6,7.9933686,1.9999628,13.985631,0.05,0.084178686,95.25,7.9997687
2018-11-21 20:45:00,86.83,7.9933686,1.9999628,13.985631,0.04,0.044336364,95.67,7.9997687
2018-11-21 21:00:00,47.63,7.9933686,1.9999628,13.98467,0.02,0.0,99.0,7.9997687
2018-11-21 21:15:00,24.73,7.963201,1.9999628,13.923176,0.01,0.02727436,100.0,7.9997687
2018-11-21 21:30:00,5.4,5.5079784,1.9999628,5.478285,0.0,0.04205985,100.0,7.9997687
2018-11-21 21:45:00,5.36,5.142516,1.9999628,5.051217,0.0,0.0,100.0,7.9997687
2018-11-21 22:00:00,4.1,3.9474957,1.9999628,4.190103,0.0,0.0,100.0,7.9997687
2018-11-21 22:15:00,3.89,4.0716076,1.9999628,4.406705,0.0,0.0,78.6,7.9997687
2018-11-21 22:30:00,3.85,3.8510976,1.9999628,3.8658001,0.0,0.024337785,73.04,7.9997687
2018-11-21 22:45:00,3.89,3.8794515,1.9999628,3.960963,0.0,0.006969617,73.77,7.9997687
2018-11-21 23:00:00,3.92,3.9379113,1.9999628,3.8783703,0.0,0.010317292,77.76,7.9997687
2018-11-21 23:15:00,3.74,3.7337549,1.9999628,3.7271106,0.0,0.0,78.82,7.9997687
2018-11-21 23:30:00,3.71,3.7066808,1.9999628,3.7399018,0.0,0.0569358,78.27,7.9997687
2018-11-21 23:45:00,3.71,3.7054954,1.9999628,3.717287,0.0,0.0,75.72,7.9997687
2018-11-22 00:00:00,3.78,3.6955695,1.9999628,3.7540765,0.0,0.048101302,78.13,7.9997687
2018-11-22 00:15:00,3.82,3.8058362,1.9999628,3.8606224,0.0,0.0,78.75,7.9997687
2018-11-22 00:30:00,3.71,3.7212915,1.9999628,3.7626822,0.0,0.0,78.58,7.9997687
2018-11-22 00:45:00,3.74,3.758459,1.9999628,3.7847877,0.0,0.0,74.88,7.9997687
2018-11-22 01:00:00,3.74,3.7133718,1.9999628,3.8141341,0.0,0.0,73.41,7.9997687
2018-11-22 01:15:00,3.85,3.8367434,1.9999628,3.8855782,0.0,0.0,76.9,7.9997687
2018-11-22 01:30:00,3.82,3.8205395,1.9999628,3.8473485,0.0,0.0,76.95,7.9997687
2018-11-22 01:45:00,3.74,3.7360468,1.9999628,3.7840252,0.0,0.0,76.28,7.9997687
2018-11-22 02:00:00,4.68,4.643764,1.9999628,4.739108,0.0,0.0125748925,76.66,7.9997687
2018-11-22 02:15:00,4.32,4.2786546,1.9999628,4.4067326,0.0,0.0,76.21,7.9997687
2018-11-22 02:30:00,3.71,3.6918402,1.9999628,3.708852,0.0,0.0,76.43,7.9997687
2018-11-22 02:45:00,3.46,3.470883,1.9999628,3.5612783,0.0,0.0,73.42,7.9997687
2018-11-22 03:00:00,3.17,3.1841073,1.9999628,3.233127,0.0,0.0,72.4,7.9997687
2018-11-22 03:15:00,3.2,3.2166352,1.9999628,3.2142491,0.0,0.0,71.49,7.9997687
2018-11-22 03:30:00,3.17,3.1898823,1.9999628,3.2066329,0.0,0.007430623,73.55,7.9997687
2018-11-22 03:45:00,3.2,3.2158556,1.9999628,3.2160795,0.0,0.0,71.49,7.9997687
2018-11-22 04:00:00,3.2,3.1929698,1.9999628,3.205722,0.0,0.03162577,71.82,7.9997687
2018-11-22 04:15:00,3.24,3.2551708,1.9999628,3.2353036,0.0,0.014628654,72.7,7.9997687
2018-11-22 04:30:00,3.2,3.2046375,1.9999628,3.2159574,0.0,0.00012970949,71.49,7.9997687
2018-11-22 04:45:00,3.2,3.1984463,1.9999628,3.205722,0.0,0.03819881,71.04,7.9997687
2018-11-22 05:00:00,3.42,3.422071,1.9999628,3.556671,0.0,0.035918824,74.09,7.9997687
2018-11-22 05:15:00,3.78,3.7596083,1.9999628,3.7696211,0.0,0.0,75.93,7.9997687
2018-11-22 05:30:00,4.39,4.333657,1.9999628,4.243742,0.0,0.010995493,71.28,7.9997687
2018-11-22 05:45:00,3.49,3.5148597,1.9999628,3.6859605,0.0,0.0,72.87,7.9997687
2018-11-22 06:00:00,3.1,3.03937,1.9999628,3.1051304,0.0,0.0,76.74,7.9997687
2018-11-22 06:15:00,3.17,3.177875,1.9999628,3.2142127,0.0,0.013709349,76.6,7.9997687
2018-11-22 06:30:00,3.13,3.1344767,1.9999628,3.144115,0.0,0.0,74.89,7.9997687
2018-11-22 06:45:00,3.17,3.1927567,1.9999628,3.181205,0.0,0.03742806,77.44,7.9997687
2018-11-22 07:00:00,3.1,3.0917835,1.9999628,3.118412,0.0,0.0,73.26,7.9997687
2018-11-22 07:15:00,3.06,3.0404835,1.9999628,3.073409,0.0,0.007959198,77.19,7.9997687
2018-11-22 07:30:00,3.17,3.1615133,1.9999628,3.228407,0.0,0.017883562,81.3,7.9997687
2018-11-22 07:45:00,4.79,4.865802,1.9999628,4.9522576,0.0,0.0013770816,84.83,7.9997687
2018-11-22 08:00:00,6.3,6.1529694,1.9999628,6.5742254,0.0,0.0,93.4,7.9997687
2018-11-22 08:15:00,41.51,7.922594,1.9999628,13.888336,0.02,0.037076548,83.49,7.9997687
2018-11-22 08:30:00,101.48,7.9884114,1.9999628,13.982458,0.05,0.05441753,86.44,7.9997687
2018-11-22 08:45:00,120.67,7.9933677,1.9999628,13.985349,0.06,0.051202953,87.84,7.9997687
2018-11-22 09:00:00,124.49,7.9933677,1.9999628,13.985349,0.06,0.034764726,92.34,7.9997687
2018-11-22 09:15:00,139.61,7.9933686,1.9999628,13.985631,0.06,0.03200424,92.92,7.9997687
2018-11-22 09:30:00,120.82,7.9933686,1.9999628,13.985631,0.06,0.062361423,93.02,7.9997687
2018-11-22 09:45:00,157.18,7.9933686,1.9999628,13.985631,0.07,0.10033479,89.64,7.9997687
2018-11-22 10:00:00,136.4,7.9933686,1.9999628,13.98467,0.06,0.0,91.56,7.9997687
2018-11-22 10:15:00,139.57,7.9933686,1.9999628,13.985631,0.06,0.0,92.13,7.9997687
2018-11-22 10:30:00,103.5,7.9933686,1.9999628,13.98467,0.05,0.0,93.47,7.9997687
2018-11-22 10:45:00,113.87,7.9933686,1.9999628,13.985631,0.05,0.0,93.6,7.9997687
2018-11-22 11:00:00,133.13,7.9933686,1.9999628,13.985631,0.06,0.0,92.52,7.9997687
2018-11-22 11:15:00,134.6,7.9933686,1.9999628,13.985631,0.06,0.010426503,89.47,7.9997687
2018-11-22 11:30:00,96.62,7.9933686,1.9999628,13.98467,0.04,0.04699645,86.62,7.9997687
2018-11-22 11:45:00,70.63,7.9933686,1.9999628,13.98467,0.03,0.061656896,86.9,7.9997687
2018-11-22 12:00:00,55.69,7.9933805,1.9999628,13.984885,0.03,0.20157199,88.92,7.9997687
2018-11-22 12:15:00,5.22,5.4062495,1.9999628,5.8829274,0.0,0.03959851,100.0,7.9997687
2018-11-22 12:30:00,6.44,6.0243034,1.9999628,6.436537,0.0,0.028727602,100.0,7.9997687
2018-11-22 12:45:00,6.62,6.329002,1.9999628,6.660286,0.0,0.017201252,100.0,7.9997687
2018-11-22 13:00:00,6.55,6.491456,1.9999628,6.731105,0.0,0.0033478122,100.0,7.9997687
2018-11-22 13:15:00,41.87,7.935803,1.9999628,13.946713,0.02,0.097332336,94.16,7.9997687
2018-11-22 13:30:00,75.35,7.993362,1.9999628,13.98462,0.03,0.041327413,90.17,7.9997687
2018-11-22 13:45:00,93.67,7.9933677,1.9999628,13.985349,0.04,0.080298014,86.61,7.9997687
2018-11-22 14:00:00,83.63,7.9895954,1.9999628,13.985349,0.04,0.06548302,88.89,7.9997687
2018-11-22 14:15:00,87.77,7.9933686,1.9999628,13.985631,0.04,0.064874105,87.21,7.9997687
2018-11-22 14:30:00,89.06,7.9933686,1.9999628,13.985631,0.04,0.102330916,87.33,7.9997687
2018-11-22 14:45:00,85.54,7.9933686,1.9999628,13.985631,0.04,0.0,87.87,7.9997687
2018-11-22 15:00:00,70.52,7.9933686,1.9999628,13.985631,0.03,0.038142603,89.73,7.9997687
2018-11-22 15:15:00,79.34,7.9933686,1.9999628,13.985631,0.04,0.083176404,88.11,7.9997687
2018-11-22 15:30:00,80.24,7.9933686,1.9999628,13.985631,0.04,0.0731877,90.45,7.9997687
2018-11-22 15:45:00,80.57,7.9933686,1.9999628,13.985631,0.04,0.097853236,87.57,7.9997687
2018-11-22 16:00:00,79.6,7.9933686,1.9999628,13.985631,0.04,0.12373554,87.92,7.9997687
2018-11-22 16:15:00,81.07,7.9933686,1.9999628,13.985631,0.04,0.0,87.53,7.9997687
2018-11-22 16:30:00,97.96,7.9933686,1.9999628,13.985631,0.04,0.0135588925,85.62,7.9997687
2018-11-22 16:45:00,95.04,7.9933686,1.9999628,13.985631,0.04,0.0,86.65,7.9997687
2018-11-22 17:00:00,84.67,7.9933686,1.9999628,13.985631,0.04,0.0,87.31,7.9997687
2018-11-22 17:15:00,58.07,7.9933686,1.9999628,13.98467,0.03,0.0,94.27,7.9997687
2018-11-22 17:30:00,46.12,7.9933686,1.9999628,13.985631,0.02,0.0,98.33,7.9997687
2018-11-22 17:45:00,32.94,7.9933686,1.9999628,13.953958,0.02,0.0,100.0,7.9997687
2018-11-22 18:00:00,32.87,7.9933686,1.9999628,13.985631,0.02,0.0,99.27,7.9997687
2018-11-22 18:15:00,45.68,7.9933686,1.9999628,13.985631,0.02,0.0352147,92.79,7.9997687
2018-11-22 18:30:00,70.16,7.9933686,1.9999628,13.985631,0.03,0.078586265,88.45,7.9997687
2018-11-22 18:45:00,67.79,7.9933686,1.9999628,13.985631,0.03,0.043966144,93.07,7.9997687
2018-11-22 19:00:00,82.37,7.9933686,1.9999628,13.985631,0.04,0.0,90.31,7.9997687
2018-11-22 19:15:00,67.21,7.9933686,1.9999628,13.985631,0.03,0.06529075,92.38,7.9997687
2018-11-22 19:30:00,71.71,7.9933686,1.9999628,13.985631,0.03,0.051007688,91.89,7.9997687
2018-11-22 19:45:00,75.53,7.9933686,1.9999628,13.985631,0.03,0.09889099,91.56,7.9997687
2018-11-22 20:00:00,71.78,7.9933686,1.9999628,13.985631,0.03,0.096934505,92.27,7.9997687
2018-11-22 20:15:00,72.86,7.9933686,1.9999628,13.985631,0.03,0.07608592,91.54,7.9997687
2018-11-22 20:30:00,74.88,7.9933686,1.9999628,13.985631,0.03,0.020557104,91.09,7.9997687
2018-11-22 20:45:00,68.98,7.9933686,1.9999628,13.985631,0.03,0.018945253,92.7,7.9997687
2018-11-22 21:00:00,43.6,7.9933686,1.9999628,13.98467,0.02,0.089573406,98.37,7.9997687
2018-11-22 21:15:00,18.65,7.926289,1.9999628,13.703545,0.01,0.0,100.0,7.9997687
2018-11-22 21:30:00,4.97,4.9070582,1.9999628,5.279661,0.0,0.0,100.0,7.9997687
2018-11-22 21:45:00,4.07,4.088402,1.9999628,4.452764,0.0,0.0,100.0,7.9997687
2018-11-22 22:00:00,4.07,3.9972637,1.9999628,4.0625587,0.0,0.0,100.0,7.9997687
2018-11-22 22:15:00,3.74,3.8873577,1.9999628,4.232762,0.0,0.013231692,79.64,7.9997687
2018-11-22 22:30:00,3.82,3.8638813,1.9999628,3.8384628,0.0,0.09427575,77.65,7.9997687
2018-11-22 22:45:00,3.78,3.8273642,1.9999628,3.760811,0.0,0.095849715,78.13,7.9997687
2018-11-22 23:00:00,3.74,3.7711318,1.9999628,3.7423406,0.0,0.0739295,80.67,7.9997687
2018-11-22 23:15:00,3.71,3.7388568,1.9999628,3.7349389,0.0,0.121652074,79.72,7.9997687
2018-11-22 23:30:00,3.67,3.7036428,1.9999628,3.6861217,0.0,0.034224458,78.67,7.9997687
2018-11-22 23:45:00,3.74,3.789001,1.9999628,3.7570076,0.0,0.01229975,77.8,7.9997687
2018-11-23 00:00:00,3.53,3.4515529,1.9999628,3.4970443,0.0,0.094266705,82.15,7.9997687
2018-11-23 00:15:00,3.78,3.787705,1.9999628,3.8797336,0.0,0.11307354,77.32,7.9997687
2018-11-23 00:30:00,4.64,4.535569,1.9999628,4.6388316,0.0,0.18204407,88.74,7.9997687
2018-11-23 00:45:00,4.18,4.0957336,1.9999628,4.25409,0.0,0.12124075,86.27,7.9997687
2018-11-23 01:00:00,3.67,3.7182097,1.9999628,3.6880012,0.0,0.081266426,82.86,7.9997687
2018-11-23 01:15:00,3.67,3.7064981,1.9999628,3.7544837,0.0,0.13109966,83.17,7.9997687
2018-11-23 01:30:00,3.6,3.6073055,1.9999628,3.6082485,0.0,0.17007871,82.67,7.9997687
2018-11-23 01:45:00,3.64,3.670454,1.9999628,3.6752672,0.0,0.1645118,83.7,7.9997687
2018-11-23 02:00:00,3.67,3.7033305,1.9999628,3.6853862,0.0,0.06410903,84.32,7.9997687
2018-11-23 02:15:00,3.2,3.162763,1.9999628,3.306306,0.0,0.05697331,85.87,7.9997687
2018-11-23 02:30:00,3.06,3.085596,1.9999628,3.0984113,0.0,0.1008764,86.19,7.9997687
2018-11-23 02:45:00,3.02,3.0600305,1.9999628,3.0579305,0.0,0.077422634,85.02,7.9997687
2018-11-23 03:00:00,3.02,3.045968,1.9999628,3.048828,0.0,0.14179543,84.14,7.9997687
2018-11-23 03:15:00,3.06,3.093227,1.9999628,3.0761921,0.0,0.10020216,83.96,7.9997687
2018-11-23 03:30:00,3.02,3.0595303,1.9999628,3.0640566,0.0,0.093458205,83.63,7.9997687
2018-11-23 03:45:00,3.2,3.2194753,1.9999628,3.2262821,0.0,0.07160406,83.72,7.9997687
2018-11-23 04:00:00,3.67,3.662578,1.9999628,3.6598146,0.0,0.14351235,84.73,7.9997687
2018-11-23 04:15:00,3.42,3.426475,1.9999628,3.492035,0.0,0.13595003,84.1,7.9997687
2018-11-23 04:30:00,3.06,3.0664606,1.9999628,3.1173284,0.0,0.0895723,84.46,7.9997687
2018-11-23 04:45:00,3.56,3.551906,1.9999628,3.6646993,0.0,0.15009028,83.13,7.9997687
2018-11-23 05:00:00,3.56,3.5358648,1.9999628,3.577447,0.0,0.06754425,83.13,7.9997687
2018-11-23 05:15:00,2.95,2.9780564,1.9999628,3.052958,0.0,0.11367334,86.77,7.9997687
2018-11-23 05:30:00,2.99,3.0431142,1.9999628,3.0430675,0.0,0.09942152,85.17,7.9997687
2018-11-23 05:45:00,2.99,3.008154,1.9999628,2.99346,0.0,0.13655113,86.18,7.9997687
2018-11-23 06:00:00,2.95,2.9782767,1.9999628,2.9557152,0.0,0.13498469,87.15,7.9997687
2018-11-23 06:15:00,2.99,3.0162916,1.9999628,3.0232124,0.0,0.014280599,87.43,7.9997687
2018-11-23 06:30:00,2.92,2.9533563,1.9999628,2.9448771,0.0,0.012231782,87.95,7.9997687
2018-11-23 06:45:00,2.92,2.943472,1.9999628,2.9378133,0.0,0.07071043,86.55,7.9997687
2018-11-23 07:00:00,2.99,3.0166655,1.9999628,3.0084994,0.0,0.026488045,82.48,7.9997687
2018-11-23 07:15:00,3.02,3.0429463,1.9999628,3.0390038,0.0,0.047646135,81.85,7.9997687
2018-11-23 07:30:00,3.53,3.5590076,1.9999628,3.5355663,0.0,0.05877465,84.87,7.9997687
2018-11-23 07:45:00,6.12,6.323113,1.9999628,6.2159257,0.0,0.14833577,91.71,7.9997687
2018-11-23 08:00:00,6.59,6.240238,1.9999628,6.591799,0.0,0.11562716,93.4,7.9997687
2018-11-23 08:15:00,42.23,7.884902,1.9999628,13.886243,0.02,0.13817531,80.91,7.9997687
2018-11-23 08:30:00,82.4,7.988064,1.9999628,13.982388,0.04,0.07307823,77.97,7.9997687
2018-11-23 08:45:00,90.9,7.9933677,1.9999628,13.985349,0.04,0.06829774,80.19,7.9997687
2018-11-23 09:00:00,99.25,7.9933677,1.9999628,13.985349,0.05,0.041037157,86.95,7.9997687
2018-11-23 09:15:00,93.06,7.9933686,1.9999628,13.985631,0.04,0.08222886,87.56,7.9997687
2018-11-23 09:30:00,73.69,7.9933686,1.9999628,13.985631,0.03,0.049033027,90.31,7.9997687
2018-11-23 09:45:00,63.36,7.9933686,1.9999628,13.985631,0.03,0.13714224,91.75,7.9997687
2018-11-23 10:00:00,75.67,7.9933686,1.9999628,13.985631,0.03,0.07220302,90.08,7.9997687
2018-11-23 10:15:00,70.96,7.9933686,1.9999628,13.985631,0.03,0.13790572,89.4,7.9997687
2018-11-23 10:30:00,100.69,7.9933686,1.9999628,13.985631,0.05,0.044791374,86.05,7.9997687
2018-11-23 10:45:00,83.66,7.9933686,1.9999628,13.985631,0.04,0.02994259,88.91,7.9997687
2018-11-23 11:00:00,65.77,7.9933686,1.9999628,13.985631,0.03,0.04340343,89.86,7.9997687
2018-11-23 11:15:00,73.66,7.9933686,1.9999628,13.985631,0.03,0.039216626,89.67,7.9997687
2018-11-23 11:30:00,67.03,7.9933686,1.9999628,13.985631,0.03,0.013421152,92.27,7.9997687
2018-11-23 11:45:00,66.89,7.9933686,1.9999628,13.985631,0.03,0.06261085,90.6,7.9997687
2018-11-23 12:00:00,66.42,7.9933805,1.9999628,13.984885,0.03,0.09060421,91.45,7.9997687
2018-11-23 12:15:00,24.8,7.3771386,1.9999628,13.27174,0.01,0.07189263,100.0,7.9997687
2018-11-23 12:30:00,10.12,7.107065,1.9999628,8.816048,0.0,0.04274654,100.0,7.9997687
2018-11-23 12:45:00,6.52,6.5937166,1.9999628,6.9661465,0.0,0.04141501,100.0,7.9997687
2018-11-23 13:00:00,6.7,6.505745,1.9999628,6.813377,0.0,0.016740093,100.0,7.9997687
2018-11-23 13:15:00,57.17,7.9461536,1.9999628,13.95731,0.03,0.12398075,92.73,7.9997687
2018-11-23 13:30:00,80.35,7.993362,1.9999628,13.98462,0.04,0.09645209,87.56,7.9997687
2018-11-23 13:45:00,92.52,7.9933677,1.9999628,13.985349,0.04,0.044296257,87.11,7.9997687
2018-11-23 14:00:00,85.9,7.9895954,1.9999628,13.985349,0.04,0.0,87.6,7.9997687
2018-11-23 14:15:00,80.64,7.9933686,1.9999628,13.985631,0.04,0.08149105,88.21,7.9997687
2018-11-23 14:30:00,87.95,7.9933686,1.9999628,13.985631,0.04,0.03075461,88.05,7.9997687
2018-11-23 14:45:00,72.54,7.9933686,1.9999628,13.985631,0.03,0.0,86.81,7.9997687
2018-11-23 15:00:00,74.3,7.9933686,1.9999628,13.985631,0.03,0.04907843,88.32,7.9997687
2018-11-23 15:15:00,78.23,7.9933686,1.9999628,13.985631,0.04,0.04860856,85.61,7.9997687
2018-11-23 15:30:00,110.48,7.9933686,1.9999628,13.985631,0.05,0.12737462,84.94,7.9997687
2018-11-23 15:45:00,80.32,7.9933686,1.9999628,13.98467,0.04,0.0039926716,87.27,7.9997687
2018-11-23 16:00:00,89.39,7.9933686,1.9999628,13.985631,0.04,0.0,86.81,7.9997687
2018-11-23 16:15:00,86.04,7.9933686,1.9999628,13.985631,0.04,0.023455821,86.94,7.9997687
2018-11-23 16:30:00,76.0,7.9933686,1.9999628,13.985631,0.03,0.0,86.73,7.9997687
2018-11-23 16:45:00,104.29,7.9933686,1.9999628,13.985631,0.05,0.06416202,85.67,7.9997687
2018-11-23 17:00:00,86.11,7.9933686,1.9999628,13.985631,0.04,0.046771884,87.06,7.9997687
2018-11-23 17:15:00,86.98,7.9933686,1.9999628,13.985631,0.04,0.02115773,88.41,7.9997687
2018-11-23 17:30:00,52.7,7.9933686,1.9999628,13.98467,0.02,0.047860958,95.1,7.9997687
2018-11-23 17:45:00,34.13,7.985761,1.9999628,13.939228,0.02,0.052163742,100.0,7.9997687
2018-11-23 18:00:00,34.27,7.9933686,1.9999628,13.985631,0.02,0.038920656,99.3,7.9997687
2018-11-23 18:15:00,54.61,7.9933686,1.9999628,13.985631,0.03,0.03935408,88.19,7.9997687
2018-11-23 18:30:00,63.9,7.9933686,1.9999628,13.985631,0.03,0.06574774,88.1,7.9997687
2018-11-23 18:45:00,56.02,7.9933686,1.9999628,13.985631,0.03,0.004737714,93.24,7.9997687
2018-11-23 19:00:00,68.8,7.9933686,1.9999628,13.985631,0.03,0.025207415,91.51,7.9997687
2018-11-23 19:15:00,65.23,7.9933686,1.9999628,13.985631,0.03,0.04046505,91.61,7.9997687
2018-11-23 19:30:00,69.48,7.9933686,1.9999628,13.985631,0.03,0.021856789,90.92,7.9997687
2018-11-23 19:45:00,66.17,7.9933686,1.9999628,13.985631,0.03,0.026413629,92.12,7.9997687
2018-11-23 20:00:00,72.94,7.9933686,1.9999628,13.985631,0.03,0.012127646,91.25,7.9997687
2018-11-23 20:15:00,59.58,7.9933686,1.9999628,13.985631,0.03,0.017219763,92.59,7.9997687
2018-11-23 20:30:00,53.39,7.9933686,1.9999628,13.985631,0.02,0.03190481,93.72,7.9997687
2018-11-23 20:45:00,45.68,7.9933686,1.9999628,13.985631,0.02,0.006596861,97.26,7.9997687
2018-11-23 21:00:00,23.36,7.963201,1.9999628,13.915638,0.01,0.01935569,99.69,7.9997687
2018-11-23 21:15:00,7.52,6.782235,1.9999628,7.5980644,0.0,0.0128471535,100.0,7.9997687
2018-11-23 21:30:00,5.29,5.4037056,1.9999628,5.3386636,0.0,0.01447695,100.0,7.9997687
2018-11-23 21:45:00,5.22,5.157263,1.9999628,5.006656,0.0,0.012381952,100.0,7.9997687
2018-11-23 22:00:00,5.26,5.132651,1.9999628,5.047528,0.0,0.0,100.0,7.9997687
2018-11-23 22:15:00,4.93,4.9598284,1.9999628,5.1428156,0.0,0.0,68.94,7.9997687
2018-11-23 22:30:00,4.86,4.8864193,1.9999628,4.927439,0.0,0.0025070857,68.92,7.9997687
2018-11-23 22:45:00,4.86,4.9056916,1.9999628,4.8941846,0.0,0.0,73.9,7.9997687
2018-11-23 23:00:00,4.75,4.7550755,1.9999628,4.828112,0.0,0.0,80.83,7.9997687
2018-11-23 23:15:00,4.68,4.6776743,1.9999628,4.7016606,0.0,0.0139156105,87.49,7.9997687
2018-11-23 23:30:00,4.61,4.643386,1.9999628,4.649011,0.0,0.02205214,90.25,7.9997687
2018-11-23 23:45:00,3.92,3.9229956,1.9999628,4.285587,0.0,0.033332955,85.19,7.9997687
2018-11-24 00:00:00,3.02,3.0593348,1.9999628,3.5717523,0.0,0.061760094,79.56,7.9997687
2018-11-24 00:15:00,3.49,3.537805,1.9999628,3.7808976,0.0,0.0262472,80.3,7.9997687
2018-11-24 00:30:00,3.56,3.5703502,1.9999628,3.6222074,0.0,0.03859373,79.25,7.9997687
2018-11-24 00:45:00,3.56,3.5028634,1.9999628,3.5522056,0.0,0.0,79.68,7.9997687
2018-11-24 01:00:00,3.56,3.5181923,1.9999628,3.5953822,0.0,0.0,78.49,7.9997687
2018-11-24 01:15:00,3.6,3.6138868,1.9999628,3.613141,0.0,0.020787537,77.66,7.9997687
2018-11-24 01:30:00,3.56,3.56842,1.9999628,3.6017601,0.0,0.017458899,78.49,7.9997687
2018-11-24 01:45:00,3.49,3.4855561,1.9999628,3.5473497,0.0,0.017458899,77.89,7.9997687
2018-11-24 02:00:00,3.56,3.5831037,1.9999628,3.6090822,0.0,0.005988281,78.17,7.9997687
2018-11-24 02:15:00,3.6,3.6103168,1.9999628,3.600902,0.0,0.0129663125,74.33,7.9997687
2018-11-24 02:30:00,3.6,3.6196837,1.9999628,3.653668,0.0,0.017011244,77.66,7.9997687
2018-11-24 02:45:00,3.56,3.574173,1.9999628,3.5965555,0.0,0.019287849,79.68,7.9997687
2018-11-24 03:00:00,3.56,3.5665736,1.9999628,3.5885344,0.0,0.016930003,76.57,7.9997687
2018-11-24 03:15:00,3.64,3.6400814,1.9999628,3.6568086,0.0,0.016930003,74.7,7.9997687
2018-11-24 03:30:00,3.56,3.5522447,1.9999628,3.5676248,0.0,0.0,75.1,7.9997687
2018-11-24 03:45:00,3.89,3.8356357,1.9999628,3.982496,0.0,0.0040844525,75.1,7.9997687
2018-11-24 04:00:00,4.79,4.741336,1.9999628,4.8562064,0.0,0.008724544,78.5,7.9997687
2018-11-24 04:15:00,4.25,4.1866856,1.9999628,4.311833,0.0,0.0,77.28,7.9997687
2018-11-24 04:30:00,3.64,3.6130266,1.9999628,3.709671,0.0,0.009547766,75.1,7.9997687
2018-11-24 04:45:00,3.6,3.6079464,1.9999628,3.7164595,0.0,0.0037754823,74.33,7.9997687
2018-11-24 05:00:00,3.13,3.1172671,1.9999628,3.2658944,0.0,0.0033488704,73.59,7.9997687
2018-11-24 05:15:00,3.02,3.036345,1.9999628,3.050746,0.0,0.0014301935,73.7,7.9997687
2018-11-24 05:30:00,3.02,3.014749,1.9999628,3.0448995,0.0,0.0019079875,72.85,7.9997687
2018-11-24 05:45:00,3.1,3.1062016,1.9999628,3.1305125,0.0,0.0,72.44,7.9997687
2018-11-24 06:00:00,3.02,3.020883,1.9999628,3.0657194,0.0,0.0,74.55,7.9997687
2018-11-24 06:15:00,3.06,3.0667915,1.9999628,3.0941188,0.0,0.010670735,75.47,7.9997687
2018-11-24 06:30:00,3.02,3.0352063,1.9999628,3.0664964,0.0,0.0028441162,74.55,7.9997687
2018-11-24 06:45:00,3.02,3.0181575,1.9999628,3.0467892,0.0,0.0032841074,72.85,7.9997687
2018-11-24 07:00:00,3.1,3.1003513,1.9999628,3.123994,0.0,0.016412312,71.17,7.9997687
2018-11-24 07:15:00,3.64,3.6382089,1.9999628,3.6868029,0.0,0.007564433,71.49,7.9997687
2018-11-24 07:30:00,3.71,3.6789865,1.9999628,3.7397468,0.0,0.010696521,73.53,7.9997687
2018-11-24 07:45:00,3.53,3.495319,1.9999628,3.7102673,0.0,0.01568762,74.09,7.9997687
2018-11-24 08:00:00,3.35,3.416502,1.9999628,3.4535277,0.0,0.03401313,69.98,7.9997687
2018-11-24 08:15:00,3.92,3.909122,1.9999628,4.049472,0.0,0.07012593,66.6,7.9997687
2018-11-24 08:30:00,3.13,3.2237048,1.9999628,3.4749558,0.0,0.0,71.96,7.9997687
2018-11-24 08:45:00,3.2,3.191598,1.9999628,3.296729,0.0,0.06932117,93.05,7.9997687
2018-11-24 09:00:00,3.24,3.2322512,1.9999628,3.2757838,0.0,0.062175795,100.0,7.9997687
2018-11-24 09:15:00,3.38,3.3750458,1.9999628,3.5379524,0.0,0.08179904,100.0,7.9997687
2018-11-24 09:30:00,3.42,3.4403114,1.9999628,3.4535465,0.0,0.0,100.0,7.9997687
2018-11-24 09:45:00,3.38,3.359345,1.9999628,3.4027057,0.0,0.0,100.0,7.9997687
2018-11-24 10:00:00,3.46,3.4708958,1.9999628,3.5109,0.0,0.0,100.0,7.9997687
2018-11-24 10:15:00,3.42,3.4115338,1.9999628,3.4601717,0.0,0.0,100.0,7.9997687
2018-11-24 10:30:00,3.74,3.6862707,1.9999628,3.8096209,0.0,0.0011190473,100.0,7.9997687
2018-11-24 10:45:00,3.85,3.7887573,1.9999628,3.8758621,0.0,0.012193711,100.0,7.9997687
2018-11-24 11:00:00,3.92,3.8663487,1.9999628,3.9658663,0.0,0.012616887,100.0,7.9997687
2018-11-24 11:15:00,3.78,3.7641454,1.9999628,3.8171532,0.0,0.016342297,100.0,7.9997687
2018-11-24 11:30:00,3.24,3.211875,1.9999628,3.4592974,0.0,0.043293267,100.0,7.9997687
2018-11-24 11:45:00,3.28,3.2781997,1.9999628,3.3205178,0.0,0.0,100.0,7.9997687
2018-11-24 12:00:00,3.78,3.7883453,1.9999628,3.8078098,0.0,0.01964859,100.0,7.9997687
2018-11-24 12:15:00,4.18,4.1593184,1.9999628,4.1211987,0.0,0.058043536,100.0,7.9997687
2018-11-24 12:30:00,3.46,3.4952803,1.9999628,3.6167939,0.0,0.01899315,100.0,7.9997687
2018-11-24 12:45:00,3.35,3.3424554,1.9999628,3.3655539,0.0,0.026056133,100.0,7.9997687
2018-11-24 13:00:00,3.46,3.4601116,1.9999628,3.5374126,0.0,0.0,100.0,7.9997687
2018-11-24 13:15:00,3.89,3.897408,1.9999628,3.9138126,0.0,0.0,100.0,7.9997687
2018-11-24 13:30:00,5.72,5.9703417,1.9999628,6.213352,0.0,0.04932216,100.0,7.9997687
2018-11-24 13:45:00,5.83,5.6206374,1.9999628,5.5856977,0.0,0.019831859,100.0,7.9997687
2018-11-24 14:00:00,5.26,5.0857053,1.9999628,5.2578673,0.0,0.014364089,100.0,7.9997687
2018-11-24 14:15:00,4.57,4.545014,1.9999628,4.7144322,0.0,0.026265359,100.0,7.9997687
2018-11-24 14:30:00,4.57,4.5187616,1.9999628,4.689918,0.0,0.03456122,100.0,7.9997687
2018-11-24 14:45:00,4.64,4.5990973,1.9999628,4.7444167,0.0,0.033734765,100.0,7.9997687
2018-11-24 15:00:00,4.61,4.5540323,1.9999628,4.624382,0.0,0.016830102,100.0,7.9997687
2018-11-24 15:15:00,4.57,4.5204363,1.9999628,4.5974965,0.0,0.07426114,100.0,7.9997687
2018-11-24 15:30:00,4.54,4.479887,1.9999628,4.557399,0.0,0.07018075,100.0,7.9997687
2018-11-24 15:45:00,5.33,5.244704,1.9999628,5.300049,0.0,0.04349392,100.0,7.9997687
2018-11-24 16:00:00,5.44,5.2767878,1.9999628,5.1800394,0.0,0.012635699,100.0,7.9997687
2018-11-24 16:15:00,4.61,4.67231,1.9999628,4.753508,0.0,0.011228966,100.0,7.9997687
2018-11-24 16:30:00,4.61,4.5471015,1.9999628,4.6374927,0.0,0.006960378,100.0,7.9997687
2018-11-24 16:45:00,5.69,5.5160503,1.9999628,5.7232504,0.0,0.0,100.0,7.9997687
2018-11-24 17:00:00,5.83,5.6907544,1.9999628,5.6544843,0.0,0.0,100.0,7.9997687
2018-11-24 17:15:00,5.9,5.6500034,1.9999628,5.8067875,0.0,0.006197377,100.0,7.9997687
2018-11-24 17:30:00,4.79,4.5274334,1.9999628,4.671768,0.0,0.017413395,100.0,7.9997687
2018-11-24 17:45:00,3.85,3.9230235,1.9999628,4.125427,0.0,0.0,100.0,7.9997687
2018-11-24 18:00:00,3.67,3.6071353,1.9999628,3.7372644,0.0,0.0,100.0,7.9997687
2018-11-24 18:15:00,3.6,3.5942364,1.9999628,3.6498628,0.0,0.0,100.0,7.9997687
2018-11-24 18:30:00,3.71,3.72554,1.9999628,3.7736905,0.0,0.0,100.0,7.9997687
2018-11-24 18:45:00,3.71,3.6830146,1.9999628,3.6974046,0.0,0.02973178,100.0,7.9997687
2018-11-24 19:00:00,3.74,3.7425954,1.9999628,3.7199962,0.0,0.009810725,100.0,7.9997687
2018-11-24 19:15:00,3.67,3.6925125,1.9999628,3.7075908,0.0,0.0,100.0,7.9997687
2018-11-24 19:30:00,4.14,4.097581,1.9999628,4.260966,0.0,0.028508231,100.0,7.9997687
2018-11-24 19:45:00,3.96,3.912447,1.9999628,3.995482,0.0,0.0,100.0,7.9997687
2018-11-24 20:00:00,3.2,3.3096168,1.9999628,3.4229147,0.0,0.0,100.0,7.9997687
2018-11-24 20:15:00,3.1,3.0767186,1.9999628,3.1279173,0.0,0.03530563,100.0,7.9997687
2018-11-24 20:30:00,3.06,3.0318675,1.9999628,3.074269,0.0,0.0,100.0,7.9997687
2018-11-24 20:45:00,3.06,3.060522,1.9999628,3.0821896,0.0,0.0016690246,100.0,7.9997687
2018-11-24 21:00:00,3.2,3.2052197,1.9999628,3.2970443,0.0,0.13068089,100.0,7.9997687
2018-11-24 21:15:00,3.06,3.051562,1.9999628,3.1012015,0.0,0.12429636,100.0,7.9997687
2018-11-24 21:30:00,3.1,3.080615,1.9999628,3.1172333,0.0,0.0,100.0,7.9997687
2018-11-24 21:45:00,3.06,3.070711,1.9999628,3.0986958,0.0,0.0,100.0,7.9997687
2018-11-24 22:00:00,3.06,3.0391638,1.9999628,3.0852473,0.0,0.0,100.0,7.9997687
2018-11-24 22:15:00,3.53,3.516825,1.9999628,3.5463605,0.0,0.011623647,78.24,7.9997687
2018-11-24 22:30:00,3.46,3.3960264,1.9999628,3.4459524,0.0,0.044783063,74.48,7.9997687
2018-11-24 22:45:00,3.38,3.3186796,1.9999628,3.3505309,0.0,0.024316039,72.19,7.9997687
2018-11-24 23:00:00,2.92,2.9055583,1.9999628,2.9027872,0.0,0.0,72.05,7.9997687
2018-11-24 23:15:00,2.84,2.8335586,1.9999628,2.8398755,0.0,0.0,78.11,7.9997687
2018-11-24 23:30:00,2.84,2.8693943,1.9999628,2.8580625,0.0,0.0,80.54,7.9997687
2018-11-24 23:45:00,2.77,2.763626,1.9999628,2.797096,0.0,0.0,81.35,7.9997687
2018-11-25 00:00:00,2.88,2.825032,1.9999628,2.919058,0.0,0.0,76.17,7.9997687
2018-11-25 00:15:00,3.38,3.3816938,1.9999628,3.4081907,0.0,0.023654126,77.34,7.9997687
2018-11-25 00:30:00,3.28,3.1992285,1.9999628,3.275107,0.0,0.027413383,75.14,7.9997687
2018-11-25 00:45:00,2.88,2.8714952,1.9999628,2.9267287,0.0,0.0077371984,78.14,7.9997687
2018-11-25 01:00:00,2.77,2.7674375,1.9999628,2.8344526,0.0,0.008805803,76.94,7.9997687
2018-11-25 01:15:00,2.77,2.7591176,1.9999628,2.7750778,0.0,0.02642541,77.89,7.9997687
2018-11-25 01:30:00,3.31,3.305253,1.9999628,3.3681962,0.0,0.029043622,78.29,7.9997687
2018-11-25 01:45:00,3.46,3.4166296,1.9999628,3.513351,0.0,0.0,74.16,7.9997687
2018-11-25 02:00:00,3.46,3.3789594,1.9999628,3.4629753,0.0,0.0,76.42,7.9997687
2018-11-25 02:15:00,3.2,3.1571374,1.9999628,3.1025577,0.0,0.0,76.43,7.9997687
2018-11-25 02:30:00,2.84,2.8491588,1.9999628,2.9009793,0.0,0.005114973,77.18,7.9997687
2018-11-25 02:45:00,2.84,2.8741784,1.9999628,2.8625443,0.0,0.0,74.8,7.9997687
2018-11-25 03:00:00,2.88,2.877415,1.9999628,2.8851228,0.0,0.0,74.36,7.9997687
2018-11-25 03:15:00,2.92,2.908871,1.9999628,2.937105,0.0,0.0,72.92,7.9997687
2018-11-25 03:30:00,2.84,2.8353832,1.9999628,2.8481712,0.0,0.0,73.37,7.9997687
2018-11-25 03:45:00,2.92,2.9251087,1.9999628,2.9335375,0.0,0.010705132,72.92,7.9997687
2018-11-25 04:00:00,2.92,2.9469924,1.9999628,2.9458437,0.0,0.0,72.05,7.9997687
2018-11-25 04:15:00,2.88,2.8893547,1.9999628,2.8906283,0.0,0.00030741422,71.58,7.9997687
2018-11-25 04:30:00,2.88,2.9008553,1.9999628,2.8891916,0.0,0.0,74.74,7.9997687
2018-11-25 04:45:00,2.84,2.8232856,1.9999628,2.8704708,0.0,0.0,74.28,7.9997687
2018-11-25 05:00:00,2.88,2.896515,1.9999628,2.8821788,0.0,0.013734957,75.26,7.9997687
2018-11-25 05:15:00,2.88,2.9099069,1.9999628,2.8865979,0.0,0.0033017532,73.84,7.9997687
2018-11-25 05:30:00,4.18,4.1835394,1.9999628,4.212814,0.0,0.0064239153,77.03,7.9997687
2018-11-25 05:45:00,4.28,4.212903,1.9999628,4.170675,0.0,0.0,77.15,7.9997687
2018-11-25 06:00:00,3.53,3.3509297,1.9999628,3.2914042,0.0,0.037524223,75.14,7.9997687
2018-11-25 06:15:00,3.13,3.1371279,1.9999628,3.1067924,0.0,0.0,72.77,7.9997687
2018-11-25 06:30:00,2.88,2.9049265,1.9999628,2.9785955,0.0,0.03442744,71.2,7.9997687
2018-11-25 06:45:00,2.84,2.8341875,1.9999628,2.8567853,0.0,0.0,71.59,7.9997687
2018-11-25 07:00:00,2.81,2.8027422,1.9999628,2.8104012,0.0,0.0,70.33,7.9997687
2018-11-25 07:15:00,2.95,2.985596,1.9999628,2.9778445,0.0,0.028982002,70.23,7.9997687
2018-11-25 07:30:00,2.84,2.861833,1.9999628,2.8298683,0.0,0.0,68.51,7.9997687
2018-11-25 07:45:00,2.88,2.8919425,1.9999628,2.8866148,0.0,0.0,68.06,7.9997687
2018-11-25 08:00:00,2.92,2.9138954,1.9999628,2.9446585,0.0,0.0,65.71,7.9997687
2018-11-25 08:15:00,2.88,2.8953376,1.9999628,2.9164329,0.0,0.0,66.9,7.9997687
2018-11-25 08:30:00,2.92,2.9130816,1.9999628,2.9633892,0.0,0.025562512,69.51,7.9997687
2018-11-25 08:45:00,2.92,2.9265697,1.9999628,2.938821,0.0,0.0,91.36,7.9997687
2018-11-25 09:00:00,3.46,3.5009375,1.9999628,3.497362,0.0,0.0,100.0,7.9997687
2018-11-25 09:15:00,4.93,4.980298,1.9999628,4.998722,0.0,0.0,100.0,7.9997687
2018-11-25 09:30:00,4.32,4.2848473,1.9999628,4.371441,0.0,0.0,100.0,7.9997687
2018-11-25 09:45:00,3.49,3.5207856,1.9999628,3.636155,0.0,0.052569598,100.0,7.9997687
2018-11-25 10:00:00,2.88,2.909327,1.9999628,3.1198273,0.0,0.0,100.0,7.9997687
2018-11-25 10:15:00,2.95,2.969518,1.9999628,3.0507414,0.0,0.0,100.0,7.9997687
2018-11-25 10:30:00,3.56,3.576245,1.9999628,3.7490523,0.0,0.0061616846,100.0,7.9997687
2018-11-25 10:45:00,2.95,2.9872692,1.9999628,3.0366137,0.0,0.0,100.0,7.9997687
2018-11-25 11:00:00,2.99,2.9872608,1.9999628,3.0321531,0.0,0.046826478,100.0,7.9997687
2018-11-25 11:15:00,2.95,2.951063,1.9999628,2.9765275,0.0,0.05130965,100.0,7.9997687
2018-11-25 11:30:00,2.95,2.9327672,1.9999628,2.964164,0.0,0.031276874,100.0,7.9997687
2018-11-25 11:45:00,2.99,2.9839227,1.9999628,3.0021186,0.0,0.0,100.0,7.9997687
2018-11-25 12:00:00,2.99,2.9830592,1.9999628,2.9861069,0.0,0.0,100.0,7.9997687
2018-11-25 12:15:00,3.1,3.1013958,1.9999628,3.1047885,0.0,0.0,100.0,7.9997687
2018-11-25 12:30:00,3.02,3.0124588,1.9999628,3.0566242,0.0,0.0,100.0,7.9997687
2018-11-25 12:45:00,3.17,3.166506,1.9999628,3.17096,0.0,0.0,100.0,7.9997687
2018-11-25 13:00:00,3.71,3.6922126,1.9999628,3.8319075,0.0,0.022334836,100.0,7.9997687
2018-11-25 13:15:00,3.67,3.6706507,1.9999628,3.734218,0.0,0.0,100.0,7.9997687
2018-11-25 13:30:00,3.64,3.6519277,1.9999628,3.7124157,0.0,0.0,100.0,7.9997687
2018-11-25 13:45:00,3.2,3.1698596,1.9999628,3.205241,0.0,0.0,100.0,7.9997687
2018-11-25 14:00:00,3.67,3.6600537,1.9999628,3.7980921,0.0,0.0,100.0,7.9997687
2018-11-25 14:15:00,3.1,3.0966191,1.9999628,3.1948009,0.0,0.0,100.0,7.9997687
2018-11-25 14:30:00,2.95,2.9369268,1.9999628,3.0121844,0.0,0.012883118,100.0,7.9997687
2018-11-25 14:45:00,3.06,3.080186,1.9999628,3.093302,0.0,0.004018499,100.0,7.9997687
2018-11-25 15:00:00,2.99,2.9951508,1.9999628,3.034134,0.0,0.0,100.0,7.9997687
2018-11-25 15:15:00,2.99,2.9578001,1.9999628,2.9959862,0.0,0.004809271,100.0,7.9997687
2018-11-25 15:30:00,2.95,2.9405234,1.9999628,2.9598274,0.0,0.0,100.0,7.9997687
2018-11-25 15:45:00,2.95,2.955266,1.9999628,2.967467,0.0,0.0,100.0,7.9997687
2018-11-25 16:00:00,2.95,2.968999,1.9999628,2.9675472,0.0,0.030205052,100.0,7.9997687
2018-11-25 16:15:00,3.35,3.387332,1.9999628,3.3885863,0.0,0.009090884,100.0,7.9997687
2018-11-25 16:30:00,3.56,3.577376,1.9999628,3.5838199,0.0,0.0,100.0,7.9997687
2018-11-25 16:45:00,3.6,3.6259186,1.9999628,3.5885806,0.0,0.0,100.0,7.9997687
2018-11-25 17:00:00,3.42,3.4116583,1.9999628,3.4093473,0.0,0.0,100.0,7.9997687
2018-11-25 17:15:00,2.95,2.825954,1.9999628,2.874482,0.0,0.0,100.0,7.9997687
2018-11-25 17:30:00,2.92,2.947715,1.9999628,2.933367,0.0,0.0,100.0,7.9997687
2018-11-25 17:45:00,2.99,3.0443845,1.9999628,3.0323627,0.0,0.03386588,100.0,7.9997687
2018-11-25 18:00:00,3.17,3.1510482,1.9999628,3.1800666,0.0,0.0,100.0,7.9997687
2018-11-25 18:15:00,3.46,3.459178,1.9999628,3.508769,0.0,0.0,100.0,7.9997687
2018-11-25 18:30:00,3.02,2.998673,1.9999628,2.988292,0.0,0.0,100.0,7.9997687
2018-11-25 18:45:00,3.02,3.0198731,1.9999628,3.0572646,0.0,0.0001467045,100.0,7.9997687
2018-11-25 19:00:00,2.99,2.982646,1.9999628,3.0017593,0.0,0.006355588,100.0,7.9997687
2018-11-25 19:15:00,3.02,3.005939,1.9999628,3.0343306,0.0,0.018512256,100.0,7.9997687
2018-11-25 19:30:00,2.99,2.9950392,1.9999628,2.9910092,0.0,0.0027145273,100.0,7.9997687
2018-11-25 19:45:00,3.02,3.0317695,1.9999628,3.0318828,0.0,0.0,100.0,7.9997687
2018-11-25 20:00:00,3.1,3.1214263,1.9999628,3.1231856,0.0,0.0,100.0,7.9997687
2018-11-25 20:15:00,3.6,3.595831,1.9999628,3.729425,0.0,0.07618736,100.0,7.9997687
2018-11-25 20:30:00,3.6,3.5754619,1.9999628,3.632988,0.0,0.0,100.0,7.9997687
2018-11-25 20:45:00,3.6,3.5628521,1.9999628,3.6298163,0.0,0.012185353,100.0,7.9997687
2018-11-25 21:00:00,3.38,3.423533,1.9999628,3.3591838,0.0,0.0,100.0,7.9997687
2018-11-25 21:15:00,2.99,2.9688601,1.9999628,3.0032935,0.0,0.0,100.0,7.9997687
2018-11-25 21:30:00,2.95,2.9695177,1.9999628,2.977575,0.0,0.0,100.0,7.9997687
2018-11-25 21:45:00,2.92,2.9874828,1.9999628,2.9448907,0.0,0.021405742,100.0,7.9997687
2018-11-25 22:00:00,3.13,3.1062565,1.9999628,3.1786146,0.0,0.0,100.0,7.9997687
2018-11-25 22:15:00,3.46,3.4370673,1.9999628,3.5056276,0.0,0.0,80.83,7.9997687
2018-11-25 22:30:00,2.92,2.912276,1.9999628,2.9312496,0.0,0.0,80.92,7.9997687
2018-11-25 22:45:00,2.74,2.679823,1.9999628,2.7842135,0.0,0.011313605,81.61,7.9997687
2018-11-25 23:00:00,2.77,2.7862601,1.9999628,2.7911112,0.0,0.04921021,76.39,7.9997687
2018-11-25 23:15:00,2.84,2.8494062,1.9999628,2.8645911,0.0,0.0128709795,76.25,7.9997687
2018-11-25 23:30:00,2.88,2.911064,1.9999628,2.8912246,0.0,0.019946294,79.07,7.9997687
2018-11-25 23:45:00,2.88,2.8995593,1.9999628,2.8810234,0.0,0.04746972,77.08,7.9997687
2018-11-26 00:00:00,4.68,4.450838,1.9999628,4.4786158,0.0,0.0015289077,78.69,7.9997687
2018-11-26 00:15:00,3.2,3.1126842,1.9999628,3.7385478,0.0,0.00040527456,75.96,7.9997687
2018-11-26 00:30:00,3.53,3.5153008,1.9999628,3.6914475,0.0,0.0031716637,73.67,7.9997687
2018-11-26 00:45:00,3.46,3.4061503,1.9999628,3.4205976,0.0,0.0068682707,75.34,7.9997687
2018-11-26 01:00:00,3.49,3.4542296,1.9999628,3.4827871,0.0,0.0,77.13,7.9997687
2018-11-26 01:15:00,2.92,2.8724332,1.9999628,2.9598913,0.0,0.0,72.55,7.9997687
2018-11-26 01:30:00,2.92,2.9314291,1.9999628,2.935183,0.0,0.0,71.2,7.9997687
2018-11-26 01:45:00,3.06,3.0539985,1.9999628,3.0760887,0.0,0.0,70.71,7.9997687
2018-11-26 02:00:00,3.56,3.532386,1.9999628,3.6390426,0.0,0.0,70.31,7.9997687
2018-11-26 02:15:00,3.13,3.1465561,1.9999628,3.146527,0.0,0.0,70.26,7.9997687
2018-11-26 02:30:00,2.92,2.949314,1.9999628,2.9869843,0.0,0.0,69.87,7.9997687
2018-11-26 02:45:00,2.92,2.9326167,1.9999628,2.955474,0.0,0.0050762906,69.87,7.9997687
2018-11-26 03:00:00,2.88,2.8772779,1.9999628,2.879448,0.0,0.0,69.01,7.9997687
2018-11-26 03:15:00,2.95,2.9601436,1.9999628,2.9791827,0.0,0.006367603,69.4,7.9997687
2018-11-26 03:30:00,2.95,2.9451606,1.9999628,2.9711823,0.0,0.0,68.94,7.9997687
2018-11-26 03:45:00,3.31,3.3125603,1.9999628,3.3058047,0.0,0.0,69.97,7.9997687
2018-11-26 04:00:00,3.49,3.462781,1.9999628,3.5371647,0.0,0.0,75.62,7.9997687
2018-11-26 04:15:00,3.46,3.4133923,1.9999628,3.4571164,0.0,0.0,76.1,7.9997687
2018-11-26 04:30:00,3.24,3.270359,1.9999628,3.2267952,0.0,0.0,74.28,7.9997687
2018-11-26 04:45:00,2.88,2.8873205,1.9999628,2.9558835,0.0,0.0,71.58,7.9997687
2018-11-26 05:00:00,2.95,2.9373355,1.9999628,2.9740906,0.0,0.020676322,72.41,7.9997687
2018-11-26 05:15:00,2.84,2.838073,1.9999628,2.8359377,0.0,0.0,71.97,7.9997687
2018-11-26 05:30:00,2.88,2.8950932,1.9999628,2.8832712,0.0,0.0,72.45,7.9997687
2018-11-26 05:45:00,2.84,2.85249,1.9999628,2.8794808,0.0,0.0,72.47,7.9997687
2018-11-26 06:00:00,3.17,3.1577573,1.9999628,3.1910129,0.0,0.0,70.38,7.9997687
2018-11-26 06:15:00,3.38,3.3643544,1.9999628,3.4382954,0.0,0.0,71.76,7.9997687
2018-11-26 06:30:00,2.88,2.8881276,1.9999628,2.93466,0.0,0.0,71.58,7.9997687
2018-11-26 06:45:00,2.88,2.925095,1.9999628,2.88787,0.0,0.0,72.45,7.9997687
2018-11-26 07:00:00,2.99,2.9847453,1.9999628,2.9902694,0.0,0.0059149093,72.87,7.9997687
2018-11-26 07:15:00,3.35,3.3547454,1.9999628,3.3896723,0.0,0.0,76.62,7.9997687
2018-11-26 07:30:00,3.53,3.511537,1.9999628,3.6249306,0.0,0.0023354944,75.14,7.9997687
2018-11-26 07:45:00,5.22,5.2952757,1.9999628,5.2257094,0.0,0.015048119,85.47,7.9997687
2018-11-26 08:00:00,5.58,5.514474,1.9999628,5.662045,0.0,0.04637598,89.76,7.9997687
2018-11-26 08:15:00,45.36,7.901852,1.9999628,13.853192,0.02,0.042331263,81.68,7.9997687
2018-11-26 08:30:00,88.92,7.987955,1.9999628,13.982227,0.04,0.033869367,80.35,7.9997687
2018-11-26 08:45:00,88.99,7.9933677,1.9999628,13.985349,0.04,0.10725347,82.21,7.9997687
2018-11-26 09:00:00,90.61,7.9933677,1.9999628,13.985349,0.04,0.024102438,88.18,7.9997687
2018-11-26 09:15:00,93.31,7.9933686,1.9999628,13.985631,0.04,0.026010884,87.83,7.9997687
2018-11-26 09:30:00,92.2,7.9933686,1.9999628,13.985631,0.04,0.021972993,87.49,7.9997687
2018-11-26 09:45:00,94.43,7.9933686,1.9999628,13.985631,0.04,0.073946536,87.55,7.9997687
2018-11-26 10:00:00,85.43,7.9933686,1.9999628,13.985631,0.04,0.008380784,89.34,7.9997687
2018-11-26 10:15:00,64.55,7.9933686,1.9999628,13.98467,0.03,0.045666408,92.37,7.9997687
2018-11-26 10:30:00,70.06,7.9933686,1.9999628,13.985631,0.03,0.0,91.19,7.9997687
2018-11-26 10:45:00,73.12,7.9933686,1.9999628,13.985631,0.03,0.037067734,87.64,7.9997687
2018-11-26 11:00:00,80.75,7.9933686,1.9999628,13.985631,0.04,0.030575164,87.25,7.9997687
2018-11-26 11:15:00,82.66,7.9933686,1.9999628,13.985631,0.04,0.00293133,87.61,7.9997687
2018-11-26 11:30:00,79.13,7.9933686,1.9999628,13.985631,0.04,0.0,87.21,7.9997687
2018-11-26 11:45:00,84.74,7.9933686,1.9999628,13.985631,0.04,0.0,87.17,7.9997687
2018-11-26 12:00:00,61.34,7.9933805,1.9999628,13.975701,0.03,0.0,89.86,7.9997687
2018-11-26 12:15:00,7.24,6.577662,1.9999628,6.989856,0.0,0.0,100.0,7.9997687
2018-11-26 12:30:00,6.84,6.828334,1.9999628,6.7955456,0.0,0.026417358,100.0,7.9997687
2018-11-26 12:45:00,6.3,6.3025427,1.9999628,6.3586235,0.0,0.06364232,100.0,7.9997687
2018-11-26 13:00:00,6.01,5.949424,1.9999628,6.1712346,0.0,0.027065154,100.0,7.9997687
2018-11-26 13:15:00,56.52,7.9422936,1.9999628,13.888607,0.03,0.08654137,91.27,7.9997687
2018-11-26 13:30:00,93.17,7.993253,1.9999628,13.984462,0.04,0.027454684,84.97,7.9997687
2018-11-26 13:45:00,82.58,7.9895954,1.9999628,13.985349,0.04,0.024976151,87.21,7.9997687
2018-11-26 14:00:00,90.65,7.9933677,1.9999628,13.985349,0.04,0.043331992,87.44,7.9997687
2018-11-26 14:15:00,77.51,7.9933686,1.9999628,13.985631,0.04,0.034348596,87.21,7.9997687
2018-11-26 14:30:00,88.63,7.9933686,1.9999628,13.985631,0.04,0.018541856,87.83,7.9997687
2018-11-26 14:45:00,69.05,7.9933686,1.9999628,13.985631,0.03,0.07073224,89.55,7.9997687
2018-11-26 15:00:00,71.6,7.9933686,1.9999628,13.985631,0.03,0.008389995,88.98,7.9997687
2018-11-26 15:15:00,67.97,7.9933686,1.9999628,13.985631,0.03,0.007702979,92.82,7.9997687
2018-11-26 15:30:00,64.51,7.9933686,1.9999628,13.985631,0.03,0.0,93.3,7.9997687
2018-11-26 15:45:00,70.96,7.9933686,1.9999628,13.985631,0.03,0.0117627485,91.77,7.9997687
2018-11-26 16:00:00,65.34,7.9933686,1.9999628,13.985631,0.03,0.0,91.84,7.9997687
2018-11-26 16:15:00,64.22,7.9933686,1.9999628,13.985631,0.03,0.029597579,92.66,7.9997687
2018-11-26 16:30:00,61.45,7.9933686,1.9999628,13.985631,0.03,0.00038314093,92.88,7.9997687
2018-11-26 16:45:00,51.52,7.9933686,1.9999628,13.985631,0.02,0.0,95.17,7.9997687
2018-11-26 17:00:00,65.34,7.9933686,1.9999628,13.985631,0.03,0.013599167,91.54,7.9997687
2018-11-26 17:15:00,74.05,7.9933686,1.9999628,13.985631,0.03,0.01892937,87.98,7.9997687
2018-11-26 17:30:00,50.65,7.9933686,1.9999628,13.98467,0.02,0.004689613,95.11,7.9997687
2018-11-26 17:45:00,32.58,7.9933686,1.9999628,13.953958,0.01,0.011620564,100.0,7.9997687
2018-11-26 18:00:00,32.72,7.9933686,1.9999628,13.985631,0.02,0.0,99.18,7.9997687
2018-11-26 18:15:00,43.16,7.9933686,1.9999628,13.985631,0.02,0.023003828,91.8,7.9997687
2018-11-26 18:30:00,61.88,7.9933686,1.9999628,13.985631,0.03,0.03191115,85.12,7.9997687
2018-11-26 18:45:00,71.03,7.9933686,1.9999628,13.985631,0.03,0.012250186,87.55,7.9997687
2018-11-26 19:00:00,58.43,7.9933686,1.9999628,13.985631,0.03,0.0,91.22,7.9997687
2018-11-26 19:15:00,59.33,7.9933686,1.9999628,13.985631,0.03,0.021184044,89.64,7.9997687
2018-11-26 19:30:00,60.05,7.9933686,1.9999628,13.985631,0.03,0.0031559977,91.27,7.9997687
2018-11-26 19:45:00,66.17,7.9933686,1.9999628,13.985631,0.03,0.047121078,90.33,7.9997687
2018-11-26 20:00:00,78.98,7.9933686,1.9999628,13.985631,0.04,0.019040989,86.92,7.9997687
2018-11-26 20:15:00,58.18,7.9933686,1.9999628,13.98467,0.03,0.020412179,91.49,7.9997687
2018-11-26 20:30:00,51.77,7.9933686,1.9999628,13.985631,0.02,0.0,94.72,7.9997687
2018-11-26 20:45:00,43.6,7.9933686,1.9999628,13.985631,0.02,0.0,98.23,7.9997687
2018-11-26 21:00:00,40.64,7.9933686,1.9999628,13.985631,0.02,0.0,98.64,7.9997687
2018-11-26 21:15:00,16.09,7.36696,1.9999628,12.034609,0.01,0.0,100.0,7.9997687
2018-11-26 21:30:00,6.23,6.1036706,1.9999628,6.2294636,0.0,0.04652825,100.0,7.9997687
2018-11-26 21:45:00,5.26,5.315723,1.9999628,5.471302,0.0,0.012572293,100.0,7.9997687
2018-11-26 22:00:00,5.11,4.8468504,1.9999628,4.9400606,0.0,0.029478572,100.0,7.9997687
2018-11-26 22:15:00,4.79,5.0907006,1.9999628,5.1467404,0.0,0.0,72.58,7.9997687
2018-11-26 22:30:00,4.72,4.7395234,1.9999628,4.873023,0.0,0.03179707,71.01,7.9997687
2018-11-26 22:45:00,4.75,4.7583036,1.9999628,4.775486,0.0,0.014649455,70.19,7.9997687
2018-11-26 23:00:00,4.72,4.7102385,1.9999628,4.7163153,0.0,0.0019143709,71.31,7.9997687
2018-11-26 23:15:00,4.82,4.8349957,1.9999628,4.837777,0.0,0.017209144,76.17,7.9997687
2018-11-26 23:30:00,4.64,4.662252,1.9999628,4.666694,0.0,0.018243225,78.68,7.9997687
2018-11-26 23:45:00,4.64,4.6644187,1.9999628,4.6411743,0.0,0.024768885,78.1,7.9997687
2018-11-27 00:00:00,23.65,7.803352,1.9999628,13.574644,0.01,0.069573954,85.19,7.9997687
2018-11-27 00:15:00,4.72,4.4445086,1.9999628,6.2333755,0.0,0.048518043,77.17,7.9997687
2018-11-27 00:30:00,4.79,4.8468795,1.9999628,5.3692408,0.0,0.0,72.35,7.9997687
2018-11-27 00:45:00,4.72,4.714615,1.9999628,5.1430235,0.0,0.001299983,69.16,7.9997687
2018-11-27 01:00:00,4.75,4.745006,1.9999628,5.0458417,0.0,0.0,69.9,7.9997687
2018-11-27 01:15:00,5.62,5.524828,1.9999628,5.533169,0.0,0.034027368,76.58,7.9997687
2018-11-27 01:30:00,5.94,5.7290344,1.9999628,5.912888,0.0,0.0,79.71,7.9997687
2018-11-27 01:45:00,4.72,5.0980897,1.9999628,5.1204176,0.0,0.018456709,71.31,7.9997687
2018-11-27 02:00:00,4.68,4.721526,1.9999628,4.8969464,0.0,0.030639429,72.62,7.9997687
2018-11-27 02:15:00,4.72,4.7574077,1.9999628,4.820985,0.0,0.0375003,76.05,7.9997687
2018-11-27 02:30:00,4.72,4.727732,1.9999628,4.802418,0.0,0.02459011,75.18,7.9997687
2018-11-27 02:45:00,4.72,4.7473617,1.9999628,4.7652264,0.0,0.043578308,74.08,7.9997687
2018-11-27 03:00:00,4.72,4.750012,1.9999628,4.7652264,0.0,0.06989048,74.08,7.9997687
2018-11-27 03:15:00,4.18,4.1976147,1.9999628,4.4601903,0.0,0.06309535,78.67,7.9997687
2018-11-27 03:30:00,3.71,3.8034468,1.9999628,4.0111055,0.0,0.0,81.27,7.9997687
2018-11-27 03:45:00,3.71,3.6972408,1.9999628,3.782626,0.0,0.0029890188,82.72,7.9997687
2018-11-27 04:00:00,3.74,3.7626905,1.9999628,3.7555315,0.0,0.0011438305,80.36,7.9997687
2018-11-27 04:15:00,3.78,3.7861176,1.9999628,3.8291528,0.0,0.02773492,82.8,7.9997687
2018-11-27 04:30:00,3.74,3.742817,1.9999628,3.7519643,0.0,0.02018181,82.93,7.9997687
2018-11-27 04:45:00,3.71,3.7124496,1.9999628,3.7393243,0.0,0.008686621,83.86,7.9997687
2018-11-27 05:00:00,3.71,3.7124004,1.9999628,3.7697792,0.0,0.009844568,83.86,7.9997687
2018-11-27 05:15:00,3.74,3.7622766,1.9999628,3.787558,0.0,0.014833165,81.8,7.9997687
2018-11-27 05:30:00,3.78,3.7878146,1.9999628,3.8304474,0.0,0.037220087,81.37,7.9997687
2018-11-27 05:45:00,3.92,3.898553,1.9999628,3.911106,0.0,0.0147124715,80.98,7.9997687
2018-11-27 06:00:00,5.9,5.909195,1.9999628,6.1097913,0.0,0.045522373,83.29,7.9997687
2018-11-27 06:15:00,5.62,5.4050093,1.9999628,5.440236,0.0,0.021336304,81.27,7.9997687
2018-11-27 06:30:00,4.64,4.715444,1.9999628,4.9740806,0.0,0.027159162,73.5,7.9997687
2018-11-27 06:45:00,3.82,3.990253,1.9999628,4.224028,0.0,0.029379925,78.45,7.9997687
2018-11-27 07:00:00,3.71,3.7050247,1.9999628,4.0943737,0.0,0.010623762,78.58,7.9997687
2018-11-27 07:15:00,3.71,3.7059011,1.9999628,3.8143857,0.0,0.02703638,79.72,7.9997687
2018-11-27 07:30:00,3.78,3.8181877,1.9999628,3.9021266,0.0,0.02961662,81.37,7.9997687
2018-11-27 07:45:00,5.11,5.0982027,1.9999628,5.1898227,0.0,0.037334047,79.04,7.9997687
2018-11-27 08:00:00,6.88,6.3710465,1.9999628,7.003566,0.0,0.112045325,88.97,7.9997687
2018-11-27 08:15:00,49.61,7.9090753,1.9999628,13.9038515,0.02,0.12895185,82.3,7.9997687
2018-11-27 08:30:00,72.36,7.9915967,1.9999628,13.982783,0.03,0.08362309,78.88,7.9997687
2018-11-27 08:45:00,73.62,7.9933677,1.9999628,13.985349,0.03,0.050184593,81.1,7.9997687
2018-11-27 09:00:00,111.64,7.9933677,1.9999628,13.985349,0.05,0.03749562,90.61,7.9997687
2018-11-27 09:15:00,81.54,7.9933686,1.9999628,13.98467,0.04,0.02698913,89.91,7.9997687
2018-11-27 09:30:00,103.1,7.9933686,1.9999628,13.985631,0.05,0.024585186,91.36,7.9997687
2018-11-27 09:45:00,126.43,7.9933686,1.9999628,13.985631,0.06,0.092755206,91.21,7.9997687
2018-11-27 10:00:00,104.44,7.9933686,1.9999628,13.98467,0.05,0.011276152,91.3,7.9997687
2018-11-27 10:15:00,129.2,7.9933686,1.9999628,13.985631,0.06,0.0,91.54,7.9997687
2018-11-27 10:30:00,131.8,7.9933686,1.9999628,13.985631,0.06,0.0,91.89,7.9997687
2018-11-27 10:45:00,133.42,7.9933686,1.9999628,13.985631,0.06,0.08143284,91.14,7.9997687
2018-11-27 11:00:00,151.67,7.9933686,1.9999628,13.985631,0.07,0.11177641,90.86,7.9997687
2018-11-27 11:15:00,126.11,7.9933686,1.9999628,13.98467,0.06,0.06317567,90.92,7.9997687
2018-11-27 11:30:00,145.01,7.9933686,1.9999628,13.985631,0.07,0.15127006,91.79,7.9997687
2018-11-27 11:45:00,123.8,7.9933686,1.9999628,13.98467,0.06,0.026648484,90.59,7.9997687
2018-11-27 12:00:00,108.61,7.9933805,1.9999628,13.984885,0.05,0.16529119,91.93,7.9997687
2018-11-27 12:15:00,7.81,7.031239,1.9999628,8.107633,0.0,0.0,100.0,7.9997687
2018-11-27 12:30:00,5.51,5.6497555,1.9999628,5.7869387,0.0,0.07389908,100.0,7.9997687
2018-11-27 12:45:00,5.76,5.6764774,1.9999628,6.048789,0.0,0.057803087,100.0,7.9997687
2018-11-27 13:00:00,6.34,6.0727677,1.9999628,6.3514147,0.0,0.103548326,100.0,7.9997687
2018-11-27 13:15:00,71.06,7.950184,1.9999628,13.952727,0.03,0.07973638,92.28,7.9997687
2018-11-27 13:30:00,121.25,7.993362,1.9999628,13.98462,0.06,0.057387426,90.9,7.9997687
2018-11-27 13:45:00,132.59,7.9933677,1.9999628,13.985349,0.06,0.057426848,91.07,7.9997687
2018-11-27 14:00:00,126.68,7.9895954,1.9999628,13.985349,0.06,0.19060157,91.7,7.9997687
2018-11-27 14:15:00,93.46,7.9933686,1.9999628,13.98467,0.04,0.08729249,93.48,7.9997687
2018-11-27 14:30:00,77.36,7.9933686,1.9999628,13.985631,0.04,0.024585798,90.9,7.9997687
2018-11-27 14:45:00,76.72,7.9933686,1.9999628,13.985631,0.04,0.13028269,92.75,7.9997687
2018-11-27 15:00:00,107.42,7.9933686,1.9999628,13.985631,0.05,0.062010348,94.39,7.9997687
2018-11-27 15:15:00,81.58,7.9933686,1.9999628,13.98467,0.04,0.028195966,95.01,7.9997687
2018-11-27 15:30:00,79.38,7.9933686,1.9999628,13.985631,0.04,0.08682473,90.46,7.9997687
2018-11-27 15:45:00,57.85,7.9933686,1.9999628,13.98467,0.03,0.06227261,91.09,7.9997687
2018-11-27 16:00:00,59.08,7.9933686,1.9999628,13.985631,0.03,0.03714024,90.77,7.9997687
2018-11-27 16:15:00,59.26,7.9933686,1.9999628,13.985631,0.03,0.00092106126,90.39,7.9997687
2018-11-27 16:30:00,53.46,7.9933686,1.9999628,13.985631,0.02,0.0,91.7,7.9997687
2018-11-27 16:45:00,59.4,7.9933686,1.9999628,13.985631,0.03,0.0,90.72,7.9997687
2018-11-27 17:00:00,47.48,7.9933686,1.9999628,13.985631,0.02,0.0,92.45,7.9997687
2018-11-27 17:15:00,62.78,7.9933686,1.9999628,13.985631,0.03,0.0046402784,90.79,7.9997687
2018-11-27 17:30:00,50.15,7.9933686,1.9999628,13.985631,0.02,0.057010807,90.72,7.9997687
2018-11-27 17:45:00,34.13,7.9933686,1.9999628,13.985631,0.02,0.011918888,99.86,7.9997687
2018-11-27 18:00:00,31.93,7.9933686,1.9999628,13.985631,0.01,0.04145268,99.33,7.9997687
2018-11-27 18:15:00,36.76,7.9933686,1.9999628,13.985631,0.02,0.0,93.87,7.9997687
2018-11-27 18:30:00,56.84,7.9933686,1.9999628,13.985631,0.03,0.004391535,91.66,7.9997687
2018-11-27 18:45:00,48.17,7.9933686,1.9999628,13.985631,0.02,0.0,96.12,7.9997687
2018-11-27 19:00:00,61.16,7.9933686,1.9999628,13.985631,0.03,0.010661938,93.16,7.9997687
2018-11-27 19:15:00,41.98,7.9933686,1.9999628,13.985631,0.02,0.0028578239,98.31,7.9997687
2018-11-27 19:30:00,43.38,7.9933686,1.9999628,13.985631,0.02,0.0,97.85,7.9997687
2018-11-27 19:45:00,47.48,7.9933686,1.9999628,13.985631,0.02,0.0058780527,96.54,7.9997687
2018-11-27 20:00:00,48.46,7.9933686,1.9999628,13.985631,0.02,0.0,96.18,7.9997687
2018-11-27 20:15:00,49.61,7.9933686,1.9999628,13.985631,0.02,0.0,96.26,7.9997687
2018-11-27 20:30:00,49.21,7.9933686,1.9999628,13.985631,0.02,0.0,96.47,7.9997687
2018-11-27 20:45:00,35.5,7.9933686,1.9999628,13.985631,0.02,0.0,99.43,7.9997687
2018-11-27 21:00:00,29.99,7.763103,1.9999628,13.805509,0.01,0.0,100.0,7.9997687
2018-11-27 21:15:00,25.96,7.7508445,1.9999628,13.786005,0.01,0.0,100.0,7.9997687
2018-11-27 21:30:00,25.02,7.807583,1.9999628,13.789846,0.01,0.0,100.0,7.9997687
2018-11-27 21:45:00,25.13,7.841604,1.9999628,13.843565,0.01,0.0,100.0,7.9997687
2018-11-27 22:00:00,25.2,7.873903,1.9999628,13.905895,0.01,0.0,100.0,7.9997687
2018-11-27 22:15:00,24.88,7.9756894,1.9999628,13.974927,0.01,0.0,84.63,7.9997687
2018-11-27 22:30:00,24.77,7.9682345,1.9999628,13.974927,0.01,0.0,84.35,7.9997687
2018-11-27 22:45:00,24.88,7.9682345,1.9999628,13.974927,0.01,0.0,84.63,7.9997687
2018-11-27 23:00:00,23.65,7.9625163,1.9999628,13.974927,0.01,0.0,83.38,7.9997687
2018-11-27 23:15:00,23.62,7.9682345,1.9999628,13.974927,0.01,0.0,85.03,7.9997687
2018-11-27 23:30:00,23.58,7.9682345,1.9999628,13.974927,0.01,0.0,85.41,7.9997687
2018-11-27 23:45:00,23.54,7.9682345,1.9999628,13.974927,0.01,0.0,85.71,7.9997687
2018-11-28 00:00:00,3.92,4.679662,1.9999628,6.4339757,0.0,0.03722638,67.8,7.9997687
2018-11-28 00:15:00,23.51,7.7461877,1.9999628,13.530497,0.01,0.044139426,84.58,7.9997687
2018-11-28 00:30:00,23.65,7.696739,1.9999628,13.167304,0.01,0.021829013,84.32,7.9997687
2018-11-28 00:45:00,23.65,7.7606816,1.9999628,13.345774,0.01,0.0,84.25,7.9997687
2018-11-28 01:00:00,23.65,7.7987027,1.9999628,13.458624,0.01,6.293226e-05,84.08,7.9997687
2018-11-28 01:15:00,23.58,7.897124,1.9999628,13.550003,0.01,0.0,84.07,7.9997687
2018-11-28 01:30:00,23.65,7.897124,1.9999628,13.550003,0.01,0.0,83.9,7.9997687
2018-11-28 01:45:00,23.62,7.897124,1.9999628,13.550003,0.01,0.0,84.04,7.9997687
2018-11-28 02:00:00,23.65,7.897235,1.9999628,13.655584,0.01,0.006642027,84.14,7.9997687
2018-11-28 02:15:00,23.58,7.897235,1.9999628,13.669456,0.01,0.0,84.0,7.9997687
2018-11-28 02:30:00,23.65,7.903279,1.9999628,13.809655,0.01,0.0015753713,84.32,7.9997687
2018-11-28 02:45:00,24.66,7.939698,1.9999628,13.87312,0.01,0.011266574,84.63,7.9997687
2018-11-28 03:00:00,24.12,7.958315,1.9999628,13.964839,0.01,0.0,83.98,7.9997687
2018-11-28 03:15:00,22.46,7.964166,1.9999628,13.964839,0.01,0.0,82.41,7.9997687
2018-11-28 03:30:00,22.39,7.934319,1.9999628,13.967252,0.01,0.0,82.25,7.9997687
2018-11-28 03:45:00,22.54,7.934319,1.9999628,13.967252,0.01,0.0,82.93,7.9997687
2018-11-28 04:00:00,22.46,7.934319,1.9999628,13.967252,0.01,0.0,82.58,7.9997687
2018-11-28 04:15:00,22.54,7.934319,1.9999628,13.967252,0.01,0.0,82.67,7.9997687
2018-11-28 04:30:00,22.5,7.934319,1.9999628,13.967252,0.01,0.0,83.19,7.9997687
2018-11-28 04:45:00,22.46,7.934319,1.9999628,13.967439,0.01,0.01932928,83.19,7.9997687
2018-11-28 05:00:00,22.46,7.929472,1.9999628,13.967439,0.01,0.012964852,82.77,7.9997687
2018-11-28 05:15:00,22.46,7.929472,1.9999628,13.967439,0.01,0.012964852,82.53,7.9997687
2018-11-28 05:30:00,22.54,7.929472,1.9999628,13.967439,0.01,0.05289834,83.05,7.9997687
2018-11-28 05:45:00,22.5,7.929472,1.9999628,13.967439,0.01,0.014249537,82.15,7.9997687
2018-11-28 06:00:00,23.62,7.941911,1.9999628,13.967589,0.01,0.012467992,82.99,7.9997687
2018-11-28 06:15:00,23.87,7.9882584,1.9999628,13.984338,0.01,0.0,83.61,7.9997687
2018-11-28 06:30:00,24.55,7.9882584,1.9999628,13.984338,0.01,0.0,84.37,7.9997687
2018-11-28 06:45:00,23.11,7.98254,1.9999628,13.984338,0.01,0.0,82.78,7.9997687
2018-11-28 07:00:00,22.5,7.915198,1.9999628,13.953452,0.01,0.0,81.84,7.9997687
2018-11-28 07:15:00,22.46,7.9532104,1.9999628,13.9677,0.01,0.0,81.96,7.9997687
2018-11-28 07:30:00,22.93,7.9532104,1.9999628,13.9677,0.01,0.00434236,83.42,7.9997687
2018-11-28 07:45:00,24.62,7.9532104,1.9999628,13.9677,0.01,0.0,85.38,7.9997687
2018-11-28 08:00:00,25.09,7.992013,1.9999628,13.984338,0.01,0.0029438375,85.98,7.9997687
2018-11-28 08:15:00,54.18,7.992013,1.9999628,13.984338,0.02,0.05070198,80.58,7.9997687
2018-11-28 08:30:00,52.27,7.9933686,1.9999628,13.985379,0.02,0.0037408578,78.6,7.9997687
2018-11-28 08:45:00,51.88,7.9933686,1.9999628,13.985379,0.02,0.038659133,83.28,7.9997687
2018-11-28 09:00:00,54.43,7.9933686,1.9999628,13.985379,0.02,0.039462946,92.5,7.9997687
2018-11-28 09:15:00,58.72,7.9933686,1.9999628,13.985631,0.03,0.014251098,93.64,7.9997687
2018-11-28 09:30:00,52.78,7.9933686,1.9999628,13.985631,0.02,0.0037743156,94.43,7.9997687
2018-11-28 09:45:00,58.97,7.9933686,1.9999628,13.985631,0.03,0.033785067,91.59,7.9997687
2018-11-28 10:00:00,51.16,7.9933686,1.9999628,13.985631,0.02,0.032572374,94.1,7.9997687
2018-11-28 10:15:00,50.0,7.9933686,1.9999628,13.985631,0.02,0.044406958,94.41,7.9997687
2018-11-28 10:30:00,48.56,7.9933686,1.9999628,13.985631,0.02,0.02909619,94.5,7.9997687
2018-11-28 10:45:00,66.2,7.9933686,1.9999628,13.985631,0.03,0.029591735,90.66,7.9997687
2018-11-28 11:00:00,62.1,7.9933686,1.9999628,13.985631,0.03,0.03068865,88.85,7.9997687
2018-11-28 11:15:00,51.98,7.9933686,1.9999628,13.985631,0.02,0.058944583,93.49,7.9997687
2018-11-28 11:30:00,53.89,7.9933686,1.9999628,13.985631,0.02,0.09484208,91.07,7.9997687
2018-11-28 11:45:00,63.94,7.9933686,1.9999628,13.985631,0.03,0.015494978,89.6,7.9997687
2018-11-28 12:00:00,51.77,7.9933805,1.9999628,13.984885,0.02,0.055305324,93.59,7.9997687
2018-11-28 12:15:00,8.5,6.8352227,1.9999628,7.8036704,0.0,0.070890374,100.0,7.9997687
2018-11-28 12:30:00,6.98,6.896278,1.9999628,7.228311,0.0,0.012889731,100.0,7.9997687
2018-11-28 12:45:00,7.42,7.1675997,1.9999628,7.3724546,0.0,0.056780398,100.0,7.9997687
2018-11-28 13:00:00,8.28,7.416608,1.9999628,8.431648,0.0,0.013405926,100.0,7.9997687
2018-11-28 13:15:00,60.88,7.90061,1.9999628,13.950089,0.03,0.03166718,88.84,7.9997687
2018-11-28 13:30:00,71.89,7.993313,1.9999628,13.98462,0.03,0.10733639,86.87,7.9997687
2018-11-28 13:45:00,79.24,7.9933677,1.9999628,13.985349,0.04,0.008437839,87.82,7.9997687
2018-11-28 14:00:00,58.39,7.9895954,1.9999628,13.985349,0.03,0.030015588,88.35,7.9997687
2018-11-28 14:15:00,84.46,7.9933686,1.9999628,13.985631,0.04,0.0022767955,85.76,7.9997687
2018-11-28 14:30:00,62.39,7.9933686,1.9999628,13.98467,0.03,0.022835754,88.81,7.9997687
2018-11-28 14:45:00,92.81,7.9933686,1.9999628,13.985631,0.04,0.011309134,92.18,7.9997687
2018-11-28 15:00:00,98.53,7.9933686,1.9999628,13.985631,0.05,0.060066022,92.76,7.9997687
2018-11-28 15:15:00,105.91,7.9933686,1.9999628,13.985631,0.05,0.10416467,92.96,7.9997687
2018-11-28 15:30:00,96.91,7.9933686,1.9999628,13.985631,0.04,0.06340489,94.49,7.9997687
2018-11-28 15:45:00,65.66,7.9933686,1.9999628,13.98467,0.03,0.1399867,93.46,7.9997687
2018-11-28 16:00:00,73.44,7.9933686,1.9999628,13.985631,0.03,0.006818463,90.63,7.9997687
2018-11-28 16:15:00,100.84,7.9933686,1.9999628,13.985631,0.05,0.06062831,89.83,7.9997687
2018-11-28 16:30:00,97.63,7.9933686,1.9999628,13.985631,0.04,0.0,90.66,7.9997687
2018-11-28 16:45:00,83.3,7.9933686,1.9999628,13.985631,0.04,0.04264217,90.18,7.9997687
2018-11-28 17:00:00,111.78,7.9933686,1.9999628,13.985631,0.05,0.02855904,88.67,7.9997687
2018-11-28 17:15:00,83.74,7.9933686,1.9999628,13.98467,0.04,0.047193397,92.41,7.9997687
2018-11-28 17:30:00,90.11,7.9933686,1.9999628,13.985631,0.04,0.06076674,92.39,7.9997687
2018-11-28 17:45:00,37.91,7.9933686,1.9999628,13.9829645,0.02,0.009610533,99.9,7.9997687
2018-11-28 18:00:00,31.68,7.9933686,1.9999628,13.985631,0.01,0.060657866,99.13,7.9997687
2018-11-28 18:15:00,35.17,7.9933686,1.9999628,13.985631,0.02,0.0,92.77,7.9997687
2018-11-28 18:30:00,60.73,7.9933686,1.9999628,13.985631,0.03,0.00056353025,89.73,7.9997687
2018-11-28 18:45:00,50.44,7.9933686,1.9999628,13.985631,0.02,0.022111338,93.28,7.9997687
2018-11-28 19:00:00,62.21,7.9933686,1.9999628,13.985631,0.03,0.00731437,91.83,7.9997687
2018-11-28 19:15:00,50.65,7.9933686,1.9999628,13.985631,0.02,0.0,96.03,7.9997687
2018-11-28 19:30:00,54.07,7.9933686,1.9999628,13.985631,0.02,0.0,92.61,7.9997687
2018-11-28 19:45:00,40.86,7.9933686,1.9999628,13.985631,0.02,0.028082732,97.77,7.9997687
2018-11-28 20:00:00,50.8,7.9933686,1.9999628,13.985631,0.02,0.0,96.23,7.9997687
2018-11-28 20:15:00,49.82,7.9933686,1.9999628,13.985631,0.02,0.0,96.45,7.9997687
2018-11-28 20:30:00,41.44,7.9933686,1.9999628,13.985631,0.02,0.0,97.83,7.9997687
2018-11-28 20:45:00,20.45,7.9747314,1.9999628,13.815619,0.01,0.0,99.55,7.9997687
2018-11-28 21:00:00,8.86,7.133001,1.9999628,8.507083,0.0,0.0,100.0,7.9997687
2018-11-28 21:15:00,6.34,6.6283193,1.9999628,6.752889,0.0,0.0,100.0,7.9997687
2018-11-28 21:30:00,5.54,5.56595,1.9999628,5.6894526,0.0,0.0,100.0,7.9997687
2018-11-28 21:45:00,5.54,5.433245,1.9999628,5.634649,0.0,0.0,100.0,7.9997687
2018-11-28 22:00:00,5.54,5.3766212,1.9999628,5.604633,0.0,0.0014597224,100.0,7.9997687
2018-11-28 22:15:00,5.18,5.3644576,1.9999628,5.538274,0.0,0.0,69.49,7.9997687
2018-11-28 22:30:00,5.22,5.2933707,1.9999628,5.3388357,0.0,0.0,69.04,7.9997687
2018-11-28 22:45:00,5.15,5.1655016,1.9999628,5.1722608,0.0,0.0,69.76,7.9997687
2018-11-28 23:00:00,5.11,5.1561275,1.9999628,5.1253624,0.0,0.0,71.48,7.9997687
2018-11-28 23:15:00,5.11,5.1588984,1.9999628,5.2167153,0.0,0.024541717,75.34,7.9997687
2018-11-28 23:30:00,4.61,4.60118,1.9999628,4.82532,0.0,0.023076642,73.84,7.9997687
2018-11-28 23:45:00,3.92,3.9578946,1.9999628,4.3224835,0.0,0.0,69.37,7.9997687
2018-11-29 00:00:00,4.07,3.971654,1.9999628,4.136443,0.0,0.041635443,69.16,7.9997687
2018-11-29 00:15:00,3.89,3.9206676,1.9999628,4.0952225,0.0,0.0,66.92,7.9997687
2018-11-29 00:30:00,4.03,4.0810184,1.9999628,4.181045,0.0,0.0,66.14,7.9997687
2018-11-29 00:45:00,4.0,3.9999547,1.9999628,4.118819,0.0,0.0,64.97,7.9997687
2018-11-29 01:00:00,4.0,4.0228467,1.9999628,4.0666885,0.0,0.0,65.86,7.9997687
2018-11-29 01:15:00,4.0,3.9970984,1.9999628,4.069158,0.0,0.038447596,66.11,7.9997687
2018-11-29 01:30:00,4.0,4.014773,1.9999628,4.0874486,0.0,0.005331321,65.54,7.9997687
2018-11-29 01:45:00,4.1,4.137166,1.9999628,4.25135,0.0,0.030908953,63.11,7.9997687
2018-11-29 02:00:00,4.0,4.022219,1.9999628,4.0967298,0.0,0.005373905,65.29,7.9997687
2018-11-29 02:15:00,3.96,3.958479,1.9999628,4.067064,0.0,0.002941785,65.49,7.9997687
2018-11-29 02:30:00,4.03,4.0302496,1.9999628,4.141016,0.0,0.016109774,65.25,7.9997687
2018-11-29 02:45:00,4.03,3.9869256,1.9999628,4.1073627,0.0,0.023613773,61.4,7.9997687
2018-11-29 03:00:00,4.79,4.7708144,1.9999628,4.930987,0.0,0.073872305,66.08,7.9997687
2018-11-29 03:15:00,5.15,5.0955343,1.9999628,5.2622027,0.0,0.05469415,66.4,7.9997687
2018-11-29 03:30:00,4.18,4.192336,1.9999628,4.4117904,0.0,0.047998223,65.75,7.9997687
2018-11-29 03:45:00,4.0,3.982263,1.9999628,4.1961937,0.0,0.014934024,61.34,7.9997687
2018-11-29 04:00:00,4.0,4.0533986,1.9999628,4.099849,0.0,0.004206795,62.7,7.9997687
2018-11-29 04:15:00,4.07,4.117603,1.9999628,4.170829,0.0,0.00187776,64.52,7.9997687
2018-11-29 04:30:00,3.71,3.8328133,1.9999628,3.9480493,0.0,0.044809017,66.11,7.9997687
2018-11-29 04:45:00,3.35,3.373415,1.9999628,3.5515192,0.0,0.030581502,68.84,7.9997687
2018-11-29 05:00:00,3.35,3.3465743,1.9999628,3.4151874,0.0,0.03756909,68.84,7.9997687
2018-11-29 05:15:00,3.38,3.377554,1.9999628,3.4157069,0.0,0.035168245,68.85,7.9997687
2018-11-29 05:30:00,3.46,3.468742,1.9999628,3.4835532,0.0,0.0,67.52,7.9997687
2018-11-29 05:45:00,3.38,3.3655596,1.9999628,3.3886633,0.0,0.0,66.27,7.9997687
2018-11-29 06:00:00,3.38,3.3831015,1.9999628,3.4077046,0.0,0.008569146,68.05,7.9997687
2018-11-29 06:15:00,3.35,3.3364844,1.9999628,3.3698084,0.0,0.0077799093,71.13,7.9997687
2018-11-29 06:30:00,3.31,3.2793574,1.9999628,3.3426738,0.0,0.0,74.21,7.9997687
2018-11-29 06:45:00,3.71,3.688129,1.9999628,3.7758482,0.0,0.0,70.43,7.9997687
2018-11-29 07:00:00,4.68,4.735,1.9999628,4.679356,0.0,0.0,72.39,7.9997687
2018-11-29 07:15:00,3.89,3.9423294,1.9999628,4.0767264,0.0,0.031994365,67.26,7.9997687
2018-11-29 07:30:00,4.25,4.2839146,1.9999628,4.2571926,0.0,0.031648345,71.97,7.9997687
2018-11-29 07:45:00,5.62,5.5793576,1.9999628,5.772513,0.0,0.050282553,80.79,7.9997687
2018-11-29 08:00:00,5.69,5.53987,1.9999628,5.611324,0.0,0.046079688,83.77,7.9997687
2018-11-29 08:15:00,41.58,7.884685,1.9999628,13.864985,0.02,0.07029954,81.37,7.9997687
2018-11-29 08:30:00,73.98,7.9928656,1.9999628,13.98303,0.03,0.01628628,79.8,7.9997687
2018-11-29 08:45:00,88.06,7.9933677,1.9999628,13.985349,0.04,0.0029792036,91.81,7.9997687
2018-11-29 09:00:00,100.58,7.9933677,1.9999628,13.985349,0.05,0.02882742,96.49,7.9997687
2018-11-29 09:15:00,82.08,7.9933686,1.9999628,13.985631,0.04,0.0,97.91,7.9997687
2018-11-29 09:30:00,102.82,7.9933686,1.9999628,13.985631,0.05,0.04795815,95.88,7.9997687
2018-11-29 09:45:00,128.41,7.9933686,1.9999628,13.985631,0.06,0.028087324,93.32,7.9997687
2018-11-29 10:00:00,104.26,7.9933686,1.9999628,13.98467,0.05,0.026866032,95.41,7.9997687
2018-11-29 10:15:00,104.9,7.9933686,1.9999628,13.985631,0.05,0.037905984,95.03,7.9997687
2018-11-29 10:30:00,116.71,7.9933686,1.9999628,13.985631,0.05,0.039486684,93.64,7.9997687
2018-11-29 10:45:00,93.02,7.9933686,1.9999628,13.98467,0.04,0.020943744,94.57,7.9997687
2018-11-29 11:00:00,56.05,7.9933686,1.9999628,13.98467,0.03,0.0,96.99,7.9997687
2018-11-29 11:15:00,55.55,7.9933686,1.9999628,13.985631,0.03,0.07192179,96.55,7.9997687
2018-11-29 11:30:00,57.35,7.9933686,1.9999628,13.985631,0.03,0.06536961,95.86,7.9997687
2018-11-29 11:45:00,64.58,7.9933686,1.9999628,13.985631,0.03,0.015226932,92.04,7.9997687
2018-11-29 12:00:00,46.01,7.9933805,1.9999628,13.984885,0.02,0.032217745,98.16,7.9997687
2018-11-29 12:15:00,9.36,7.4925456,1.9999628,9.161865,0.0,0.05749498,99.96,7.9997687
2018-11-29 12:30:00,6.84,6.7812896,1.9999628,7.0669374,0.0,0.0,100.0,7.9997687
2018-11-29 12:45:00,6.19,6.2044244,1.9999628,6.296576,0.0,0.020652043,100.0,7.9997687
2018-11-29 13:00:00,6.34,6.3103027,1.9999628,6.5053477,0.0,0.0,100.0,7.9997687
2018-11-29 13:15:00,40.21,7.950365,1.9999628,13.9527645,0.02,0.015510187,93.15,7.9997687
2018-11-29 13:30:00,62.24,7.993362,1.9999628,13.98462,0.03,0.0,90.79,7.9997687
2018-11-29 13:45:00,77.36,7.9933677,1.9999628,13.985349,0.04,0.06097931,86.46,7.9997687
2018-11-29 14:00:00,64.76,7.9895954,1.9999628,13.985349,0.03,0.04886901,87.94,7.9997687
2018-11-29 14:15:00,57.28,7.9933686,1.9999628,13.985631,0.03,0.0041087195,89.99,7.9997687
2018-11-29 14:30:00,50.54,7.9933686,1.9999628,13.985631,0.02,0.008164784,92.51,7.9997687
2018-11-29 14:45:00,59.51,7.9933686,1.9999628,13.985631,0.03,0.03784157,90.16,7.9997687
2018-11-29 15:00:00,57.46,7.9933686,1.9999628,13.985631,0.03,0.038417242,90.0,7.9997687
2018-11-29 15:15:00,59.69,7.9933686,1.9999628,13.985631,0.03,0.04768796,90.49,7.9997687
2018-11-29 15:30:00,57.67,7.9933686,1.9999628,13.985631,0.03,0.036785364,89.66,7.9997687
2018-11-29 15:45:00,66.2,7.9933686,1.9999628,13.985631,0.03,0.055459395,89.22,7.9997687
2018-11-29 16:00:00,63.5,7.9933686,1.9999628,13.985631,0.03,0.0,89.96,7.9997687
2018-11-29 16:15:00,50.36,7.9933686,1.9999628,13.985631,0.02,0.0,91.76,7.9997687
2018-11-29 16:30:00,70.24,7.9933686,1.9999628,13.985631,0.03,0.050130475,89.33,7.9997687
2018-11-29 16:45:00,59.22,7.9933686,1.9999628,13.985631,0.03,0.00026733393,91.43,7.9997687
2018-11-29 17:00:00,56.88,7.9933686,1.9999628,13.985631,0.03,0.027957337,91.47,7.9997687
2018-11-29 17:15:00,59.8,7.9933686,1.9999628,13.985631,0.03,0.0,92.7,7.9997687
2018-11-29 17:30:00,51.7,7.9933686,1.9999628,13.985631,0.02,0.0,95.78,7.9997687
2018-11-29 17:45:00,33.59,7.9933686,1.9999628,13.953958,0.02,0.027628703,100.0,7.9997687
2018-11-29 18:00:00,33.05,7.9933686,1.9999628,13.985631,0.02,0.014316101,99.38,7.9997687
2018-11-29 18:15:00,43.99,7.9933686,1.9999628,13.985631,0.02,0.017426137,90.63,7.9997687
2018-11-29 18:30:00,46.91,7.9933686,1.9999628,13.985631,0.02,0.011476918,91.18,7.9997687
2018-11-29 18:45:00,59.83,7.9933686,1.9999628,13.985631,0.03,0.0,93.58,7.9997687
2018-11-29 19:00:00,51.88,7.9933686,1.9999628,13.985631,0.02,0.0,92.25,7.9997687
2018-11-29 19:15:00,39.89,7.9933686,1.9999628,13.985631,0.02,0.0,98.49,7.9997687
2018-11-29 19:30:00,39.49,7.9933686,1.9999628,13.985631,0.02,0.0,97.78,7.9997687
2018-11-29 19:45:00,63.5,7.9933686,1.9999628,13.985631,0.03,0.00900875,92.14,7.9997687
2018-11-29 20:00:00,40.57,7.9933686,1.9999628,13.9674425,0.02,0.0,97.98,7.9997687
2018-11-29 20:15:00,39.82,7.9933686,1.9999628,13.985631,0.02,0.016834354,97.87,7.9997687
2018-11-29 20:30:00,54.07,7.9933686,1.9999628,13.985631,0.02,0.04363838,94.1,7.9997687
2018-11-29 20:45:00,33.41,7.9933686,1.9999628,13.9674425,0.02,0.0,99.44,7.9997687
2018-11-29 21:00:00,27.68,7.985761,1.9999628,13.933113,0.01,0.0028620292,99.99,7.9997687
2018-11-29 21:15:00,5.72,6.060561,1.9999628,6.2446804,0.0,0.0070673823,100.0,7.9997687
2018-11-29 21:30:00,5.69,5.6700945,1.9999628,5.758053,0.0,0.0,100.0,7.9997687
2018-11-29 21:45:00,5.65,5.556227,1.9999628,5.717387,0.0,0.0,100.0,7.9997687
2018-11-29 22:00:00,4.61,4.628326,1.9999628,4.7761045,0.0,0.0,100.0,7.9997687
2018-11-29 22:15:00,4.21,4.3161154,1.9999628,4.5425086,0.0,0.0050977436,61.49,7.9997687
2018-11-29 22:30:00,4.14,4.160437,1.9999628,4.238066,0.0,0.0,60.35,7.9997687
2018-11-29 22:45:00,4.18,4.178307,1.9999628,4.210298,0.0,0.0,61.21,7.9997687
2018-11-29 23:00:00,4.03,4.031386,1.9999628,4.146649,0.0,0.0,60.82,7.9997687
2018-11-29 23:15:00,4.03,4.0721183,1.9999628,4.093996,0.0,0.006181251,65.82,7.9997687
2018-11-29 23:30:00,3.96,4.026479,1.9999628,3.9937637,0.0,0.0,69.47,7.9997687
2018-11-29 23:45:00,4.0,4.02639,1.9999628,4.027961,0.0,0.0,70.45,7.9997687
2018-11-30 00:00:00,3.96,3.8268738,1.9999628,3.8776362,0.0,0.038407136,84.37,7.9997687
2018-11-30 00:15:00,4.07,4.150317,1.9999628,4.095733,0.0,0.036334977,67.08,7.9997687
2018-11-30 00:30:00,4.0,4.071893,1.9999628,4.011267,0.0,0.015533883,65.54,7.9997687
2018-11-30 00:45:00,4.0,4.0544353,1.9999628,4.009781,0.0,0.009191232,64.1,7.9997687
2018-11-30 01:00:00,4.0,4.0544353,1.9999628,3.9837599,0.0,0.009191232,65.29,7.9997687
2018-11-30 01:15:00,4.97,4.90529,1.9999628,4.9354744,0.0,0.034398634,71.21,7.9997687
2018-11-30 01:30:00,5.18,5.141362,1.9999628,5.1527433,0.0,0.039043944,72.65,7.9997687
2018-11-30 01:45:00,4.0,4.0092206,1.9999628,4.4234576,0.0,0.0735088,64.41,7.9997687
2018-11-30 02:00:00,4.0,4.052082,1.9999628,4.0960326,0.0,0.028887177,63.55,7.9997687
2018-11-30 02:15:00,4.1,4.176279,1.9999628,4.1987767,0.0,0.015421424,61.77,7.9997687
2018-11-30 02:30:00,4.1,4.13324,1.9999628,4.126828,0.0,0.019523315,62.06,7.9997687
2018-11-30 02:45:00,4.07,4.093806,1.9999628,4.1009684,0.0,0.053456217,63.13,7.9997687
2018-11-30 03:00:00,3.85,3.9118295,1.9999628,3.8856428,0.0,0.060861275,64.43,7.9997687
2018-11-30 03:15:00,3.46,3.5514927,1.9999628,3.635676,0.0,0.07361994,67.52,7.9997687
2018-11-30 03:30:00,3.42,3.4228592,1.9999628,3.4378235,0.0,0.05240936,68.87,7.9997687
2018-11-30 03:45:00,3.46,3.4591203,1.9999628,3.4849768,0.0,0.041123718,68.2,7.9997687
2018-11-30 04:00:00,3.42,3.4056826,1.9999628,3.4002304,0.0,0.03268032,68.47,7.9997687
2018-11-30 04:15:00,3.42,3.4211369,1.9999628,3.4112678,0.0,0.036973186,68.17,7.9997687
2018-11-30 04:30:00,3.46,3.457604,1.9999628,3.4498737,0.0,0.038099356,69.29,7.9997687
2018-11-30 04:45:00,3.46,3.4661322,1.9999628,3.434123,0.0,0.036395445,69.29,7.9997687
2018-11-30 05:00:00,3.46,3.4658475,1.9999628,3.4338746,0.0,0.0383067,69.29,7.9997687
2018-11-30 05:15:00,3.46,3.4590793,1.9999628,3.4338746,0.0,0.041752376,67.91,7.9997687
2018-11-30 05:30:00,3.92,3.8752642,1.9999628,3.9161422,0.0,0.033807434,62.24,7.9997687
2018-11-30 05:45:00,4.93,4.8743367,1.9999628,4.8877316,0.0,0.007509755,67.9,7.9997687
2018-11-30 06:00:00,5.11,5.130315,1.9999628,4.9721704,0.0,0.040968366,70.43,7.9997687
2018-11-30 06:15:00,3.67,3.9148557,1.9999628,4.2793155,0.0,0.072952226,69.0,7.9997687
2018-11-30 06:30:00,3.42,3.3947954,1.9999628,3.6351616,0.0,0.03950557,72.17,7.9997687
2018-11-30 06:45:00,3.31,3.2711926,1.9999628,3.398156,0.0,0.062494826,71.9,7.9997687
2018-11-30 07:00:00,3.35,3.344575,1.9999628,3.4437094,0.0,0.015602142,71.13,7.9997687
2018-11-30 07:15:00,3.28,3.2573438,1.9999628,3.343058,0.0,0.034276094,71.91,7.9997687
2018-11-30 07:30:00,3.74,3.682241,1.9999628,3.777672,0.0,0.0,72.72,7.9997687
2018-11-30 07:45:00,5.22,5.295718,1.9999628,5.320473,0.0,0.011807731,76.75,7.9997687
2018-11-30 08:00:00,5.33,5.304487,1.9999628,5.254836,0.0,0.04758533,81.86,7.9997687
2018-11-30 08:15:00,35.57,7.9330316,1.9999628,13.865739,0.02,0.06869508,81.16,7.9997687
2018-11-30 08:30:00,62.71,7.9914203,1.9999628,13.982277,0.03,0.058991347,79.7,7.9997687
2018-11-30 08:45:00,63.18,7.9933677,1.9999628,13.985349,0.03,0.03263935,82.37,7.9997687
2018-11-30 09:00:00,68.11,7.9933677,1.9999628,13.985349,0.03,0.036435034,91.0,7.9997687
2018-11-30 09:15:00,51.48,7.9933686,1.9999628,13.985631,0.02,0.0052664964,95.04,7.9997687
2018-11-30 09:30:00,57.67,7.9933686,1.9999628,13.985631,0.03,0.07355048,92.34,7.9997687
2018-11-30 09:45:00,59.26,7.9933686,1.9999628,13.985631,0.03,0.01598924,91.56,7.9997687
2018-11-30 10:00:00,63.22,7.9933686,1.9999628,13.985631,0.03,0.028751519,89.65,7.9997687
2018-11-30 10:15:00,49.21,7.9933686,1.9999628,13.985631,0.02,0.0,94.7,7.9997687
2018-11-30 10:30:00,60.34,7.9933686,1.9999628,13.985631,0.03,9.8047894e-05,88.82,7.9997687
2018-11-30 10:45:00,73.26,7.9933686,1.9999628,13.985631,0.03,0.02915499,88.81,7.9997687
2018-11-30 11:00:00,60.34,7.9933686,1.9999628,13.985631,0.03,0.0,91.24,7.9997687
2018-11-30 11:15:00,69.62,7.9933686,1.9999628,13.985631,0.03,0.0,89.41,7.9997687
2018-11-30 11:30:00,54.18,7.9933686,1.9999628,13.985631,0.02,0.0,92.91,7.9997687
2018-11-30 11:45:00,49.32,7.9933686,1.9999628,13.985631,0.02,0.03743394,93.22,7.9997687
2018-11-30 12:00:00,61.06,7.9933805,1.9999628,13.984885,0.03,0.04165662,87.44,7.9997687
2018-11-30 12:15:00,5.65,5.742129,1.9999628,5.8093734,0.0,0.0,100.0,7.9997687
2018-11-30 12:30:00,6.34,6.211691,1.9999628,6.436118,0.0,0.003891847,100.0,7.9997687
2018-11-30 12:45:00,6.48,6.322878,1.9999628,6.7162533,0.0,0.05654372,100.0,7.9997687
2018-11-30 13:00:00,6.41,6.247906,1.9999628,6.4299254,0.0,0.03427362,100.0,7.9997687
2018-11-30 13:15:00,41.76,7.9295807,1.9999628,13.93612,0.02,0.01101256,92.21,7.9997687
2018-11-30 13:30:00,62.96,7.993362,1.9999628,13.98462,0.03,0.0,93.68,7.9997687
2018-11-30 13:45:00,50.72,7.9895954,1.9999628,13.985349,0.02,0.03680061,96.72,7.9997687
2018-11-30 14:00:00,48.24,7.9895954,1.9999628,13.985349,0.02,0.0,95.98,7.9997687
2018-11-30 14:15:00,50.29,7.9933686,1.9999628,13.985631,0.02,0.03466164,95.8,7.9997687
2018-11-30 14:30:00,51.77,7.9933686,1.9999628,13.985631,0.02,0.0,96.26,7.9997687
2018-11-30 14:45:00,52.96,7.9933686,1.9999628,13.985631,0.02,0.0,94.64,7.9997687
2018-11-30 15:00:00,44.71,7.9933686,1.9999628,13.985631,0.02,0.039113216,95.97,7.9997687
2018-11-30 15:15:00,51.19,7.9933686,1.9999628,13.985631,0.02,0.019409431,95.83,7.9997687
2018-11-30 15:30:00,42.77,7.9933686,1.9999628,13.985631,0.02,0.05514104,96.76,7.9997687
2018-11-30 15:45:00,41.72,7.9933686,1.9999628,13.985631,0.02,0.0015925827,97.72,7.9997687
2018-11-30 16:00:00,45.72,7.9933686,1.9999628,13.985631,0.02,0.013922064,97.89,7.9997687
2018-11-30 16:15:00,67.68,7.9933686,1.9999628,13.985631,0.03,0.003477803,91.41,7.9997687
2018-11-30 16:30:00,44.75,7.9933686,1.9999628,13.98467,0.02,0.0,96.78,7.9997687
2018-11-30 16:45:00,48.28,7.9933686,1.9999628,13.985631,0.02,0.0,96.91,7.9997687
2018-11-30 17:00:00,66.13,7.9933686,1.9999628,13.985631,0.03,0.040661313,90.87,7.9997687
2018-11-30 17:15:00,44.42,7.9933686,1.9999628,13.98467,0.02,0.0,96.7,7.9997687
2018-11-30 17:30:00,49.43,7.9933686,1.9999628,13.985631,0.02,0.0,96.32,7.9997687
2018-11-30 17:45:00,28.8,7.717333,1.9999628,13.741423,0.01,0.0,100.0,7.9997687
2018-11-30 18:00:00,28.66,7.9933686,1.9999628,13.985631,0.01,0.0,99.37,7.9997687
2018-11-30 18:15:00,42.84,7.9933686,1.9999628,13.985631,0.02,0.02590623,89.59,7.9997687
2018-11-30 18:30:00,50.54,7.9933686,1.9999628,13.985631,0.02,0.0,87.15,7.9997687
2018-11-30 18:45:00,45.61,7.9933686,1.9999628,13.985631,0.02,0.009247118,96.9,7.9997687
2018-11-30 19:00:00,63.11,7.9933686,1.9999628,13.985631,0.03,0.0,89.96,7.9997687
2018-11-30 19:15:00,44.96,7.9933686,1.9999628,13.985631,0.02,0.00096564076,94.74,7.9997687
2018-11-30 19:30:00,66.46,7.9933686,1.9999628,13.985631,0.03,0.008826158,90.59,7.9997687
2018-11-30 19:45:00,45.61,7.9933686,1.9999628,13.98467,0.02,0.0,93.83,7.9997687
2018-11-30 20:00:00,38.09,7.9933686,1.9999628,13.985631,0.02,0.044067733,98.75,7.9997687
2018-11-30 20:15:00,54.79,7.9933686,1.9999628,13.985631,0.03,0.016835447,94.8,7.9997687
2018-11-30 20:30:00,52.63,7.9933686,1.9999628,13.985631,0.02,0.0,92.47,7.9997687
2018-11-30 20:45:00,37.91,7.9933686,1.9999628,13.985631,0.02,0.0,98.28,7.9997687
2018-11-30 21:00:00,9.14,7.2463875,1.9999628,8.811459,0.0,0.0,100.0,7.9997687
2018-11-30 21:15:00,5.69,5.8321877,1.9999628,5.767154,0.0,0.0,100.0,7.9997687
2018-11-30 21:30:00,5.58,5.4483166,1.9999628,5.663899,0.0,0.0,100.0,7.9997687
2018-11-30 21:45:00,5.47,5.1968765,1.9999628,5.5251913,0.0,0.0,100.0,7.9997687
2018-11-30 22:00:00,5.44,5.2828145,1.9999628,5.466843,0.0,0.0,100.0,7.9997687
2018-11-30 22:15:00,5.22,5.434599,1.9999628,5.344442,0.0,0.0,86.56,7.9997687
2018-11-30 22:30:00,5.18,5.236091,1.9999628,5.189928,0.0,0.0,85.3,7.9997687
2018-11-30 22:45:00,5.11,5.1608105,1.9999628,5.125167,0.0,0.0,84.98,7.9997687
2018-11-30 23:00:00,3.92,4.114302,1.9999628,4.4949265,0.0,0.0,78.83,7.9997687
2018-11-30 23:15:00,3.92,3.8931053,1.9999628,4.037564,0.0,0.0,81.67,7.9997687
2018-11-30 23:30:00,3.89,3.834887,1.9999628,3.9332852,0.0,0.0,83.93,7.9997687
2018-11-30 23:45:00,3.82,3.8054533,1.9999628,3.8493624,0.0,0.0,84.18,7.9997687
2018-12-01 00:00:00,3.35,3.2371674,1.9999628,3.4612985,0.0,0.011690931,80.37,7.9997687
2018-12-01 00:15:00,3.89,3.8516383,1.9999628,3.8992207,0.0,0.022730688,82.15,7.9997687
2018-12-01 00:30:00,3.85,3.7974405,1.9999628,3.756026,0.0,0.014439898,82.27,7.9997687
2018-12-01 00:45:00,3.89,3.82235,1.9999628,3.838571,0.0,0.022114167,81.46,7.9997687
2018-12-01 01:00:00,3.89,3.8363605,1.9999628,3.8068914,0.0,0.019866055,81.46,7.9997687
2018-12-01 01:15:00,4.03,4.0461097,1.9999628,4.005458,0.0,0.014302822,80.02,7.9997687
2018-12-01 01:30:00,3.89,3.9472666,1.9999628,3.9694073,0.0,0.033125356,78.99,7.9997687
2018-12-01 01:45:00,3.92,3.9410768,1.9999628,3.9212554,0.0,0.04758424,76.69,7.9997687
2018-12-01 02:00:00,3.92,3.9224997,1.9999628,3.931503,0.0,0.030052485,74.97,7.9997687
2018-12-01 02:15:00,3.96,3.9439645,1.9999628,3.9755847,0.0,0.015112571,76.73,7.9997687
2018-12-01 02:30:00,4.03,4.0735555,1.9999628,4.0497756,0.0,0.022533225,76.9,7.9997687
2018-12-01 02:45:00,4.14,4.198926,1.9999628,4.1630645,0.0,0.0,76.73,7.9997687
2018-12-01 03:00:00,5.08,5.010778,1.9999628,5.0590124,0.0,0.0031893537,85.66,7.9997687
2018-12-01 03:15:00,4.72,4.5704165,1.9999628,4.6133976,0.0,0.04674239,81.55,7.9997687
2018-12-01 03:30:00,3.96,3.9357462,1.9999628,4.0688114,0.0,0.015747648,76.35,7.9997687
2018-12-01 03:45:00,3.92,3.915638,1.9999628,4.013177,0.0,0.03163273,76.69,7.9997687
2018-12-01 04:00:00,3.35,3.4699254,1.9999628,3.729912,0.0,0.036926154,81.52,7.9997687
2018-12-01 04:15:00,3.28,3.2549357,1.9999628,3.3089046,0.0,0.028553072,79.77,7.9997687
2018-12-01 04:30:00,3.35,3.3109298,1.9999628,3.3644083,0.0,0.04252345,81.18,7.9997687
2018-12-01 04:45:00,3.24,3.217392,1.9999628,3.264048,0.0,0.030290589,80.59,7.9997687
2018-12-01 05:00:00,3.31,3.310567,1.9999628,3.3231177,0.0,0.0,81.19,7.9997687
2018-12-01 05:15:00,3.31,3.3097825,1.9999628,3.3328934,0.0,0.009389391,81.66,7.9997687
2018-12-01 05:30:00,3.28,3.305107,1.9999628,3.2874815,0.0,0.0,82.23,7.9997687
2018-12-01 05:45:00,3.28,3.2909431,1.9999628,3.2970345,0.0,0.0018136645,81.41,7.9997687
2018-12-01 06:00:00,3.2,3.2232018,1.9999628,3.2354832,0.0,0.0,81.56,7.9997687
2018-12-01 06:15:00,3.46,3.503757,1.9999628,3.5597537,0.0,0.013333781,81.61,7.9997687
2018-12-01 06:30:00,4.03,4.00285,1.9999628,3.955347,0.0,0.0,77.94,7.9997687
2018-12-01 06:45:00,3.89,3.8565912,1.9999628,3.8161788,0.0,0.0044716103,77.52,7.9997687
2018-12-01 07:00:00,3.89,3.8365974,1.9999628,3.8478057,0.0,0.02268828,77.52,7.9997687
2018-12-01 07:15:00,4.46,4.4265847,1.9999628,4.367267,0.0,0.018875208,82.11,7.9997687
2018-12-01 07:30:00,3.67,3.6750836,1.9999628,3.9923995,0.0,0.01886304,82.02,7.9997687
2018-12-01 07:45:00,3.46,3.4204302,1.9999628,3.5937793,0.0,0.019546045,81.28,7.9997687
2018-12-01 08:00:00,3.46,3.4736342,1.9999628,3.5474846,0.0,0.028447386,82.06,7.9997687
2018-12-01 08:15:00,3.71,3.7308788,1.9999628,3.886688,0.0,0.02624565,82.0,7.9997687
2018-12-01 08:30:00,4.72,4.6789923,1.9999628,4.8577743,0.0,0.0,72.92,7.9997687
2018-12-01 08:45:00,4.46,4.4349446,1.9999628,4.549382,0.0,0.008855494,94.72,7.9997687
2018-12-01 09:00:00,5.22,5.1813784,1.9999628,5.2068477,0.0,0.024371257,99.99,7.9997687
2018-12-01 09:15:00,28.58,7.4289436,1.9999628,12.745527,0.01,0.0,99.96,7.9997687
2018-12-01 09:30:00,30.56,7.8218203,1.9999628,13.072354,0.01,0.0,99.68,7.9997687
2018-12-01 09:45:00,28.08,7.6371284,1.9999628,13.651476,0.01,0.0,100.0,7.9997687
2018-12-01 10:00:00,28.58,7.825494,1.9999628,13.874141,0.01,0.0,100.0,7.9997687
2018-12-01 10:15:00,28.73,7.8687816,1.9999628,13.907027,0.01,0.0,100.0,7.9997687
2018-12-01 10:30:00,29.56,7.8711534,1.9999628,13.90706,0.01,0.015432252,100.0,7.9997687
2018-12-01 10:45:00,30.06,7.828259,1.9999628,13.90706,0.01,0.01266259,100.0,7.9997687
2018-12-01 11:00:00,29.2,7.8305383,1.9999628,13.852078,0.01,0.0,100.0,7.9997687
2018-12-01 11:15:00,27.94,7.793088,1.9999628,13.82094,0.01,0.0,100.0,7.9997687
2018-12-01 11:30:00,27.94,7.828259,1.9999628,13.876968,0.01,0.0009681788,100.0,7.9997687
2018-12-01 11:45:00,25.63,7.7151012,1.9999628,13.818111,0.01,0.0,100.0,7.9997687
2018-12-01 12:00:00,3.64,3.8213973,1.9999628,4.7735667,0.0,0.0,100.0,7.9997687
2018-12-01 12:15:00,3.85,3.7376862,1.9999628,3.9550722,0.0,0.0,100.0,7.9997687
2018-12-01 12:30:00,3.71,3.7196877,1.9999628,3.768633,0.0,0.0,100.0,7.9997687
2018-12-01 12:45:00,3.74,3.7477727,1.9999628,3.8072183,0.0,0.009816421,100.0,7.9997687
2018-12-01 13:00:00,3.71,3.696175,1.9999628,3.736643,0.0,0.0,100.0,7.9997687
2018-12-01 13:15:00,11.3,7.3106008,1.9999628,11.791161,0.01,0.0,100.0,7.9997687
2018-12-01 13:30:00,27.29,7.827102,1.9999628,13.5972595,0.01,0.0,100.0,7.9997687
2018-12-01 13:45:00,26.86,7.7462783,1.9999628,13.128472,0.01,0.0,100.0,7.9997687
2018-12-01 14:00:00,25.31,7.6203337,1.9999628,13.539805,0.01,0.0,100.0,7.9997687
2018-12-01 14:15:00,26.21,7.9816937,1.9999628,13.935316,0.01,0.039655697,99.98,7.9997687
2018-12-01 14:30:00,26.28,7.888862,1.9999628,13.90843,0.01,0.002244093,100.0,7.9997687
2018-12-01 14:45:00,18.68,7.696604,1.9999628,13.186742,0.01,0.022583198,100.0,7.9997687
2018-12-01 15:00:00,5.18,5.3463182,1.9999628,5.7227774,0.0,0.0,100.0,7.9997687
2018-12-01 15:15:00,5.08,4.916194,1.9999628,5.047314,0.0,0.0,100.0,7.9997687
2018-12-01 15:30:00,4.75,4.5955,1.9999628,4.8478456,0.0,0.004029144,100.0,7.9997687
2018-12-01 15:45:00,4.75,4.715995,1.9999628,4.7537227,0.0,0.007216223,100.0,7.9997687
2018-12-01 16:00:00,4.72,4.6402025,1.9999628,4.6635194,0.0,0.0,100.0,7.9997687
2018-12-01 16:15:00,4.64,4.5911584,1.9999628,4.6198134,0.0,0.0067129973,100.0,7.9997687
2018-12-01 16:30:00,4.72,4.688106,1.9999628,4.6973805,0.0,0.0,100.0,7.9997687
2018-12-01 16:45:00,4.68,4.6194434,1.9999628,4.6482196,0.0,0.0011601042,100.0,7.9997687
2018-12-01 17:00:00,4.64,4.5960484,1.9999628,4.58926,0.0,0.0,100.0,7.9997687
2018-12-01 17:15:00,4.79,4.759411,1.9999628,4.777786,0.0,0.02923006,100.0,7.9997687
2018-12-01 17:30:00,4.75,4.62248,1.9999628,4.7004333,0.0,0.0021584132,100.0,7.9997687
2018-12-01 17:45:00,4.72,4.629025,1.9999628,4.650905,0.0,0.020079374,100.0,7.9997687
2018-12-01 18:00:00,4.68,4.6744676,1.9999628,4.7114315,0.0,0.02192478,100.0,7.9997687
2018-12-01 18:15:00,5.76,5.482129,1.9999628,5.8028073,0.0,0.02252089,100.0,7.9997687
2018-12-01 18:30:00,5.4,4.9817224,1.9999628,5.1242595,0.0,0.0,100.0,7.9997687
2018-12-01 18:45:00,4.79,4.6717563,1.9999628,4.5981765,0.0,0.019732898,100.0,7.9997687
2018-12-01 19:00:00,4.79,4.677807,1.9999628,4.656849,0.0,0.0,100.0,7.9997687
2018-12-01 19:15:00,4.79,4.6505923,1.9999628,4.6421676,0.0,0.0,100.0,7.9997687
2018-12-01 19:30:00,4.79,4.6505923,1.9999628,4.6286507,0.0,0.0,100.0,7.9997687
2018-12-01 19:45:00,4.9,4.8250804,1.9999628,4.7703333,0.0,0.0,100.0,7.9997687
2018-12-01 20:00:00,4.75,4.578062,1.9999628,4.7264614,0.0,0.0025665625,100.0,7.9997687
2018-12-01 20:15:00,4.79,4.725201,1.9999628,4.6585813,0.0,0.0,100.0,7.9997687
2018-12-01 20:30:00,4.75,4.617515,1.9999628,4.6925797,0.0,0.0,100.0,7.9997687
2018-12-01 20:45:00,4.82,4.718331,1.9999628,4.6335287,0.0,0.0066504925,100.0,7.9997687
2018-12-01 21:00:00,4.82,4.6629076,1.9999628,4.622716,0.0,0.01770402,100.0,7.9997687
2018-12-01 21:15:00,4.75,4.6007857,1.9999628,4.604587,0.0,0.0096961465,100.0,7.9997687
2018-12-01 21:30:00,4.79,4.7019763,1.9999628,4.660229,0.0,0.0290273,100.0,7.9997687
2018-12-01 21:45:00,4.79,4.643098,1.9999628,4.683411,0.0,0.032735903,100.0,7.9997687
2018-12-01 22:00:00,4.9,4.7892237,1.9999628,4.759331,0.0,0.0,100.0,7.9997687
2018-12-01 22:15:00,5.76,5.6037107,1.9999628,5.6390743,0.0,0.0,80.93,7.9997687
2018-12-01 22:30:00,4.61,4.597816,1.9999628,4.8832026,0.0,0.0,76.18,7.9997687
2018-12-01 22:45:00,3.42,3.6922956,1.9999628,4.201186,0.0,0.0,75.28,7.9997687
2018-12-01 23:00:00,3.42,3.3675437,1.9999628,3.5705397,0.0,0.023934606,76.05,7.9997687
2018-12-01 23:15:00,3.28,3.2017534,1.9999628,3.3318868,0.0,0.0,80.12,7.9997687
2018-12-01 23:30:00,3.38,3.320627,1.9999628,3.4070945,0.0,0.0,83.47,7.9997687
2018-12-01 23:45:00,3.31,3.285959,1.9999628,3.3404074,0.0,0.050797842,80.84,7.9997687
2018-12-02 00:00:00,4.36,4.2004747,1.9999628,4.3016996,0.0,0.0,82.21,7.9997687
2018-12-02 00:15:00,3.35,3.3761783,1.9999628,3.653994,0.0,0.03849794,79.91,7.9997687
2018-12-02 00:30:00,3.35,3.3153346,1.9999628,3.3911898,0.0,0.030243272,78.66,7.9997687
2018-12-02 00:45:00,3.38,3.3662112,1.9999628,3.4029691,0.0,0.023105761,79.72,7.9997687
2018-12-02 01:00:00,3.89,3.9089468,1.9999628,3.886216,0.0,0.020518018,76.84,7.9997687
2018-12-02 01:15:00,4.46,4.409532,1.9999628,4.2298064,0.0,0.0,76.62,7.9997687
2018-12-02 01:30:00,4.43,4.3192925,1.9999628,4.2794538,0.0,0.025701107,76.41,7.9997687
2018-12-02 01:45:00,4.14,4.063578,1.9999628,4.055695,0.0,0.007487976,74.83,7.9997687
2018-12-02 02:00:00,3.46,3.6019857,1.9999628,3.7073379,0.0,0.021450346,77.3,7.9997687
2018-12-02 02:15:00,3.38,3.36516,1.9999628,3.4556026,0.0,0.0,77.34,7.9997687
2018-12-02 02:30:00,3.38,3.3887231,1.9999628,3.3893487,0.0,0.0011711796,77.68,7.9997687
2018-12-02 02:45:00,3.38,3.3787336,1.9999628,3.3870418,0.0,0.036598187,76.56,7.9997687
2018-12-02 03:00:00,4.32,4.3312764,1.9999628,4.388452,0.0,0.0,74.66,7.9997687
2018-12-02 03:15:00,4.64,4.548962,1.9999628,4.5705175,0.0,0.019856786,73.74,7.9997687
2018-12-02 03:30:00,3.82,3.702087,1.9999628,3.8301888,0.0,0.036700763,75.58,7.9997687
2018-12-02 03:45:00,3.46,3.4900124,1.9999628,3.5499501,0.0,0.026874056,74.48,7.9997687
2018-12-02 04:00:00,3.42,3.4132411,1.9999628,3.4546063,0.0,0.0,73.02,7.9997687
2018-12-02 04:15:00,3.46,3.4582562,1.9999628,3.4943779,0.0,0.0063490756,74.16,7.9997687
2018-12-02 04:30:00,4.32,4.3488693,1.9999628,4.4323025,0.0,0.01421853,71.04,7.9997687
2018-12-02 04:45:00,4.5,4.4890265,1.9999628,4.388879,0.0,0.003925542,70.71,7.9997687
2018-12-02 05:00:00,4.54,4.5094433,1.9999628,4.3212805,0.0,0.041505508,72.13,7.9997687
2018-12-02 05:15:00,4.39,4.376197,1.9999628,4.1762705,0.0,0.028184334,73.67,7.9997687
2018-12-02 05:30:00,3.35,3.5971131,1.9999628,3.8595603,0.0,0.01486367,77.07,7.9997687
2018-12-02 05:45:00,3.46,3.4534945,1.9999628,3.5736454,0.0,0.006843121,78.84,7.9997687
2018-12-02 06:00:00,3.35,3.3324606,1.9999628,3.3592129,0.0,0.0,77.41,7.9997687
2018-12-02 06:15:00,3.42,3.4129171,1.9999628,3.455331,0.0,0.0,75.28,7.9997687
2018-12-02 06:30:00,3.42,3.420588,1.9999628,3.407152,0.0,0.029784977,74.52,7.9997687
2018-12-02 06:45:00,3.38,3.358176,1.9999628,3.3320744,0.0,0.005379961,73.37,7.9997687
2018-12-02 07:00:00,3.46,3.4708233,1.9999628,3.500923,0.0,0.0020716772,74.16,7.9997687
2018-12-02 07:15:00,3.38,3.3646142,1.9999628,3.4011555,0.0,0.019615911,72.19,7.9997687
2018-12-02 07:30:00,3.46,3.4676483,1.9999628,3.491522,0.0,0.005519621,72.57,7.9997687
2018-12-02 07:45:00,3.46,3.470676,1.9999628,3.4817066,0.0,0.0047374894,69.29,7.9997687
2018-12-02 08:00:00,3.49,3.486826,1.9999628,3.50204,0.0,0.0,69.21,7.9997687
2018-12-02 08:15:00,4.57,4.708036,1.9999628,4.6655974,0.0,0.0,66.37,7.9997687
2018-12-02 08:30:00,4.54,4.510949,1.9999628,4.4984093,0.0,0.0010557402,65.91,7.9997687
2018-12-02 08:45:00,5.54,5.364901,1.9999628,5.594001,0.0,0.056386568,92.36,7.9997687
2018-12-02 09:00:00,4.75,4.5795884,1.9999628,4.7312174,0.0,0.029574838,100.0,7.9997687
2018-12-02 09:15:00,3.74,3.7566495,1.9999628,4.1809363,0.0,0.02441261,100.0,7.9997687
2018-12-02 09:30:00,3.71,3.7400239,1.9999628,3.8987129,0.0,0.0,100.0,7.9997687
2018-12-02 09:45:00,3.6,3.6851456,1.9999628,3.7880685,0.0,0.0,100.0,7.9997687
2018-12-02 10:00:00,3.56,3.5619137,1.9999628,3.6322749,0.0,0.0,100.0,7.9997687
2018-12-02 10:15:00,3.6,3.5919538,1.9999628,3.593889,0.0,0.0,100.0,7.9997687
2018-12-02 10:30:00,3.64,3.638236,1.9999628,3.6404831,0.0,0.0,100.0,7.9997687
2018-12-02 10:45:00,3.64,3.6242008,1.9999628,3.6472123,0.0,0.0,100.0,7.9997687
2018-12-02 11:00:00,3.64,3.6269164,1.9999628,3.657436,0.0,0.00096504076,100.0,7.9997687
2018-12-02 11:15:00,3.64,3.6212063,1.9999628,3.6843152,0.0,0.0,100.0,7.9997687
2018-12-02 11:30:00,3.56,3.56629,1.9999628,3.5990705,0.0,0.0,100.0,7.9997687
2018-12-02 11:45:00,3.64,3.641491,1.9999628,3.6711943,0.0,0.0,100.0,7.9997687
2018-12-02 12:00:00,4.03,3.9627626,1.9999628,3.9928412,0.0,0.0,100.0,7.9997687
2018-12-02 12:15:00,4.86,4.861403,1.9999628,4.856936,0.0,0.0,100.0,7.9997687
2018-12-02 12:30:00,4.75,4.632967,1.9999628,4.5729346,0.0,0.0,100.0,7.9997687
2018-12-02 12:45:00,5.36,5.1028485,1.9999628,5.2581973,0.0,0.0,100.0,7.9997687
2018-12-02 13:00:00,4.9,4.8854933,1.9999628,4.7418137,0.0,0.040947787,100.0,7.9997687
2018-12-02 13:15:00,3.78,3.833232,1.9999628,4.1295466,0.0,0.03177205,100.0,7.9997687
2018-12-02 13:30:00,3.64,3.705042,1.9999628,3.8259995,0.0,0.0,100.0,7.9997687
2018-12-02 13:45:00,3.6,3.6329124,1.9999628,3.749851,0.0,0.0,100.0,7.9997687
2018-12-02 14:00:00,3.6,3.6112597,1.9999628,3.6870468,0.0,0.0,100.0,7.9997687
2018-12-02 14:15:00,3.6,3.5960262,1.9999628,3.6684005,0.0,0.0,100.0,7.9997687
2018-12-02 14:30:00,3.56,3.5643895,1.9999628,3.6069036,0.0,0.0,100.0,7.9997687
2018-12-02 14:45:00,3.56,3.5677755,1.9999628,3.5960028,0.0,0.0,100.0,7.9997687
2018-12-02 15:00:00,3.64,3.6385324,1.9999628,3.6687596,0.0,0.0,100.0,7.9997687
2018-12-02 15:15:00,3.6,3.598598,1.9999628,3.6253507,0.0,0.0,100.0,7.9997687
2018-12-02 15:30:00,3.56,3.5665889,1.9999628,3.5819972,0.0,0.0,100.0,7.9997687
2018-12-02 15:45:00,3.85,3.8211274,1.9999628,3.9409828,0.0,0.0,100.0,7.9997687
2018-12-02 16:00:00,4.68,4.6230907,1.9999628,4.7389402,0.0,0.0,100.0,7.9997687
2018-12-02 16:15:00,4.72,4.613416,1.9999628,4.536683,0.0,0.0033015087,100.0,7.9997687
2018-12-02 16:30:00,4.72,4.64142,1.9999628,4.44808,0.0,0.049167547,100.0,7.9997687
2018-12-02 16:45:00,3.89,3.910276,1.9999628,4.0500054,0.0,0.025608564,100.0,7.9997687
2018-12-02 17:00:00,3.53,3.5120802,1.9999628,3.7483094,0.0,0.0,100.0,7.9997687
2018-12-02 17:15:00,3.6,3.6199193,1.9999628,3.7288163,0.0,0.0,100.0,7.9997687
2018-12-02 17:30:00,3.6,3.60093,1.9999628,3.645218,0.0,0.0,100.0,7.9997687
2018-12-02 17:45:00,3.74,3.7477043,1.9999628,3.7417755,0.0,0.0,100.0,7.9997687
2018-12-02 18:00:00,4.72,4.680708,1.9999628,4.760017,0.0,0.012767747,100.0,7.9997687
2018-12-02 18:15:00,3.89,3.919983,1.9999628,4.023498,0.0,0.0,100.0,7.9997687
2018-12-02 18:30:00,3.53,3.5685315,1.9999628,3.6508315,0.0,0.0,100.0,7.9997687
2018-12-02 18:45:00,3.53,3.552715,1.9999628,3.605028,0.0,0.0,100.0,7.9997687
2018-12-02 19:00:00,3.56,3.550798,1.9999628,3.5879436,0.0,0.0,100.0,7.9997687
2018-12-02 19:15:00,3.67,3.663376,1.9999628,3.6721635,0.0,0.0,100.0,7.9997687
2018-12-02 19:30:00,3.56,3.5209835,1.9999628,3.6103125,0.0,0.0,100.0,7.9997687
2018-12-02 19:45:00,4.39,4.346323,1.9999628,4.530677,0.0,0.0,100.0,7.9997687
2018-12-02 20:00:00,4.72,4.6833982,1.9999628,4.8061743,0.0,0.00412305,100.0,7.9997687
2018-12-02 20:15:00,4.68,4.597232,1.9999628,4.389719,0.0,0.040463272,100.0,7.9997687
2018-12-02 20:30:00,4.75,4.62755,1.9999628,4.4236135,0.0,0.047452733,100.0,7.9997687
2018-12-02 20:45:00,3.71,3.929542,1.9999628,4.0352163,0.0,0.015628295,100.0,7.9997687
2018-12-02 21:00:00,3.53,3.5999138,1.9999628,3.5559695,0.0,0.0,100.0,7.9997687
2018-12-02 21:15:00,3.6,3.628909,1.9999628,3.713024,0.0,0.0,100.0,7.9997687
2018-12-02 21:30:00,3.6,3.6028736,1.9999628,3.631494,0.0,0.0,100.0,7.9997687
2018-12-02 21:45:00,3.6,3.6193428,1.9999628,3.6399665,0.0,0.002184262,100.0,7.9997687
2018-12-02 22:00:00,3.56,3.5590293,1.9999628,3.582759,0.0,0.0,100.0,7.9997687
2018-12-02 22:15:00,4.07,4.0326185,1.9999628,4.11621,0.0,0.0,81.63,7.9997687
2018-12-02 22:30:00,4.32,4.2739973,1.9999628,4.2912145,0.0,0.0010489057,80.0,7.9997687
2018-12-02 22:45:00,3.35,3.457813,1.9999628,3.5406003,0.0,0.029381316,82.78,7.9997687
2018-12-02 23:00:00,3.31,3.271391,1.9999628,3.298063,0.0,0.03602561,82.47,7.9997687
2018-12-02 23:15:00,3.31,3.3080466,1.9999628,3.326722,0.0,0.024522308,84.55,7.9997687
2018-12-02 23:30:00,3.28,3.292974,1.9999628,3.2823458,0.0,0.040029574,83.52,7.9997687
2018-12-02 23:45:00,3.35,3.3320875,1.9999628,3.3519824,0.0,0.0,84.5,7.9997687
2018-12-03 00:00:00,4.57,4.4023075,1.9999628,4.431371,0.0,0.022867033,70.4,7.9997687
2018-12-03 00:15:00,4.43,4.2110972,1.9999628,4.2482853,0.0,0.06981537,81.32,7.9997687
2018-12-03 00:30:00,4.36,4.191469,1.9999628,4.1542873,0.0,0.04106229,81.5,7.9997687
2018-12-03 00:45:00,4.21,4.1592884,1.9999628,4.1138816,0.0,0.018988483,81.9,7.9997687
2018-12-03 01:00:00,3.35,3.5906308,1.9999628,3.775223,0.0,0.06525865,81.52,7.9997687
2018-12-03 01:15:00,3.38,3.3513494,1.9999628,3.4352617,0.0,0.012004391,81.76,7.9997687
2018-12-03 01:30:00,3.35,3.3293715,1.9999628,3.351991,0.0,0.014438506,80.37,7.9997687
2018-12-03 01:45:00,3.42,3.4134643,1.9999628,3.45523,0.0,0.019511513,80.96,7.9997687
2018-12-03 02:00:00,3.49,3.4921176,1.9999628,3.4959323,0.0,0.0078311935,80.3,7.9997687
2018-12-03 02:15:00,3.42,3.4121468,1.9999628,3.3546221,0.0,0.0,81.74,7.9997687
2018-12-03 02:30:00,3.38,3.3532124,1.9999628,3.3263845,0.0,0.0018895956,79.38,7.9997687
2018-12-03 02:45:00,4.36,4.443605,1.9999628,4.3211737,0.0,0.008329868,78.33,7.9997687
2018-12-03 03:00:00,4.14,4.065654,1.9999628,4.114791,0.0,0.0,78.38,7.9997687
2018-12-03 03:15:00,3.42,3.4536707,1.9999628,3.504429,0.0,0.034129564,79.27,7.9997687
2018-12-03 03:30:00,3.38,3.354151,1.9999628,3.3888988,0.0,0.027768329,78.92,7.9997687
2018-12-03 03:45:00,3.35,3.336098,1.9999628,3.3585582,0.0,0.011250855,79.11,7.9997687
2018-12-03 04:00:00,3.35,3.3439915,1.9999628,3.3897371,0.0,0.0,80.37,7.9997687
2018-12-03 04:15:00,4.1,4.0602965,1.9999628,4.2005095,0.0,0.0,79.49,7.9997687
2018-12-03 04:30:00,4.43,4.3816924,1.9999628,4.2847075,0.0,0.0,78.81,7.9997687
2018-12-03 04:45:00,4.5,4.4544044,1.9999628,4.2778654,0.0,0.03868106,79.96,7.9997687
2018-12-03 05:00:00,3.78,3.745882,1.9999628,3.7993138,0.0,0.057849407,79.95,7.9997687
2018-12-03 05:15:00,3.31,3.2553523,1.9999628,3.571334,0.0,0.05396303,81.19,7.9997687
2018-12-03 05:30:00,3.38,3.382494,1.9999628,3.4622588,0.0,0.022532769,80.63,7.9997687
2018-12-03 05:45:00,3.31,3.29203,1.9999628,3.3435566,0.0,0.017841417,82.47,7.9997687
2018-12-03 06:00:00,3.31,3.3045704,1.9999628,3.3244255,0.0,0.009104826,83.28,7.9997687
2018-12-03 06:15:00,3.35,3.3651612,1.9999628,3.3548496,0.0,0.0438915,84.84,7.9997687
2018-12-03 06:30:00,3.31,3.2902465,1.9999628,3.3052907,0.0,0.0,82.12,7.9997687
2018-12-03 06:45:00,3.24,3.1881351,1.9999628,3.250807,0.0,0.0,80.59,7.9997687
2018-12-03 07:00:00,3.24,3.2357733,1.9999628,3.3060243,0.0,0.0065748356,82.73,7.9997687
2018-12-03 07:15:00,4.21,4.256816,1.9999628,4.369558,0.0,0.0057236557,82.54,7.9997687
2018-12-03 07:30:00,5.76,5.574492,1.9999628,5.700758,0.0,0.032672103,88.57,7.9997687
2018-12-03 07:45:00,5.98,5.784721,1.9999628,5.8924875,0.0,0.09451665,90.33,7.9997687
2018-12-03 08:00:00,5.58,5.384683,1.9999628,5.5069604,0.0,0.048611842,91.14,7.9997687
2018-12-03 08:15:00,34.99,7.890215,1.9999628,13.826774,0.02,0.062709875,82.65,7.9997687
2018-12-03 08:30:00,56.84,7.9931855,1.9999628,13.984339,0.03,0.06471068,78.84,7.9997687
2018-12-03 08:45:00,61.06,7.9933677,1.9999628,13.985349,0.03,0.08204879,84.15,7.9997687
2018-12-03 09:00:00,57.89,7.9895954,1.9999628,13.985349,0.03,0.069506764,92.97,7.9997687
2018-12-03 09:15:00,70.49,7.9933686,1.9999628,13.985631,0.03,0.0,87.21,7.9997687
2018-12-03 09:30:00,50.11,7.9933686,1.9999628,13.985631,0.02,0.07580563,93.74,7.9997687
2018-12-03 09:45:00,66.38,7.9933686,1.9999628,13.985631,0.03,0.0122539215,91.99,7.9997687
2018-12-03 10:00:00,56.88,7.9933686,1.9999628,13.985631,0.03,0.08340887,90.91,7.9997687
2018-12-03 10:15:00,47.09,7.9933686,1.9999628,13.985631,0.02,0.051492058,94.93,7.9997687
2018-12-03 10:30:00,55.8,7.9933686,1.9999628,13.985631,0.03,0.018114911,90.1,7.9997687
2018-12-03 10:45:00,66.89,7.9933686,1.9999628,13.985631,0.03,0.0070851054,89.21,7.9997687
2018-12-03 11:00:00,62.89,7.9933686,1.9999628,13.985631,0.03,0.008945486,89.55,7.9997687
2018-12-03 11:15:00,63.79,7.9933686,1.9999628,13.985631,0.03,0.034916334,89.06,7.9997687
2018-12-03 11:30:00,58.1,7.9933686,1.9999628,13.985631,0.03,0.08001354,93.03,7.9997687
2018-12-03 11:45:00,54.5,7.9933686,1.9999628,13.985631,0.02,0.108857945,95.45,7.9997687
2018-12-03 12:00:00,35.35,7.9440064,1.9999628,13.802146,0.02,0.026408171,98.96,7.9997687
2018-12-03 12:15:00,6.34,6.344776,1.9999628,6.3620577,0.0,0.02494776,100.0,7.9997687
2018-12-03 12:30:00,5.76,5.939939,1.9999628,5.9522476,0.0,0.027167238,100.0,7.9997687
2018-12-03 12:45:00,6.3,6.133394,1.9999628,6.4213376,0.0,0.009544338,100.0,7.9997687
2018-12-03 13:00:00,6.19,6.0032396,1.9999628,6.2203374,0.0,0.0012697814,100.0,7.9997687
2018-12-03 13:15:00,35.35,7.94952,1.9999628,13.893263,0.02,0.04796685,94.59,7.9997687
2018-12-03 13:30:00,51.95,7.9932733,1.9999628,13.98462,0.02,0.011570382,90.73,7.9997687
2018-12-03 13:45:00,48.46,7.9895954,1.9999628,13.985349,0.02,0.063767165,89.97,7.9997687
2018-12-03 14:00:00,65.02,7.9933677,1.9999628,13.985349,0.03,0.02439337,86.95,7.9997687
2018-12-03 14:15:00,69.91,7.9933686,1.9999628,13.985631,0.03,0.05608881,83.1,7.9997687
2018-12-03 14:30:00,55.12,7.9933686,1.9999628,13.985631,0.03,0.0487545,89.83,7.9997687
2018-12-03 14:45:00,56.84,7.9933686,1.9999628,13.985631,0.03,0.060267426,90.04,7.9997687
2018-12-03 15:00:00,54.22,7.9933686,1.9999628,13.985631,0.02,0.050164193,90.84,7.9997687
2018-12-03 15:15:00,49.97,7.9933686,1.9999628,13.985631,0.02,0.029834736,89.67,7.9997687
2018-12-03 15:30:00,48.17,7.9933686,1.9999628,13.985631,0.02,0.049136996,91.27,7.9997687
2018-12-03 15:45:00,49.86,7.9933686,1.9999628,13.985631,0.02,0.049961403,90.83,7.9997687
2018-12-03 16:00:00,58.75,7.9933686,1.9999628,13.985631,0.03,0.015534161,88.94,7.9997687
2018-12-03 16:15:00,65.7,7.9933686,1.9999628,13.985631,0.03,0.011286095,84.54,7.9997687
2018-12-03 16:30:00,51.88,7.9933686,1.9999628,13.985631,0.02,0.028031986,91.51,7.9997687
2018-12-03 16:45:00,57.2,7.9933686,1.9999628,13.985631,0.03,0.053051658,86.4,7.9997687
2018-12-03 17:00:00,76.03,7.9933686,1.9999628,13.985631,0.03,0.06912102,84.02,7.9997687
2018-12-03 17:15:00,72.18,7.9933686,1.9999628,13.985631,0.03,0.056374893,86.52,7.9997687
2018-12-03 17:30:00,61.42,7.9933686,1.9999628,13.985631,0.03,0.0811465,87.63,7.9997687
2018-12-03 17:45:00,36.61,7.9933686,1.9999628,13.98467,0.02,0.0,97.97,7.9997687
2018-12-03 18:00:00,29.56,7.9933686,1.9999628,13.985631,0.01,0.017219324,99.29,7.9997687
2018-12-03 18:15:00,34.13,7.9933686,1.9999628,13.985631,0.02,0.0,93.03,7.9997687
2018-12-03 18:30:00,42.26,7.9933686,1.9999628,13.985631,0.02,0.017982256,90.61,7.9997687
2018-12-03 18:45:00,56.81,7.9933686,1.9999628,13.985631,0.03,0.0,91.71,7.9997687
2018-12-03 19:00:00,43.02,7.9933686,1.9999628,13.985631,0.02,0.030853119,94.39,7.9997687
2018-12-03 19:15:00,47.74,7.9933686,1.9999628,13.985631,0.02,0.0120508205,92.15,7.9997687
2018-12-03 19:30:00,39.17,7.9933686,1.9999628,13.985631,0.02,0.019494891,97.06,7.9997687
2018-12-03 19:45:00,43.67,7.9933686,1.9999628,13.985631,0.02,0.019429546,95.73,7.9997687
2018-12-03 20:00:00,50.44,7.9933686,1.9999628,13.985631,0.02,0.036313456,91.13,7.9997687
2018-12-03 20:15:00,46.22,7.9933686,1.9999628,13.985631,0.02,0.038268466,91.43,7.9997687
2018-12-03 20:30:00,45.36,7.9933686,1.9999628,13.985631,0.02,0.013235708,92.67,7.9997687
2018-12-03 20:45:00,50.11,7.9933686,1.9999628,13.985631,0.02,0.016656807,86.75,7.9997687
2018-12-03 21:00:00,25.45,7.963201,1.9999628,13.898411,0.01,0.0,99.95,7.9997687
2018-12-03 21:15:00,8.6,7.0678596,1.9999628,8.325194,0.0,0.0,100.0,7.9997687
2018-12-03 21:30:00,6.19,6.5305986,1.9999628,6.916982,0.0,0.0,100.0,7.9997687
2018-12-03 21:45:00,5.62,5.7353253,1.9999628,5.923313,0.0,0.0,100.0,7.9997687
2018-12-03 22:00:00,4.93,4.8129344,1.9999628,4.939742,0.0,0.0,100.0,7.9997687
2018-12-03 22:15:00,4.72,4.7691073,1.9999628,5.1853237,0.0,0.0,61.96,7.9997687
2018-12-03 22:30:00,4.75,4.757829,1.9999628,4.8847365,0.0,0.004141362,60.88,7.9997687
2018-12-03 22:45:00,4.68,4.6882687,1.9999628,4.7344365,0.0,0.0,61.63,7.9997687
2018-12-03 23:00:00,4.68,4.681458,1.9999628,4.6736307,0.0,0.017718887,62.6,7.9997687
2018-12-03 23:15:00,4.61,4.6222644,1.9999628,4.6430154,0.0,0.012227066,68.3,7.9997687
2018-12-03 23:30:00,4.57,4.540754,1.9999628,4.608657,0.0,0.0043253447,72.67,7.9997687
2018-12-03 23:45:00,4.61,4.622732,1.9999628,4.638604,0.0,0.00169637,72.97,7.9997687
2018-12-04 00:00:00,3.89,3.679533,1.9999628,4.1031094,0.0,0.087345146,72.74,7.9997687
2018-12-04 00:15:00,4.61,4.6212206,1.9999628,4.6849165,0.0,0.029808149,70.71,7.9997687
2018-12-04 00:30:00,4.57,4.532634,1.9999628,4.485538,0.0,0.017811082,67.98,7.9997687
2018-12-04 00:45:00,4.61,4.589345,1.9999628,4.440274,0.0,0.038075708,66.2,7.9997687
2018-12-04 01:00:00,4.64,4.604319,1.9999628,4.4200363,0.0,0.034323085,65.66,7.9997687
2018-12-04 01:15:00,5.04,4.9666867,1.9999628,4.9892135,0.0,0.042947643,68.71,7.9997687
2018-12-04 01:30:00,5.8,5.697435,1.9999628,5.8012924,0.0,0.051321607,76.19,7.9997687
2018-12-04 01:45:00,4.68,4.625938,1.9999628,4.936492,0.0,0.030710686,68.55,7.9997687
2018-12-04 02:00:00,3.6,3.897138,1.9999628,4.237454,0.0,0.047649886,69.35,7.9997687
2018-12-04 02:15:00,3.56,3.5454545,1.9999628,3.7781353,0.0,0.0,68.18,7.9997687
2018-12-04 02:30:00,3.64,3.66257,1.9999628,3.7853374,0.0,0.024121366,68.05,7.9997687
2018-12-04 02:45:00,3.67,3.6772823,1.9999628,3.664807,0.0,0.02070605,67.33,7.9997687
2018-12-04 03:00:00,3.64,3.6485724,1.9999628,3.6803837,0.0,0.0,67.3,7.9997687
2018-12-04 03:15:00,3.64,3.6401238,1.9999628,3.6411471,0.0,0.0,66.39,7.9997687
2018-12-04 03:30:00,3.71,3.6998897,1.9999628,3.7333975,0.0,0.022935038,67.1,7.9997687
2018-12-04 03:45:00,3.67,3.6748981,1.9999628,3.6953492,0.0,0.029446762,66.34,7.9997687
2018-12-04 04:00:00,3.71,3.719348,1.9999628,3.7355602,0.0,0.030508218,67.1,7.9997687
2018-12-04 04:15:00,3.67,3.6759043,1.9999628,3.6938837,0.0,0.030068228,67.33,7.9997687
2018-12-04 04:30:00,3.6,3.5959582,1.9999628,3.69634,0.0,0.04284353,68.58,7.9997687
2018-12-04 04:45:00,4.36,4.2700667,1.9999628,4.452157,0.0,0.012033643,67.31,7.9997687
2018-12-04 05:00:00,4.64,4.6256676,1.9999628,4.6577287,0.0,0.023255989,65.17,7.9997687
2018-12-04 05:15:00,4.72,4.6372423,1.9999628,4.3885055,0.0,0.012162547,66.3,7.9997687
2018-12-04 05:30:00,5.44,5.4544587,1.9999628,5.3796535,0.0,0.02113932,71.69,7.9997687
2018-12-04 05:45:00,4.43,4.6689873,1.9999628,4.938364,0.0,0.028793477,67.9,7.9997687
2018-12-04 06:00:00,3.64,3.7491784,1.9999628,4.055764,0.0,0.030502312,70.71,7.9997687
2018-12-04 06:15:00,3.56,3.5612063,1.9999628,3.7222042,0.0,0.012197736,70.31,7.9997687
2018-12-04 06:30:00,3.67,3.7017179,1.9999628,3.8269022,0.0,0.018172462,70.71,7.9997687
2018-12-04 06:45:00,3.64,3.6506467,1.9999628,3.6848667,0.0,0.0,69.75,7.9997687
2018-12-04 07:00:00,3.56,3.558794,1.9999628,3.5826852,0.0,0.0,69.63,7.9997687
2018-12-04 07:15:00,3.56,3.5763474,1.9999628,3.6361656,0.0,0.0,70.31,7.9997687
2018-12-04 07:30:00,3.82,3.8048062,1.9999628,3.9398026,0.0,0.0,70.07,7.9997687
2018-12-04 07:45:00,4.54,4.505686,1.9999628,4.678536,0.0,0.0,71.89,7.9997687
2018-12-04 08:00:00,5.94,5.783528,1.9999628,5.9876423,0.0,0.05044016,82.49,7.9997687
2018-12-04 08:15:00,28.4,7.9068604,1.9999628,13.857274,0.01,0.044734865,74.62,7.9997687
2018-12-04 08:30:00,55.04,7.992399,1.9999628,13.982502,0.03,0.07116344,74.57,7.9997687
2018-12-04 08:45:00,61.13,7.99298,1.9999628,13.985349,0.03,0.09762132,78.98,7.9997687
2018-12-04 09:00:00,82.33,7.9933677,1.9999628,13.985349,0.04,0.07974797,86.51,7.9997687
2018-12-04 09:15:00,82.37,7.9933686,1.9999628,13.985631,0.04,0.022337176,82.15,7.9997687
2018-12-04 09:30:00,64.08,7.9933686,1.9999628,13.985631,0.03,0.033522967,82.77,7.9997687
2018-12-04 09:45:00,59.36,7.9933686,1.9999628,13.985631,0.03,0.06807982,86.49,7.9997687
2018-12-04 10:00:00,52.16,7.9933686,1.9999628,13.985631,0.02,0.044009678,89.11,7.9997687
2018-12-04 10:15:00,56.95,7.9933686,1.9999628,13.985631,0.03,0.06660645,85.8,7.9997687
2018-12-04 10:30:00,53.42,7.9933686,1.9999628,13.985631,0.02,0.027496422,86.27,7.9997687
2018-12-04 10:45:00,58.86,7.9933686,1.9999628,13.985631,0.03,0.080583714,86.42,7.9997687
2018-12-04 11:00:00,59.98,7.9933686,1.9999628,13.985631,0.03,0.05425682,84.83,7.9997687
2018-12-04 11:15:00,61.24,7.9933686,1.9999628,13.985631,0.03,0.07407625,83.45,7.9997687
2018-12-04 11:30:00,84.1,7.9933686,1.9999628,13.985631,0.04,0.040669825,83.39,7.9997687
2018-12-04 11:45:00,63.86,7.9933686,1.9999628,13.985631,0.03,0.031042371,85.05,7.9997687
2018-12-04 12:00:00,49.86,7.9933805,1.9999628,13.984885,0.02,0.037160773,89.35,7.9997687
2018-12-04 12:15:00,6.91,6.84891,1.9999628,6.952273,0.0,0.0023852745,100.0,7.9997687
2018-12-04 12:30:00,7.38,6.9392333,1.9999628,7.388215,0.0,0.0,100.0,7.9997687
2018-12-04 12:45:00,6.62,6.746828,1.9999628,6.67501,0.0,0.04834241,100.0,7.9997687
2018-12-04 13:00:00,6.55,6.6168146,1.9999628,6.6833563,0.0,0.004789763,100.0,7.9997687
2018-12-04 13:15:00,32.51,7.945194,1.9999628,13.946713,0.01,0.048118778,92.46,7.9997687
2018-12-04 13:30:00,57.28,7.993362,1.9999628,13.98462,0.03,0.033357687,86.78,7.9997687
2018-12-04 13:45:00,55.51,7.9895954,1.9999628,13.985349,0.03,0.058609676,87.02,7.9997687
2018-12-04 14:00:00,56.12,7.9933677,1.9999628,13.985349,0.03,0.08197718,86.77,7.9997687
2018-12-04 14:15:00,58.82,7.9933686,1.9999628,13.985631,0.03,0.07447459,88.18,7.9997687
2018-12-04 14:30:00,52.88,7.9933686,1.9999628,13.985631,0.02,0.08552195,90.72,7.9997687
2018-12-04 14:45:00,53.46,7.9933686,1.9999628,13.985631,0.02,0.050087843,87.64,7.9997687
2018-12-04 15:00:00,62.96,7.9933686,1.9999628,13.985631,0.03,0.0649765,85.39,7.9997687
2018-12-04 15:15:00,64.62,7.9933686,1.9999628,13.985631,0.03,0.057348397,84.97,7.9997687
2018-12-04 15:30:00,60.01,7.9933686,1.9999628,13.985631,0.03,0.06283648,87.91,7.9997687
2018-12-04 15:45:00,55.66,7.9933686,1.9999628,13.985631,0.03,0.04538088,89.35,7.9997687
2018-12-04 16:00:00,53.82,7.9933686,1.9999628,13.985631,0.02,0.024040977,88.85,7.9997687
2018-12-04 16:15:00,71.86,7.9933686,1.9999628,13.985631,0.03,0.058538344,86.12,7.9997687
2018-12-04 16:30:00,60.73,7.9933686,1.9999628,13.985631,0.03,0.037536614,89.37,7.9997687
2018-12-04 16:45:00,68.22,7.9933686,1.9999628,13.985631,0.03,0.043213397,88.38,7.9997687
2018-12-04 17:00:00,80.46,7.9933686,1.9999628,13.985631,0.04,0.081074916,84.47,7.9997687
2018-12-04 17:15:00,61.52,7.9933686,1.9999628,13.985631,0.03,0.044695225,90.83,7.9997687
2018-12-04 17:30:00,71.1,7.9933686,1.9999628,13.985631,0.03,0.027603874,89.97,7.9997687
2018-12-04 17:45:00,35.21,7.9933686,1.9999628,13.963972,0.02,0.022308156,99.86,7.9997687
2018-12-04 18:00:00,30.31,7.9933686,1.9999628,13.985631,0.01,0.0,99.35,7.9997687
2018-12-04 18:15:00,43.56,7.9933686,1.9999628,13.985631,0.02,0.03824209,89.39,7.9997687
2018-12-04 18:30:00,40.97,7.9933686,1.9999628,13.985631,0.02,0.04422937,93.76,7.9997687
2018-12-04 18:45:00,38.56,7.9933686,1.9999628,13.985631,0.02,0.0073040966,98.3,7.9997687
2018-12-04 19:00:00,41.65,7.9933686,1.9999628,13.985631,0.02,0.03773978,96.82,7.9997687
2018-12-04 19:15:00,49.07,7.9933686,1.9999628,13.985631,0.02,0.058388326,94.45,7.9997687
2018-12-04 19:30:00,40.46,7.9933686,1.9999628,13.985631,0.02,0.051281523,97.97,7.9997687
2018-12-04 19:45:00,48.64,7.9933686,1.9999628,13.985631,0.02,0.019807436,94.16,7.9997687
2018-12-04 20:00:00,49.75,7.9933686,1.9999628,13.985631,0.02,0.043892894,94.36,7.9997687
2018-12-04 20:15:00,48.89,7.9933686,1.9999628,13.985631,0.02,0.027391726,94.09,7.9997687
2018-12-04 20:30:00,37.84,7.9933686,1.9999628,13.985631,0.02,0.02562598,97.82,7.9997687
2018-12-04 20:45:00,30.67,7.9933686,1.9999628,13.985631,0.01,0.005227549,99.25,7.9997687
2018-12-04 21:00:00,5.08,5.355249,1.9999628,5.600864,0.0,0.011608164,100.0,7.9997687
2018-12-04 21:15:00,5.69,5.587997,1.9999628,5.79812,0.0,0.0028693802,100.0,7.9997687
2018-12-04 21:30:00,5.44,5.3977633,1.9999628,5.258647,0.0,0.014477251,100.0,7.9997687
2018-12-04 21:45:00,5.4,5.284734,1.9999628,5.3360066,0.0,0.0,100.0,7.9997687
2018-12-04 22:00:00,5.44,5.0911117,1.9999628,5.1724052,0.0,0.001838191,100.0,7.9997687
2018-12-04 22:15:00,5.26,5.5185986,1.9999628,5.3899026,0.0,0.0,74.99,7.9997687
2018-12-04 22:30:00,4.64,4.5666046,1.9999628,4.6728034,0.0,0.0062956945,68.76,7.9997687
2018-12-04 22:45:00,3.92,3.9956076,1.9999628,4.289782,0.0,0.018993799,64.21,7.9997687
2018-12-04 23:00:00,3.96,3.88225,1.9999628,4.113615,0.0,0.016811758,64.27,7.9997687
2018-12-04 23:15:00,3.92,3.9028988,1.9999628,3.9447546,0.0,0.010522102,70.98,7.9997687
2018-12-04 23:30:00,3.85,3.8025708,1.9999628,3.8683364,0.0,0.0,74.38,7.9997687
2018-12-04 23:45:00,3.89,3.8586159,1.9999628,3.9012995,0.0,0.0,74.72,7.9997687
2018-12-05 00:00:00,3.96,3.9013076,1.9999628,3.9446342,0.0,0.016397577,72.98,7.9997687
2018-12-05 00:15:00,3.89,3.9107957,1.9999628,3.9319136,0.0,0.0033384846,72.09,7.9997687
2018-12-05 00:30:00,3.92,3.94938,1.9999628,3.982587,0.0,0.018293018,69.11,7.9997687
2018-12-05 00:45:00,3.89,3.9078321,1.9999628,3.956157,0.0,0.006400174,69.45,7.9997687
2018-12-05 01:00:00,3.96,3.9996605,1.9999628,4.0274396,0.0,0.006400174,69.74,7.9997687
2018-12-05 01:15:00,3.78,3.7671957,1.9999628,3.8364723,0.0,0.014068561,79.14,7.9997687
2018-12-05 01:30:00,3.85,3.8970532,1.9999628,3.9213126,0.0,0.024847027,79.68,7.9997687
2018-12-05 01:45:00,3.82,3.844256,1.9999628,3.9143264,0.0,0.024847027,78.45,7.9997687
2018-12-05 02:00:00,3.82,3.8057885,1.9999628,3.914586,0.0,0.024847027,79.15,7.9997687
2018-12-05 02:15:00,3.85,3.8423262,1.9999628,3.9390318,0.0,0.03194748,79.38,7.9997687
2018-12-05 02:30:00,4.64,4.6234736,1.9999628,4.774283,0.0,0.026164483,86.11,7.9997687
2018-12-05 02:45:00,4.86,4.6766396,1.9999628,4.793933,0.0,0.046570774,87.95,7.9997687
2018-12-05 03:00:00,3.82,3.8206878,1.9999628,4.0247087,0.0,0.01136751,79.45,7.9997687
2018-12-05 03:15:00,3.49,3.4014897,1.9999628,3.6901743,0.0,0.0,81.85,7.9997687
2018-12-05 03:30:00,3.13,3.0756764,1.9999628,3.220108,0.0,0.022308245,83.65,7.9997687
2018-12-05 03:45:00,3.2,3.1926937,1.9999628,3.2082686,0.0,0.0,83.72,7.9997687
2018-12-05 04:00:00,3.13,3.1174507,1.9999628,3.1264157,0.0,0.015028774,84.51,7.9997687
2018-12-05 04:15:00,3.1,3.0985312,1.9999628,3.0999577,0.0,0.0,84.28,7.9997687
2018-12-05 04:30:00,3.17,3.1692924,1.9999628,3.1844685,0.0,0.0015911137,84.81,7.9997687
2018-12-05 04:45:00,3.06,3.036995,1.9999628,3.0924447,0.0,0.0,84.46,7.9997687
2018-12-05 05:00:00,3.17,3.150311,1.9999628,3.227236,0.0,0.008265357,84.81,7.9997687
2018-12-05 05:15:00,3.06,3.0530505,1.9999628,3.0686207,0.0,0.011656236,85.33,7.9997687
2018-12-05 05:30:00,3.1,3.0960712,1.9999628,3.1113324,0.0,0.035560578,85.99,7.9997687
2018-12-05 05:45:00,3.02,3.0173392,1.9999628,3.0482492,0.0,0.011656236,85.9,7.9997687
2018-12-05 06:00:00,3.1,3.1131735,1.9999628,3.1187801,0.0,0.0046491963,85.63,7.9997687
2018-12-05 06:15:00,3.02,3.0254765,1.9999628,3.0818841,0.0,0.008713786,86.77,7.9997687
2018-12-05 06:30:00,4.61,4.4780445,1.9999628,4.6170897,0.0,0.0022932724,90.02,7.9997687
2018-12-05 06:45:00,4.9,4.741213,1.9999628,4.689939,0.0,0.0,91.02,7.9997687
2018-12-05 07:00:00,3.85,3.7954998,1.9999628,4.142325,0.0,0.021868885,78.28,7.9997687
2018-12-05 07:15:00,3.49,3.499733,1.9999628,3.7930844,0.0,0.041233927,75.62,7.9997687
2018-12-05 07:30:00,3.2,3.1589537,1.9999628,3.3328288,0.0,0.081924155,81.56,7.9997687
2018-12-05 07:45:00,4.32,4.5515175,1.9999628,4.6871247,0.0,0.050822217,80.98,7.9997687
2018-12-05 08:00:00,4.72,4.684851,1.9999628,4.65948,0.0,0.039521683,85.93,7.9997687
2018-12-05 08:15:00,27.65,7.91798,1.9999628,13.840441,0.01,0.039509363,84.95,7.9997687
2018-12-05 08:30:00,61.56,7.988281,1.9999628,13.982153,0.03,0.0,77.07,7.9997687
2018-12-05 08:45:00,57.71,7.99298,1.9999628,13.984408,0.03,0.06899573,81.35,7.9997687
2018-12-05 09:00:00,57.82,7.9933677,1.9999628,13.985349,0.03,0.06924903,91.74,7.9997687
2018-12-05 09:15:00,68.08,7.9933686,1.9999628,13.985631,0.03,0.03316861,90.07,7.9997687
2018-12-05 09:30:00,64.08,7.9933686,1.9999628,13.985631,0.03,0.019307943,91.09,7.9997687
2018-12-05 09:45:00,64.76,7.9933686,1.9999628,13.985631,0.03,0.04259069,90.65,7.9997687
2018-12-05 10:00:00,62.68,7.9933686,1.9999628,13.985631,0.03,0.03551136,91.12,7.9997687
2018-12-05 10:15:00,49.28,7.9933686,1.9999628,13.985631,0.02,0.03407439,94.79,7.9997687
2018-12-05 10:30:00,56.52,7.9933686,1.9999628,13.985631,0.03,0.027586054,91.63,7.9997687
2018-12-05 10:45:00,59.04,7.9933686,1.9999628,13.985631,0.03,0.019647913,89.29,7.9997687
2018-12-05 11:00:00,66.85,7.9933686,1.9999628,13.985631,0.03,0.009505104,87.29,7.9997687
2018-12-05 11:15:00,68.83,7.9933686,1.9999628,13.985631,0.03,0.047962636,86.9,7.9997687
2018-12-05 11:30:00,60.3,7.9933686,1.9999628,13.985631,0.03,0.033251505,89.22,7.9997687
2018-12-05 11:45:00,53.21,7.9933686,1.9999628,13.985631,0.02,0.03197443,90.96,7.9997687
2018-12-05 12:00:00,40.97,7.9933805,1.9999628,13.984885,0.02,0.035529584,97.28,7.9997687
2018-12-05 12:15:00,10.69,6.9049287,1.9999628,10.358786,0.0,0.0071016997,100.0,7.9997687
2018-12-05 12:30:00,9.43,7.1863236,1.9999628,8.69582,0.0,0.016205544,100.0,7.9997687
2018-12-05 12:45:00,10.33,7.5094504,1.9999628,10.154969,0.0,0.0019062809,100.0,7.9997687
2018-12-05 13:00:00,26.68,7.8744116,1.9999628,13.462994,0.01,0.0,99.08,7.9997687
2018-12-05 13:15:00,43.34,7.993313,1.9999628,13.983666,0.02,0.031160371,97.61,7.9997687
2018-12-05 13:30:00,46.51,7.9933677,1.9999628,13.985349,0.02,0.035816316,95.53,7.9997687
2018-12-05 13:45:00,50.44,7.9933677,1.9999628,13.985349,0.02,0.05476941,93.35,7.9997687
2018-12-05 14:00:00,63.4,7.9933686,1.9999628,13.985631,0.03,0.01936517,88.43,7.9997687
2018-12-05 14:15:00,54.36,7.9933686,1.9999628,13.985631,0.02,0.07718417,90.7,7.9997687
2018-12-05 14:30:00,61.52,7.9933686,1.9999628,13.985631,0.03,0.023816086,83.26,7.9997687
2018-12-05 14:45:00,58.93,7.9933686,1.9999628,13.985631,0.03,0.015469096,84.13,7.9997687
2018-12-05 15:00:00,85.46,7.9933686,1.9999628,13.985631,0.04,0.046579093,88.64,7.9997687
2018-12-05 15:15:00,109.3,7.9933686,1.9999628,13.985631,0.05,0.06672576,90.54,7.9997687
2018-12-05 15:30:00,87.16,7.9933686,1.9999628,13.98467,0.04,0.09060534,93.34,7.9997687
2018-12-05 15:45:00,96.01,7.9933686,1.9999628,13.985631,0.04,0.08196744,90.39,7.9997687
2018-12-05 16:00:00,105.91,7.9933686,1.9999628,13.985631,0.05,0.11223461,91.37,7.9997687
2018-12-05 16:15:00,68.18,7.9933686,1.9999628,13.98467,0.03,0.0,87.68,7.9997687
2018-12-05 16:30:00,64.91,7.9933686,1.9999628,13.985631,0.03,0.06060965,90.59,7.9997687
2018-12-05 16:45:00,56.05,7.9933686,1.9999628,13.985631,0.03,0.04429363,94.52,7.9997687
2018-12-05 17:00:00,62.96,7.9933686,1.9999628,13.985631,0.03,0.002226838,93.2,7.9997687
2018-12-05 17:15:00,47.12,7.9933686,1.9999628,13.985631,0.02,0.03203318,94.68,7.9997687
2018-12-05 17:30:00,44.57,7.9933686,1.9999628,13.985631,0.02,0.06384507,95.34,7.9997687
2018-12-05 17:45:00,44.24,7.9933686,1.9999628,13.985631,0.02,0.05819791,95.8,7.9997687
2018-12-05 18:00:00,27.32,7.9933686,1.9999628,13.953958,0.01,0.0,99.56,7.9997687
2018-12-05 18:15:00,5.87,5.8600893,1.9999628,7.9412856,0.0,0.0032551305,100.0,7.9997687
2018-12-05 18:30:00,5.36,5.2395544,1.9999628,5.3821793,0.0,0.0,100.0,7.9997687
2018-12-05 18:45:00,5.47,5.307939,1.9999628,5.345405,0.0,0.04598154,100.0,7.9997687
2018-12-05 19:00:00,5.58,5.5096383,1.9999628,5.595136,0.0,0.0022541822,100.0,7.9997687
2018-12-05 19:15:00,5.58,5.3511405,1.9999628,5.4618006,0.0,0.021032214,100.0,7.9997687
2018-12-05 19:30:00,5.47,5.279912,1.9999628,5.3223224,0.0,0.035197843,100.0,7.9997687
2018-12-05 19:45:00,5.44,5.334127,1.9999628,5.369017,0.0,0.007737049,100.0,7.9997687
2018-12-05 20:00:00,5.44,5.3060746,1.9999628,5.300498,0.0,0.019265354,100.0,7.9997687
2018-12-05 20:15:00,5.44,5.300116,1.9999628,5.300498,0.0,0.003310514,100.0,7.9997687
2018-12-05 20:30:00,5.51,5.331477,1.9999628,5.4278574,0.0,0.034491695,100.0,7.9997687
2018-12-05 20:45:00,5.44,5.2635612,1.9999628,5.297517,0.0,0.0023147445,100.0,7.9997687
2018-12-05 21:00:00,4.82,4.741221,1.9999628,4.7704043,0.0,0.026647057,100.0,7.9997687
2018-12-05 21:15:00,4.28,4.3086143,1.9999628,4.3938084,0.0,0.0,100.0,7.9997687
2018-12-05 21:30:00,4.25,4.2685304,1.9999628,4.272366,0.0,0.009201289,100.0,7.9997687
2018-12-05 21:45:00,4.28,4.258223,1.9999628,4.255006,0.0,0.015581497,100.0,7.9997687
2018-12-05 22:00:00,4.36,4.4084134,1.9999628,4.421279,0.0,0.011236585,100.0,7.9997687
2018-12-05 22:15:00,4.03,4.039988,1.9999628,4.143121,0.0,0.082362324,70.1,7.9997687
2018-12-05 22:30:00,4.0,4.040713,1.9999628,4.04255,0.0,0.034924846,68.54,7.9997687
2018-12-05 22:45:00,4.03,4.074782,1.9999628,4.0847363,0.0,0.027740581,67.63,7.9997687
2018-12-05 23:00:00,4.0,4.0284,1.9999628,4.0721903,0.0,0.04611648,68.88,7.9997687
2018-12-05 23:15:00,4.0,4.0391006,1.9999628,3.9914203,0.0,0.0040831794,74.7,7.9997687
2018-12-05 23:30:00,3.92,3.9559255,1.9999628,3.896563,0.0,0.0042644893,75.35,7.9997687
2018-12-05 23:45:00,4.0,4.005201,1.9999628,4.01228,0.0,0.0,74.98,7.9997687
2018-12-06 00:00:00,4.0,3.8934526,1.9999628,3.9163744,0.0,0.0,72.05,7.9997687
2018-12-06 00:15:00,3.96,3.969324,1.9999628,3.939037,0.0,0.0,71.07,7.9997687
2018-12-06 00:30:00,4.79,4.739932,1.9999628,4.8455014,0.0,0.0,77.63,7.9997687
2018-12-06 00:45:00,5.18,5.048599,1.9999628,5.1992564,0.0,0.0,78.41,7.9997687
2018-12-06 01:00:00,4.03,3.9824555,1.9999628,4.359077,0.0,0.03175844,70.97,7.9997687
2018-12-06 01:15:00,3.92,3.8849535,1.9999628,4.08191,0.0,0.026906993,69.99,7.9997687
2018-12-06 01:30:00,4.0,3.9687576,1.9999628,4.088904,0.0,0.016066296,72.05,7.9997687
2018-12-06 01:45:00,3.92,3.9512563,1.9999628,3.9432669,0.0,0.0,72.35,7.9997687
2018-12-06 02:00:00,4.07,4.11675,1.9999628,4.079927,0.0,0.010165246,72.65,7.9997687
2018-12-06 02:15:00,3.46,3.604361,1.9999628,3.7884057,0.0,0.0,76.42,7.9997687
2018-12-06 02:30:00,3.28,3.3172941,1.9999628,3.2730985,0.0,0.010814198,78.02,7.9997687
2018-12-06 02:45:00,3.38,3.3324876,1.9999628,3.405747,0.0,0.0053135003,77.68,7.9997687
2018-12-06 03:00:00,3.31,3.290555,1.9999628,3.345424,0.0,0.03747865,76.23,7.9997687
2018-12-06 03:15:00,3.35,3.33246,1.9999628,3.3604147,0.0,0.008931264,76.62,7.9997687
2018-12-06 03:30:00,3.35,3.3520446,1.9999628,3.397933,0.0,0.0,77.07,7.9997687
2018-12-06 03:45:00,3.38,3.3808355,1.9999628,3.3942778,0.0,0.022971924,76.56,7.9997687
2018-12-06 04:00:00,3.42,3.4624348,1.9999628,3.4276443,0.0,0.035128374,76.05,7.9997687
2018-12-06 04:15:00,3.31,3.2690315,1.9999628,3.344231,0.0,0.048559833,76.69,7.9997687
2018-12-06 04:30:00,4.61,4.6105824,1.9999628,4.6575365,0.0,0.022496171,74.96,7.9997687
2018-12-06 04:45:00,5.04,4.889971,1.9999628,4.7731547,0.0,0.0,78.1,7.9997687
2018-12-06 05:00:00,4.07,3.9026668,1.9999628,4.0454354,0.0,0.011822405,70.45,7.9997687
2018-12-06 05:15:00,3.71,3.7071667,1.9999628,3.8876207,0.0,0.0053036553,72.45,7.9997687
2018-12-06 05:30:00,3.31,3.216333,1.9999628,3.5406268,0.0,0.003509247,76.23,7.9997687
2018-12-06 05:45:00,3.31,3.2973366,1.9999628,3.344875,0.0,0.0,77.95,7.9997687
2018-12-06 06:00:00,3.38,3.395978,1.9999628,3.4080842,0.0,0.0,78.92,7.9997687
2018-12-06 06:15:00,3.31,3.2852402,1.9999628,3.337873,0.0,0.03931799,80.03,7.9997687
2018-12-06 06:30:00,3.28,3.2974524,1.9999628,3.2833548,0.0,0.048081614,80.94,7.9997687
2018-12-06 06:45:00,3.31,3.3060179,1.9999628,3.3189907,0.0,0.015463764,80.38,7.9997687
2018-12-06 07:00:00,3.24,3.2148147,1.9999628,3.2921734,0.0,0.025652768,79.76,7.9997687
2018-12-06 07:15:00,3.28,3.274382,1.9999628,3.3302832,0.0,0.012645807,80.59,7.9997687
2018-12-06 07:30:00,3.46,3.439498,1.9999628,3.546897,0.0,0.028272156,80.39,7.9997687
2018-12-06 07:45:00,4.21,4.2089734,1.9999628,4.338876,0.0,0.031274203,80.25,7.9997687
2018-12-06 08:00:00,6.44,6.437702,1.9999628,6.620944,0.0,0.0,89.72,7.9997687
2018-12-06 08:15:00,32.29,7.914043,1.9999628,13.880535,0.01,0.03583192,80.03,7.9997687
2018-12-06 08:30:00,64.98,7.985783,1.9999628,13.982401,0.03,0.034912765,77.22,7.9997687
2018-12-06 08:45:00,60.84,7.99298,1.9999628,13.984054,0.03,0.028773112,81.95,7.9997687
2018-12-06 09:00:00,59.87,7.9895954,1.9999628,13.985349,0.03,0.04882317,92.93,7.9997687
2018-12-06 09:15:00,67.0,7.9933686,1.9999628,13.985631,0.03,0.060540557,89.8,7.9997687
2018-12-06 09:30:00,71.17,7.9933686,1.9999628,13.985631,0.03,0.055192575,89.3,7.9997687
2018-12-06 09:45:00,76.86,7.9933686,1.9999628,13.985631,0.04,0.010493654,87.7,7.9997687
2018-12-06 10:00:00,66.67,7.9933686,1.9999628,13.985631,0.03,0.024800666,87.79,7.9997687
2018-12-06 10:15:00,63.18,7.9933686,1.9999628,13.985631,0.03,0.02197906,90.08,7.9997687
2018-12-06 10:30:00,68.87,7.9933686,1.9999628,13.985631,0.03,0.017443951,89.38,7.9997687
2018-12-06 10:45:00,71.06,7.9933686,1.9999628,13.985631,0.03,0.027513716,88.03,7.9997687
2018-12-06 11:00:00,62.78,7.9933686,1.9999628,13.985631,0.03,0.018691983,90.12,7.9997687
2018-12-06 11:15:00,60.88,7.9933686,1.9999628,13.985631,0.03,0.0010515287,88.77,7.9997687
2018-12-06 11:30:00,74.45,7.9933686,1.9999628,13.985631,0.03,0.04472113,86.67,7.9997687
2018-12-06 11:45:00,67.82,7.9933686,1.9999628,13.985631,0.03,0.013845814,86.62,7.9997687
2018-12-06 12:00:00,69.26,7.9933805,1.9999628,13.984885,0.03,0.0,85.68,7.9997687
2018-12-06 12:15:00,9.94,7.311417,1.9999628,9.693806,0.0,0.00015847373,99.87,7.9997687
2018-12-06 12:30:00,6.88,6.7330513,1.9999628,7.33061,0.0,0.01897466,100.0,7.9997687
2018-12-06 12:45:00,7.02,6.8427196,1.9999628,7.022966,0.0,0.007102646,100.0,7.9997687
2018-12-06 13:00:00,6.95,7.069446,1.9999628,7.057715,0.0,0.011677887,100.0,7.9997687
2018-12-06 13:15:00,35.78,7.922856,1.9999628,13.9358635,0.02,0.010385023,92.83,7.9997687
2018-12-06 13:30:00,61.78,7.993313,1.9999628,13.98462,0.03,0.021533143,88.77,7.9997687
2018-12-06 13:45:00,60.8,7.9895954,1.9999628,13.985349,0.03,0.08744591,89.47,7.9997687
2018-12-06 14:00:00,71.78,7.9933677,1.9999628,13.985349,0.03,0.061400708,86.28,7.9997687
2018-12-06 14:15:00,72.11,7.9933686,1.9999628,13.985631,0.03,0.08450337,86.41,7.9997687
2018-12-06 14:30:00,68.22,7.9933686,1.9999628,13.985631,0.03,0.08210672,87.98,7.9997687
2018-12-06 14:45:00,73.44,7.9933686,1.9999628,13.985631,0.03,0.06232455,86.93,7.9997687
2018-12-06 15:00:00,56.88,7.9933686,1.9999628,13.985631,0.03,0.07140068,91.56,7.9997687
2018-12-06 15:15:00,50.29,7.9933686,1.9999628,13.985631,0.02,0.027313817,93.58,7.9997687
2018-12-06 15:30:00,48.78,7.9933686,1.9999628,13.985631,0.02,0.020441957,94.0,7.9997687
2018-12-06 15:45:00,48.96,7.9933686,1.9999628,13.985631,0.02,0.05353412,92.49,7.9997687
2018-12-06 16:00:00,49.97,7.9933686,1.9999628,13.985631,0.02,0.05960741,92.22,7.9997687
2018-12-06 16:15:00,62.28,7.9933686,1.9999628,13.985631,0.03,0.07356318,91.96,7.9997687
2018-12-06 16:30:00,47.95,7.9933686,1.9999628,13.985631,0.02,0.06620754,98.12,7.9997687
2018-12-06 16:45:00,57.35,7.9933686,1.9999628,13.985631,0.03,0.061962623,96.23,7.9997687
2018-12-06 17:00:00,47.77,7.9933686,1.9999628,13.985631,0.02,0.030893166,99.05,7.9997687
2018-12-06 17:15:00,48.6,7.9933686,1.9999628,13.985631,0.02,0.0355426,98.62,7.9997687
2018-12-06 17:30:00,57.46,7.9933686,1.9999628,13.985631,0.03,0.04668536,95.62,7.9997687
2018-12-06 17:45:00,31.86,7.678038,1.9999628,13.761269,0.01,0.035303064,100.0,7.9997687
2018-12-06 18:00:00,31.61,7.9933686,1.9999628,13.985631,0.01,0.023988103,99.38,7.9997687
2018-12-06 18:15:00,36.61,7.9933686,1.9999628,13.985631,0.02,0.022689378,93.73,7.9997687
2018-12-06 18:30:00,40.07,7.9933686,1.9999628,13.985631,0.02,0.010795554,93.37,7.9997687
2018-12-06 18:45:00,37.87,7.9933686,1.9999628,13.985631,0.02,0.0442253,98.41,7.9997687
2018-12-06 19:00:00,47.23,7.9933686,1.9999628,13.985631,0.02,0.035146076,96.47,7.9997687
2018-12-06 19:15:00,53.03,7.9933686,1.9999628,13.985631,0.02,0.0,93.15,7.9997687
2018-12-06 19:30:00,38.63,7.9933686,1.9999628,13.985631,0.02,0.049321458,98.27,7.9997687
2018-12-06 19:45:00,37.51,7.9933686,1.9999628,13.985631,0.02,0.017210184,98.68,7.9997687
2018-12-06 20:00:00,38.3,7.9933686,1.9999628,13.985631,0.02,0.038701307,98.36,7.9997687
2018-12-06 20:15:00,54.36,7.9933686,1.9999628,13.985631,0.02,0.055034697,93.12,7.9997687
2018-12-06 20:30:00,38.84,7.9933686,1.9999628,13.985631,0.02,0.042491652,97.56,7.9997687
2018-12-06 20:45:00,27.72,7.98111,1.9999628,13.924137,0.01,0.0,98.9,7.9997687
2018-12-06 21:00:00,8.86,7.2455616,1.9999628,8.677208,0.0,0.0,100.0,7.9997687
2018-12-06 21:15:00,5.51,5.583961,1.9999628,5.527536,0.0,0.019896714,100.0,7.9997687
2018-12-06 21:30:00,5.58,5.505675,1.9999628,5.6160727,0.0,0.022622049,100.0,7.9997687
2018-12-06 21:45:00,5.62,5.423608,1.9999628,5.5967655,0.0,0.019530617,100.0,7.9997687
2018-12-06 22:00:00,5.54,5.3220024,1.9999628,5.541942,0.0,0.019677898,100.0,7.9997687
2018-12-06 22:15:00,5.26,5.3683553,1.9999628,5.2599955,0.0,0.03963725,72.96,7.9997687
2018-12-06 22:30:00,5.22,5.223288,1.9999628,5.1794176,0.0,0.0030519583,71.94,7.9997687
2018-12-06 22:45:00,5.26,5.246866,1.9999628,5.2113194,0.0,0.0057383166,72.96,7.9997687
2018-12-06 23:00:00,4.18,4.1767273,1.9999628,4.5043235,0.0,0.016063975,66.61,7.9997687
2018-12-06 23:15:00,3.96,3.942407,1.9999628,4.096154,0.0,0.030439459,69.74,7.9997687
2018-12-06 23:30:00,4.0,3.98987,1.9999628,4.076225,0.0,0.01850205,73.04,7.9997687
2018-12-06 23:45:00,4.0,4.0503626,1.9999628,3.9815555,0.0,0.0,72.05,7.9997687
2018-12-07 00:00:00,4.03,3.9254837,1.9999628,3.9749858,0.0,0.018625835,74.58,7.9997687
2018-12-07 00:15:00,3.96,4.000198,1.9999628,3.9736786,0.0,0.011640023,70.09,7.9997687
2018-12-07 00:30:00,4.03,4.082721,1.9999628,4.069365,0.0,0.0120800175,69.75,7.9997687
2018-12-07 00:45:00,4.03,4.0491476,1.9999628,4.0494394,0.0,0.013002496,68.55,7.9997687
2018-12-07 01:00:00,4.0,4.0282917,1.9999628,3.9991286,0.0,0.01644985,67.02,7.9997687
2018-12-07 01:15:00,4.03,4.063,1.9999628,4.027009,0.0,0.017257467,67.29,7.9997687
2018-12-07 01:30:00,4.03,4.043536,1.9999628,4.067466,0.0,0.00884942,66.71,7.9997687
2018-12-07 01:45:00,4.03,4.043536,1.9999628,4.0547423,0.0,0.011031514,67.04,7.9997687
2018-12-07 02:00:00,4.1,4.1273274,1.9999628,4.1689715,0.0,0.00884942,66.46,7.9997687
2018-12-07 02:15:00,4.0,4.0519805,1.9999628,3.970911,0.0,0.0,64.97,7.9997687
2018-12-07 02:30:00,4.72,4.7007113,1.9999628,4.789619,0.0,0.0,69.97,7.9997687
2018-12-07 02:45:00,4.79,4.7345443,1.9999628,4.683044,0.0,0.038635783,70.71,7.9997687
2018-12-07 03:00:00,4.14,4.122141,1.9999628,4.2021246,0.0,0.062034395,64.54,7.9997687
2018-12-07 03:15:00,4.07,4.0642023,1.9999628,4.066178,0.0,0.06195284,63.89,7.9997687
2018-12-07 03:30:00,4.03,4.069989,1.9999628,4.091858,0.0,0.03584387,64.93,7.9997687
2018-12-07 03:45:00,4.0,4.027918,1.9999628,4.0690856,0.0,0.06206641,67.02,7.9997687
2018-12-07 04:00:00,3.42,3.5866408,1.9999628,3.67366,0.0,0.03316918,71.13,7.9997687
2018-12-07 04:15:00,3.49,3.4975286,1.9999628,3.5641112,0.0,0.05206124,71.83,7.9997687
2018-12-07 04:30:00,3.46,3.476563,1.9999628,3.4559724,0.0,0.03205509,71.53,7.9997687
2018-12-07 04:45:00,3.38,3.3481407,1.9999628,3.400248,0.0,0.030900996,72.19,7.9997687
2018-12-07 05:00:00,3.42,3.4520683,1.9999628,3.4096882,0.0,0.03351911,72.6,7.9997687
2018-12-07 05:15:00,3.42,3.426066,1.9999628,3.4447398,0.0,0.009053886,73.77,7.9997687
2018-12-07 05:30:00,3.74,3.7279582,1.9999628,3.809987,0.0,0.021007553,70.71,7.9997687
2018-12-07 05:45:00,4.07,4.0414934,1.9999628,4.0340953,0.0,0.0,66.18,7.9997687
2018-12-07 06:00:00,3.49,3.5197659,1.9999628,3.6136076,0.0,0.011512189,72.56,7.9997687
2018-12-07 06:15:00,3.42,3.4076257,1.9999628,3.41624,0.0,0.024258997,73.77,7.9997687
2018-12-07 06:30:00,3.64,3.6580343,1.9999628,3.7184706,0.0,0.0,70.71,7.9997687
2018-12-07 06:45:00,4.1,4.0352874,1.9999628,4.068543,0.0,0.020339116,66.78,7.9997687
2018-12-07 07:00:00,4.0,3.9969416,1.9999628,4.01732,0.0,0.015840452,64.41,7.9997687
2018-12-07 07:15:00,4.0,3.9890075,1.9999628,3.9485152,0.0,0.0053583453,66.11,7.9997687
2018-12-07 07:30:00,3.82,3.7962146,1.9999628,3.8445706,0.0,0.030459965,74.5,7.9997687
2018-12-07 07:45:00,4.54,4.5113683,1.9999628,4.666683,0.0,0.046494972,74.22,7.9997687
2018-12-07 08:00:00,4.79,4.768537,1.9999628,4.9202952,0.0,0.051506966,80.82,7.9997687
2018-12-07 08:15:00,47.66,7.94104,1.9999628,13.873955,0.02,0.099508554,83.6,7.9997687
2018-12-07 08:30:00,60.19,7.992647,1.9999628,13.982465,0.03,0.048146598,83.5,7.9997687
2018-12-07 08:45:00,60.19,7.99298,1.9999628,13.985349,0.03,0.06243275,88.53,7.9997687
2018-12-07 09:00:00,53.32,7.9895954,1.9999628,13.985349,0.02,0.055783402,98.45,7.9997687
2018-12-07 09:15:00,58.86,7.9933686,1.9999628,13.985631,0.03,0.0608081,97.27,7.9997687
2018-12-07 09:30:00,49.5,7.9933686,1.9999628,13.985631,0.02,0.06289091,98.84,7.9997687
2018-12-07 09:45:00,48.42,7.9933686,1.9999628,13.985631,0.02,0.043745704,99.18,7.9997687
2018-12-07 10:00:00,62.78,7.9933686,1.9999628,13.985631,0.03,0.09832976,96.51,7.9997687
2018-12-07 10:15:00,48.02,7.9933686,1.9999628,13.985631,0.02,0.031401183,99.25,7.9997687
2018-12-07 10:30:00,46.22,7.9933686,1.9999628,13.985631,0.02,0.030307714,99.41,7.9997687
2018-12-07 10:45:00,57.46,7.9933686,1.9999628,13.985631,0.03,0.052070823,97.4,7.9997687
2018-12-07 11:00:00,48.78,7.9933686,1.9999628,13.985631,0.02,0.013477049,98.25,7.9997687
2018-12-07 11:15:00,47.02,7.9933686,1.9999628,13.985631,0.02,0.018642055,98.35,7.9997687
2018-12-07 11:30:00,58.0,7.9933686,1.9999628,13.985631,0.03,0.048458498,95.01,7.9997687
2018-12-07 11:45:00,51.48,7.9933686,1.9999628,13.985631,0.02,0.054440275,98.16,7.9997687
2018-12-07 12:00:00,44.28,7.9933805,1.9999628,13.984885,0.02,0.031123322,98.34,7.9997687
2018-12-07 12:15:00,26.6,7.4104147,1.9999628,12.601138,0.01,0.03083247,100.0,7.9997687
2018-12-07 12:30:00,12.49,7.2420096,1.9999628,11.168191,0.01,0.0,100.0,7.9997687
2018-12-07 12:45:00,9.79,7.0940957,1.9999628,9.328402,0.0,0.064425394,100.0,7.9997687
2018-12-07 13:00:00,10.76,7.714023,1.9999628,10.215134,0.0,0.051304523,100.0,7.9997687
2018-12-07 13:15:00,44.06,7.8921347,1.9999628,13.608482,0.02,0.0,98.01,7.9997687
2018-12-07 13:30:00,49.82,7.993313,1.9999628,13.98462,0.02,0.018548988,96.9,7.9997687
2018-12-07 13:45:00,54.36,7.9933677,1.9999628,13.985349,0.02,0.036978435,97.07,7.9997687
2018-12-07 14:00:00,55.98,7.9933677,1.9999628,13.985349,0.03,0.0771563,96.46,7.9997687
2018-12-07 14:15:00,56.48,7.9933686,1.9999628,13.985631,0.03,0.08629006,96.02,7.9997687
2018-12-07 14:30:00,47.41,7.9933686,1.9999628,13.985631,0.02,0.051629275,97.86,7.9997687
2018-12-07 14:45:00,47.95,7.9933686,1.9999628,13.985631,0.02,0.048532195,96.13,7.9997687
2018-12-07 15:00:00,58.86,7.9933686,1.9999628,13.985631,0.03,0.034294985,94.19,7.9997687
2018-12-07 15:15:00,50.08,7.9933686,1.9999628,13.985631,0.02,0.06783593,97.59,7.9997687
2018-12-07 15:30:00,51.88,7.9933686,1.9999628,13.985631,0.02,0.05368724,97.74,7.9997687
2018-12-07 15:45:00,53.82,7.9933686,1.9999628,13.985631,0.02,0.07325659,97.0,7.9997687
2018-12-07 16:00:00,49.9,7.9933686,1.9999628,13.985631,0.02,0.060671788,94.85,7.9997687
2018-12-07 16:15:00,57.1,7.9933686,1.9999628,13.985631,0.03,0.06441364,93.49,7.9997687
2018-12-07 16:30:00,50.33,7.9933686,1.9999628,13.985631,0.02,0.050865296,94.54,7.9997687
2018-12-07 16:45:00,68.54,7.9933686,1.9999628,13.985631,0.03,0.03882391,91.63,7.9997687
2018-12-07 17:00:00,60.12,7.9933686,1.9999628,13.985631,0.03,0.045340132,91.89,7.9997687
2018-12-07 17:15:00,72.11,7.9933686,1.9999628,13.985631,0.03,0.04592458,90.65,7.9997687
2018-12-07 17:30:00,46.33,7.9933686,1.9999628,13.98467,0.02,0.0028429572,97.24,7.9997687
2018-12-07 17:45:00,34.16,7.7767267,1.9999628,13.84569,0.02,0.052068267,100.0,7.9997687
2018-12-07 18:00:00,30.35,7.9933686,1.9999628,13.964933,0.01,0.0,99.7,7.9997687
2018-12-07 18:15:00,42.48,7.9933686,1.9999628,13.985631,0.02,0.041126877,92.38,7.9997687
2018-12-07 18:30:00,52.85,7.9933686,1.9999628,13.985631,0.02,0.0,90.9,7.9997687
2018-12-07 18:45:00,58.97,7.9933686,1.9999628,13.985631,0.03,0.06757163,93.69,7.9997687
2018-12-07 19:00:00,57.17,7.9933686,1.9999628,13.985631,0.03,0.0748067,94.89,7.9997687
2018-12-07 19:15:00,44.39,7.9933686,1.9999628,13.985631,0.02,0.032891363,97.11,7.9997687
2018-12-07 19:30:00,47.84,7.9933686,1.9999628,13.985631,0.02,0.03216649,97.45,7.9997687
2018-12-07 19:45:00,54.07,7.9933686,1.9999628,13.985631,0.02,0.03257629,93.98,7.9997687
2018-12-07 20:00:00,43.38,7.9933686,1.9999628,13.985631,0.02,0.033620477,98.35,7.9997687
2018-12-07 20:15:00,57.64,7.9933686,1.9999628,13.985631,0.03,0.059595227,93.87,7.9997687
2018-12-07 20:30:00,41.72,7.9933686,1.9999628,13.985631,0.02,0.025656046,98.53,7.9997687
2018-12-07 20:45:00,31.9,7.9933686,1.9999628,13.933113,0.01,0.026860468,99.93,7.9997687
2018-12-07 21:00:00,19.69,7.713139,1.9999628,13.444023,0.01,0.024867082,100.0,7.9997687
2018-12-07 21:15:00,5.62,5.770671,1.9999628,5.6636972,0.0,0.0,100.0,7.9997687
2018-12-07 21:30:00,5.62,5.470716,1.9999628,5.501449,0.0,0.028515736,100.0,7.9997687
2018-12-07 21:45:00,5.15,5.0640707,1.9999628,5.278481,0.0,0.026769798,100.0,7.9997687
2018-12-07 22:00:00,4.28,4.23321,1.9999628,4.534331,0.0,0.0,100.0,7.9997687
2018-12-07 22:15:00,4.0,4.0514226,1.9999628,4.202191,0.0,0.013095802,70.09,7.9997687
2018-12-07 22:30:00,4.07,4.090711,1.9999628,4.148714,0.0,0.014941413,69.51,7.9997687
2018-12-07 22:45:00,4.03,4.070359,1.9999628,4.063827,0.0,0.0035293181,69.41,7.9997687
2018-12-07 23:00:00,4.0,4.017769,1.9999628,4.0739675,0.0,0.035910748,69.14,7.9997687
2018-12-07 23:15:00,3.96,3.97261,1.9999628,3.9365091,0.0,0.019391412,73.62,7.9997687
2018-12-07 23:30:00,4.03,4.06318,1.9999628,4.036817,0.0,0.0,74.95,7.9997687
2018-12-07 23:45:00,4.0,4.0298285,1.9999628,3.9826527,0.0,0.0,74.98,7.9997687
2018-12-08 00:00:00,3.78,3.5550494,1.9999628,3.7101657,0.0,0.0066853487,77.02,7.9997687
2018-12-08 00:15:00,4.0,3.9851665,1.9999628,3.989792,0.0,0.0446578,73.32,7.9997687
2018-12-08 00:30:00,3.96,3.9833078,1.9999628,3.9340522,0.0,0.046696957,72.7,7.9997687
2018-12-08 00:45:00,4.0,4.019104,1.9999628,3.9725547,0.0,0.070445545,71.69,7.9997687
2018-12-08 01:00:00,4.0,4.036884,1.9999628,3.9752686,0.0,0.06237098,72.68,7.9997687
2018-12-08 01:15:00,5.15,4.9822493,1.9999628,5.1055164,0.0,0.029340055,80.32,7.9997687
2018-12-08 01:30:00,4.79,4.83487,1.9999628,4.7549596,0.0,0.04993,78.18,7.9997687
2018-12-08 01:45:00,3.96,3.837297,1.9999628,4.0724463,0.0,0.07316474,72.34,7.9997687
2018-12-08 02:00:00,3.96,3.9804888,1.9999628,4.047906,0.0,0.05415951,72.34,7.9997687
2018-12-08 02:15:00,4.1,4.158149,1.9999628,4.188625,0.0,0.043138407,71.58,7.9997687
2018-12-08 02:30:00,4.0,4.0295115,1.9999628,4.055924,0.0,0.05097142,71.42,7.9997687
2018-12-08 02:45:00,4.0,4.036587,1.9999628,3.9990642,0.0,0.016739191,71.07,7.9997687
2018-12-08 03:00:00,4.0,4.0341153,1.9999628,3.9787815,0.0,0.0,71.69,7.9997687
2018-12-08 03:15:00,3.96,3.9699578,1.9999628,3.9584703,0.0,0.005893256,69.47,7.9997687
2018-12-08 03:30:00,3.64,3.6928043,1.9999628,3.732952,0.0,0.026845418,75.1,7.9997687
2018-12-08 03:45:00,3.38,3.3700905,1.9999628,3.3916774,0.0,0.061232515,76.12,7.9997687
2018-12-08 04:00:00,3.31,3.293756,1.9999628,3.3322582,0.0,0.04699826,76.23,7.9997687
2018-12-08 04:15:00,3.35,3.3481917,1.9999628,3.34222,0.0,0.0009674154,76.62,7.9997687
2018-12-08 04:30:00,3.35,3.3330245,1.9999628,3.3936431,0.0,0.0042240503,77.07,7.9997687
2018-12-08 04:45:00,3.42,3.425356,1.9999628,3.4556713,0.0,0.0,78.04,7.9997687
2018-12-08 05:00:00,3.49,3.491746,1.9999628,3.50997,0.0,0.0,75.19,7.9997687
2018-12-08 05:15:00,4.0,3.981709,1.9999628,3.90659,0.0,0.0029579476,70.71,7.9997687
2018-12-08 05:30:00,3.53,3.5207548,1.9999628,3.5249243,0.0,0.022247935,74.09,7.9997687
2018-12-08 05:45:00,3.35,3.4116583,1.9999628,3.3175783,0.0,0.019856652,75.83,7.9997687
2018-12-08 06:00:00,3.38,3.3624468,1.9999628,3.3864133,0.0,0.0,76.12,7.9997687
2018-12-08 06:15:00,4.03,4.0297165,1.9999628,4.0101852,0.0,0.0,70.97,7.9997687
2018-12-08 06:30:00,4.03,4.02154,1.9999628,3.8916483,0.0,0.0034390143,70.1,7.9997687
2018-12-08 06:45:00,4.0,4.0054255,1.9999628,3.921954,0.0,0.03407589,67.35,7.9997687
2018-12-08 07:00:00,3.78,3.6940708,1.9999628,3.720186,0.0,0.019175882,70.06,7.9997687
2018-12-08 07:15:00,3.35,3.3024683,1.9999628,3.4580867,0.0,0.051649023,75.05,7.9997687
2018-12-08 07:30:00,3.31,3.278872,1.9999628,3.3370957,0.0,0.019462215,75.44,7.9997687
2018-12-08 07:45:00,3.53,3.5614386,1.9999628,3.707599,0.0,0.006053528,77.48,7.9997687
2018-12-08 08:00:00,3.67,3.684967,1.9999628,3.7431176,0.0,0.022661047,82.02,7.9997687
2018-12-08 08:15:00,29.23,7.9187427,1.9999628,13.830253,0.01,0.05414949,82.65,7.9997687
2018-12-08 08:30:00,38.16,7.988589,1.9999628,13.980231,0.02,0.04966386,83.92,7.9997687
2018-12-08 08:45:00,33.08,7.930418,1.9999628,13.953715,0.02,0.0399483,91.47,7.9997687
2018-12-08 09:00:00,51.52,7.9874268,1.9999628,13.983249,0.02,0.058502603,96.57,7.9997687
2018-12-08 09:15:00,47.77,7.9933686,1.9999628,13.985631,0.02,0.02805917,96.71,7.9997687
2018-12-08 09:30:00,42.05,7.9933686,1.9999628,13.985631,0.02,0.033384196,97.52,7.9997687
2018-12-08 09:45:00,32.4,7.985761,1.9999628,13.930036,0.01,0.02219052,99.95,7.9997687
2018-12-08 10:00:00,31.43,7.985761,1.9999628,13.930036,0.01,0.0,100.0,7.9997687
2018-12-08 10:15:00,31.57,7.985761,1.9999628,13.930036,0.01,0.036981776,100.0,7.9997687
2018-12-08 10:30:00,31.43,7.985761,1.9999628,13.930036,0.01,0.023871591,100.0,7.9997687
2018-12-08 10:45:00,47.66,7.9933686,1.9999628,13.985631,0.02,0.089014664,96.33,7.9997687
2018-12-08 11:00:00,49.28,7.9933686,1.9999628,13.985631,0.02,0.05068226,95.83,7.9997687
2018-12-08 11:15:00,38.16,7.9933686,1.9999628,13.985631,0.02,0.039409716,98.57,7.9997687
2018-12-08 11:30:00,44.14,7.9933686,1.9999628,13.985631,0.02,0.05647444,96.72,7.9997687
2018-12-08 11:45:00,38.27,7.9933686,1.9999628,13.985631,0.02,0.062020916,98.24,7.9997687
2018-12-08 12:00:00,22.46,7.9393554,1.9999628,13.797189,0.01,0.024584299,99.0,7.9997687
2018-12-08 12:15:00,3.92,4.0071163,1.9999628,5.099436,0.0,0.0,100.0,7.9997687
2018-12-08 12:30:00,4.57,4.5214124,1.9999628,4.6119547,0.0,0.0,100.0,7.9997687
2018-12-08 12:45:00,5.36,5.4241605,1.9999628,5.3703313,0.0,0.0,100.0,7.9997687
2018-12-08 13:00:00,6.08,5.925137,1.9999628,6.036161,0.0,0.0,100.0,7.9997687
2018-12-08 13:15:00,34.09,7.921068,1.9999628,13.88163,0.02,0.08073989,94.95,7.9997687
2018-12-08 13:30:00,55.69,7.9920444,1.9999628,13.984325,0.03,0.00912551,95.44,7.9997687
2018-12-08 13:45:00,40.61,7.9895954,1.9999628,13.985349,0.02,0.040674184,98.29,7.9997687
2018-12-08 14:00:00,50.51,7.9933677,1.9999628,13.985349,0.02,0.049088713,95.1,7.9997687
2018-12-08 14:15:00,37.98,7.9933686,1.9999628,13.985631,0.02,0.06832472,98.53,7.9997687
2018-12-08 14:30:00,48.89,7.9933686,1.9999628,13.985631,0.02,0.007774273,95.09,7.9997687
2018-12-08 14:45:00,37.73,7.9933686,1.9999628,13.985631,0.02,0.040997833,98.36,7.9997687
2018-12-08 15:00:00,40.03,7.9933686,1.9999628,13.985631,0.02,0.026601946,98.29,7.9997687
2018-12-08 15:15:00,43.67,7.9933686,1.9999628,13.985631,0.02,0.024411695,97.94,7.9997687
2018-12-08 15:30:00,46.15,7.9933686,1.9999628,13.985631,0.02,0.009194525,95.48,7.9997687
2018-12-08 15:45:00,49.68,7.9933686,1.9999628,13.985631,0.02,0.0,95.07,7.9997687
2018-12-08 16:00:00,49.32,7.9933686,1.9999628,13.985631,0.02,0.02148,94.98,7.9997687
2018-12-08 16:15:00,49.46,7.9933686,1.9999628,13.985631,0.02,0.026941339,95.5,7.9997687
2018-12-08 16:30:00,49.54,7.9933686,1.9999628,13.985631,0.02,0.019966273,96.52,7.9997687
2018-12-08 16:45:00,34.63,7.9933686,1.9999628,13.985631,0.02,0.015970906,98.88,7.9997687
2018-12-08 17:00:00,27.0,7.75175,1.9999628,13.845657,0.01,0.0,100.0,7.9997687
2018-12-08 17:15:00,9.9,7.2202497,1.9999628,9.416928,0.0,0.0,100.0,7.9997687
2018-12-08 17:30:00,5.22,5.4308696,1.9999628,5.689911,0.0,0.017468343,100.0,7.9997687
2018-12-08 17:45:00,5.29,5.158769,1.9999628,5.2743373,0.0,0.029556789,100.0,7.9997687
2018-12-08 18:00:00,5.22,5.1906705,1.9999628,5.2585077,0.0,0.017089775,100.0,7.9997687
2018-12-08 18:15:00,5.18,5.125737,1.9999628,5.0376334,0.0,0.007780222,100.0,7.9997687
2018-12-08 18:30:00,5.15,5.134112,1.9999628,5.1341004,0.0,0.009078329,100.0,7.9997687
2018-12-08 18:45:00,5.33,5.0684576,1.9999628,5.1697335,0.0,0.030515194,100.0,7.9997687
2018-12-08 19:00:00,5.15,5.035357,1.9999628,4.9682994,0.0,0.027027884,100.0,7.9997687
2018-12-08 19:15:00,4.1,4.236028,1.9999628,4.4668,0.0,0.016345514,100.0,7.9997687
2018-12-08 19:30:00,4.14,4.1361475,1.9999628,4.1785703,0.0,0.006752516,100.0,7.9997687
2018-12-08 19:45:00,4.1,4.0673866,1.9999628,4.156856,0.0,0.0,100.0,7.9997687
2018-12-08 20:00:00,4.14,4.1284585,1.9999628,4.1719313,0.0,0.0,100.0,7.9997687
2018-12-08 20:15:00,4.1,4.100938,1.9999628,4.102618,0.0,0.0,100.0,7.9997687
2018-12-08 20:30:00,4.03,4.0794463,1.9999628,4.019939,0.0,0.0,100.0,7.9997687
2018-12-08 20:45:00,4.14,4.1690726,1.9999628,4.189689,0.0,0.017070062,100.0,7.9997687
2018-12-08 21:00:00,4.1,4.0834045,1.9999628,4.0996037,0.0,0.021570869,100.0,7.9997687
2018-12-08 21:15:00,4.14,4.1187396,1.9999628,4.1112294,0.0,0.021788321,100.0,7.9997687
2018-12-08 21:30:00,4.1,4.082001,1.9999628,4.0855823,0.0,0.0154504385,100.0,7.9997687
2018-12-08 21:45:00,4.14,4.1437726,1.9999628,4.122326,0.0,0.011171171,100.0,7.9997687
2018-12-08 22:00:00,4.1,4.089306,1.9999628,4.0966377,0.0,0.0,100.0,7.9997687
2018-12-08 22:15:00,3.82,3.8601263,1.9999628,3.8462987,0.0,0.05503275,69.79,7.9997687
2018-12-08 22:30:00,3.89,3.8599017,1.9999628,3.8761387,0.0,0.014794802,70.44,7.9997687
2018-12-08 22:45:00,5.0,4.902519,1.9999628,5.033819,0.0,0.01891458,78.09,7.9997687
2018-12-08 23:00:00,4.75,4.6410646,1.9999628,4.532969,0.0,0.023546562,78.81,7.9997687
2018-12-08 23:15:00,3.82,3.7512455,1.9999628,3.9444246,0.0,0.049070343,75.58,7.9997687
2018-12-08 23:30:00,3.71,3.6677892,1.9999628,3.743511,0.0,0.0,76.74,7.9997687
2018-12-08 23:45:00,3.82,3.7639017,1.9999628,3.7836564,0.0,0.0,77.65,7.9997687
2018-12-09 00:00:00,3.17,3.0737367,1.9999628,3.2496665,0.0,0.021641701,83.12,7.9997687
2018-12-09 00:15:00,3.74,3.7206676,1.9999628,3.753191,0.0,0.027471758,76.28,7.9997687
2018-12-09 00:30:00,3.74,3.6660666,1.9999628,3.7348258,0.0,0.016861286,75.18,7.9997687
2018-12-09 00:45:00,3.82,3.7360177,1.9999628,3.7761166,0.0,0.014068387,74.89,7.9997687
2018-12-09 01:00:00,3.85,3.7853737,1.9999628,3.7792535,0.0,0.025981832,74.38,7.9997687
2018-12-09 01:15:00,3.78,3.8142455,1.9999628,3.8291833,0.0,0.0028873151,74.15,7.9997687
2018-12-09 01:30:00,3.82,3.8059623,1.9999628,3.8392324,0.0,0.0,74.12,7.9997687
2018-12-09 01:45:00,3.78,3.7895212,1.9999628,3.8257031,0.0,0.0,72.8,7.9997687
2018-12-09 02:00:00,3.78,3.7394986,1.9999628,3.847748,0.0,0.0,73.47,7.9997687
2018-12-09 02:15:00,3.17,3.154637,1.9999628,3.4124622,0.0,0.0,78.28,7.9997687
2018-12-09 02:30:00,3.13,3.1250067,1.9999628,3.111245,0.0,0.016878903,79.23,7.9997687
2018-12-09 02:45:00,3.35,3.298053,1.9999628,3.4891381,0.0,0.0,80.37,7.9997687
2018-12-09 03:00:00,3.67,3.6573153,1.9999628,3.7551372,0.0,0.0026439994,80.13,7.9997687
2018-12-09 03:15:00,3.02,3.0219216,1.9999628,3.1342099,0.0,0.015161447,82.23,7.9997687
2018-12-09 03:30:00,3.13,3.1250587,1.9999628,3.1637757,0.0,0.0,82.3,7.9997687
2018-12-09 03:45:00,3.06,3.063738,1.9999628,3.083652,0.0,0.017326405,82.58,7.9997687
2018-12-09 04:00:00,3.06,3.0436316,1.9999628,3.058402,0.0,0.01379461,81.7,7.9997687
2018-12-09 04:15:00,3.06,3.05017,1.9999628,3.085941,0.0,0.0,81.19,7.9997687
2018-12-09 04:30:00,3.2,3.2211833,1.9999628,3.2665405,0.0,0.0,81.56,7.9997687
2018-12-09 04:45:00,3.78,3.7592819,1.9999628,3.7816253,0.0,0.0,77.72,7.9997687
2018-12-09 05:00:00,3.78,3.711279,1.9999628,3.7545016,0.0,0.03147099,77.32,7.9997687
2018-12-09 05:15:00,3.74,3.7026777,1.9999628,3.7035599,0.0,0.0,76.99,7.9997687
2018-12-09 05:30:00,3.74,3.689689,1.9999628,3.7365723,0.0,0.03518982,76.69,7.9997687
2018-12-09 05:45:00,3.13,3.1436677,1.9999628,3.356363,0.0,0.0061263093,83.16,7.9997687
2018-12-09 06:00:00,3.74,3.7034087,1.9999628,3.845834,0.0,0.03272228,79.95,7.9997687
2018-12-09 06:15:00,3.56,3.537549,1.9999628,3.6026433,0.0,0.014224388,80.11,7.9997687
2018-12-09 06:30:00,3.1,3.147696,1.9999628,3.183118,0.0,0.029182408,83.41,7.9997687
2018-12-09 06:45:00,2.95,2.9588213,1.9999628,3.0099332,0.0,0.008301106,82.51,7.9997687
2018-12-09 07:00:00,3.06,3.070237,1.9999628,3.1190503,0.0,0.010204921,82.58,7.9997687
2018-12-09 07:15:00,3.02,3.0344462,1.9999628,3.032832,0.0,0.0096770795,82.74,7.9997687
2018-12-09 07:30:00,2.95,2.9301307,1.9999628,2.9916017,0.0,0.044698138,82.12,7.9997687
2018-12-09 07:45:00,3.02,3.0350778,1.9999628,3.0472653,0.0,0.0,82.23,7.9997687
2018-12-09 08:00:00,2.99,2.9874132,1.9999628,2.9927514,0.0,0.0,81.96,7.9997687
2018-12-09 08:15:00,3.13,3.1441882,1.9999628,3.214229,0.0,0.016806457,80.95,7.9997687
2018-12-09 08:30:00,3.74,3.7278404,1.9999628,3.9255211,0.0,0.0,74.49,7.9997687
2018-12-09 08:45:00,3.82,3.763052,1.9999628,3.9028032,0.0,0.0,93.25,7.9997687
2018-12-09 09:00:00,3.96,3.9164252,1.9999628,4.0244493,0.0,0.0,100.0,7.9997687
2018-12-09 09:15:00,4.03,3.9878478,1.9999628,4.0795116,0.0,0.0,100.0,7.9997687
2018-12-09 09:30:00,3.35,3.356152,1.9999628,3.5811489,0.0,0.00046162365,100.0,7.9997687
2018-12-09 09:45:00,3.31,3.2856605,1.9999628,3.3044698,0.0,0.01024817,100.0,7.9997687
2018-12-09 10:00:00,3.89,3.900607,1.9999628,3.9108977,0.0,0.0008555458,100.0,7.9997687
2018-12-09 10:15:00,4.03,4.0532346,1.9999628,3.961435,0.0,0.017228413,100.0,7.9997687
2018-12-09 10:30:00,3.31,3.3218753,1.9999628,3.5224154,0.0,0.020386651,100.0,7.9997687
2018-12-09 10:45:00,3.35,3.3755705,1.9999628,3.3852768,0.0,0.0,100.0,7.9997687
2018-12-09 11:00:00,3.42,3.4501886,1.9999628,3.486532,0.0,0.0042708176,100.0,7.9997687
2018-12-09 11:15:00,3.35,3.3847194,1.9999628,3.3617585,0.0,0.008055604,100.0,7.9997687
2018-12-09 11:30:00,3.31,3.3059406,1.9999628,3.3232894,0.0,0.0,100.0,7.9997687
2018-12-09 11:45:00,3.38,3.3941855,1.9999628,3.4214642,0.0,0.0,100.0,7.9997687
2018-12-09 12:00:00,3.89,3.852696,1.9999628,3.9097729,0.0,0.0,100.0,7.9997687
2018-12-09 12:15:00,4.18,4.221219,1.9999628,4.15247,0.0,0.032764,100.0,7.9997687
2018-12-09 12:30:00,4.1,4.068472,1.9999628,4.098873,0.0,0.019663418,100.0,7.9997687
2018-12-09 12:45:00,4.1,4.026229,1.9999628,4.0651555,0.0,0.016151061,100.0,7.9997687
2018-12-09 13:00:00,3.6,3.6874073,1.9999628,3.803763,0.0,0.013252785,100.0,7.9997687
2018-12-09 13:15:00,3.42,3.4903111,1.9999628,3.4675946,0.0,0.0,100.0,7.9997687
2018-12-09 13:30:00,3.42,3.4537382,1.9999628,3.4637256,0.0,0.013634288,100.0,7.9997687
2018-12-09 13:45:00,3.35,3.3981493,1.9999628,3.3847442,0.0,0.0,100.0,7.9997687
2018-12-09 14:00:00,3.92,3.8935182,1.9999628,3.9087052,0.0,0.0,100.0,7.9997687
2018-12-09 14:15:00,3.78,3.7646778,1.9999628,3.7184174,0.0,0.0,100.0,7.9997687
2018-12-09 14:30:00,3.42,3.4819725,1.9999628,3.5030415,0.0,0.0,100.0,7.9997687
2018-12-09 14:45:00,3.38,3.3754187,1.9999628,3.3999946,0.0,0.0,100.0,7.9997687
2018-12-09 15:00:00,3.46,3.483924,1.9999628,3.489533,0.0,0.041470133,100.0,7.9997687
2018-12-09 15:15:00,3.42,3.41595,1.9999628,3.4533153,0.0,0.0020917975,100.0,7.9997687
2018-12-09 15:30:00,3.53,3.5411372,1.9999628,3.606603,0.0,0.0,100.0,7.9997687
2018-12-09 15:45:00,4.07,4.013586,1.9999628,4.0722423,0.0,0.0,100.0,7.9997687
2018-12-09 16:00:00,4.03,3.966519,1.9999628,4.0307817,0.0,0.0,100.0,7.9997687
2018-12-09 16:15:00,4.14,4.128946,1.9999628,4.1391973,0.0,0.0,100.0,7.9997687
2018-12-09 16:30:00,4.0,3.9781353,1.9999628,4.050927,0.0,0.0,100.0,7.9997687
2018-12-09 16:45:00,3.31,3.4846883,1.9999628,3.617916,0.0,0.0,100.0,7.9997687
2018-12-09 17:00:00,3.35,3.3623073,1.9999628,3.3939173,0.0,0.017109241,100.0,7.9997687
2018-12-09 17:15:00,3.49,3.5389647,1.9999628,3.6259944,0.0,0.0,100.0,7.9997687
2018-12-09 17:30:00,4.1,4.163119,1.9999628,4.0252714,0.0,0.0,100.0,7.9997687
2018-12-09 17:45:00,3.64,3.6230218,1.9999628,3.6987083,0.0,0.0,100.0,7.9997687
2018-12-09 18:00:00,3.24,3.2626348,1.9999628,3.268088,0.0,0.0,100.0,7.9997687
2018-12-09 18:15:00,3.28,3.2676003,1.9999628,3.3022275,0.0,0.0,100.0,7.9997687
2018-12-09 18:30:00,3.31,3.3000128,1.9999628,3.3257484,0.0,0.022709265,100.0,7.9997687
2018-12-09 18:45:00,3.42,3.4149487,1.9999628,3.455994,0.0,0.0,100.0,7.9997687
2018-12-09 19:00:00,3.64,3.6401477,1.9999628,3.7187345,0.0,0.0008350514,100.0,7.9997687
2018-12-09 19:15:00,4.07,4.003002,1.9999628,4.016423,0.0,0.0,100.0,7.9997687
2018-12-09 19:30:00,4.03,3.962309,1.9999628,4.054713,0.0,0.020202016,100.0,7.9997687
2018-12-09 19:45:00,4.03,3.9542432,1.9999628,3.9932928,0.0,0.04722097,100.0,7.9997687
2018-12-09 20:00:00,4.0,3.9737747,1.9999628,4.001164,0.0,0.047854286,100.0,7.9997687
2018-12-09 20:15:00,3.31,3.3915749,1.9999628,3.5348191,0.0,0.0,100.0,7.9997687
2018-12-09 20:30:00,3.31,3.3119996,1.9999628,3.3217504,0.0,0.0034724078,100.0,7.9997687
2018-12-09 20:45:00,3.35,3.373524,1.9999628,3.3648553,0.0,0.00042865425,100.0,7.9997687
2018-12-09 21:00:00,3.35,3.361901,1.9999628,3.390665,0.0,0.0,100.0,7.9997687
2018-12-09 21:15:00,3.67,3.6374402,1.9999628,3.7411816,0.0,0.0,100.0,7.9997687
2018-12-09 21:30:00,4.14,4.100194,1.9999628,4.144175,0.0,0.0054233866,100.0,7.9997687
2018-12-09 21:45:00,3.38,3.394465,1.9999628,3.5320916,0.0,0.05698543,100.0,7.9997687
2018-12-09 22:00:00,3.28,3.2388103,1.9999628,3.3497813,0.0,0.05075232,100.0,7.9997687
2018-12-09 22:15:00,3.13,3.132761,1.9999628,3.1661983,0.0,0.020535072,80.09,7.9997687
2018-12-09 22:30:00,3.17,3.1857371,1.9999628,3.170991,0.0,0.0,79.61,7.9997687
2018-12-09 22:45:00,3.78,3.812229,1.9999628,3.8551457,0.0,0.023309946,74.15,7.9997687
2018-12-09 23:00:00,3.78,3.718942,1.9999628,3.7494605,0.0,0.03412506,74.54,7.9997687
2018-12-09 23:15:00,3.74,3.7057955,1.9999628,3.6885297,0.0,0.019828456,77.4,7.9997687
2018-12-09 23:30:00,3.74,3.682263,1.9999628,3.7155662,0.0,0.0,78.52,7.9997687
2018-12-09 23:45:00,3.46,3.377503,1.9999628,3.4897277,0.0,0.018420812,79.61,7.9997687
2018-12-10 00:00:00,5.36,5.3919683,1.9999628,5.3747473,0.0,0.043531623,88.36,7.9997687
2018-12-10 00:15:00,3.06,3.295485,1.9999628,4.331452,0.0,0.022199957,81.7,7.9997687
2018-12-10 00:30:00,3.02,3.036039,1.9999628,3.190195,0.0,0.0,81.34,7.9997687
2018-12-10 00:45:00,3.31,3.3056395,1.9999628,3.5272875,0.0,0.066785306,79.1,7.9997687
2018-12-10 01:00:00,3.85,3.8786209,1.9999628,3.8176694,0.0,0.020542828,75.44,7.9997687
2018-12-10 01:15:00,3.42,3.4480805,1.9999628,3.3738728,0.0,0.017610362,78.94,7.9997687
2018-12-10 01:30:00,3.1,3.1191595,1.9999628,3.1053958,0.0,0.055131465,80.31,7.9997687
2018-12-10 01:45:00,3.1,3.0894592,1.9999628,3.0866663,0.0,0.022484258,79.32,7.9997687
2018-12-10 02:00:00,3.17,3.1665702,1.9999628,3.198858,0.0,0.053886224,80.94,7.9997687
2018-12-10 02:15:00,3.31,3.3210826,1.9999628,3.420146,0.0,0.0,78.76,7.9997687
2018-12-10 02:30:00,3.82,3.8108337,1.9999628,3.7608023,0.0,0.0,74.12,7.9997687
2018-12-10 02:45:00,3.78,3.7411442,1.9999628,3.7194762,0.0,0.042755973,73.47,7.9997687
2018-12-10 03:00:00,3.82,3.7765965,1.9999628,3.753648,0.0,0.0,73.16,7.9997687
2018-12-10 03:15:00,3.74,3.7331502,1.9999628,3.6990857,0.0,0.0,74.19,7.9997687
2018-12-10 03:30:00,3.1,3.1383154,1.9999628,3.2856908,0.0,0.0,78.95,7.9997687
2018-12-10 03:45:00,3.2,3.1903958,1.9999628,3.2407904,0.0,0.038056314,79.88,7.9997687
2018-12-10 04:00:00,3.1,3.0833743,1.9999628,3.13345,0.0,0.0,79.32,7.9997687
2018-12-10 04:15:00,3.13,3.1254098,1.9999628,3.1602776,0.0,0.027733747,79.6,7.9997687
2018-12-10 04:30:00,3.17,3.1697035,1.9999628,3.1773798,0.0,0.0,77.8,7.9997687
2018-12-10 04:45:00,3.49,3.4891198,1.9999628,3.5457249,0.0,0.0,75.19,7.9997687
2018-12-10 05:00:00,3.74,3.7534857,1.9999628,3.74179,0.0,0.011862127,72.72,7.9997687
2018-12-10 05:15:00,3.13,3.1291502,1.9999628,3.1975076,0.0,0.02203685,79.23,7.9997687
2018-12-10 05:30:00,3.1,3.0939155,1.9999628,3.10951,0.0,0.018798787,78.95,7.9997687
2018-12-10 05:45:00,3.82,3.8400867,1.9999628,4.0552897,0.0,0.047482796,72.78,7.9997687
2018-12-10 06:00:00,3.82,3.7253146,1.9999628,3.7746096,0.0,0.016966404,72.78,7.9997687
2018-12-10 06:15:00,3.85,3.8135228,1.9999628,3.7757473,0.0,0.025932025,74.09,7.9997687
2018-12-10 06:30:00,3.82,3.7886364,1.9999628,3.823517,0.0,0.07003564,74.5,7.9997687
2018-12-10 06:45:00,3.46,3.5239098,1.9999628,3.5808518,0.0,0.0,75.66,7.9997687
2018-12-10 07:00:00,3.06,3.0410855,1.9999628,3.124763,0.0,0.072709985,78.94,7.9997687
2018-12-10 07:15:00,3.13,3.121427,1.9999628,3.167342,0.0,0.030280136,79.6,7.9997687
2018-12-10 07:30:00,3.56,3.5479655,1.9999628,3.632081,0.0,0.02884755,82.38,7.9997687
2018-12-10 07:45:00,5.87,5.784563,1.9999628,5.7752776,0.0,0.019060424,90.61,7.9997687
2018-12-10 08:00:00,6.8,6.1108556,1.9999628,6.619488,0.0,0.09268344,95.47,7.9997687
2018-12-10 08:15:00,33.48,7.899092,1.9999628,13.896897,0.02,0.004915704,83.82,7.9997687
2018-12-10 08:30:00,61.06,7.9880767,1.9999628,13.982397,0.03,0.0023637097,83.54,7.9997687
2018-12-10 08:45:00,58.36,7.9895954,1.9999628,13.985349,0.03,0.10345091,86.78,7.9997687
2018-12-10 09:00:00,68.62,7.9933677,1.9999628,13.985349,0.03,0.05514184,91.37,7.9997687
2018-12-10 09:15:00,69.23,7.9933686,1.9999628,13.985631,0.03,0.10224864,90.79,7.9997687
2018-12-10 09:30:00,70.78,7.9933686,1.9999628,13.985631,0.03,0.08809543,90.59,7.9997687
2018-12-10 09:45:00,61.74,7.9933686,1.9999628,13.985631,0.03,0.0070611136,92.24,7.9997687
2018-12-10 10:00:00,72.0,7.9933686,1.9999628,13.985631,0.03,0.042541258,90.01,7.9997687
2018-12-10 10:15:00,56.2,7.9933686,1.9999628,13.985631,0.03,0.068943895,93.99,7.9997687
2018-12-10 10:30:00,56.02,7.9933686,1.9999628,13.985631,0.03,0.052532546,93.7,7.9997687
2018-12-10 10:45:00,63.9,7.9933686,1.9999628,13.985631,0.03,0.05297611,91.01,7.9997687
2018-12-10 11:00:00,68.47,7.9933686,1.9999628,13.985631,0.03,0.06839035,85.77,7.9997687
2018-12-10 11:15:00,61.56,7.9933686,1.9999628,13.985631,0.03,0.109124005,89.63,7.9997687
2018-12-10 11:30:00,70.31,7.9933686,1.9999628,13.985631,0.03,0.06577514,90.36,7.9997687
2018-12-10 11:45:00,62.42,7.9933686,1.9999628,13.985631,0.03,0.054730408,94.62,7.9997687
2018-12-10 12:00:00,44.75,7.9933805,1.9999628,13.984885,0.02,0.040506445,98.1,7.9997687
2018-12-10 12:15:00,9.11,6.869576,1.9999628,8.663608,0.0,0.043944836,100.0,7.9997687
2018-12-10 12:30:00,10.33,7.3569293,1.9999628,10.025393,0.0,0.0025416368,100.0,7.9997687
2018-12-10 12:45:00,11.45,7.4567823,1.9999628,10.011469,0.01,0.0,100.0,7.9997687
2018-12-10 13:00:00,11.09,7.3856606,1.9999628,10.803421,0.01,0.0,100.0,7.9997687
2018-12-10 13:15:00,42.66,7.9226475,1.9999628,13.952137,0.02,0.027169993,94.0,7.9997687
2018-12-10 13:30:00,72.9,7.993313,1.9999628,13.98462,0.03,0.062565915,89.26,7.9997687
2018-12-10 13:45:00,71.03,7.9895954,1.9999628,13.985349,0.03,0.07484416,90.51,7.9997687
2018-12-10 14:00:00,67.32,7.9895954,1.9999628,13.985349,0.03,0.054454014,92.14,7.9997687
2018-12-10 14:15:00,64.22,7.9933686,1.9999628,13.985631,0.03,0.028976854,92.31,7.9997687
2018-12-10 14:30:00,69.91,7.9933686,1.9999628,13.985631,0.03,0.029619401,88.1,7.9997687
2018-12-10 14:45:00,51.23,7.9933686,1.9999628,13.985631,0.02,0.0,94.43,7.9997687
2018-12-10 15:00:00,58.39,7.9933686,1.9999628,13.985631,0.03,0.06910521,91.63,7.9997687
2018-12-10 15:15:00,69.62,7.9933686,1.9999628,13.985631,0.03,0.03093875,90.66,7.9997687
2018-12-10 15:30:00,66.71,7.9933686,1.9999628,13.985631,0.03,0.016009035,89.63,7.9997687
2018-12-10 15:45:00,65.99,7.9933686,1.9999628,13.985631,0.03,0.033869557,90.59,7.9997687
2018-12-10 16:00:00,64.98,7.9933686,1.9999628,13.985631,0.03,0.0,91.82,7.9997687
2018-12-10 16:15:00,64.55,7.9933686,1.9999628,13.985631,0.03,0.023147818,90.07,7.9997687
2018-12-10 16:30:00,63.72,7.9933686,1.9999628,13.985631,0.03,0.020646077,89.62,7.9997687
2018-12-10 16:45:00,66.53,7.9933686,1.9999628,13.985631,0.03,0.0,91.83,7.9997687
2018-12-10 17:00:00,62.57,7.9933686,1.9999628,13.985631,0.03,0.0026347998,92.94,7.9997687
2018-12-10 17:15:00,63.72,7.9933686,1.9999628,13.985631,0.03,0.014364981,92.28,7.9997687
2018-12-10 17:30:00,58.64,7.9933686,1.9999628,13.985631,0.03,0.015191334,91.65,7.9997687
2018-12-10 17:45:00,60.12,7.9933686,1.9999628,13.985631,0.03,0.035526156,92.77,7.9997687
2018-12-10 18:00:00,24.73,7.985761,1.9999628,13.938267,0.01,0.029453352,99.78,7.9997687
2018-12-10 18:15:00,5.47,5.900588,1.9999628,8.074725,0.0,0.0,100.0,7.9997687
2018-12-10 18:30:00,4.5,4.447165,1.9999628,4.673812,0.0,0.0,100.0,7.9997687
2018-12-10 18:45:00,4.46,4.46372,1.9999628,4.5549994,0.0,0.030692145,100.0,7.9997687
2018-12-10 19:00:00,4.46,4.4330707,1.9999628,4.46719,0.0,0.032225262,100.0,7.9997687
2018-12-10 19:15:00,4.75,4.7081237,1.9999628,4.830307,0.0,0.006316192,100.0,7.9997687
2018-12-10 19:30:00,5.69,5.5234976,1.9999628,5.5979486,0.0,0.0,100.0,7.9997687
2018-12-10 19:45:00,5.62,5.530842,1.9999628,5.386233,0.0,0.0,100.0,7.9997687
2018-12-10 20:00:00,4.46,4.4522505,1.9999628,4.680344,0.0,0.0,100.0,7.9997687
2018-12-10 20:15:00,4.46,4.4343047,1.9999628,4.464779,0.0,0.012123813,100.0,7.9997687
2018-12-10 20:30:00,4.5,4.4596004,1.9999628,4.5157766,0.0,0.015249408,100.0,7.9997687
2018-12-10 20:45:00,4.43,4.4051156,1.9999628,4.3998904,0.0,0.003782984,100.0,7.9997687
2018-12-10 21:00:00,4.46,4.440083,1.9999628,4.437991,0.0,0.0055728876,100.0,7.9997687
2018-12-10 21:15:00,4.5,4.4745297,1.9999628,4.5096917,0.0,0.0,100.0,7.9997687
2018-12-10 21:30:00,4.57,4.557825,1.9999628,4.6088557,0.0,0.041789297,100.0,7.9997687
2018-12-10 21:45:00,4.54,4.4681225,1.9999628,4.4361353,0.0,0.033309426,100.0,7.9997687
2018-12-10 22:00:00,4.46,4.4117804,1.9999628,4.4067755,0.0,0.061248027,100.0,7.9997687
2018-12-10 22:15:00,4.28,4.2559175,1.9999628,4.3059616,0.0,0.052797344,76.53,7.9997687
2018-12-10 22:30:00,4.25,4.331676,1.9999628,4.3128695,0.0,0.011706593,74.11,7.9997687
2018-12-10 22:45:00,4.32,4.3643956,1.9999628,4.403999,0.0,0.017262088,75.6,7.9997687
2018-12-10 23:00:00,4.18,4.127826,1.9999628,4.2358193,0.0,0.10498975,76.76,7.9997687
2018-12-10 23:15:00,4.18,4.1948442,1.9999628,4.2190294,0.0,0.03883233,79.4,7.9997687
2018-12-10 23:30:00,4.21,4.223278,1.9999628,4.2215405,0.0,0.05274246,81.26,7.9997687
2018-12-10 23:45:00,4.28,4.31897,1.9999628,4.3475103,0.0,0.04943849,82.34,7.9997687
2018-12-11 00:00:00,4.18,4.0066795,1.9999628,4.1290226,0.0,0.061197974,78.03,7.9997687
2018-12-11 00:15:00,4.86,4.932423,1.9999628,4.8936644,0.0,0.030484503,83.21,7.9997687
2018-12-11 00:30:00,4.21,4.1289797,1.9999628,4.3261576,0.0,0.015539703,77.62,7.9997687
2018-12-11 00:45:00,4.18,4.188284,1.9999628,4.283973,0.0,0.04612676,77.76,7.9997687
2018-12-11 01:00:00,4.21,4.277136,1.9999628,4.274935,0.0,0.030313464,76.63,7.9997687
2018-12-11 01:15:00,4.32,4.3605657,1.9999628,4.405014,0.0,0.005005929,75.86,7.9997687
2018-12-11 01:30:00,4.25,4.231156,1.9999628,4.2337418,0.0,0.026082842,75.69,7.9997687
2018-12-11 01:45:00,4.18,4.1894174,1.9999628,4.228881,0.0,0.04660673,75.77,7.9997687
2018-12-11 02:00:00,4.21,4.255256,1.9999628,4.240551,0.0,0.032245502,74.06,7.9997687
2018-12-11 02:15:00,4.28,4.2983565,1.9999628,4.3773675,0.0,0.027074063,75.91,7.9997687
2018-12-11 02:30:00,4.25,4.3004284,1.9999628,4.257973,0.0,0.039231304,74.11,7.9997687
2018-12-11 02:45:00,4.21,4.22402,1.9999628,4.237117,0.0,0.036154803,74.76,7.9997687
2018-12-11 03:00:00,3.56,3.7182097,1.9999628,3.832861,0.0,0.03517012,80.43,7.9997687
2018-12-11 03:15:00,3.56,3.5735908,1.9999628,3.6611254,0.0,0.0053223833,79.25,7.9997687
2018-12-11 03:30:00,3.53,3.544414,1.9999628,3.565859,0.0,0.0041687875,80.95,7.9997687
2018-12-11 03:45:00,3.53,3.55759,1.9999628,3.548529,0.0,0.007557616,80.63,7.9997687
2018-12-11 04:00:00,3.85,3.7993803,1.9999628,3.9443753,0.0,0.0,77.89,7.9997687
2018-12-11 04:15:00,4.18,4.135355,1.9999628,4.139264,0.0,0.0,73.2,7.9997687
2018-12-11 04:30:00,3.49,3.499178,1.9999628,3.649323,0.0,0.010115853,79.86,7.9997687
2018-12-11 04:45:00,3.56,3.5936136,1.9999628,3.613885,0.0,0.0,80.11,7.9997687
2018-12-11 05:00:00,3.56,3.5772562,1.9999628,3.5938466,0.0,0.0,80.43,7.9997687
2018-12-11 05:15:00,3.74,3.7880287,1.9999628,3.7970123,0.0,0.022550723,78.82,7.9997687
2018-12-11 05:30:00,4.18,4.092635,1.9999628,4.2088423,0.0,0.00089313753,72.94,7.9997687
2018-12-11 05:45:00,4.25,4.237536,1.9999628,4.2743344,0.0,0.0,74.11,7.9997687
2018-12-11 06:00:00,4.28,4.23247,1.9999628,4.1678867,0.0,0.0,73.74,7.9997687
2018-12-11 06:15:00,3.56,3.6309009,1.9999628,3.733426,0.0,0.0,79.68,7.9997687
2018-12-11 06:30:00,3.53,3.5355124,1.9999628,3.6101608,0.0,0.0,79.86,7.9997687
2018-12-11 06:45:00,3.6,3.6267672,1.9999628,3.6849263,0.0,0.0,75.78,7.9997687
2018-12-11 07:00:00,3.49,3.4723945,1.9999628,3.513947,0.0,0.027296329,76.37,7.9997687
2018-12-11 07:15:00,4.1,4.118486,1.9999628,4.1405864,0.0,0.0,75.14,7.9997687
2018-12-11 07:30:00,4.07,4.071011,1.9999628,4.111762,0.0,0.0,73.27,7.9997687
2018-12-11 07:45:00,4.86,4.857741,1.9999628,4.8930326,0.0,0.0,81.46,7.9997687
2018-12-11 08:00:00,14.83,7.9282455,1.9999628,13.609758,0.01,0.05383557,81.48,7.9997687
2018-12-11 08:15:00,44.21,7.9485254,1.9999628,13.91654,0.02,0.061924472,81.76,7.9997687
2018-12-11 08:30:00,54.04,7.9928546,1.9999628,13.980874,0.02,0.04560368,82.58,7.9997687
2018-12-11 08:45:00,61.74,7.9933677,1.9999628,13.985349,0.03,0.063541874,83.57,7.9997687
2018-12-11 09:00:00,69.48,7.9933677,1.9999628,13.985349,0.03,0.05466773,90.6,7.9997687
2018-12-11 09:15:00,75.38,7.9933686,1.9999628,13.985631,0.03,0.06663393,89.76,7.9997687
2018-12-11 09:30:00,71.82,7.9933686,1.9999628,13.985631,0.03,0.06520998,90.6,7.9997687
2018-12-11 09:45:00,71.24,7.9933686,1.9999628,13.985631,0.03,0.085174344,89.59,7.9997687
2018-12-11 10:00:00,54.86,7.9933686,1.9999628,13.985631,0.03,0.043164633,93.38,7.9997687
2018-12-11 10:15:00,66.13,7.9933686,1.9999628,13.985631,0.03,0.049400546,90.19,7.9997687
2018-12-11 10:30:00,73.08,7.9933686,1.9999628,13.985631,0.03,0.05621294,89.3,7.9997687
2018-12-11 10:45:00,77.51,7.9933686,1.9999628,13.985631,0.04,0.08105335,87.76,7.9997687
2018-12-11 11:00:00,72.54,7.9933686,1.9999628,13.985631,0.03,0.071231976,89.66,7.9997687
2018-12-11 11:15:00,63.83,7.9933686,1.9999628,13.985631,0.03,0.05155477,90.82,7.9997687
2018-12-11 11:30:00,67.07,7.9933686,1.9999628,13.985631,0.03,0.017413286,89.47,7.9997687
2018-12-11 11:45:00,84.24,7.9933686,1.9999628,13.985631,0.04,0.07916521,87.97,7.9997687
2018-12-11 12:00:00,72.79,7.9933805,1.9999628,13.984885,0.03,0.03672833,87.7,7.9997687
2018-12-11 12:15:00,7.96,7.3638096,1.9999628,8.112907,0.0,0.0,99.92,7.9997687
2018-12-11 12:30:00,5.8,6.030123,1.9999628,6.078413,0.0,0.0,100.0,7.9997687
2018-12-11 12:45:00,6.98,6.4659123,1.9999628,6.759507,0.0,0.030917864,100.0,7.9997687
2018-12-11 13:00:00,6.95,6.9046936,1.9999628,7.114585,0.0,0.010365791,100.0,7.9997687
2018-12-11 13:15:00,38.45,7.915234,1.9999628,13.9358635,0.02,0.0015907232,95.13,7.9997687
2018-12-11 13:30:00,59.36,7.993313,1.9999628,13.98462,0.03,0.031321228,89.47,7.9997687
2018-12-11 13:45:00,66.02,7.9933677,1.9999628,13.985349,0.03,0.04837026,88.6,7.9997687
2018-12-11 14:00:00,80.28,7.9933677,1.9999628,13.985349,0.04,0.067172945,87.66,7.9997687
2018-12-11 14:15:00,75.53,7.9933686,1.9999628,13.985631,0.03,0.051182956,88.41,7.9997687
2018-12-11 14:30:00,72.0,7.9933686,1.9999628,13.985631,0.03,0.0492886,90.0,7.9997687
2018-12-11 14:45:00,72.61,7.9933686,1.9999628,13.985631,0.03,0.04014407,87.59,7.9997687
2018-12-11 15:00:00,78.55,7.9933686,1.9999628,13.985631,0.04,0.07243157,87.22,7.9997687
2018-12-11 15:15:00,73.98,7.9933686,1.9999628,13.985631,0.03,0.07309259,88.27,7.9997687
2018-12-11 15:30:00,76.79,7.9933686,1.9999628,13.985631,0.04,0.0937319,88.16,7.9997687
2018-12-11 15:45:00,80.46,7.9933686,1.9999628,13.985631,0.04,0.07139398,87.33,7.9997687
2018-12-11 16:00:00,68.11,7.9933686,1.9999628,13.985631,0.03,0.06284363,89.56,7.9997687
2018-12-11 16:15:00,71.68,7.9933686,1.9999628,13.985631,0.03,0.053244624,88.97,7.9997687
2018-12-11 16:30:00,69.8,7.9933686,1.9999628,13.985631,0.03,0.083535515,88.05,7.9997687
2018-12-11 16:45:00,75.46,7.9933686,1.9999628,13.985631,0.03,0.058711737,87.76,7.9997687
2018-12-11 17:00:00,70.27,7.9933686,1.9999628,13.985631,0.03,0.07244472,88.87,7.9997687
2018-12-11 17:15:00,78.48,7.9933686,1.9999628,13.985631,0.04,0.07921064,86.99,7.9997687
2018-12-11 17:30:00,66.78,7.9933686,1.9999628,13.985631,0.03,0.023583788,89.76,7.9997687
2018-12-11 17:45:00,32.11,7.689548,1.9999628,13.761269,0.01,0.06575565,100.0,7.9997687
2018-12-11 18:00:00,31.25,7.9933686,1.9999628,13.985631,0.01,0.0,99.3,7.9997687
2018-12-11 18:15:00,36.4,7.9933686,1.9999628,13.985631,0.02,0.022642583,92.51,7.9997687
2018-12-11 18:30:00,39.56,7.9933686,1.9999628,13.985631,0.02,0.008570056,92.72,7.9997687
2018-12-11 18:45:00,51.44,7.9933686,1.9999628,13.985631,0.02,0.018057082,94.22,7.9997687
2018-12-11 19:00:00,51.52,7.9933686,1.9999628,13.985631,0.02,0.016025946,94.38,7.9997687
2018-12-11 19:15:00,53.57,7.9933686,1.9999628,13.985631,0.02,0.0,93.17,7.9997687
2018-12-11 19:30:00,52.81,7.9933686,1.9999628,13.985631,0.02,0.059495516,93.57,7.9997687
2018-12-11 19:45:00,52.38,7.9933686,1.9999628,13.985631,0.02,0.030177612,94.23,7.9997687
2018-12-11 20:00:00,53.21,7.9933686,1.9999628,13.985631,0.02,0.040471733,92.98,7.9997687
2018-12-11 20:15:00,51.91,7.9933686,1.9999628,13.985631,0.02,0.052139044,93.97,7.9997687
2018-12-11 20:30:00,53.46,7.9933686,1.9999628,13.985631,0.02,0.06603832,94.52,7.9997687
2018-12-11 20:45:00,32.36,7.9933686,1.9999628,13.963972,0.01,0.09799528,99.64,7.9997687
2018-12-11 21:00:00,28.37,7.7876344,1.9999628,13.802519,0.01,0.050187938,100.0,7.9997687
2018-12-11 21:15:00,6.77,6.953053,1.9999628,7.0358677,0.0,0.0052810833,100.0,7.9997687
2018-12-11 21:30:00,5.69,5.8175073,1.9999628,5.7338505,0.0,0.0004369705,100.0,7.9997687
2018-12-11 21:45:00,5.8,5.7748213,1.9999628,5.890309,0.0,0.026653565,100.0,7.9997687
2018-12-11 22:00:00,5.69,5.49031,1.9999628,5.6804504,0.0,0.00033440022,100.0,7.9997687
2018-12-11 22:15:00,5.47,5.722291,1.9999628,5.733656,0.0,0.0,81.0,7.9997687
2018-12-11 22:30:00,5.44,5.5784945,1.9999628,5.7656965,0.0,0.0,79.86,7.9997687
2018-12-11 22:45:00,4.97,5.126787,1.9999628,5.3359075,0.0,0.0,76.53,7.9997687
2018-12-11 23:00:00,4.36,4.328895,1.9999628,4.5242424,0.0,0.008409075,71.94,7.9997687
2018-12-11 23:15:00,4.25,4.289115,1.9999628,4.4574223,0.0,0.008875475,75.95,7.9997687
2018-12-11 23:30:00,4.21,4.2307343,1.9999628,4.2809825,0.0,0.0,78.25,7.9997687
2018-12-11 23:45:00,4.14,4.1677976,1.9999628,4.1833997,0.0,0.002387158,77.1,7.9997687
2018-12-12 00:00:00,4.21,4.0544295,1.9999628,4.211283,0.0,0.0,82.9,7.9997687
2018-12-12 00:15:00,4.21,4.242376,1.9999628,4.241286,0.0,0.0022525461,78.61,7.9997687
2018-12-12 00:30:00,4.14,4.165893,1.9999628,4.1825385,0.0,0.03565335,75.82,7.9997687
2018-12-12 00:45:00,4.14,4.1937985,1.9999628,4.200884,0.0,0.044854064,77.46,7.9997687
2018-12-12 01:00:00,4.14,4.206952,1.9999628,4.1961293,0.0,0.0004336557,78.11,7.9997687
2018-12-12 01:15:00,4.21,4.286158,1.9999628,4.329719,0.0,0.015014894,78.61,7.9997687
2018-12-12 01:30:00,4.18,4.219578,1.9999628,4.187387,0.0,0.016833793,78.4,7.9997687
2018-12-12 01:45:00,4.75,4.7209835,1.9999628,4.7245708,0.0,0.056610476,82.94,7.9997687
2018-12-12 02:00:00,5.33,5.1429424,1.9999628,5.1428466,0.0,0.047710374,84.16,7.9997687
2018-12-12 02:15:00,4.25,4.3008933,1.9999628,4.6203213,0.0,0.0461252,78.27,7.9997687
2018-12-12 02:30:00,4.25,4.248755,1.9999628,4.3999753,0.0,0.025582105,76.66,7.9997687
2018-12-12 02:45:00,4.18,4.154839,1.9999628,4.2725263,0.0,0.011662639,76.4,7.9997687
2018-12-12 03:00:00,4.21,4.243939,1.9999628,4.2422576,0.0,0.028290808,75.65,7.9997687
2018-12-12 03:15:00,4.18,4.1895485,1.9999628,4.2078705,0.0,0.05465142,75.15,7.9997687
2018-12-12 03:30:00,4.18,4.213779,1.9999628,4.2200694,0.0,0.049994614,75.15,7.9997687
2018-12-12 03:45:00,4.25,4.291449,1.9999628,4.359829,0.0,0.048139524,75.33,7.9997687
2018-12-12 04:00:00,4.18,4.1848717,1.9999628,4.2166305,0.0,0.047714043,75.41,7.9997687
2018-12-12 04:15:00,4.03,4.0687237,1.9999628,4.1392565,0.0,0.05902498,75.59,7.9997687
2018-12-12 04:30:00,3.46,3.567636,1.9999628,3.7698526,0.0,0.037488073,80.39,7.9997687
2018-12-12 04:45:00,3.46,3.4530454,1.9999628,3.4804852,0.0,0.050236695,81.28,7.9997687
2018-12-12 05:00:00,3.53,3.5387287,1.9999628,3.5569842,0.0,0.033333875,81.83,7.9997687
2018-12-12 05:15:00,3.46,3.4212637,1.9999628,3.417368,0.0,0.043581273,80.83,7.9997687
2018-12-12 05:30:00,3.49,3.482088,1.9999628,3.4457848,0.0,0.013700457,80.3,7.9997687
2018-12-12 05:45:00,4.0,3.9831734,1.9999628,3.9479852,0.0,0.0,73.96,7.9997687
2018-12-12 06:00:00,4.25,4.2575006,1.9999628,4.2143188,0.0,0.03186381,75.07,7.9997687
2018-12-12 06:15:00,3.85,3.8341374,1.9999628,3.8785608,0.0,0.026482556,79.68,7.9997687
2018-12-12 06:30:00,3.42,3.4362454,1.9999628,3.5852103,0.0,0.010454703,80.96,7.9997687
2018-12-12 06:45:00,3.42,3.4192915,1.9999628,3.4614673,0.0,0.04442974,82.08,7.9997687
2018-12-12 07:00:00,3.96,3.9316955,1.9999628,4.01048,0.0,0.031741105,76.73,7.9997687
2018-12-12 07:15:00,4.1,4.1404624,1.9999628,4.0674586,0.0,0.050215658,77.81,7.9997687
2018-12-12 07:30:00,4.32,4.339823,1.9999628,4.3380947,0.0,0.034365855,79.64,7.9997687
2018-12-12 07:45:00,5.83,5.836254,1.9999628,5.882809,0.0,0.029049091,88.11,7.9997687
2018-12-12 08:00:00,5.8,5.731795,1.9999628,5.697682,0.0,0.08832992,89.32,7.9997687
2018-12-12 08:15:00,36.86,7.8845344,1.9999628,13.854182,0.02,0.024459135,80.63,7.9997687
2018-12-12 08:30:00,60.37,7.992798,1.9999628,13.983458,0.03,0.032944836,80.49,7.9997687
2018-12-12 08:45:00,66.46,7.9933677,1.9999628,13.985349,0.03,0.077874616,83.3,7.9997687
2018-12-12 09:00:00,69.05,7.9933677,1.9999628,13.985349,0.03,0.06543146,91.67,7.9997687
2018-12-12 09:15:00,63.86,7.9933686,1.9999628,13.985631,0.03,0.040096052,92.87,7.9997687
2018-12-12 09:30:00,65.59,7.9933686,1.9999628,13.985631,0.03,0.050789982,91.51,7.9997687
2018-12-12 09:45:00,60.98,7.9933686,1.9999628,13.985631,0.03,0.05712568,92.93,7.9997687
2018-12-12 10:00:00,65.74,7.9933686,1.9999628,13.985631,0.03,0.009887282,91.15,7.9997687
2018-12-12 10:15:00,57.17,7.9933686,1.9999628,13.985631,0.03,0.035723455,94.38,7.9997687
2018-12-12 10:30:00,64.55,7.9933686,1.9999628,13.985631,0.03,0.03632635,91.76,7.9997687
2018-12-12 10:45:00,53.42,7.9933686,1.9999628,13.985631,0.02,0.04157389,94.67,7.9997687
2018-12-12 11:00:00,65.88,7.9933686,1.9999628,13.985631,0.03,0.055469118,91.83,7.9997687
2018-12-12 11:15:00,57.71,7.9933686,1.9999628,13.985631,0.03,0.029444713,93.15,7.9997687
2018-12-12 11:30:00,59.76,7.9933686,1.9999628,13.985631,0.03,0.050304037,93.75,7.9997687
2018-12-12 11:45:00,79.85,7.9933686,1.9999628,13.985631,0.04,0.09275547,90.23,7.9997687
2018-12-12 12:00:00,49.64,7.9933805,1.9999628,13.975701,0.02,0.041891407,95.78,7.9997687
2018-12-12 12:15:00,27.97,7.4785166,1.9999628,13.303609,0.01,0.0,100.0,7.9997687
2018-12-12 12:30:00,29.74,7.6966887,1.9999628,13.606153,0.01,0.0,100.0,7.9997687
2018-12-12 12:45:00,29.56,7.939303,1.9999628,13.8632345,0.01,0.0,100.0,7.9997687
2018-12-12 13:00:00,29.3,7.8786144,1.9999628,13.915791,0.01,0.0,100.0,7.9997687
2018-12-12 13:15:00,58.86,7.9933686,1.9999628,13.985631,0.03,0.02004189,95.36,7.9997687
2018-12-12 13:30:00,61.78,7.9933686,1.9999628,13.985631,0.03,0.03765771,92.29,7.9997687
2018-12-12 13:45:00,77.0,7.9933686,1.9999628,13.985631,0.04,0.05784803,90.99,7.9997687
2018-12-12 14:00:00,65.56,7.9933686,1.9999628,13.985631,0.03,0.040868554,90.84,7.9997687
2018-12-12 14:15:00,86.51,7.9933686,1.9999628,13.985631,0.04,0.06694234,85.57,7.9997687
2018-12-12 14:30:00,60.44,7.9933686,1.9999628,13.98467,0.03,0.03635666,92.06,7.9997687
2018-12-12 14:45:00,64.8,7.9933686,1.9999628,13.985631,0.03,0.016999947,88.94,7.9997687
2018-12-12 15:00:00,72.18,7.9933686,1.9999628,13.985631,0.03,0.03713538,91.4,7.9997687
2018-12-12 15:15:00,69.08,7.9933686,1.9999628,13.985631,0.03,0.03607723,89.75,7.9997687
2018-12-12 15:30:00,66.17,7.9933686,1.9999628,13.985631,0.03,0.042386763,88.84,7.9997687
2018-12-12 15:45:00,61.67,7.9933686,1.9999628,13.985631,0.03,0.07424863,91.41,7.9997687
2018-12-12 16:00:00,70.6,7.9933686,1.9999628,13.985631,0.03,0.040916946,90.74,7.9997687
2018-12-12 16:15:00,68.36,7.9933686,1.9999628,13.985631,0.03,0.041069414,90.31,7.9997687
2018-12-12 16:30:00,75.1,7.9933686,1.9999628,13.985631,0.03,0.08193885,88.91,7.9997687
2018-12-12 16:45:00,66.13,7.9933686,1.9999628,13.985631,0.03,0.08243408,91.22,7.9997687
2018-12-12 17:00:00,70.7,7.9933686,1.9999628,13.985631,0.03,0.08693133,89.0,7.9997687
2018-12-12 17:15:00,60.7,7.9933686,1.9999628,13.985631,0.03,0.029303832,91.31,7.9997687
2018-12-12 17:30:00,57.92,7.9933686,1.9999628,13.985631,0.03,0.04285324,95.43,7.9997687
2018-12-12 17:45:00,32.9,7.6872687,1.9999628,13.75865,0.02,0.032210425,100.0,7.9997687
2018-12-12 18:00:00,30.53,7.9933686,1.9999628,13.985631,0.01,0.031419035,99.6,7.9997687
2018-12-12 18:15:00,49.9,7.9933686,1.9999628,13.985631,0.02,0.02709719,90.06,7.9997687
2018-12-12 18:30:00,67.25,7.9933686,1.9999628,13.985631,0.03,0.0012438972,88.75,7.9997687
2018-12-12 18:45:00,69.37,7.9933686,1.9999628,13.985631,0.03,0.047025226,91.88,7.9997687
2018-12-12 19:00:00,65.99,7.9933686,1.9999628,13.985631,0.03,0.014269356,93.14,7.9997687
2018-12-12 19:15:00,66.02,7.9933686,1.9999628,13.985631,0.03,0.07016997,93.39,7.9997687
2018-12-12 19:30:00,60.19,7.9933686,1.9999628,13.985631,0.03,0.0134838335,92.38,7.9997687
2018-12-12 19:45:00,58.54,7.9933686,1.9999628,13.985631,0.03,0.06594913,93.69,7.9997687
2018-12-12 20:00:00,61.85,7.9933686,1.9999628,13.985631,0.03,0.017098146,93.51,7.9997687
2018-12-12 20:15:00,67.07,7.9933686,1.9999628,13.985631,0.03,0.017993271,92.66,7.9997687
2018-12-12 20:30:00,58.82,7.9933686,1.9999628,13.985631,0.03,0.04399703,95.19,7.9997687
2018-12-12 20:45:00,53.35,7.9933686,1.9999628,13.985631,0.02,0.042870503,95.3,7.9997687
2018-12-12 21:00:00,30.35,7.985761,1.9999628,13.932152,0.01,0.02434698,100.0,7.9997687
2018-12-12 21:15:00,12.2,7.114525,1.9999628,11.059661,0.01,0.022063818,100.0,7.9997687
2018-12-12 21:30:00,5.8,5.7636127,1.9999628,5.8022523,0.0,0.0,100.0,7.9997687
2018-12-12 21:45:00,5.76,5.59512,1.9999628,5.7133427,0.0,0.0,100.0,7.9997687
2018-12-12 22:00:00,5.65,5.480667,1.9999628,5.645525,0.0,0.0,100.0,7.9997687
2018-12-12 22:15:00,5.04,5.354771,1.9999628,5.4760036,0.0,0.0,84.42,7.9997687
2018-12-12 22:30:00,4.25,4.1969414,1.9999628,4.452828,0.0,0.034701735,77.91,7.9997687
2018-12-12 22:45:00,4.25,4.3077116,1.9999628,4.425219,0.0,0.03168972,77.91,7.9997687
2018-12-12 23:00:00,4.21,4.2393446,1.9999628,4.238779,0.0,0.018490888,78.61,7.9997687
2018-12-12 23:15:00,4.14,4.139609,1.9999628,4.1804833,0.0,0.02095545,82.09,7.9997687
2018-12-12 23:30:00,4.1,4.121994,1.9999628,4.1613393,0.0,0.0,85.84,7.9997687
2018-12-12 23:45:00,4.1,4.130567,1.9999628,4.12015,0.0,0.0,83.89,7.9997687
2018-12-13 00:00:00,5.26,4.936105,1.9999628,5.2032537,0.0,0.01625323,90.91,7.9997687
2018-12-13 00:15:00,4.1,3.6923926,1.9999628,4.447664,0.0,0.03578736,81.83,7.9997687
2018-12-13 00:30:00,4.18,4.1596766,1.9999628,4.2863264,0.0,0.038687292,81.98,7.9997687
2018-12-13 00:45:00,4.21,4.2561946,1.9999628,4.2895617,0.0,0.048184086,82.9,7.9997687
2018-12-13 01:00:00,4.14,4.1372085,1.9999628,4.2075076,0.0,0.043638002,81.44,7.9997687
2018-12-13 01:15:00,4.28,4.3564796,1.9999628,4.447409,0.0,0.06753821,82.61,7.9997687
2018-12-13 01:30:00,4.18,4.222272,1.9999628,4.233293,0.0,0.03741889,81.06,7.9997687
2018-12-13 01:45:00,4.25,4.3084283,1.9999628,4.3708987,0.0,0.060351666,82.15,7.9997687
2018-12-13 02:00:00,5.36,5.2544355,1.9999628,5.376063,0.0,0.035586245,89.04,7.9997687
2018-12-13 02:15:00,4.79,4.6414514,1.9999628,4.7411194,0.0,0.056064703,86.57,7.9997687
2018-12-13 02:30:00,4.25,4.2094264,1.9999628,4.4699173,0.0,0.062219802,80.52,7.9997687
2018-12-13 02:45:00,4.18,4.180829,1.9999628,4.3467064,0.0,0.055857237,79.4,7.9997687
2018-12-13 03:00:00,4.21,4.257811,1.9999628,4.254443,0.0,0.030466754,79.25,7.9997687
2018-12-13 03:15:00,4.18,4.182151,1.9999628,4.2489624,0.0,0.08150599,79.4,7.9997687
2018-12-13 03:30:00,4.21,4.255809,1.9999628,4.237444,0.0,0.0965352,79.25,7.9997687
2018-12-13 03:45:00,4.21,4.225839,1.9999628,4.2389154,0.0,0.07415682,80.89,7.9997687
2018-12-13 04:00:00,4.21,4.225839,1.9999628,4.2374496,0.0,0.072428316,79.61,7.9997687
2018-12-13 04:15:00,4.18,4.2016087,1.9999628,4.2149405,0.0,0.072428316,79.04,7.9997687
2018-12-13 04:30:00,4.21,4.240677,1.9999628,4.221425,0.0,0.072428316,80.25,7.9997687
2018-12-13 04:45:00,4.21,4.212243,1.9999628,4.221425,0.0,0.072428316,80.52,7.9997687
2018-12-13 05:00:00,4.18,4.1861577,1.9999628,4.209226,0.0,0.075810164,80.32,7.9997687
2018-12-13 05:15:00,3.67,3.8123784,1.9999628,3.9147704,0.0,0.05842583,83.59,7.9997687
2018-12-13 05:30:00,3.42,3.3819027,1.9999628,3.5186982,0.0,0.07840398,84.1,7.9997687
2018-12-13 05:45:00,3.89,3.8799782,1.9999628,3.9326904,0.0,0.05679495,82.55,7.9997687
2018-12-13 06:00:00,4.32,4.2815866,1.9999628,4.180829,0.0,0.017992264,82.58,7.9997687
2018-12-13 06:15:00,3.46,3.527772,1.9999628,3.6622596,0.0,0.036139615,84.83,7.9997687
2018-12-13 06:30:00,3.38,3.3279185,1.9999628,3.4107168,0.0,0.015511444,83.81,7.9997687
2018-12-13 06:45:00,3.38,3.3877463,1.9999628,3.3951712,0.0,0.0,83.81,7.9997687
2018-12-13 07:00:00,3.42,3.4419622,1.9999628,3.4637809,0.0,0.024415303,84.99,7.9997687
2018-12-13 07:15:00,3.42,3.4102502,1.9999628,3.4576123,0.0,0.029288674,84.99,7.9997687
2018-12-13 07:30:00,3.71,3.702661,1.9999628,3.778697,0.0,0.04018965,85.71,7.9997687
2018-12-13 07:45:00,5.69,5.7237797,1.9999628,5.704235,0.0,0.0,90.34,7.9997687
2018-12-13 08:00:00,6.23,5.9116545,1.9999628,6.207001,0.0,0.028140353,93.06,7.9997687
2018-12-13 08:15:00,35.57,7.891771,1.9999628,13.895065,0.02,0.07877634,83.66,7.9997687
2018-12-13 08:30:00,72.86,7.987272,1.9999628,13.982491,0.03,0.060231995,80.32,7.9997687
2018-12-13 08:45:00,61.74,7.9895954,1.9999628,13.985349,0.03,0.05231946,83.8,7.9997687
2018-12-13 09:00:00,76.36,7.9933677,1.9999628,13.985349,0.04,0.08763776,90.86,7.9997687
2018-12-13 09:15:00,63.11,7.9933686,1.9999628,13.985631,0.03,0.013269669,93.29,7.9997687
2018-12-13 09:30:00,65.66,7.9933686,1.9999628,13.985631,0.03,0.048230164,93.0,7.9997687
2018-12-13 09:45:00,72.07,7.9933686,1.9999628,13.985631,0.03,0.05028978,91.93,7.9997687
2018-12-13 10:00:00,56.84,7.9933686,1.9999628,13.985631,0.03,0.04586654,95.37,7.9997687
2018-12-13 10:15:00,69.3,7.9933686,1.9999628,13.985631,0.03,0.019875202,92.96,7.9997687
2018-12-13 10:30:00,65.66,7.9933686,1.9999628,13.985631,0.03,0.035265896,91.76,7.9997687
2018-12-13 10:45:00,85.43,7.9933686,1.9999628,13.985631,0.04,0.042504422,89.57,7.9997687
2018-12-13 11:00:00,53.17,7.9933686,1.9999628,13.98467,0.02,0.0895449,95.57,7.9997687
2018-12-13 11:15:00,55.4,7.9933686,1.9999628,13.985631,0.03,0.03829002,92.55,7.9997687
2018-12-13 11:30:00,60.08,7.9933686,1.9999628,13.985631,0.03,0.032109655,92.22,7.9997687
2018-12-13 11:45:00,58.0,7.9933686,1.9999628,13.985631,0.03,0.048358068,91.78,7.9997687
2018-12-13 12:00:00,51.3,7.9933805,1.9999628,13.984885,0.02,0.007889532,95.83,7.9997687
2018-12-13 12:15:00,11.38,7.5317125,1.9999628,10.493741,0.01,0.016953535,99.95,7.9997687
2018-12-13 12:30:00,10.91,7.443892,1.9999628,10.620518,0.01,0.09942102,100.0,7.9997687
2018-12-13 12:45:00,30.1,7.8744116,1.9999628,13.54177,0.01,0.04576124,99.24,7.9997687
2018-12-13 13:00:00,36.4,7.993313,1.9999628,13.948581,0.02,0.0,99.28,7.9997687
2018-12-13 13:15:00,41.69,7.9933677,1.9999628,13.985349,0.02,0.027983828,98.34,7.9997687
2018-12-13 13:30:00,56.92,7.9933677,1.9999628,13.985349,0.03,0.056456365,93.12,7.9997687
2018-12-13 13:45:00,46.66,7.9933686,1.9999628,13.985631,0.02,0.0,96.8,7.9997687
2018-12-13 14:00:00,52.52,7.9933686,1.9999628,13.985631,0.02,0.030427018,94.46,7.9997687
2018-12-13 14:15:00,58.25,7.9933686,1.9999628,13.985631,0.03,0.04949899,92.62,7.9997687
2018-12-13 14:30:00,72.61,7.9933686,1.9999628,13.985631,0.03,0.052928966,89.73,7.9997687
2018-12-13 14:45:00,66.24,7.9933686,1.9999628,13.985631,0.03,0.055358056,89.11,7.9997687
2018-12-13 15:00:00,73.08,7.9933686,1.9999628,13.985631,0.03,0.064160615,87.99,7.9997687
2018-12-13 15:15:00,60.52,7.9933686,1.9999628,13.985631,0.03,0.027111068,90.17,7.9997687
2018-12-13 15:30:00,59.87,7.9933686,1.9999628,13.985631,0.03,0.021625139,90.22,7.9997687
2018-12-13 15:45:00,63.5,7.9933686,1.9999628,13.985631,0.03,0.042794988,98.19,7.9997687
2018-12-13 16:00:00,60.52,7.9933686,1.9999628,13.985631,0.03,0.0,97.3,7.9997687
2018-12-13 16:15:00,88.92,7.9933686,1.9999628,13.985631,0.04,0.07810011,97.48,7.9997687
2018-12-13 16:30:00,105.37,7.9933686,1.9999628,13.985631,0.05,0.046392433,94.01,7.9997687
2018-12-13 16:45:00,102.89,7.9933686,1.9999628,13.985631,0.05,0.035476547,91.25,7.9997687
2018-12-13 17:00:00,77.83,7.9933686,1.9999628,13.98467,0.04,0.05158548,92.93,7.9997687
2018-12-13 17:15:00,67.18,7.9933686,1.9999628,13.985631,0.03,0.034701332,93.74,7.9997687
2018-12-13 17:30:00,70.13,7.9933686,1.9999628,13.985631,0.03,0.039010778,92.97,7.9997687
2018-12-13 17:45:00,31.72,7.6872687,1.9999628,13.75865,0.01,0.048431084,100.0,7.9997687
2018-12-13 18:00:00,31.5,7.9933686,1.9999628,13.985631,0.01,0.014184225,99.51,7.9997687
2018-12-13 18:15:00,54.79,7.9933686,1.9999628,13.985631,0.03,0.076250486,91.19,7.9997687
2018-12-13 18:30:00,77.04,7.9933686,1.9999628,13.985631,0.04,0.02176937,88.41,7.9997687
2018-12-13 18:45:00,79.63,7.9933686,1.9999628,13.985631,0.04,0.04703898,93.63,7.9997687
2018-12-13 19:00:00,80.46,7.9933686,1.9999628,13.985631,0.04,0.06355052,93.27,7.9997687
2018-12-13 19:15:00,71.89,7.9933686,1.9999628,13.985631,0.03,0.049954522,94.31,7.9997687
2018-12-13 19:30:00,78.52,7.9933686,1.9999628,13.985631,0.04,0.05470709,93.97,7.9997687
2018-12-13 19:45:00,52.31,7.9933686,1.9999628,13.98467,0.02,0.021519478,94.99,7.9997687
2018-12-13 20:00:00,61.16,7.9933686,1.9999628,13.985631,0.03,0.07816249,93.73,7.9997687
2018-12-13 20:15:00,61.6,7.9933686,1.9999628,13.985631,0.03,0.038064938,93.17,7.9997687
2018-12-13 20:30:00,49.68,7.9933686,1.9999628,13.985631,0.02,0.0377265,94.72,7.9997687
2018-12-13 20:45:00,41.54,7.9933686,1.9999628,13.985631,0.02,0.051258538,98.59,7.9997687
2018-12-13 21:00:00,20.16,7.9468966,1.9999628,13.095853,0.01,0.032296013,99.87,7.9997687
2018-12-13 21:15:00,6.16,6.4765887,1.9999628,6.3674192,0.0,0.006298539,100.0,7.9997687
2018-12-13 21:30:00,5.69,5.728305,1.9999628,5.8863034,0.0,0.01836051,100.0,7.9997687
2018-12-13 21:45:00,5.69,5.5469093,1.9999628,5.6643662,0.0,0.020611344,100.0,7.9997687
2018-12-13 22:00:00,5.65,5.5341997,1.9999628,5.6207952,0.0,0.006255,100.0,7.9997687
2018-12-13 22:15:00,5.47,5.71638,1.9999628,5.7038374,0.0,0.0,87.0,7.9997687
2018-12-13 22:30:00,5.4,5.5908623,1.9999628,5.7254114,0.0,0.017553924,84.98,7.9997687
2018-12-13 22:45:00,5.36,5.325073,1.9999628,5.291295,0.0,0.0078806225,86.07,7.9997687
2018-12-13 23:00:00,5.36,5.3430667,1.9999628,5.295894,0.0,0.009768045,85.86,7.9997687
2018-12-13 23:15:00,5.26,5.2469716,1.9999628,5.1973753,0.0,0.02894563,89.71,7.9997687
2018-12-13 23:30:00,5.22,5.1923885,1.9999628,5.167671,0.0,0.011297334,92.4,7.9997687
2018-12-13 23:45:00,5.18,5.175046,1.9999628,5.158624,0.0,0.02113125,92.3,7.9997687
2018-12-14 00:00:00,4.1,3.5463068,1.9999628,4.29168,0.0,0.059737682,76.42,7.9997687
2018-12-14 00:15:00,5.33,5.134051,1.9999628,5.297446,0.0,0.03721758,89.94,7.9997687
2018-12-14 00:30:00,5.29,5.250467,1.9999628,5.1904483,0.0,0.021366153,89.54,7.9997687
2018-12-14 00:45:00,5.26,5.249689,1.9999628,5.218842,0.0,0.03175776,88.69,7.9997687
2018-12-14 01:00:00,5.29,5.202435,1.9999628,5.192981,0.0,0.03201054,87.83,7.9997687
2018-12-14 01:15:00,5.26,5.3060822,1.9999628,5.3284183,0.0,0.066583365,87.99,7.9997687
2018-12-14 01:30:00,5.36,5.29642,1.9999628,5.3346915,0.0,0.057243224,86.56,7.9997687
2018-12-14 01:45:00,5.33,5.304144,1.9999628,5.3593025,0.0,0.07948397,87.0,7.9997687
2018-12-14 02:00:00,4.79,4.66885,1.9999628,4.829433,0.0,0.06689489,82.83,7.9997687
2018-12-14 02:15:00,4.14,4.112893,1.9999628,4.337927,0.0,0.09655199,77.46,7.9997687
2018-12-14 02:30:00,4.18,4.244386,1.9999628,4.3096437,0.0,0.06457287,78.4,7.9997687
2018-12-14 02:45:00,4.21,4.271261,1.9999628,4.254443,0.0,0.042159297,77.26,7.9997687
2018-12-14 03:00:00,4.18,4.21069,1.9999628,4.2489624,0.0,0.048354197,77.4,7.9997687
2018-12-14 03:15:00,4.25,4.3077483,1.9999628,4.3772974,0.0,0.05311149,76.3,7.9997687
2018-12-14 03:30:00,4.18,4.1836524,1.9999628,4.2297564,0.0,0.08115296,77.03,7.9997687
2018-12-14 03:45:00,4.14,4.1715875,1.9999628,4.1897426,0.0,0.08115296,76.73,7.9997687
2018-12-14 04:00:00,4.28,4.3557634,1.9999628,4.4458494,0.0,0.09563892,77.77,7.9997687
2018-12-14 04:15:00,4.18,4.2159543,1.9999628,4.2303557,0.0,0.038468584,76.4,7.9997687
2018-12-14 04:30:00,4.18,4.2276716,1.9999628,4.2349386,0.0,0.08216171,77.4,7.9997687
2018-12-14 04:45:00,4.1,4.129126,1.9999628,4.163399,0.0,0.086452596,76.15,7.9997687
2018-12-14 05:00:00,4.46,4.4926567,1.9999628,4.535421,0.0,0.031328835,78.75,7.9997687
2018-12-14 05:15:00,5.4,5.269878,1.9999628,5.3357987,0.0,0.044436734,83.7,7.9997687
2018-12-14 05:30:00,4.5,4.2674136,1.9999628,4.553359,0.0,0.037778914,79.62,7.9997687
2018-12-14 05:45:00,4.18,4.316944,1.9999628,4.395076,0.0,0.0658464,76.13,7.9997687
2018-12-14 06:00:00,4.14,4.1359725,1.9999628,4.2709546,0.0,0.022260629,75.46,7.9997687
2018-12-14 06:15:00,4.14,4.165783,1.9999628,4.19968,0.0,0.025149133,76.09,7.9997687
2018-12-14 06:30:00,3.49,3.6634789,1.9999628,3.8372223,0.0,0.049828343,81.85,7.9997687
2018-12-14 06:45:00,3.42,3.4067826,1.9999628,3.4672525,0.0,0.06200336,82.08,7.9997687
2018-12-14 07:00:00,3.35,3.3627748,1.9999628,3.4270306,0.0,0.0639386,82.78,7.9997687
2018-12-14 07:15:00,3.35,3.340557,1.9999628,3.4461927,0.0,0.029078428,83.59,7.9997687
2018-12-14 07:30:00,4.25,4.264787,1.9999628,4.405915,0.0,0.0,84.41,7.9997687
2018-12-14 07:45:00,6.52,6.4274755,1.9999628,6.5617423,0.0,0.0064892853,90.53,7.9997687
2018-12-14 08:00:00,7.38,6.4648275,1.9999628,7.1498933,0.0,0.043289278,93.45,7.9997687
2018-12-14 08:15:00,36.22,7.876836,1.9999628,13.864926,0.02,0.030342892,80.75,7.9997687
2018-12-14 08:30:00,94.18,7.9928575,1.9999628,13.983263,0.04,0.09281729,84.0,7.9997687
2018-12-14 08:45:00,97.88,7.9933677,1.9999628,13.985349,0.04,0.07408641,86.79,7.9997687
2018-12-14 09:00:00,134.5,7.9933677,1.9999628,13.985349,0.06,0.12199522,90.44,7.9997687
2018-12-14 09:15:00,93.67,7.9933686,1.9999628,13.98467,0.04,0.13496779,89.88,7.9997687
2018-12-14 09:30:00,109.26,7.9933686,1.9999628,13.985631,0.05,0.121063024,89.38,7.9997687
2018-12-14 09:45:00,128.34,7.9933686,1.9999628,13.985631,0.06,0.08914671,91.35,7.9997687
2018-12-14 10:00:00,81.47,7.9933686,1.9999628,13.9829645,0.04,0.0,93.1,7.9997687
2018-12-14 10:15:00,109.69,7.9933686,1.9999628,13.985631,0.05,0.006586062,92.64,7.9997687
2018-12-14 10:30:00,120.67,7.9933686,1.9999628,13.985631,0.06,0.09028508,88.99,7.9997687
2018-12-14 10:45:00,92.81,7.9933686,1.9999628,13.98467,0.04,0.06257028,92.54,7.9997687
2018-12-14 11:00:00,91.58,7.9933686,1.9999628,13.985631,0.04,0.015205847,91.93,7.9997687
2018-12-14 11:15:00,104.9,7.9933686,1.9999628,13.985631,0.05,0.08950132,90.48,7.9997687
2018-12-14 11:30:00,124.2,7.9933686,1.9999628,13.985631,0.06,0.063448906,89.94,7.9997687
2018-12-14 11:45:00,88.85,7.9933686,1.9999628,13.98467,0.04,0.04619331,92.4,7.9997687
2018-12-14 12:00:00,132.01,7.9933805,1.9999628,13.984885,0.06,0.053892635,90.44,7.9997687
2018-12-14 12:15:00,13.61,7.6782146,1.9999628,11.607848,0.01,0.020628251,99.36,7.9997687
2018-12-14 12:30:00,9.86,7.048729,1.9999628,9.036174,0.0,0.041830074,100.0,7.9997687
2018-12-14 12:45:00,9.61,7.6107483,1.9999628,9.867306,0.0,0.015019984,100.0,7.9997687
2018-12-14 13:00:00,9.43,7.6544423,1.9999628,9.903754,0.0,0.0,100.0,7.9997687
2018-12-14 13:15:00,86.98,7.915341,1.9999628,13.949437,0.04,0.037717767,89.9,7.9997687
2018-12-14 13:30:00,74.66,7.9885936,1.9999628,13.96442,0.03,0.062481962,90.38,7.9997687
2018-12-14 13:45:00,116.42,7.9933677,1.9999628,13.985349,0.05,0.0077486904,91.19,7.9997687
2018-12-14 14:00:00,107.57,7.9895954,1.9999628,13.985349,0.05,0.010973147,92.67,7.9997687
2018-12-14 14:15:00,103.82,7.9933686,1.9999628,13.985631,0.05,0.043055534,88.34,7.9997687
2018-12-14 14:30:00,114.73,7.9933686,1.9999628,13.985631,0.05,0.076970674,91.93,7.9997687
2018-12-14 14:45:00,84.74,7.9933686,1.9999628,13.98467,0.04,0.13884012,92.26,7.9997687
2018-12-14 15:00:00,109.4,7.9933686,1.9999628,13.985631,0.05,0.0018735481,90.61,7.9997687
2018-12-14 15:15:00,125.21,7.9933686,1.9999628,13.985631,0.06,0.07878915,89.67,7.9997687
2018-12-14 15:30:00,89.35,7.9933686,1.9999628,13.98467,0.04,0.03134855,91.49,7.9997687
2018-12-14 15:45:00,122.26,7.9933686,1.9999628,13.985631,0.06,0.064318225,87.62,7.9997687
2018-12-14 16:00:00,114.66,7.9933686,1.9999628,13.985631,0.05,0.054376774,88.38,7.9997687
2018-12-14 16:15:00,96.8,7.9933686,1.9999628,13.985631,0.04,0.004569971,91.52,7.9997687
2018-12-14 16:30:00,118.12,7.9933686,1.9999628,13.985631,0.05,0.0,89.32,7.9997687
2018-12-14 16:45:00,133.2,7.9933686,1.9999628,13.985631,0.06,0.07404701,89.65,7.9997687
2018-12-14 17:00:00,102.64,7.9933686,1.9999628,13.98467,0.05,0.040260233,90.67,7.9997687
2018-12-14 17:15:00,63.94,7.9933686,1.9999628,13.98467,0.03,0.03655255,91.77,7.9997687
2018-12-14 17:30:00,62.64,7.9933686,1.9999628,13.985631,0.03,0.10587957,95.81,7.9997687
2018-12-14 17:45:00,37.94,7.9933686,1.9999628,13.98467,0.02,0.010919428,99.49,7.9997687
2018-12-14 18:00:00,32.62,7.9933686,1.9999628,13.985631,0.01,0.0,99.53,7.9997687
2018-12-14 18:15:00,29.63,7.9933686,1.9999628,13.985631,0.01,0.008407372,99.24,7.9997687
2018-12-14 18:30:00,26.57,7.9933686,1.9999628,13.947843,0.01,0.0,99.85,7.9997687
2018-12-14 18:45:00,26.35,7.850453,1.9999628,13.864145,0.01,0.0,100.0,7.9997687
2018-12-14 19:00:00,26.32,7.850453,1.9999628,13.874289,0.01,0.0,100.0,7.9997687
2018-12-14 19:15:00,26.39,7.8653517,1.9999628,13.86986,0.01,0.0,100.0,7.9997687
2018-12-14 19:30:00,26.64,7.8653517,1.9999628,13.86986,0.01,0.0,100.0,7.9997687
2018-12-14 19:45:00,28.44,7.8653517,1.9999628,13.877398,0.01,0.0,100.0,7.9997687
2018-12-14 20:00:00,30.46,7.9933686,1.9999628,13.947843,0.01,0.0,100.0,7.9997687
2018-12-14 20:15:00,29.88,7.855104,1.9999628,13.837212,0.01,0.0,100.0,7.9997687
2018-12-14 20:30:00,30.06,7.985761,1.9999628,13.933113,0.01,0.0,99.99,7.9997687
2018-12-14 20:45:00,31.93,7.9933686,1.9999628,13.985631,0.01,0.0,99.99,7.9997687
2018-12-14 21:00:00,28.66,7.983482,1.9999628,13.92417,0.01,0.0,99.98,7.9997687
2018-12-14 21:15:00,5.76,6.050011,1.9999628,6.071466,0.0,0.0,100.0,7.9997687
2018-12-14 21:30:00,5.8,5.7042737,1.9999628,5.800526,0.0,0.0,100.0,7.9997687
2018-12-14 21:45:00,5.72,5.5287266,1.9999628,5.6595016,0.0,0.0,100.0,7.9997687
2018-12-14 22:00:00,5.69,5.536347,1.9999628,5.665854,0.0,0.0,100.0,7.9997687
2018-12-14 22:15:00,5.4,5.4020195,1.9999628,5.455648,0.0,0.010238398,81.42,7.9997687
2018-12-14 22:30:00,5.33,5.362519,1.9999628,5.4218197,0.0,0.0004535569,80.56,7.9997687
2018-12-14 22:45:00,5.33,5.3555055,1.9999628,5.2987437,0.0,0.005954061,80.56,7.9997687
2018-12-14 23:00:00,5.33,5.3421926,1.9999628,5.2987437,0.0,0.0014792581,80.27,7.9997687
2018-12-14 23:15:00,4.86,4.7103395,1.9999628,4.8456893,0.0,0.027288022,82.89,7.9997687
2018-12-14 23:30:00,4.03,3.916083,1.9999628,4.261023,0.0,0.0,79.26,7.9997687
2018-12-14 23:45:00,4.03,4.061641,1.9999628,4.131519,0.0,0.0,78.98,7.9997687
2018-12-15 00:00:00,3.28,3.2345624,1.9999628,3.639208,0.0,0.037556697,84.8,7.9997687
2018-12-15 00:15:00,4.14,4.1665163,1.9999628,4.2741127,0.0,0.0266678,76.73,7.9997687
2018-12-15 00:30:00,4.1,4.0166793,1.9999628,4.1056037,0.0,0.025658876,72.54,7.9997687
2018-12-15 00:45:00,4.07,3.9786787,1.9999628,3.9915016,0.0,0.012000856,72.91,7.9997687
2018-12-15 01:00:00,4.14,4.0720806,1.9999628,4.0494075,0.0,0.026632365,72.61,7.9997687
2018-12-15 01:15:00,4.14,4.176431,1.9999628,4.216994,0.0,0.014544586,72.26,7.9997687
2018-12-15 01:30:00,4.14,4.176431,1.9999628,4.1865563,0.0,0.014544586,71.66,7.9997687
2018-12-15 01:45:00,4.14,4.176431,1.9999628,4.185211,0.0,0.01892879,71.31,7.9997687
2018-12-15 02:00:00,4.1,4.1453085,1.9999628,4.1476283,0.0,0.038144145,70.71,7.9997687
2018-12-15 02:15:00,4.1,4.134413,1.9999628,4.139653,0.0,0.03130227,70.71,7.9997687
2018-12-15 02:30:00,4.21,4.2623396,1.9999628,4.2915826,0.0,0.02933491,71.9,7.9997687
2018-12-15 02:45:00,4.1,4.0998993,1.9999628,4.0684733,0.0,0.020318573,71.32,7.9997687
2018-12-15 03:00:00,4.18,4.2145987,1.9999628,4.2532105,0.0,0.0530175,69.54,7.9997687
2018-12-15 03:15:00,4.82,4.8685436,1.9999628,4.8338423,0.0,0.038841866,75.55,7.9997687
2018-12-15 03:30:00,5.26,5.16903,1.9999628,5.2507043,0.0,0.0,76.99,7.9997687
2018-12-15 03:45:00,4.18,4.2939463,1.9999628,4.5388966,0.0,0.016367652,69.54,7.9997687
2018-12-15 04:00:00,4.14,4.184649,1.9999628,4.3310757,0.0,0.008673249,69.78,7.9997687
2018-12-15 04:15:00,4.14,4.1556153,1.9999628,4.2209,0.0,0.00077852036,66.58,7.9997687
2018-12-15 04:30:00,3.82,3.8273826,1.9999628,4.0479503,0.0,0.0048914193,72.11,7.9997687
2018-12-15 04:45:00,3.46,3.4721785,1.9999628,3.5853062,0.0,0.035553068,76.42,7.9997687
2018-12-15 05:00:00,3.49,3.4778504,1.9999628,3.5118868,0.0,0.023808245,76.37,7.9997687
2018-12-15 05:15:00,3.42,3.3951182,1.9999628,3.4119916,0.0,0.028430391,78.04,7.9997687
2018-12-15 05:30:00,3.42,3.4062548,1.9999628,3.3985517,0.0,0.019170132,76.93,7.9997687
2018-12-15 05:45:00,3.42,3.4107957,1.9999628,3.4116237,0.0,0.017055973,76.93,7.9997687
2018-12-15 06:00:00,3.38,3.3519874,1.9999628,3.3581998,0.0,0.0065902267,77.68,7.9997687
2018-12-15 06:15:00,3.46,3.467804,1.9999628,3.4483101,0.0,0.0,77.63,7.9997687
2018-12-15 06:30:00,3.42,3.4054518,1.9999628,3.413566,0.0,0.0,77.71,7.9997687
2018-12-15 06:45:00,3.49,3.4905968,1.9999628,3.5187058,0.0,0.0,73.71,7.9997687
2018-12-15 07:00:00,4.57,4.7122326,1.9999628,4.648877,0.0,0.0,72.12,7.9997687
2018-12-15 07:15:00,4.43,4.3852186,1.9999628,4.4168105,0.0,0.0343679,72.73,7.9997687
2018-12-15 07:30:00,4.1,4.151822,1.9999628,4.3052454,0.0,0.026784904,72.54,7.9997687
2018-12-15 07:45:00,4.07,4.077845,1.9999628,4.1702614,0.0,0.018733295,72.65,7.9997687
2018-12-15 08:00:00,3.64,3.7273812,1.9999628,4.0669465,0.0,0.03129552,75.82,7.9997687
2018-12-15 08:15:00,3.35,3.355998,1.9999628,3.615006,0.0,0.021226717,79.46,7.9997687
2018-12-15 08:30:00,3.35,3.350988,1.9999628,3.5247638,0.0,0.02105773,79.91,7.9997687
2018-12-15 08:45:00,3.38,3.3694444,1.9999628,3.5122018,0.0,0.0,95.58,7.9997687
2018-12-15 09:00:00,3.49,3.4874182,1.9999628,3.4974844,0.0,0.0,100.0,7.9997687
2018-12-15 09:15:00,3.56,3.565476,1.9999628,3.585983,0.0,0.0,100.0,7.9997687
2018-12-15 09:30:00,3.38,3.440219,1.9999628,3.3848546,0.0,0.0,100.0,7.9997687
2018-12-15 09:45:00,3.42,3.4082594,1.9999628,3.3827283,0.0,0.0,100.0,7.9997687
2018-12-15 10:00:00,3.35,3.341331,1.9999628,3.3475473,0.0,0.0,100.0,7.9997687
2018-12-15 10:15:00,3.35,3.3269582,1.9999628,3.4009213,0.0,0.0,100.0,7.9997687
2018-12-15 10:30:00,3.35,3.3218174,1.9999628,3.3992028,0.0,0.0,100.0,7.9997687
2018-12-15 10:45:00,4.97,5.1434264,1.9999628,5.22904,0.0,0.0,100.0,7.9997687
2018-12-15 11:00:00,5.36,5.2468543,1.9999628,5.1561284,0.0,0.016218206,100.0,7.9997687
2018-12-15 11:15:00,4.28,4.4771233,1.9999628,4.5890474,0.0,0.00032637815,100.0,7.9997687
2018-12-15 11:30:00,4.18,4.224319,1.9999628,4.3937407,0.0,0.0074675754,100.0,7.9997687
2018-12-15 11:45:00,3.35,3.6976657,1.9999628,3.8541372,0.0,0.0,100.0,7.9997687
2018-12-15 12:00:00,3.38,3.3460813,1.9999628,3.5139904,0.0,0.0,100.0,7.9997687
2018-12-15 12:15:00,3.42,3.4417725,1.9999628,3.4320743,0.0,0.0,100.0,7.9997687
2018-12-15 12:30:00,3.42,3.416278,1.9999628,3.4419158,0.0,0.0,100.0,7.9997687
2018-12-15 12:45:00,3.42,3.4180083,1.9999628,3.4169464,0.0,0.0,100.0,7.9997687
2018-12-15 13:00:00,3.38,3.3434653,1.9999628,3.3621128,0.0,0.0,100.0,7.9997687
2018-12-15 13:15:00,3.31,3.2696013,1.9999628,3.329712,0.0,0.009152807,100.0,7.9997687
2018-12-15 13:30:00,3.35,3.3408804,1.9999628,3.3733368,0.0,0.0,100.0,7.9997687
2018-12-15 13:45:00,3.38,3.3558326,1.9999628,3.404937,0.0,0.0,100.0,7.9997687
2018-12-15 14:00:00,3.31,3.235165,1.9999628,3.3251016,0.0,0.0,100.0,7.9997687
2018-12-15 14:15:00,3.82,3.8203115,1.9999628,3.825804,0.0,0.01287947,100.0,7.9997687
2018-12-15 14:30:00,4.1,4.0459504,1.9999628,3.9997134,0.0,0.00078090315,100.0,7.9997687
2018-12-15 14:45:00,4.07,4.0025387,1.9999628,4.0946307,0.0,0.022341367,100.0,7.9997687
2018-12-15 15:00:00,4.21,4.2089105,1.9999628,4.2514586,0.0,0.021769498,100.0,7.9997687
2018-12-15 15:15:00,3.74,3.7692733,1.9999628,3.8967385,0.0,0.089070454,100.0,7.9997687
2018-12-15 15:30:00,3.74,3.667728,1.9999628,3.798189,0.0,0.048201375,100.0,7.9997687
2018-12-15 15:45:00,3.96,3.9359703,1.9999628,4.0175343,0.0,0.054704882,100.0,7.9997687
2018-12-15 16:00:00,3.28,3.4200854,1.9999628,3.5340788,0.0,0.040734693,100.0,7.9997687
2018-12-15 16:15:00,3.35,3.2912815,1.9999628,3.3650763,0.0,0.0180485,100.0,7.9997687
2018-12-15 16:30:00,3.28,3.2509882,1.9999628,3.3087847,0.0,0.07598725,100.0,7.9997687
2018-12-15 16:45:00,3.24,3.203288,1.9999628,3.2657824,0.0,0.03631885,100.0,7.9997687
2018-12-15 17:00:00,3.28,3.265495,1.9999628,3.3022916,0.0,0.005080679,100.0,7.9997687
2018-12-15 17:15:00,3.28,3.2843497,1.9999628,3.31919,0.0,0.016629456,100.0,7.9997687
2018-12-15 17:30:00,3.35,3.336323,1.9999628,3.378279,0.0,0.0,100.0,7.9997687
2018-12-15 17:45:00,4.18,4.1799774,1.9999628,4.360587,0.0,0.020225285,100.0,7.9997687
2018-12-15 18:00:00,4.1,4.0484614,1.9999628,4.03028,0.0,0.012747502,100.0,7.9997687
2018-12-15 18:15:00,4.1,4.0020676,1.9999628,3.9554245,0.0,0.0029670661,100.0,7.9997687
2018-12-15 18:30:00,4.1,4.0389266,1.9999628,4.020613,0.0,0.034778144,100.0,7.9997687
2018-12-15 18:45:00,4.03,4.027026,1.9999628,4.024434,0.0,0.020235684,100.0,7.9997687
2018-12-15 19:00:00,4.28,4.277276,1.9999628,4.415612,0.0,0.0,100.0,7.9997687
2018-12-15 19:15:00,3.49,3.5779026,1.9999628,3.6829329,0.0,0.020995993,100.0,7.9997687
2018-12-15 19:30:00,3.38,3.3437486,1.9999628,3.4055421,0.0,0.0,100.0,7.9997687
2018-12-15 19:45:00,3.35,3.3433363,1.9999628,3.3637457,0.0,0.00873448,100.0,7.9997687
2018-12-15 20:00:00,3.38,3.379554,1.9999628,3.3864598,0.0,0.0,100.0,7.9997687
2018-12-15 20:15:00,3.46,3.4750168,1.9999628,3.4828146,0.0,0.0051661725,100.0,7.9997687
2018-12-15 20:30:00,3.42,3.4146514,1.9999628,3.4325492,0.0,0.0,100.0,7.9997687
2018-12-15 20:45:00,3.35,3.3566625,1.9999628,3.3598435,0.0,0.0,100.0,7.9997687
2018-12-15 21:00:00,3.38,3.3761399,1.9999628,3.3922496,0.0,0.003831258,100.0,7.9997687
2018-12-15 21:15:00,3.96,3.9251614,1.9999628,4.0011024,0.0,0.0,100.0,7.9997687
2018-12-15 21:30:00,4.28,4.2492576,1.9999628,4.2685385,0.0,0.0,100.0,7.9997687
2018-12-15 21:45:00,4.25,4.199226,1.9999628,4.1709266,0.0,0.01018435,100.0,7.9997687
2018-12-15 22:00:00,4.18,4.076445,1.9999628,4.174062,0.0,0.0,100.0,7.9997687
2018-12-15 22:15:00,3.74,3.636514,1.9999628,3.8319378,0.0,0.002389731,85.18,7.9997687
2018-12-15 22:30:00,3.31,3.3400524,1.9999628,3.3954873,0.0,0.026129933,86.61,7.9997687
2018-12-15 22:45:00,4.07,4.0222187,1.9999628,4.205573,0.0,0.0008454487,85.67,7.9997687
2018-12-15 23:00:00,3.56,3.505894,1.9999628,3.6256797,0.0,0.007700514,86.66,7.9997687
2018-12-15 23:15:00,3.17,3.1933446,1.9999628,3.2109363,0.0,0.012751269,85.65,7.9997687
2018-12-15 23:30:00,3.24,3.2625613,1.9999628,3.2639465,0.0,0.038962323,86.15,7.9997687
2018-12-15 23:45:00,3.2,3.1955543,1.9999628,3.2041388,0.0,0.068619125,85.04,7.9997687
2018-12-16 00:00:00,4.21,4.13719,1.9999628,4.1610413,0.0,0.017214362,77.26,7.9997687
2018-12-16 00:15:00,3.24,3.2648337,1.9999628,3.481148,0.0,0.06397999,84.51,7.9997687
2018-12-16 00:30:00,3.28,3.2571921,1.9999628,3.295374,0.0,0.004278433,82.23,7.9997687
2018-12-16 00:45:00,3.28,3.271989,1.9999628,3.3187442,0.0,0.04509744,82.7,7.9997687
2018-12-16 01:00:00,3.85,3.861919,1.9999628,3.8042066,0.0,0.0053905766,77.59,7.9997687
2018-12-16 01:15:00,4.18,4.14727,1.9999628,4.016266,0.0,0.021908611,74.17,7.9997687
2018-12-16 01:30:00,4.07,3.9898393,1.9999628,4.038133,0.0,0.0,71.67,7.9997687
2018-12-16 01:45:00,4.07,3.9704478,1.9999628,3.9080534,0.0,0.0,72.91,7.9997687
2018-12-16 02:00:00,3.92,3.859535,1.9999628,3.9659247,0.0,0.0,74.69,7.9997687
2018-12-16 02:15:00,3.28,3.3681028,1.9999628,3.5510724,0.0,0.022143325,78.83,7.9997687
2018-12-16 02:30:00,3.42,3.4595978,1.9999628,3.4896948,0.0,0.0,79.27,7.9997687
2018-12-16 02:45:00,3.53,3.4837108,1.9999628,3.5686603,0.0,0.052012987,79.43,7.9997687
2018-12-16 03:00:00,4.14,4.149187,1.9999628,4.068744,0.0,0.0,73.85,7.9997687
2018-12-16 03:15:00,3.56,3.6231763,1.9999628,3.6430032,0.0,0.0,76.26,7.9997687
2018-12-16 03:30:00,3.35,3.4107792,1.9999628,3.3582094,0.0,0.0,77.86,7.9997687
2018-12-16 03:45:00,3.38,3.380534,1.9999628,3.3973613,0.0,0.005470063,77.34,7.9997687
2018-12-16 04:00:00,3.42,3.4482863,1.9999628,3.4105666,0.0,0.0,77.26,7.9997687
2018-12-16 04:15:00,3.42,3.4253016,1.9999628,3.4349527,0.0,0.0,76.05,7.9997687
2018-12-16 04:30:00,3.42,3.417813,1.9999628,3.4303823,0.0,0.0,74.52,7.9997687
2018-12-16 04:45:00,3.38,3.3521006,1.9999628,3.3960173,0.0,0.0,78.13,7.9997687
2018-12-16 05:00:00,4.07,4.007378,1.9999628,4.12488,0.0,0.0,73.27,7.9997687
2018-12-16 05:15:00,4.14,4.101816,1.9999628,4.029303,0.0,0.0,74.2,7.9997687
2018-12-16 05:30:00,4.07,4.039209,1.9999628,3.915123,0.0,0.0052846023,74.27,7.9997687
2018-12-16 05:45:00,4.07,4.036827,1.9999628,3.9463089,0.0,0.00935621,73.63,7.9997687
2018-12-16 06:00:00,3.53,3.5964806,1.9999628,3.7602549,0.0,0.0642787,77.91,7.9997687
2018-12-16 06:15:00,3.31,3.3564303,1.9999628,3.3721197,0.0,0.0,80.84,7.9997687
2018-12-16 06:30:00,3.35,3.3595498,1.9999628,3.3562799,0.0,0.06917425,80.72,7.9997687
2018-12-16 06:45:00,3.64,3.6477041,1.9999628,3.6899424,0.0,0.0,76.96,7.9997687
2018-12-16 07:00:00,4.07,4.0024548,1.9999628,4.0270042,0.0,0.0,73.27,7.9997687
2018-12-16 07:15:00,3.38,3.3502324,1.9999628,3.6142404,0.0,0.03415636,77.68,7.9997687
2018-12-16 07:30:00,3.28,3.2418664,1.9999628,3.383793,0.0,0.008598738,78.48,7.9997687
2018-12-16 07:45:00,3.89,3.9314325,1.9999628,3.969105,0.0,0.0,81.46,7.9997687
2018-12-16 08:00:00,3.96,3.9041317,1.9999628,3.9475029,0.0,0.107405536,82.23,7.9997687
2018-12-16 08:15:00,39.35,7.9008102,1.9999628,13.87532,0.02,0.0,78.63,7.9997687
2018-12-16 08:30:00,63.54,7.988451,1.9999628,13.981918,0.03,0.016075948,78.89,7.9997687
2018-12-16 08:45:00,65.02,7.992723,1.9999628,13.983518,0.03,0.06964509,83.04,7.9997687
2018-12-16 09:00:00,63.79,7.984841,1.9999628,13.981252,0.03,0.12522943,93.2,7.9997687
2018-12-16 09:15:00,61.7,7.9933686,1.9999628,13.985631,0.03,0.08752996,92.76,7.9997687
2018-12-16 09:30:00,64.8,7.9933686,1.9999628,13.985631,0.03,0.0,93.17,7.9997687
2018-12-16 09:45:00,51.16,7.9933686,1.9999628,13.985631,0.02,0.07374388,95.24,7.9997687
2018-12-16 10:00:00,55.01,7.9933686,1.9999628,13.985631,0.03,0.0,93.18,7.9997687
2018-12-16 10:15:00,61.81,7.9933686,1.9999628,13.985631,0.03,0.05803117,91.71,7.9997687
2018-12-16 10:30:00,72.18,7.9933686,1.9999628,13.985631,0.03,0.029080518,89.4,7.9997687
2018-12-16 10:45:00,54.86,7.9933686,1.9999628,13.985631,0.03,0.06747162,93.72,7.9997687
2018-12-16 11:00:00,66.78,7.9933686,1.9999628,13.985631,0.03,0.06373818,91.71,7.9997687
2018-12-16 11:15:00,69.95,7.9933686,1.9999628,13.985631,0.03,0.07170629,89.1,7.9997687
2018-12-16 11:30:00,53.35,7.9933686,1.9999628,13.985631,0.02,0.048166703,94.3,7.9997687
2018-12-16 11:45:00,55.51,7.9933686,1.9999628,13.985631,0.03,0.0644797,92.86,7.9997687
2018-12-16 12:00:00,11.81,7.4299474,1.9999628,11.231147,0.01,0.0,99.85,7.9997687
2018-12-16 12:15:00,5.65,5.4857326,1.9999628,5.880322,0.0,0.03728101,100.0,7.9997687
2018-12-16 12:30:00,5.54,5.627961,1.9999628,5.7752576,0.0,0.000772297,100.0,7.9997687
2018-12-16 12:45:00,5.44,5.3448367,1.9999628,5.512007,0.0,0.010275827,100.0,7.9997687
2018-12-16 13:00:00,5.33,5.399659,1.9999628,5.563649,0.0,0.009040319,100.0,7.9997687
2018-12-16 13:15:00,36.47,7.920819,1.9999628,13.849931,0.02,0.060210377,92.7,7.9997687
2018-12-16 13:30:00,63.72,7.993253,1.9999628,13.984171,0.03,0.0,90.6,7.9997687
2018-12-16 13:45:00,64.8,7.9933677,1.9999628,13.985349,0.03,0.06591536,89.56,7.9997687
2018-12-16 14:00:00,61.85,7.9895954,1.9999628,13.985349,0.03,0.081326775,91.9,7.9997687
2018-12-16 14:15:00,57.89,7.9933686,1.9999628,13.985631,0.03,0.066768855,93.34,7.9997687
2018-12-16 14:30:00,54.36,7.9933686,1.9999628,13.985631,0.02,0.043859273,93.9,7.9997687
2018-12-16 14:45:00,47.38,7.9933686,1.9999628,13.985631,0.02,0.03537306,95.35,7.9997687
2018-12-16 15:00:00,43.49,7.9933686,1.9999628,13.985631,0.02,0.06098765,97.68,7.9997687
2018-12-16 15:15:00,45.4,7.9933686,1.9999628,13.985631,0.02,0.04885723,95.93,7.9997687
2018-12-16 15:30:00,60.55,7.9933686,1.9999628,13.985631,0.03,0.082361795,89.97,7.9997687
2018-12-16 15:45:00,48.42,7.9933686,1.9999628,13.985631,0.02,0.02674971,94.79,7.9997687
2018-12-16 16:00:00,63.22,7.9933686,1.9999628,13.985631,0.03,0.0057188207,90.35,7.9997687
2018-12-16 16:15:00,62.64,7.9933686,1.9999628,13.985631,0.03,0.01113125,91.8,7.9997687
2018-12-16 16:30:00,66.02,7.9933686,1.9999628,13.985631,0.03,0.013760717,90.73,7.9997687
2018-12-16 16:45:00,35.42,7.985761,1.9999628,13.938267,0.02,0.07927097,96.51,7.9997687
2018-12-16 17:00:00,9.11,7.250841,1.9999628,8.770771,0.0,0.030393587,100.0,7.9997687
2018-12-16 17:15:00,8.06,7.2203593,1.9999628,8.365054,0.0,0.003990569,100.0,7.9997687
2018-12-16 17:30:00,7.74,7.438478,1.9999628,8.164125,0.0,0.0,100.0,7.9997687
2018-12-16 17:45:00,7.85,7.428046,1.9999628,8.1545,0.0,0.04272701,100.0,7.9997687
2018-12-16 18:00:00,6.73,6.434161,1.9999628,6.852442,0.0,0.011514919,100.0,7.9997687
2018-12-16 18:15:00,5.22,5.4156084,1.9999628,5.7046394,0.0,0.013124555,100.0,7.9997687
2018-12-16 18:30:00,5.69,5.5983677,1.9999628,5.6323733,0.0,0.0,100.0,7.9997687
2018-12-16 18:45:00,5.72,5.5881996,1.9999628,5.5166087,0.0,0.022000607,100.0,7.9997687
2018-12-16 19:00:00,5.69,5.5175347,1.9999628,5.563976,0.0,0.0,100.0,7.9997687
2018-12-16 19:15:00,5.72,5.5441413,1.9999628,5.5687957,0.0,0.008165357,100.0,7.9997687
2018-12-16 19:30:00,5.44,5.356769,1.9999628,5.449466,0.0,0.05490757,100.0,7.9997687
2018-12-16 19:45:00,4.46,4.3962426,1.9999628,4.7118115,0.0,0.020740606,100.0,7.9997687
2018-12-16 20:00:00,4.5,4.5331545,1.9999628,4.5730295,0.0,0.014471581,100.0,7.9997687
2018-12-16 20:15:00,4.46,4.4424744,1.9999628,4.4316454,0.0,0.0,100.0,7.9997687
2018-12-16 20:30:00,4.5,4.4645224,1.9999628,4.4787607,0.0,0.0,100.0,7.9997687
2018-12-16 20:45:00,4.54,4.56348,1.9999628,4.50688,0.0,0.010327071,100.0,7.9997687
2018-12-16 21:00:00,4.46,4.4419975,1.9999628,4.403774,0.0,0.0,100.0,7.9997687
2018-12-16 21:15:00,4.5,4.4793916,1.9999628,4.511029,0.0,0.0,100.0,7.9997687
2018-12-16 21:30:00,4.5,4.4965754,1.9999628,4.4428816,0.0,0.0,100.0,7.9997687
2018-12-16 21:45:00,4.57,4.553263,1.9999628,4.5627947,0.0,0.0,100.0,7.9997687
2018-12-16 22:00:00,4.57,4.522569,1.9999628,4.44448,0.0,0.010833159,100.0,7.9997687
2018-12-16 22:15:00,4.25,4.3352723,1.9999628,4.409805,0.0,0.014377661,76.3,7.9997687
2018-12-16 22:30:00,4.25,4.3069806,1.9999628,4.255293,0.0,0.0,74.11,7.9997687
2018-12-16 22:45:00,4.18,4.211633,1.9999628,4.228534,0.0,0.0,74.52,7.9997687
2018-12-16 23:00:00,5.44,5.28499,1.9999628,5.4738507,0.0,0.0,83.39,7.9997687
2018-12-16 23:15:00,4.82,4.9034777,1.9999628,4.956075,0.0,0.0030627144,83.31,7.9997687
2018-12-16 23:30:00,4.14,4.0594306,1.9999628,4.3093076,0.0,0.025034131,79.12,7.9997687
2018-12-16 23:45:00,4.18,4.158762,1.9999628,4.260449,0.0,0.0,79.04,7.9997687
2018-12-17 00:00:00,4.57,4.414353,1.9999628,4.551973,0.0,0.048834883,83.09,7.9997687
2018-12-17 00:15:00,4.25,4.274684,1.9999628,4.354787,0.0,0.049731083,77.55,7.9997687
2018-12-17 00:30:00,4.18,4.193686,1.9999628,4.2480216,0.0,0.04622087,77.03,7.9997687
2018-12-17 00:45:00,4.21,4.261096,1.9999628,4.2554464,0.0,0.044294607,76.99,7.9997687
2018-12-17 01:00:00,4.21,4.237934,1.9999628,4.2563834,0.0,0.055821333,76.99,7.9997687
2018-12-17 01:15:00,4.21,4.2400894,1.9999628,4.2389317,0.0,0.029044587,75.03,7.9997687
2018-12-17 01:30:00,4.36,4.427526,1.9999628,4.48987,0.0,0.032052133,74.96,7.9997687
2018-12-17 01:45:00,4.28,4.247085,1.9999628,4.329486,0.0,0.022977727,72.81,7.9997687
2018-12-17 02:00:00,4.28,4.3127933,1.9999628,4.2983203,0.0,0.023417717,73.74,7.9997687
2018-12-17 02:15:00,4.28,4.299197,1.9999628,4.292606,0.0,0.03139646,73.74,7.9997687
2018-12-17 02:30:00,3.71,3.863921,1.9999628,3.9083176,0.0,0.03964269,77.14,7.9997687
2018-12-17 02:45:00,4.32,4.3636737,1.9999628,4.4294868,0.0,0.027628668,72.79,7.9997687
2018-12-17 03:00:00,3.82,3.8839025,1.9999628,3.9497046,0.0,0.014099412,75.87,7.9997687
2018-12-17 03:15:00,3.53,3.5493405,1.9999628,3.581066,0.0,0.020369943,77.48,7.9997687
2018-12-17 03:30:00,3.53,3.5603268,1.9999628,3.5597558,0.0,0.0,77.91,7.9997687
2018-12-17 03:45:00,3.53,3.555852,1.9999628,3.5499148,0.0,0.0,78.67,7.9997687
2018-12-17 04:00:00,3.6,3.5914288,1.9999628,3.6108956,0.0,0.01638384,79.25,7.9997687
2018-12-17 04:15:00,3.53,3.5249624,1.9999628,3.5339947,0.0,0.0,79.0,7.9997687
2018-12-17 04:30:00,3.53,3.551599,1.9999628,3.496509,0.0,0.0,78.24,7.9997687
2018-12-17 04:45:00,4.1,4.0744166,1.9999628,4.0748353,0.0,0.0,74.78,7.9997687
2018-12-17 05:00:00,4.25,4.278947,1.9999628,4.2496634,0.0,0.013944017,73.16,7.9997687
2018-12-17 05:15:00,4.28,4.2827535,1.9999628,4.1222224,0.0,0.025913715,74.35,7.9997687
2018-12-17 05:30:00,4.25,4.274428,1.9999628,4.1512723,0.0,0.03316686,74.37,7.9997687
2018-12-17 05:45:00,3.64,3.6917145,1.9999628,3.887183,0.0,0.0848321,79.58,7.9997687
2018-12-17 06:00:00,3.49,3.509068,1.9999628,3.6162467,0.0,0.047132503,83.06,7.9997687
2018-12-17 06:15:00,3.46,3.451492,1.9999628,3.4797785,0.0,0.012765084,83.28,7.9997687
2018-12-17 06:30:00,4.32,4.367112,1.9999628,4.411137,0.0,0.0,81.6,7.9997687
2018-12-17 06:45:00,3.6,3.662071,1.9999628,3.6925387,0.0,0.0,83.1,7.9997687
2018-12-17 07:00:00,3.42,3.4574058,1.9999628,3.4715066,0.0,0.021843415,80.06,7.9997687
2018-12-17 07:15:00,3.49,3.4820817,1.9999628,3.6383698,0.0,0.0,76.7,7.9997687
2018-12-17 07:30:00,4.36,4.397583,1.9999628,4.500405,0.0,0.0,75.9,7.9997687
2018-12-17 07:45:00,6.19,6.353644,1.9999628,6.502412,0.0,0.026638236,83.12,7.9997687
2018-12-17 08:00:00,6.3,6.1695247,1.9999628,6.1820955,0.0,0.070224926,87.24,7.9997687
2018-12-17 08:15:00,6.48,6.385672,1.9999628,6.682556,0.0,0.04116729,87.19,7.9997687
2018-12-17 08:30:00,53.35,7.874823,1.9999628,13.892057,0.02,0.12892261,79.18,7.9997687
2018-12-17 08:45:00,46.94,7.9639316,1.9999628,13.96442,0.02,0.07826319,86.4,7.9997687
2018-12-17 09:00:00,52.06,7.9933677,1.9999628,13.985349,0.02,0.06385655,95.71,7.9997687
2018-12-17 09:15:00,54.83,7.9933677,1.9999628,13.985349,0.03,0.08637028,95.03,7.9997687
2018-12-17 09:30:00,56.12,7.9933686,1.9999628,13.985631,0.03,0.041182812,94.4,7.9997687
2018-12-17 09:45:00,58.0,7.9933686,1.9999628,13.985631,0.03,0.03191919,93.75,7.9997687
2018-12-17 10:00:00,50.08,7.9933686,1.9999628,13.985631,0.02,0.032812104,95.64,7.9997687
2018-12-17 10:15:00,46.04,7.9933686,1.9999628,13.985631,0.02,0.064554244,96.94,7.9997687
2018-12-17 10:30:00,49.54,7.9933686,1.9999628,13.985631,0.02,0.06167698,95.62,7.9997687
2018-12-17 10:45:00,54.14,7.9933686,1.9999628,13.985631,0.02,0.054819945,94.93,7.9997687
2018-12-17 11:00:00,53.78,7.9933686,1.9999628,13.985631,0.02,0.080526635,94.79,7.9997687
2018-12-17 11:15:00,52.67,7.9933686,1.9999628,13.985631,0.02,0.05975821,95.17,7.9997687
2018-12-17 11:30:00,55.84,7.9933686,1.9999628,13.985631,0.03,0.050992247,93.86,7.9997687
2018-12-17 11:45:00,49.64,7.9933686,1.9999628,13.985631,0.02,0.038796704,95.85,7.9997687
2018-12-17 12:00:00,54.5,7.9933805,1.9999628,13.984885,0.02,0.078924276,92.37,7.9997687
2018-12-17 12:15:00,11.12,7.6458774,1.9999628,10.131997,0.01,0.045264672,99.7,7.9997687
2018-12-17 12:30:00,7.06,6.7838316,1.9999628,7.4532743,0.0,0.019997526,100.0,7.9997687
2018-12-17 12:45:00,7.13,7.140483,1.9999628,7.334671,0.0,0.03606629,100.0,7.9997687
2018-12-17 13:00:00,8.21,7.3716235,1.9999628,7.864748,0.0,0.0029409304,100.0,7.9997687
2018-12-17 13:15:00,33.26,7.90061,1.9999628,13.555812,0.02,0.0074914014,97.4,7.9997687
2018-12-17 13:30:00,56.99,7.993313,1.9999628,13.98462,0.03,0.03708866,92.73,7.9997687
2018-12-17 13:45:00,56.59,7.9895954,1.9999628,13.985349,0.03,0.07867978,93.09,7.9997687
2018-12-17 14:00:00,55.08,7.9895954,1.9999628,13.985349,0.03,0.066943526,94.2,7.9997687
2018-12-17 14:15:00,51.05,7.9933686,1.9999628,13.985631,0.02,0.0519126,94.52,7.9997687
2018-12-17 14:30:00,47.95,7.9933686,1.9999628,13.985631,0.02,0.022150353,96.18,7.9997687
2018-12-17 14:45:00,57.82,7.9933686,1.9999628,13.985631,0.03,0.08763119,92.84,7.9997687
2018-12-17 15:00:00,59.11,7.9933686,1.9999628,13.985631,0.03,0.10174277,92.13,7.9997687
2018-12-17 15:15:00,60.62,7.9933686,1.9999628,13.985631,0.03,0.09084809,90.26,7.9997687
2018-12-17 15:30:00,53.6,7.9933686,1.9999628,13.985631,0.02,0.07158943,94.29,7.9997687
2018-12-17 15:45:00,60.44,7.9933686,1.9999628,13.985631,0.03,0.10200781,92.94,7.9997687
2018-12-17 16:00:00,67.5,7.9933686,1.9999628,13.985631,0.03,0.041788243,90.06,7.9997687
2018-12-17 16:15:00,85.86,7.9933686,1.9999628,13.985631,0.04,0.08894097,86.38,7.9997687
2018-12-17 16:30:00,82.33,7.9933686,1.9999628,13.985631,0.04,0.09330046,86.0,7.9997687
2018-12-17 16:45:00,59.8,7.9933686,1.9999628,13.98467,0.03,0.018860077,92.84,7.9997687
2018-12-17 17:00:00,60.37,7.9933686,1.9999628,13.985631,0.03,0.020502128,92.32,7.9997687
2018-12-17 17:15:00,56.38,7.9933686,1.9999628,13.985631,0.03,0.06663464,92.65,7.9997687
2018-12-17 17:30:00,52.99,7.9933686,1.9999628,13.985631,0.02,0.12925671,94.55,7.9997687
2018-12-17 17:45:00,35.35,7.983051,1.9999628,13.936609,0.02,0.06045002,100.0,7.9997687
2018-12-17 18:00:00,31.32,7.9933686,1.9999628,13.964933,0.01,0.050095584,99.73,7.9997687
2018-12-17 18:15:00,16.09,7.98111,1.9999628,13.910885,0.01,0.026537672,99.54,7.9997687
2018-12-17 18:30:00,6.37,6.2767954,1.9999628,6.9748063,0.0,0.024809396,100.0,7.9997687
2018-12-17 18:45:00,5.8,5.8903604,1.9999628,5.976713,0.0,0.07124848,100.0,7.9997687
2018-12-17 19:00:00,5.54,5.5180907,1.9999628,5.5609574,0.0,0.041248586,100.0,7.9997687
2018-12-17 19:15:00,5.54,5.447083,1.9999628,5.5279317,0.0,0.024181265,100.0,7.9997687
2018-12-17 19:30:00,5.62,5.4243016,1.9999628,5.658987,0.0,0.038664006,100.0,7.9997687
2018-12-17 19:45:00,5.54,5.3268633,1.9999628,5.492038,0.0,0.02822912,100.0,7.9997687
2018-12-17 20:00:00,5.62,5.384959,1.9999628,5.6068707,0.0,0.03637409,100.0,7.9997687
2018-12-17 20:15:00,5.54,5.2783117,1.9999628,5.406113,0.0,0.009548103,100.0,7.9997687
2018-12-17 20:30:00,4.75,4.619952,1.9999628,4.8519554,0.0,0.029438399,100.0,7.9997687
2018-12-17 20:45:00,4.46,4.544224,1.9999628,4.5881205,0.0,0.0,100.0,7.9997687
2018-12-17 21:00:00,4.46,4.4160814,1.9999628,4.4487386,0.0,0.008125281,100.0,7.9997687
2018-12-17 21:15:00,4.43,4.3728766,1.9999628,4.428162,0.0,0.0021273857,100.0,7.9997687
2018-12-17 21:30:00,4.43,4.391275,1.9999628,4.441606,0.0,0.011921186,100.0,7.9997687
2018-12-17 21:45:00,4.46,4.425025,1.9999628,4.4362087,0.0,0.0009945934,100.0,7.9997687
2018-12-17 22:00:00,4.46,4.395763,1.9999628,4.4362087,0.0,0.0,100.0,7.9997687
2018-12-17 22:15:00,4.14,4.1875644,1.9999628,4.2822456,0.0,0.016181111,75.1,7.9997687
2018-12-17 22:30:00,4.18,4.2095027,1.9999628,4.195673,0.0,0.0,73.82,7.9997687
2018-12-17 22:45:00,4.21,4.2582603,1.9999628,4.224797,0.0,0.0,73.8,7.9997687
2018-12-17 23:00:00,4.18,4.180936,1.9999628,4.2156844,0.0,0.017672675,74.79,7.9997687
2018-12-17 23:15:00,4.14,4.160454,1.9999628,4.13043,0.0,0.0,77.1,7.9997687
2018-12-17 23:30:00,4.07,4.113831,1.9999628,4.031101,0.0,0.0,79.93,7.9997687
2018-12-17 23:45:00,4.07,4.100853,1.9999628,4.076664,0.0,0.0,80.31,7.9997687
2018-12-18 00:00:00,4.14,4.018981,1.9999628,4.210721,0.0,0.042330768,79.12,7.9997687
2018-12-18 00:15:00,5.22,5.123299,1.9999628,5.3159513,0.0,0.006341926,88.05,7.9997687
2018-12-18 00:30:00,4.68,4.5336685,1.9999628,4.6971645,0.0,0.026501229,82.22,7.9997687
2018-12-18 00:45:00,4.14,4.1087027,1.9999628,4.2662587,0.0,0.042724982,74.2,7.9997687
2018-12-18 01:00:00,4.1,4.13911,1.9999628,4.2161064,0.0,0.044690557,76.15,7.9997687
2018-12-18 01:15:00,4.18,4.2113934,1.9999628,4.2654147,0.0,0.058532413,77.4,7.9997687
2018-12-18 01:30:00,4.07,4.094429,1.9999628,4.1778574,0.0,0.076751545,77.21,7.9997687
2018-12-18 01:45:00,4.18,4.2145123,1.9999628,4.281882,0.0,0.08032461,77.4,7.9997687
2018-12-18 02:00:00,4.1,4.117168,1.9999628,4.150013,0.0,0.016951885,74.15,7.9997687
2018-12-18 02:15:00,4.18,4.195443,1.9999628,4.2464023,0.0,0.03797236,76.13,7.9997687
2018-12-18 02:30:00,4.14,4.1485543,1.9999628,4.128077,0.0,0.013948513,75.46,7.9997687
2018-12-18 02:45:00,4.21,4.270058,1.9999628,4.331069,0.0,0.047443133,75.03,7.9997687
2018-12-18 03:00:00,4.18,4.2035513,1.9999628,4.1784263,0.0,0.032083005,76.76,7.9997687
2018-12-18 03:15:00,3.6,3.7128425,1.9999628,3.7728608,0.0,0.063117474,78.51,7.9997687
2018-12-18 03:30:00,3.42,3.4328957,1.9999628,3.5249176,0.0,0.08615401,82.53,7.9997687
2018-12-18 03:45:00,3.42,3.4142246,1.9999628,3.4418461,0.0,0.03557744,82.08,7.9997687
2018-12-18 04:00:00,3.38,3.3531375,1.9999628,3.389579,0.0,0.06621632,82.67,7.9997687
2018-12-18 04:15:00,3.42,3.4324875,1.9999628,3.36926,0.0,0.007931007,83.77,7.9997687
2018-12-18 04:30:00,3.71,3.6998663,1.9999628,3.733118,0.0,0.020399574,82.31,7.9997687
2018-12-18 04:45:00,4.18,4.1605973,1.9999628,4.1154294,0.0,0.0,80.05,7.9997687
2018-12-18 05:00:00,3.53,3.5495505,1.9999628,3.633602,0.0,0.04461147,81.83,7.9997687
2018-12-18 05:15:00,3.46,3.4210753,1.9999628,3.45848,0.0,0.02649141,82.83,7.9997687
2018-12-18 05:30:00,3.38,3.351831,1.9999628,3.419616,0.0,0.023195688,82.67,7.9997687
2018-12-18 05:45:00,4.03,4.043,1.9999628,3.9989784,0.0,0.033866387,78.31,7.9997687
2018-12-18 06:00:00,4.14,4.139714,1.9999628,4.0280304,0.0,0.045624793,78.11,7.9997687
2018-12-18 06:15:00,3.6,3.6594563,1.9999628,3.6452515,0.0,0.028333422,82.67,7.9997687
2018-12-18 06:30:00,3.38,3.414291,1.9999628,3.3684635,0.0,0.05087833,83.81,7.9997687
2018-12-18 06:45:00,3.35,3.3341198,1.9999628,3.3604326,0.0,0.019281555,83.59,7.9997687
2018-12-18 07:00:00,3.31,3.2803974,1.9999628,3.3600216,0.0,0.020056717,84.21,7.9997687
2018-12-18 07:15:00,3.28,3.2879453,1.9999628,3.3284614,0.0,0.0013399284,83.98,7.9997687
2018-12-18 07:30:00,3.42,3.4229445,1.9999628,3.5414908,0.0,0.008559737,83.77,7.9997687
2018-12-18 07:45:00,5.58,5.818082,1.9999628,5.6897435,0.0,0.028169502,89.12,7.9997687
2018-12-18 08:00:00,7.27,6.4587355,1.9999628,7.3061566,0.0,0.020918079,95.34,7.9997687
2018-12-18 08:15:00,38.38,7.8768034,1.9999628,13.875353,0.02,0.04053902,80.35,7.9997687
2018-12-18 08:30:00,72.86,7.985852,1.9999628,13.98246,0.03,0.019937346,78.86,7.9997687
2018-12-18 08:45:00,66.42,7.9895954,1.9999628,13.985349,0.03,0.023527972,81.37,7.9997687
2018-12-18 09:00:00,81.4,7.9933677,1.9999628,13.985349,0.04,0.031884916,88.25,7.9997687
2018-12-18 09:15:00,66.28,7.9933686,1.9999628,13.985631,0.03,0.026202012,90.96,7.9997687
2018-12-18 09:30:00,78.3,7.9933686,1.9999628,13.985631,0.04,0.027757362,87.62,7.9997687
2018-12-18 09:45:00,77.72,7.9933686,1.9999628,13.985631,0.04,0.016022732,88.85,7.9997687
2018-12-18 10:00:00,74.59,7.9933686,1.9999628,13.985631,0.03,0.0,89.11,7.9997687
2018-12-18 10:15:00,63.04,7.9933686,1.9999628,13.985631,0.03,0.0,91.23,7.9997687
2018-12-18 10:30:00,58.68,7.9933686,1.9999628,13.985631,0.03,0.0,93.81,7.9997687
2018-12-18 10:45:00,62.96,7.9933686,1.9999628,13.985631,0.03,0.010533651,91.43,7.9997687
2018-12-18 11:00:00,68.36,7.9933686,1.9999628,13.985631,0.03,0.0029146224,92.21,7.9997687
2018-12-18 11:15:00,60.05,7.9933686,1.9999628,13.985631,0.03,0.0,92.19,7.9997687
2018-12-18 11:30:00,58.82,7.9933686,1.9999628,13.985631,0.03,0.016830798,93.15,7.9997687
2018-12-18 11:45:00,64.73,7.9933686,1.9999628,13.985631,0.03,0.0,91.31,7.9997687
2018-12-18 12:00:00,67.54,7.9933805,1.9999628,13.984885,0.03,0.017333064,90.98,7.9997687
2018-12-18 12:15:00,8.14,6.940279,1.9999628,8.00672,0.0,0.0,100.0,7.9997687
2018-12-18 12:30:00,8.64,7.6100535,1.9999628,8.777887,0.0,0.0015884753,100.0,7.9997687
2018-12-18 12:45:00,8.78,7.6198654,1.9999628,8.677939,0.0,0.0047468413,100.0,7.9997687
2018-12-18 13:00:00,9.4,7.677673,1.9999628,8.80463,0.0,0.0,100.0,7.9997687
2018-12-18 13:15:00,52.45,7.9151616,1.9999628,13.949316,0.02,0.009331783,91.56,7.9997687
2018-12-18 13:30:00,67.46,7.993313,1.9999628,13.98462,0.03,0.050477497,88.75,7.9997687
2018-12-18 13:45:00,62.53,7.9895954,1.9999628,13.985349,0.03,0.013901129,90.59,7.9997687
2018-12-18 14:00:00,62.46,7.9933677,1.9999628,13.985349,0.03,0.06795337,89.76,7.9997687
2018-12-18 14:15:00,67.18,7.9933686,1.9999628,13.985631,0.03,0.04492189,93.43,7.9997687
2018-12-18 14:30:00,113.51,7.9933686,1.9999628,13.985631,0.05,0.0,93.0,7.9997687
2018-12-18 14:45:00,99.5,7.9933686,1.9999628,13.985631,0.05,0.076166965,93.9,7.9997687
2018-12-18 15:00:00,68.0,7.9933686,1.9999628,13.98467,0.03,0.0,94.68,7.9997687
2018-12-18 15:15:00,120.82,7.9933686,1.9999628,13.985631,0.06,0.03836879,92.08,7.9997687
2018-12-18 15:30:00,79.45,7.9933686,1.9999628,13.98467,0.04,0.020703861,92.55,7.9997687
2018-12-18 15:45:00,117.68,7.9933686,1.9999628,13.985631,0.05,0.054946452,90.41,7.9997687
2018-12-18 16:00:00,114.08,7.9933686,1.9999628,13.985631,0.05,0.058252096,91.63,7.9997687
2018-12-18 16:15:00,106.27,7.9933686,1.9999628,13.985631,0.05,0.03126242,92.36,7.9997687
2018-12-18 16:30:00,93.28,7.9933686,1.9999628,13.985631,0.04,0.0,89.96,7.9997687
2018-12-18 16:45:00,127.58,7.9933686,1.9999628,13.985631,0.06,0.084410995,91.48,7.9997687
2018-12-18 17:00:00,94.61,7.9933686,1.9999628,13.98467,0.04,0.10505644,91.46,7.9997687
2018-12-18 17:15:00,101.02,7.9933686,1.9999628,13.985631,0.05,0.09169959,91.99,7.9997687
2018-12-18 17:30:00,112.14,7.9933686,1.9999628,13.985631,0.05,0.07095633,93.16,7.9997687
2018-12-18 17:45:00,68.08,7.9933686,1.9999628,13.9829645,0.03,0.0077489447,96.84,7.9997687
2018-12-18 18:00:00,15.95,7.6792164,1.9999628,13.559757,0.01,0.0033957008,100.0,7.9997687
2018-12-18 18:15:00,7.16,5.7738047,1.9999628,7.0257716,0.0,0.0,100.0,7.9997687
2018-12-18 18:30:00,5.58,5.7499337,1.9999628,5.9024596,0.0,0.015218712,100.0,7.9997687
2018-12-18 18:45:00,5.65,5.519215,1.9999628,5.6359015,0.0,0.023538563,100.0,7.9997687
2018-12-18 19:00:00,5.0,4.888138,1.9999628,5.216922,0.0,0.024773095,100.0,7.9997687
2018-12-18 19:15:00,4.5,4.593571,1.9999628,4.8124557,0.0,0.0,100.0,7.9997687
2018-12-18 19:30:00,4.39,4.439716,1.9999628,4.543495,0.0,0.027772486,100.0,7.9997687
2018-12-18 19:45:00,4.43,4.452385,1.9999628,4.44858,0.0,0.00063925807,100.0,7.9997687
2018-12-18 20:00:00,4.39,4.382812,1.9999628,4.4202266,0.0,0.018181892,100.0,7.9997687
2018-12-18 20:15:00,4.43,4.4208574,1.9999628,4.4562793,0.0,0.021119278,100.0,7.9997687
2018-12-18 20:30:00,4.36,4.316555,1.9999628,4.4029264,0.0,0.026327398,100.0,7.9997687
2018-12-18 20:45:00,4.39,4.388205,1.9999628,4.388179,0.0,0.01134374,100.0,7.9997687
2018-12-18 21:00:00,4.43,4.420407,1.9999628,4.4608226,0.0,0.0,100.0,7.9997687
2018-12-18 21:15:00,4.39,4.3541756,1.9999628,4.4230256,0.0,0.017322289,100.0,7.9997687
2018-12-18 21:30:00,4.46,4.443618,1.9999628,4.553589,0.0,0.0,100.0,7.9997687
2018-12-18 21:45:00,4.39,4.3009443,1.9999628,4.405509,0.0,0.026045498,100.0,7.9997687
2018-12-18 22:00:00,4.39,4.320541,1.9999628,4.388792,0.0,0.010414317,100.0,7.9997687
2018-12-18 22:15:00,4.25,4.193197,1.9999628,4.3701577,0.0,0.055060867,77.55,7.9997687
2018-12-18 22:30:00,5.18,5.134524,1.9999628,5.0168867,0.0,0.024478093,81.08,7.9997687
2018-12-18 22:45:00,5.15,5.154674,1.9999628,4.8747945,0.0,0.0035779946,81.44,7.9997687
2018-12-18 23:00:00,4.14,4.2184567,1.9999628,4.420638,0.0,0.0,75.1,7.9997687
2018-12-18 23:15:00,4.14,4.1337156,1.9999628,4.2701945,0.0,0.03039727,77.46,7.9997687
2018-12-18 23:30:00,4.14,4.1271987,1.9999628,4.1720486,0.0,0.0,80.42,7.9997687
2018-12-18 23:45:00,4.1,4.114029,1.9999628,4.1706414,0.0,0.0,79.11,7.9997687
2018-12-19 00:00:00,3.92,3.6752357,1.9999628,3.8505259,0.0,0.03474883,84.8,7.9997687
2018-12-19 00:15:00,4.14,4.17918,1.9999628,4.273547,0.0,0.091446124,77.74,7.9997687
2018-12-19 00:30:00,4.14,4.1531444,1.9999628,4.214971,0.0,0.09341347,77.1,7.9997687
2018-12-19 00:45:00,4.14,4.1579113,1.9999628,4.127917,0.0,0.06779854,76.73,7.9997687
2018-12-19 01:00:00,4.21,4.241515,1.9999628,4.2282457,0.0,0.04174574,76.99,7.9997687
2018-12-19 01:15:00,4.14,4.1789303,1.9999628,4.138411,0.0,0.012115216,75.82,7.9997687
2018-12-19 01:30:00,4.14,4.1970167,1.9999628,4.184426,0.0,0.07094973,76.73,7.9997687
2018-12-19 01:45:00,4.18,4.2415237,1.9999628,4.219252,0.0,0.031104052,77.03,7.9997687
2018-12-19 02:00:00,4.18,4.2429338,1.9999628,4.2287383,0.0,0.0519495,77.76,7.9997687
2018-12-19 02:15:00,4.93,4.981779,1.9999628,4.9748073,0.0,0.06119121,82.71,7.9997687
2018-12-19 02:30:00,5.26,5.228525,1.9999628,5.2576337,0.0,0.013190403,83.84,7.9997687
2018-12-19 02:45:00,4.14,4.196465,1.9999628,4.5280504,0.0,0.04647903,77.74,7.9997687
2018-12-19 03:00:00,4.14,4.1781926,1.9999628,4.3340235,0.0,0.06499401,77.1,7.9997687
2018-12-19 03:15:00,4.1,4.0887113,1.9999628,4.1793985,0.0,0.03822965,76.42,7.9997687
2018-12-19 03:30:00,4.25,4.3038945,1.9999628,4.368569,0.0,0.0,76.3,7.9997687
2018-12-19 03:45:00,3.82,3.8935404,1.9999628,3.9689984,0.0,0.057754647,78.45,7.9997687
2018-12-19 04:00:00,3.49,3.5280776,1.9999628,3.5917547,0.0,0.05595361,82.29,7.9997687
2018-12-19 04:15:00,3.42,3.4063458,1.9999628,3.438932,0.0,0.03177707,81.74,7.9997687
2018-12-19 04:30:00,3.42,3.416998,1.9999628,3.437135,0.0,0.02619855,80.96,7.9997687
2018-12-19 04:45:00,3.49,3.4921231,1.9999628,3.5099463,0.0,0.038680363,82.62,7.9997687
2018-12-19 05:00:00,3.38,3.3699327,1.9999628,3.3393342,0.0,0.05258265,82.67,7.9997687
2018-12-19 05:15:00,3.42,3.4431624,1.9999628,3.3769789,0.0,0.018591622,82.08,7.9997687
2018-12-19 05:30:00,3.38,3.3550072,1.9999628,3.3609715,0.0,0.022747802,82.67,7.9997687
2018-12-19 05:45:00,3.42,3.444168,1.9999628,3.3793437,0.0,0.0,83.77,7.9997687
2018-12-19 06:00:00,3.42,3.420065,1.9999628,3.4143953,0.0,0.013248708,84.1,7.9997687
2018-12-19 06:15:00,4.07,4.098521,1.9999628,4.004409,0.0,0.017333029,82.67,7.9997687
2018-12-19 06:30:00,4.18,4.1708536,1.9999628,4.0652432,0.0,0.0,81.98,7.9997687
2018-12-19 06:45:00,3.96,3.8800774,1.9999628,3.8778114,0.0,0.018557344,80.19,7.9997687
2018-12-19 07:00:00,4.1,4.1402636,1.9999628,4.1464524,0.0,0.008428444,79.49,7.9997687
2018-12-19 07:15:00,4.1,4.069716,1.9999628,4.160577,0.0,0.09864753,82.49,7.9997687
2018-12-19 07:30:00,4.07,4.0822134,1.9999628,4.1503234,0.0,0.09704104,82.01,7.9997687
2018-12-19 07:45:00,5.76,5.776776,1.9999628,5.8348327,0.0,0.025872122,89.19,7.9997687
2018-12-19 08:00:00,6.23,5.928317,1.9999628,6.1680098,0.0,0.027261185,91.97,7.9997687
2018-12-19 08:15:00,36.14,7.898706,1.9999628,13.885622,0.02,0.024976533,81.76,7.9997687
2018-12-19 08:30:00,70.81,7.9927473,1.9999628,13.980753,0.03,0.061215468,80.63,7.9997687
2018-12-19 08:45:00,59.54,7.9895954,1.9999628,13.985349,0.03,0.045560062,85.41,7.9997687
2018-12-19 09:00:00,63.86,7.9933677,1.9999628,13.985349,0.03,0.04325651,93.84,7.9997687
2018-12-19 09:15:00,77.4,7.9933686,1.9999628,13.985631,0.04,0.028302653,87.47,7.9997687
2018-12-19 09:30:00,65.23,7.9933686,1.9999628,13.985631,0.03,0.036412984,89.42,7.9997687
2018-12-19 09:45:00,69.3,7.9933686,1.9999628,13.985631,0.03,0.023798948,87.86,7.9997687
2018-12-19 10:00:00,61.13,7.9933686,1.9999628,13.985631,0.03,0.021339988,91.54,7.9997687
2018-12-19 10:15:00,61.16,7.9933686,1.9999628,13.985631,0.03,0.03803282,92.17,7.9997687
2018-12-19 10:30:00,70.42,7.9933686,1.9999628,13.985631,0.03,0.0032915007,91.3,7.9997687
2018-12-19 10:45:00,63.68,7.9933686,1.9999628,13.985631,0.03,0.02892399,91.73,7.9997687
2018-12-19 11:00:00,83.09,7.9933686,1.9999628,13.985631,0.04,0.06348203,88.39,7.9997687
2018-12-19 11:15:00,140.8,7.9933686,1.9999628,13.985631,0.06,0.060412265,89.6,7.9997687
2018-12-19 11:30:00,110.88,7.9933686,1.9999628,13.98467,0.05,0.052090913,92.06,7.9997687
2018-12-19 11:45:00,115.13,7.9933686,1.9999628,13.985631,0.05,0.065937854,91.11,7.9997687
2018-12-19 12:00:00,101.99,7.9933805,1.9999628,13.984885,0.05,0.05806634,90.29,7.9997687
2018-12-19 12:15:00,12.13,7.532336,1.9999628,11.41959,0.01,0.09363281,99.43,7.9997687
2018-12-19 12:30:00,6.66,6.8086057,1.9999628,7.284399,0.0,0.034387782,100.0,7.9997687
2018-12-19 12:45:00,6.8,6.7778482,1.9999628,6.9695024,0.0,0.019122174,100.0,7.9997687
2018-12-19 13:00:00,6.98,6.772864,1.9999628,7.017141,0.0,0.070562795,100.0,7.9997687
2018-12-19 13:15:00,62.42,7.920805,1.9999628,13.935847,0.03,0.012229784,94.45,7.9997687
2018-12-19 13:30:00,116.46,7.993313,1.9999628,13.98462,0.05,0.10797712,91.01,7.9997687
2018-12-19 13:45:00,89.86,7.9895954,1.9999628,13.985349,0.04,0.113578506,92.56,7.9997687
2018-12-19 14:00:00,98.03,7.9933677,1.9999628,13.985349,0.04,0.0,88.58,7.9997687
2018-12-19 14:15:00,149.18,7.9933686,1.9999628,13.985631,0.07,0.040840127,89.45,7.9997687
2018-12-19 14:30:00,116.64,7.9933686,1.9999628,13.98467,0.05,0.17197853,92.24,7.9997687
2018-12-19 14:45:00,105.48,7.9933686,1.9999628,13.985631,0.05,0.07966065,91.8,7.9997687
2018-12-19 15:00:00,145.22,7.9933686,1.9999628,13.985631,0.07,0.07053429,89.92,7.9997687
2018-12-19 15:15:00,101.38,7.9933686,1.9999628,13.9829645,0.05,0.06774367,93.05,7.9997687
2018-12-19 15:30:00,130.46,7.9933686,1.9999628,13.985631,0.06,0.14942169,90.79,7.9997687
2018-12-19 15:45:00,115.24,7.9933686,1.9999628,13.985631,0.05,0.12709174,91.45,7.9997687
2018-12-19 16:00:00,125.21,7.9933686,1.9999628,13.985631,0.06,0.011385864,90.62,7.9997687
2018-12-19 16:15:00,133.56,7.9933686,1.9999628,13.985631,0.06,0.07018013,90.08,7.9997687
2018-12-19 16:30:00,81.65,7.9933686,1.9999628,13.9829645,0.04,0.08017378,89.72,7.9997687
2018-12-19 16:45:00,62.68,7.9933686,1.9999628,13.985631,0.03,0.07312438,89.6,7.9997687
2018-12-19 17:00:00,125.5,7.9933686,1.9999628,13.985631,0.06,0.082595475,92.72,7.9997687
2018-12-19 17:15:00,68.0,7.9933686,1.9999628,13.9829645,0.03,0.011688446,97.05,7.9997687
2018-12-19 17:30:00,40.5,7.9933686,1.9999628,13.98467,0.02,0.04780782,99.46,7.9997687
2018-12-19 17:45:00,31.68,7.779006,1.9999628,13.848309,0.01,0.045773167,100.0,7.9997687
2018-12-19 18:00:00,26.82,7.9681835,1.9999628,13.939228,0.01,0.039976154,99.79,7.9997687
2018-12-19 18:15:00,5.98,6.0517445,1.9999628,8.250688,0.0,0.0,100.0,7.9997687
2018-12-19 18:30:00,5.47,5.605511,1.9999628,5.655564,0.0,0.0,100.0,7.9997687
2018-12-19 18:45:00,5.54,5.470389,1.9999628,5.645852,0.0,0.019198813,100.0,7.9997687
2018-12-19 19:00:00,5.44,5.403741,1.9999628,5.5608807,0.0,0.003453678,100.0,7.9997687
2018-12-19 19:15:00,5.47,5.449019,1.9999628,5.546094,0.0,0.0,100.0,7.9997687
2018-12-19 19:30:00,5.47,5.42546,1.9999628,5.492043,0.0,0.022580419,100.0,7.9997687
2018-12-19 19:45:00,5.4,5.391637,1.9999628,5.4750934,0.0,0.026915863,100.0,7.9997687
2018-12-19 20:00:00,5.33,5.232382,1.9999628,5.229805,0.0,0.0,100.0,7.9997687
2018-12-19 20:15:00,5.36,5.2103076,1.9999628,5.1684475,0.0,0.0,100.0,7.9997687
2018-12-19 20:30:00,5.33,5.2165275,1.9999628,5.156341,0.0,0.0,100.0,7.9997687
2018-12-19 20:45:00,5.44,5.271692,1.9999628,5.286821,0.0,0.0,100.0,7.9997687
2018-12-19 21:00:00,5.4,5.3741326,1.9999628,5.3925242,0.0,0.0,100.0,7.9997687
2018-12-19 21:15:00,5.4,5.195762,1.9999628,5.2723174,0.0,0.0,100.0,7.9997687
2018-12-19 21:30:00,5.04,4.8420377,1.9999628,4.986091,0.0,0.0,100.0,7.9997687
2018-12-19 21:45:00,4.25,4.260124,1.9999628,4.5402303,0.0,0.0,100.0,7.9997687
2018-12-19 22:00:00,4.39,4.400539,1.9999628,4.419351,0.0,0.0,100.0,7.9997687
2018-12-19 22:15:00,4.03,4.002872,1.9999628,4.150267,0.0,0.012339156,80.31,7.9997687
2018-12-19 22:30:00,4.03,4.054395,1.9999628,4.0291634,0.0,0.041160088,80.31,7.9997687
2018-12-19 22:45:00,3.96,3.9987473,1.9999628,3.9864695,0.0,0.061988935,80.19,7.9997687
2018-12-19 23:00:00,4.07,4.138246,1.9999628,4.1193647,0.0,0.04080033,82.01,7.9997687
2018-12-19 23:15:00,4.03,4.079111,1.9999628,4.000556,0.0,0.0,84.41,7.9997687
2018-12-19 23:30:00,3.92,3.9546442,1.9999628,3.9201422,0.0,0.00010491314,86.25,7.9997687
2018-12-19 23:45:00,3.96,3.9521995,1.9999628,3.9605334,0.0,0.026670896,86.09,7.9997687
2018-12-20 00:00:00,3.89,3.8294067,1.9999628,3.8057895,0.0,0.07341646,81.75,7.9997687
2018-12-20 00:15:00,4.03,4.0767074,1.9999628,4.024527,0.0,0.05540984,83.46,7.9997687
2018-12-20 00:30:00,4.03,4.066936,1.9999628,4.0460725,0.0,0.061656147,82.41,7.9997687
2018-12-20 00:45:00,4.0,4.0461516,1.9999628,4.008633,0.0,0.064117804,82.5,7.9997687
2018-12-20 01:00:00,4.0,4.0545573,1.9999628,3.989973,0.0,0.064117804,82.21,7.9997687
2018-12-20 01:15:00,4.0,4.019442,1.9999628,4.002584,0.0,0.07849989,81.54,7.9997687
2018-12-20 01:30:00,4.1,4.176067,1.9999628,4.1497407,0.0,0.07653255,80.52,7.9997687
2018-12-20 01:45:00,4.0,4.0702047,1.9999628,4.012405,0.0,0.02120344,81.54,7.9997687
2018-12-20 02:00:00,4.07,4.1308174,1.9999628,4.1393023,0.0,0.023573963,81.25,7.9997687
2018-12-20 02:15:00,4.43,4.4568615,1.9999628,4.480535,0.0,0.012477346,84.19,7.9997687
2018-12-20 02:30:00,5.18,5.0370345,1.9999628,5.216291,0.0,0.041957993,88.4,7.9997687
2018-12-20 02:45:00,4.1,4.1655326,1.9999628,4.350056,0.0,0.106138,80.52,7.9997687
2018-12-20 03:00:00,4.0,4.0199766,1.9999628,4.1018963,0.0,0.036931783,78.75,7.9997687
2018-12-20 03:15:00,4.1,4.1426015,1.9999628,4.1807437,0.0,0.053275686,78.83,7.9997687
2018-12-20 03:30:00,4.03,4.0610123,1.9999628,4.074325,0.0,0.004300801,78.6,7.9997687
2018-12-20 03:45:00,4.1,4.1397686,1.9999628,4.2096334,0.0,0.05793561,79.49,7.9997687
2018-12-20 04:00:00,3.31,3.5417438,1.9999628,3.6316223,0.0,0.022364713,82.47,7.9997687
2018-12-20 04:15:00,3.35,3.3561277,1.9999628,3.3713784,0.0,0.07335476,83.24,7.9997687
2018-12-20 04:30:00,3.46,3.4383206,1.9999628,3.5201657,0.0,0.027311517,84.05,7.9997687
2018-12-20 04:45:00,3.38,3.3509793,1.9999628,3.3393342,0.0,0.0217421,82.67,7.9997687
2018-12-20 05:00:00,3.35,3.3429227,1.9999628,3.3433187,0.0,0.08239782,82.78,7.9997687
2018-12-20 05:15:00,3.35,3.3433495,1.9999628,3.3945434,0.0,0.036163144,82.44,7.9997687
2018-12-20 05:30:00,3.38,3.375183,1.9999628,3.3908882,0.0,0.048207834,82.22,7.9997687
2018-12-20 05:45:00,3.38,3.3993096,1.9999628,3.3628504,0.0,0.04070875,83.47,7.9997687
2018-12-20 06:00:00,3.92,3.909638,1.9999628,3.8923264,0.0,0.041221492,83.43,7.9997687
2018-12-20 06:15:00,3.67,3.64293,1.9999628,3.616411,0.0,0.018655054,84.32,7.9997687
2018-12-20 06:30:00,3.35,3.319251,1.9999628,3.3961866,0.0,0.036160126,84.84,7.9997687
2018-12-20 06:45:00,4.0,3.9949965,1.9999628,3.983009,0.0,0.049175292,81.54,7.9997687
2018-12-20 07:00:00,4.03,4.0490327,1.9999628,3.9481869,0.0,0.03883566,81.74,7.9997687
2018-12-20 07:15:00,3.96,3.959528,1.9999628,3.915301,0.0,0.02324602,82.62,7.9997687
2018-12-20 07:30:00,4.18,4.2872224,1.9999628,4.1126857,0.0,0.018909058,85.0,7.9997687
2018-12-20 07:45:00,4.79,4.654765,1.9999628,4.8796706,0.0,0.024646064,89.03,7.9997687
2018-12-20 08:00:00,5.87,5.67929,1.9999628,6.16842,0.0,0.016214209,92.51,7.9997687
2018-12-20 08:15:00,39.49,7.8617215,1.9999628,13.893754,0.02,0.10385693,82.76,7.9997687
2018-12-20 08:30:00,79.85,7.992727,1.9999628,13.983078,0.04,0.031975273,79.48,7.9997687
2018-12-20 08:45:00,66.96,7.9895954,1.9999628,13.985349,0.03,0.024327453,81.76,7.9997687
2018-12-20 09:00:00,63.14,7.9895954,1.9999628,13.985349,0.03,0.02114239,92.56,7.9997687
2018-12-20 09:15:00,64.12,7.9933686,1.9999628,13.985631,0.03,0.024708362,91.13,7.9997687
2018-12-20 09:30:00,64.37,7.9933686,1.9999628,13.985631,0.03,0.062883146,91.22,7.9997687
2018-12-20 09:45:00,83.16,7.9933686,1.9999628,13.985631,0.04,0.0,88.14,7.9997687
2018-12-20 10:00:00,71.14,7.9933686,1.9999628,13.985631,0.03,0.05605947,88.66,7.9997687
2018-12-20 10:15:00,58.72,7.9933686,1.9999628,13.985631,0.03,0.039703753,92.82,7.9997687
2018-12-20 10:30:00,68.72,7.9933686,1.9999628,13.985631,0.03,0.030224055,90.49,7.9997687
2018-12-20 10:45:00,75.53,7.9933686,1.9999628,13.985631,0.03,0.075116135,90.17,7.9997687
2018-12-20 11:00:00,77.51,7.9933686,1.9999628,13.985631,0.04,0.045620557,87.11,7.9997687
2018-12-20 11:15:00,64.4,7.9933686,1.9999628,13.985631,0.03,0.0,90.85,7.9997687
2018-12-20 11:30:00,63.0,7.9933686,1.9999628,13.985631,0.03,0.007574179,92.27,7.9997687
2018-12-20 11:45:00,71.46,7.9933686,1.9999628,13.985631,0.03,0.03439826,89.56,7.9997687
2018-12-20 12:00:00,71.06,7.9933805,1.9999628,13.984885,0.03,0.013322359,89.69,7.9997687
2018-12-20 12:15:00,16.96,7.7011223,1.9999628,12.404123,0.01,0.0,99.99,7.9997687
2018-12-20 12:30:00,7.67,6.887575,1.9999628,7.8408465,0.0,0.0,100.0,7.9997687
2018-12-20 12:45:00,7.49,7.385769,1.9999628,7.819214,0.0,0.0,100.0,7.9997687
2018-12-20 13:00:00,6.66,7.117205,1.9999628,6.9067483,0.0,0.0,100.0,7.9997687
2018-12-20 13:15:00,42.7,7.9451447,1.9999628,13.95731,0.02,0.0,93.79,7.9997687
2018-12-20 13:30:00,63.07,7.993362,1.9999628,13.98462,0.03,0.047249384,91.7,7.9997687
2018-12-20 13:45:00,71.5,7.9933677,1.9999628,13.985349,0.03,0.04690275,91.63,7.9997687
2018-12-20 14:00:00,76.9,7.9933677,1.9999628,13.985349,0.04,0.07416697,90.04,7.9997687
2018-12-20 14:15:00,63.5,7.9933686,1.9999628,13.985631,0.03,0.037522785,90.68,7.9997687
2018-12-20 14:30:00,78.41,7.9933686,1.9999628,13.985631,0.04,0.039709587,88.26,7.9997687
2018-12-20 14:45:00,73.4,7.9933686,1.9999628,13.985631,0.03,0.04334871,90.13,7.9997687
2018-12-20 15:00:00,64.44,7.9933686,1.9999628,13.985631,0.03,0.05092044,90.35,7.9997687
2018-12-20 15:15:00,60.26,7.9933686,1.9999628,13.985631,0.03,0.035335444,91.56,7.9997687
2018-12-20 15:30:00,58.9,7.9933686,1.9999628,13.985631,0.03,0.11583047,91.09,7.9997687
2018-12-20 15:45:00,60.59,7.9933686,1.9999628,13.985631,0.03,0.07384345,92.12,7.9997687
2018-12-20 16:00:00,56.92,7.9933686,1.9999628,13.985631,0.03,0.025224559,92.39,7.9997687
2018-12-20 16:15:00,60.08,7.9933686,1.9999628,13.985631,0.03,0.045384318,91.46,7.9997687
2018-12-20 16:30:00,58.68,7.9933686,1.9999628,13.985631,0.03,0.057248883,90.78,7.9997687
2018-12-20 16:45:00,57.56,7.9933686,1.9999628,13.985631,0.03,0.067959964,91.67,7.9997687
2018-12-20 17:00:00,46.51,7.9933686,1.9999628,13.985631,0.02,0.0,94.88,7.9997687
2018-12-20 17:15:00,58.07,7.9933686,1.9999628,13.985631,0.03,0.058657087,93.57,7.9997687
2018-12-20 17:30:00,41.22,7.9933686,1.9999628,13.985631,0.02,0.045663796,99.07,7.9997687
2018-12-20 17:45:00,41.51,7.9933686,1.9999628,13.985631,0.02,0.040889256,99.26,7.9997687
2018-12-20 18:00:00,24.8,7.985761,1.9999628,13.936609,0.01,0.016233582,99.35,7.9997687
2018-12-20 18:15:00,5.44,5.7882185,1.9999628,7.619306,0.0,0.0,100.0,7.9997687
2018-12-20 18:30:00,5.18,5.2889633,1.9999628,5.516669,0.0,0.026968366,100.0,7.9997687
2018-12-20 18:45:00,5.29,5.2116756,1.9999628,5.2904925,0.0,0.05843679,100.0,7.9997687
2018-12-20 19:00:00,5.29,5.2579975,1.9999628,5.1897435,0.0,0.028128969,100.0,7.9997687
2018-12-20 19:15:00,5.29,5.207841,1.9999628,5.1674943,0.0,0.029961696,100.0,7.9997687
2018-12-20 19:30:00,4.18,4.326903,1.9999628,4.5074573,0.0,0.0037842868,100.0,7.9997687
2018-12-20 19:45:00,4.07,4.065881,1.9999628,4.1781507,0.0,0.008473047,100.0,7.9997687
2018-12-20 20:00:00,4.1,4.0684104,1.9999628,4.14925,0.0,0.012999208,100.0,7.9997687
2018-12-20 20:15:00,4.07,4.030571,1.9999628,4.0889926,0.0,0.0065902593,100.0,7.9997687
2018-12-20 20:30:00,4.18,4.2024665,1.9999628,4.2739644,0.0,0.0017060224,100.0,7.9997687
2018-12-20 20:45:00,4.1,4.073113,1.9999628,4.1064353,0.0,0.02214104,100.0,7.9997687
2018-12-20 21:00:00,4.1,4.0744247,1.9999628,4.0975623,0.0,0.042127945,100.0,7.9997687
2018-12-20 21:15:00,4.14,4.1280212,1.9999628,4.1220784,0.0,0.018530423,100.0,7.9997687
2018-12-20 21:30:00,4.14,4.165919,1.9999628,4.1520653,0.0,0.018185893,100.0,7.9997687
2018-12-20 21:45:00,4.21,4.2599106,1.9999628,4.2957244,0.0,0.03938157,100.0,7.9997687
2018-12-20 22:00:00,4.18,4.1171584,1.9999628,4.1502767,0.0,0.012002217,100.0,7.9997687
2018-12-20 22:15:00,3.85,3.8372707,1.9999628,3.9316523,0.0,0.08095157,80.07,7.9997687
2018-12-20 22:30:00,3.85,3.77666,1.9999628,3.8956592,0.0,0.043424126,78.68,7.9997687
2018-12-20 22:45:00,4.64,4.618586,1.9999628,4.723695,0.0,0.031404834,84.39,7.9997687
2018-12-20 23:00:00,5.04,4.839413,1.9999628,4.912163,0.0,0.019180035,88.66,7.9997687
2018-12-20 23:15:00,4.07,3.990772,1.9999628,4.0887413,0.0,0.010776174,83.99,7.9997687
2018-12-20 23:30:00,3.82,3.8288584,1.9999628,3.9238482,0.0,0.0,83.87,7.9997687
2018-12-20 23:45:00,3.85,3.80479,1.9999628,3.8825474,0.0,0.0,82.97,7.9997687
2018-12-21 00:00:00,3.92,3.7906094,1.9999628,3.9394739,0.0,0.023515353,81.96,7.9997687
2018-12-21 00:15:00,3.89,3.9178858,1.9999628,3.8996282,0.0,0.06671146,79.98,7.9997687
2018-12-21 00:30:00,3.85,3.8566003,1.9999628,3.8902886,0.0,0.010827379,78.28,7.9997687
2018-12-21 00:45:00,3.89,3.8710551,1.9999628,3.950406,0.0,0.0162726,79.29,7.9997687
2018-12-21 01:00:00,3.89,3.8828444,1.9999628,3.891007,0.0,0.008246079,78.6,7.9997687
2018-12-21 01:15:00,3.96,3.9794827,1.9999628,3.9669788,0.0,0.035164375,78.45,7.9997687
2018-12-21 01:30:00,3.89,3.9214063,1.9999628,3.9151998,0.0,0.016019203,78.2,7.9997687
2018-12-21 01:45:00,3.89,3.8877525,1.9999628,3.9021306,0.0,0.05014699,76.84,7.9997687
2018-12-21 02:00:00,3.89,3.8836598,1.9999628,3.913153,0.0,0.05251751,77.52,7.9997687
2018-12-21 02:15:00,3.92,3.9267545,1.9999628,3.9347162,0.0,0.0490613,77.76,7.9997687
2018-12-21 02:30:00,3.92,3.9109597,1.9999628,3.9350343,0.0,0.056766607,77.08,7.9997687
2018-12-21 02:45:00,3.92,3.9176326,1.9999628,3.9367228,0.0,0.053780884,76.41,7.9997687
2018-12-21 03:00:00,3.96,3.9460664,1.9999628,3.9852912,0.0,0.051698416,75.02,7.9997687
2018-12-21 03:15:00,4.79,4.7460246,1.9999628,4.8066607,0.0,0.039374642,81.38,7.9997687
2018-12-21 03:30:00,4.5,4.548388,1.9999628,4.4946923,0.0,0.041277267,79.28,7.9997687
2018-12-21 03:45:00,3.24,3.463457,1.9999628,3.8526149,0.0,0.064974844,81.07,7.9997687
2018-12-21 04:00:00,3.28,3.2810555,1.9999628,3.3399765,0.0,0.043597728,80.59,7.9997687
2018-12-21 04:15:00,3.24,3.1805353,1.9999628,3.2703583,0.0,0.029284911,79.76,7.9997687
2018-12-21 04:30:00,3.24,3.2251744,1.9999628,3.263391,0.0,0.018378431,79.76,7.9997687
2018-12-21 04:45:00,3.28,3.275021,1.9999628,3.2839296,0.0,0.0,80.59,7.9997687
2018-12-21 05:00:00,3.28,3.2884765,1.9999628,3.300828,0.0,0.0,80.59,7.9997687
2018-12-21 05:15:00,3.28,3.2948017,1.9999628,3.300828,0.0,0.00881527,81.41,7.9997687
2018-12-21 05:30:00,3.2,3.2158332,1.9999628,3.2392766,0.0,0.018591313,81.2,7.9997687
2018-12-21 05:45:00,3.24,3.2471762,1.9999628,3.2265923,0.0,0.04549089,81.07,7.9997687
2018-12-21 06:00:00,3.2,3.2041645,1.9999628,3.207246,0.0,0.01981162,81.56,7.9997687
2018-12-21 06:15:00,3.67,3.646092,1.9999628,3.676568,0.0,0.005900269,78.25,7.9997687
2018-12-21 06:30:00,3.96,3.9529843,1.9999628,3.9304454,0.0,0.021472266,76.35,7.9997687
2018-12-21 06:45:00,3.92,3.8819203,1.9999628,3.8110452,0.0,0.028518217,74.97,7.9997687
2018-12-21 07:00:00,3.89,3.8812652,1.9999628,3.8915899,0.0,0.043920554,74.43,7.9997687
2018-12-21 07:15:00,3.67,3.6440725,1.9999628,3.628013,0.0,0.0691177,78.67,7.9997687
2018-12-21 07:30:00,3.17,3.084681,1.9999628,3.3012526,0.0,0.054317515,83.12,7.9997687
2018-12-21 07:45:00,5.44,5.727676,1.9999628,5.687361,0.0,0.0,90.74,7.9997687
2018-12-21 08:00:00,6.77,6.358104,1.9999628,7.0097985,0.0,0.061490364,93.9,7.9997687
2018-12-21 08:15:00,28.8,7.8897014,1.9999628,13.896871,0.01,0.0,83.9,7.9997687
2018-12-21 08:30:00,54.22,7.988321,1.9999628,13.982471,0.02,0.031605862,80.78,7.9997687
2018-12-21 08:45:00,56.41,7.9933677,1.9999628,13.985349,0.03,0.051765308,86.14,7.9997687
2018-12-21 09:00:00,56.74,7.9933677,1.9999628,13.985349,0.03,0.060660847,93.91,7.9997687
2018-12-21 09:15:00,43.78,7.9933686,1.9999628,13.985631,0.02,0.00837986,99.58,7.9997687
2018-12-21 09:30:00,47.52,7.9933686,1.9999628,13.985631,0.02,0.042315222,97.96,7.9997687
2018-12-21 09:45:00,56.2,7.9933686,1.9999628,13.985631,0.03,0.030453814,93.14,7.9997687
2018-12-21 10:00:00,51.59,7.9933686,1.9999628,13.985631,0.02,0.020558283,96.68,7.9997687
2018-12-21 10:15:00,66.64,7.9933686,1.9999628,13.985631,0.03,0.022654258,92.04,7.9997687
2018-12-21 10:30:00,53.14,7.9933686,1.9999628,13.985631,0.02,0.03847068,95.16,7.9997687
2018-12-21 10:45:00,58.54,7.9933686,1.9999628,13.985631,0.03,0.050261136,93.17,7.9997687
2018-12-21 11:00:00,73.12,7.9933686,1.9999628,13.985631,0.03,0.007892144,89.22,7.9997687
2018-12-21 11:15:00,67.79,7.9933686,1.9999628,13.985631,0.03,0.016690768,90.06,7.9997687
2018-12-21 11:30:00,65.59,7.9933686,1.9999628,13.985631,0.03,0.009988129,90.68,7.9997687
2018-12-21 11:45:00,57.85,7.9933686,1.9999628,13.985631,0.03,0.009365265,92.38,7.9997687
2018-12-21 12:00:00,58.9,7.9933805,1.9999628,13.984885,0.03,0.02152884,90.4,7.9997687
2018-12-21 12:15:00,7.42,6.812995,1.9999628,7.1301413,0.0,0.011245328,100.0,7.9997687
2018-12-21 12:30:00,8.35,7.509645,1.9999628,8.684329,0.0,0.0,100.0,7.9997687
2018-12-21 12:45:00,7.67,7.296355,1.9999628,8.090047,0.0,0.0,100.0,7.9997687
2018-12-21 13:00:00,7.2,7.305575,1.9999628,7.683734,0.0,0.005539934,100.0,7.9997687
2018-12-21 13:15:00,39.74,7.915234,1.9999628,13.9358635,0.02,0.0,94.79,7.9997687
2018-12-21 13:30:00,58.03,7.993313,1.9999628,13.98462,0.03,0.029712735,91.09,7.9997687
2018-12-21 13:45:00,63.97,7.9933677,1.9999628,13.985349,0.03,0.12234965,89.25,7.9997687
2018-12-21 14:00:00,56.34,7.9895954,1.9999628,13.985349,0.03,0.051093716,91.31,7.9997687
2018-12-21 14:15:00,69.62,7.9933686,1.9999628,13.985631,0.03,0.01456048,90.91,7.9997687
2018-12-21 14:30:00,60.34,7.9933686,1.9999628,13.985631,0.03,0.0,91.56,7.9997687
2018-12-21 14:45:00,57.74,7.9933686,1.9999628,13.985631,0.03,0.012877505,91.59,7.9997687
2018-12-21 15:00:00,68.04,7.9933686,1.9999628,13.985631,0.03,0.024091052,89.22,7.9997687
2018-12-21 15:15:00,67.68,7.9933686,1.9999628,13.985631,0.03,0.019840287,89.71,7.9997687
2018-12-21 15:30:00,58.32,7.9933686,1.9999628,13.985631,0.03,0.056250565,92.67,7.9997687
2018-12-21 15:45:00,65.48,7.9933686,1.9999628,13.985631,0.03,0.047970712,90.15,7.9997687
2018-12-21 16:00:00,63.0,7.9933686,1.9999628,13.985631,0.03,0.018581284,89.36,7.9997687
2018-12-21 16:15:00,69.73,7.9933686,1.9999628,13.985631,0.03,0.049408853,89.71,7.9997687
2018-12-21 16:30:00,59.69,7.9933686,1.9999628,13.985631,0.03,0.002115377,94.23,7.9997687
2018-12-21 16:45:00,63.32,7.9933686,1.9999628,13.985631,0.03,0.04626795,93.45,7.9997687
2018-12-21 17:00:00,62.32,7.9933686,1.9999628,13.985631,0.03,0.011086701,93.04,7.9997687
2018-12-21 17:15:00,52.78,7.9933686,1.9999628,13.985631,0.02,0.030126719,94.17,7.9997687
2018-12-21 17:30:00,45.86,7.9933686,1.9999628,13.985631,0.02,0.013871516,97.45,7.9997687
2018-12-21 17:45:00,30.78,7.98111,1.9999628,13.936577,0.01,0.035630807,99.64,7.9997687
2018-12-21 18:00:00,8.21,6.6343517,1.9999628,8.307413,0.0,0.043832257,100.0,7.9997687
2018-12-21 18:15:00,5.51,5.4065895,1.9999628,6.6835303,0.0,0.0044583175,100.0,7.9997687
2018-12-21 18:30:00,5.4,5.302413,1.9999628,5.543585,0.0,0.025606124,100.0,7.9997687
2018-12-21 18:45:00,5.62,5.431515,1.9999628,5.5561743,0.0,0.039734222,100.0,7.9997687
2018-12-21 19:00:00,5.54,5.4056516,1.9999628,5.3975034,0.0,0.027578238,100.0,7.9997687
2018-12-21 19:15:00,5.54,5.3808303,1.9999628,5.392078,0.0,0.025602663,100.0,7.9997687
2018-12-21 19:30:00,5.51,5.3530326,1.9999628,5.3940473,0.0,0.039340343,100.0,7.9997687
2018-12-21 19:45:00,5.47,5.3249745,1.9999628,5.3919835,0.0,0.036514897,100.0,7.9997687
2018-12-21 20:00:00,5.54,5.3891993,1.9999628,5.444417,0.0,0.034792695,100.0,7.9997687
2018-12-21 20:15:00,5.47,5.2797194,1.9999628,5.389608,0.0,0.0009029242,100.0,7.9997687
2018-12-21 20:30:00,5.44,5.260752,1.9999628,5.455535,0.0,0.025157094,100.0,7.9997687
2018-12-21 20:45:00,5.47,5.3396354,1.9999628,5.455535,0.0,0.02890046,100.0,7.9997687
2018-12-21 21:00:00,5.44,5.260752,1.9999628,5.4570007,0.0,0.022043357,100.0,7.9997687
2018-12-21 21:15:00,5.54,5.3702297,1.9999628,5.627914,0.0,0.02575398,100.0,7.9997687
2018-12-21 21:30:00,5.4,5.169581,1.9999628,5.3704386,0.0,0.012819949,100.0,7.9997687
2018-12-21 21:45:00,5.44,5.0977893,1.9999628,5.2468567,0.0,0.007867471,100.0,7.9997687
2018-12-21 22:00:00,5.44,5.28163,1.9999628,5.2709475,0.0,0.0,100.0,7.9997687
2018-12-21 22:15:00,5.18,5.290241,1.9999628,5.1941786,0.0,0.0,85.08,7.9997687
2018-12-21 22:30:00,5.26,5.28433,1.9999628,5.291171,0.0,0.04011119,84.64,7.9997687
2018-12-21 22:45:00,5.15,5.0925474,1.9999628,5.023699,0.0,0.0145966,85.97,7.9997687
2018-12-21 23:00:00,5.15,5.150164,1.9999628,5.0990796,0.0,0.014113495,86.26,7.9997687
2018-12-21 23:15:00,5.11,5.1361513,1.9999628,5.131757,0.0,0.0474325,89.69,7.9997687
2018-12-21 23:30:00,4.57,4.57824,1.9999628,4.76808,0.0,0.023277082,88.69,7.9997687
2018-12-21 23:45:00,4.0,4.062407,1.9999628,4.3184724,0.0,0.0,83.56,7.9997687
2018-12-22 00:00:00,3.31,3.2122264,1.9999628,3.6670516,0.0,0.04289651,83.75,7.9997687
2018-12-22 00:15:00,4.0,3.9503417,1.9999628,4.189191,0.0,0.03208731,81.15,7.9997687
2018-12-22 00:30:00,4.0,3.9697194,1.9999628,3.904948,0.0,0.03229471,78.75,7.9997687
2018-12-22 00:45:00,4.0,3.9705243,1.9999628,3.8868506,0.0,0.03754049,78.75,7.9997687
2018-12-22 01:00:00,4.1,4.090052,1.9999628,4.020365,0.0,0.048309214,78.83,7.9997687
2018-12-22 01:15:00,3.96,3.9762273,1.9999628,3.9461896,0.0,0.0,79.13,7.9997687
2018-12-22 01:30:00,4.03,4.0504365,1.9999628,4.062508,0.0,0.0,78.31,7.9997687
2018-12-22 01:45:00,4.03,4.0638037,1.9999628,4.0381174,0.0,0.0,78.6,7.9997687
2018-12-22 02:00:00,3.96,4.001593,1.9999628,3.941986,0.0,0.0031834007,78.07,7.9997687
2018-12-22 02:15:00,4.07,4.145408,1.9999628,4.080423,0.0,0.0,79.27,7.9997687
2018-12-22 02:30:00,4.07,4.089269,1.9999628,4.059482,0.0,0.0,78.24,7.9997687
2018-12-22 02:45:00,3.67,3.8027096,1.9999628,3.8052526,0.0,0.0,79.09,7.9997687
2018-12-22 03:00:00,3.31,3.2918572,1.9999628,3.4030137,0.0,0.00031125906,82.47,7.9997687
2018-12-22 03:15:00,3.82,3.844469,1.9999628,3.8088117,0.0,0.014455493,80.25,7.9997687
2018-12-22 03:30:00,4.07,4.02289,1.9999628,3.937617,0.0,0.016737334,78.24,7.9997687
2018-12-22 03:45:00,3.42,3.3751292,1.9999628,3.519111,0.0,0.028058946,81.74,7.9997687
2018-12-22 04:00:00,3.38,3.3530126,1.9999628,3.3729606,0.0,0.050339393,81.42,7.9997687
2018-12-22 04:15:00,3.31,3.2984514,1.9999628,3.342646,0.0,0.0,81.66,7.9997687
2018-12-22 04:30:00,3.38,3.3884764,1.9999628,3.4046676,0.0,0.0,82.67,7.9997687
2018-12-22 04:45:00,3.35,3.333612,1.9999628,3.3674712,0.0,0.0,81.98,7.9997687
2018-12-22 05:00:00,3.38,3.378901,1.9999628,3.3889585,0.0,0.0,81.42,7.9997687
2018-12-22 05:15:00,3.42,3.460339,1.9999628,3.4237905,0.0,0.0,81.74,7.9997687
2018-12-22 05:30:00,3.96,3.9187217,1.9999628,3.927817,0.0,0.0,76.73,7.9997687
2018-12-22 05:45:00,4.07,4.0673933,1.9999628,3.8991578,0.0,8.602638e-05,76.93,7.9997687
2018-12-22 06:00:00,4.07,4.038169,1.9999628,3.9196887,0.0,0.025909983,75.91,7.9997687
2018-12-22 06:15:00,4.0,3.981133,1.9999628,3.9136107,0.0,1.4767167e-05,77.71,7.9997687
2018-12-22 06:30:00,3.38,3.5287967,1.9999628,3.575298,0.0,0.0,80.17,7.9997687
2018-12-22 06:45:00,3.35,3.3348575,1.9999628,3.3648179,0.0,0.002801049,79.91,7.9997687
2018-12-22 07:00:00,3.35,3.3479605,1.9999628,3.4396408,0.0,0.0042666853,78.66,7.9997687
2018-12-22 07:15:00,3.31,3.279098,1.9999628,3.3379126,0.0,0.0,80.38,7.9997687
2018-12-22 07:30:00,3.85,3.8348794,1.9999628,3.8514905,0.0,0.0,75.83,7.9997687
2018-12-22 07:45:00,4.03,4.0488033,1.9999628,3.9800925,0.0,0.0,75.22,7.9997687
2018-12-22 08:00:00,3.35,3.3647957,1.9999628,3.6249166,0.0,0.054917805,81.98,7.9997687
2018-12-22 08:15:00,3.31,3.280871,1.9999628,3.4454596,0.0,0.0408035,83.75,7.9997687
2018-12-22 08:30:00,3.24,3.2509294,1.9999628,3.3984866,0.0,0.0,83.21,7.9997687
2018-12-22 08:45:00,3.38,3.4002333,1.9999628,3.5926442,0.0,0.035904367,96.63,7.9997687
2018-12-22 09:00:00,3.82,3.750947,1.9999628,3.8684814,0.0,0.0,100.0,7.9997687
2018-12-22 09:15:00,4.28,4.1948795,1.9999628,4.2482615,0.0,0.0,100.0,7.9997687
2018-12-22 09:30:00,4.28,4.264711,1.9999628,4.2660007,0.0,0.0036082696,100.0,7.9997687
2018-12-22 09:45:00,4.32,4.296033,1.9999628,4.3258247,0.0,0.0,100.0,7.9997687
2018-12-22 10:00:00,4.21,4.156794,1.9999628,4.260064,0.0,0.0,100.0,7.9997687
2018-12-22 10:15:00,3.6,3.7902484,1.9999628,3.880821,0.0,0.010396479,100.0,7.9997687
2018-12-22 10:30:00,3.6,3.6226075,1.9999628,3.7417731,0.0,0.01688155,100.0,7.9997687
2018-12-22 10:45:00,3.6,3.6147034,1.9999628,3.6722589,0.0,0.0,100.0,7.9997687
2018-12-22 11:00:00,3.6,3.6356082,1.9999628,3.6658628,0.0,0.0046694158,100.0,7.9997687
2018-12-22 11:15:00,3.6,3.6252944,1.9999628,3.676952,0.0,0.0,100.0,7.9997687
2018-12-22 11:30:00,3.6,3.6249998,1.9999628,3.676952,0.0,0.0,100.0,7.9997687
2018-12-22 11:45:00,3.6,3.6249998,1.9999628,3.676952,0.0,0.0,100.0,7.9997687
2018-12-22 12:00:00,3.6,3.6249998,1.9999628,3.676952,0.0,0.0,100.0,7.9997687
2018-12-22 12:15:00,3.71,3.712116,1.9999628,3.713427,0.0,0.0,100.0,7.9997687
2018-12-22 12:30:00,4.39,4.3747883,1.9999628,4.450187,0.0,0.0,100.0,7.9997687
2018-12-22 12:45:00,4.1,4.052972,1.9999628,4.110037,0.0,0.0,100.0,7.9997687
2018-12-22 13:00:00,3.71,3.7725792,1.9999628,3.843039,0.0,0.0029487726,100.0,7.9997687
2018-12-22 13:15:00,4.28,4.3085647,1.9999628,4.389951,0.0,0.0060306806,100.0,7.9997687
2018-12-22 13:30:00,4.25,4.2466474,1.9999628,4.249545,0.0,0.0,100.0,7.9997687
2018-12-22 13:45:00,4.25,4.240969,1.9999628,4.234907,0.0,0.0,100.0,7.9997687
2018-12-22 14:00:00,4.21,4.191204,1.9999628,4.2366953,0.0,0.0,100.0,7.9997687
2018-12-22 14:15:00,3.67,3.847002,1.9999628,3.9208333,0.0,0.017920101,100.0,7.9997687
2018-12-22 14:30:00,3.46,3.4336495,1.9999628,3.5617602,0.0,0.0,100.0,7.9997687
2018-12-22 14:45:00,3.49,3.5038698,1.9999628,3.5400379,0.0,0.0,100.0,7.9997687
2018-12-22 15:00:00,3.53,3.5454447,1.9999628,3.5685077,0.0,0.0,100.0,7.9997687
2018-12-22 15:15:00,3.56,3.580596,1.9999628,3.5835521,0.0,0.0,100.0,7.9997687
2018-12-22 15:30:00,3.53,3.5486453,1.9999628,3.5483055,0.0,0.0,100.0,7.9997687
2018-12-22 15:45:00,3.56,3.5890524,1.9999628,3.587143,0.0,0.0,100.0,7.9997687
2018-12-22 16:00:00,3.56,3.5815768,1.9999628,3.595802,0.0,0.0,100.0,7.9997687
2018-12-22 16:15:00,3.49,3.5118124,1.9999628,3.5310938,0.0,0.0,100.0,7.9997687
2018-12-22 16:30:00,3.53,3.552319,1.9999628,3.54857,0.0,0.0,100.0,7.9997687
2018-12-22 16:45:00,3.56,3.5886745,1.9999628,3.5889442,0.0,0.0,100.0,7.9997687
2018-12-22 17:00:00,4.68,4.5581713,1.9999628,4.7819915,0.0,0.0,100.0,7.9997687
2018-12-22 17:15:00,5.44,5.31468,1.9999628,5.407092,0.0,0.0,100.0,7.9997687
2018-12-22 17:30:00,4.46,4.343025,1.9999628,4.590444,0.0,0.029086944,100.0,7.9997687
2018-12-22 17:45:00,4.28,4.2404733,1.9999628,4.2245045,0.0,0.02831654,100.0,7.9997687
2018-12-22 18:00:00,4.07,4.091783,1.9999628,4.189498,0.0,0.0,100.0,7.9997687
2018-12-22 18:15:00,3.6,3.6250696,1.9999628,3.847071,0.0,0.0,100.0,7.9997687
2018-12-22 18:30:00,3.67,3.6900373,1.9999628,3.7169647,0.0,0.0002218628,100.0,7.9997687
2018-12-22 18:45:00,3.67,3.687804,1.9999628,3.6840782,0.0,0.0,100.0,7.9997687
2018-12-22 19:00:00,3.71,3.7258787,1.9999628,3.7056537,0.0,0.0,100.0,7.9997687
2018-12-22 19:15:00,3.74,3.7564814,1.9999628,3.7084768,0.0,0.015358198,100.0,7.9997687
2018-12-22 19:30:00,3.71,3.7091174,1.9999628,3.714185,0.0,0.022396859,100.0,7.9997687
2018-12-22 19:45:00,3.74,3.74921,1.9999628,3.758211,0.0,0.0,100.0,7.9997687
2018-12-22 20:00:00,3.67,3.719578,1.9999628,3.678381,0.0,0.0,100.0,7.9997687
2018-12-22 20:15:00,3.67,3.688192,1.9999628,3.716939,0.0,0.026825834,100.0,7.9997687
2018-12-22 20:30:00,3.67,3.6874928,1.9999628,3.716939,0.0,0.026825834,100.0,7.9997687
2018-12-22 20:45:00,3.67,3.6874928,1.9999628,3.6958008,0.0,0.0242225,100.0,7.9997687
2018-12-22 21:00:00,4.18,4.162456,1.9999628,4.186816,0.0,0.013995936,100.0,7.9997687
2018-12-22 21:15:00,4.61,4.60106,1.9999628,4.641183,0.0,0.030366935,100.0,7.9997687
2018-12-22 21:30:00,5.51,5.376525,1.9999628,5.3821206,0.0,0.046827555,100.0,7.9997687
2018-12-22 21:45:00,4.43,4.310725,1.9999628,4.4443994,0.0,0.027036287,100.0,7.9997687
2018-12-22 22:00:00,4.1,4.1774316,1.9999628,4.2028437,0.0,0.0048972126,100.0,7.9997687
2018-12-22 22:15:00,3.46,3.5568476,1.9999628,3.8195558,0.0,0.037258197,83.28,7.9997687
2018-12-22 22:30:00,3.38,3.3660161,1.9999628,3.4446106,0.0,0.0011300369,80.17,7.9997687
2018-12-22 22:45:00,3.42,3.4481559,1.9999628,3.4135435,0.0,0.0,80.51,7.9997687
2018-12-22 23:00:00,3.38,3.3568704,1.9999628,3.3838174,0.0,0.0,80.17,7.9997687
2018-12-22 23:15:00,3.35,3.341794,1.9999628,3.355306,0.0,0.013342423,82.44,7.9997687
2018-12-22 23:30:00,3.31,3.2924504,1.9999628,3.295532,0.0,0.0,84.21,7.9997687
2018-12-22 23:45:00,3.31,3.3112526,1.9999628,3.3211834,0.0,0.0,84.21,7.9997687
2018-12-23 00:00:00,3.78,3.633042,1.9999628,3.718529,0.0,0.0,80.66,7.9997687
2018-12-23 00:15:00,3.31,3.3130193,1.9999628,3.3740764,0.0,0.0006472819,82.93,7.9997687
2018-12-23 00:30:00,3.35,3.348917,1.9999628,3.3356183,0.0,0.0024172254,81.52,7.9997687
2018-12-23 00:45:00,3.42,3.4276786,1.9999628,3.4607112,0.0,0.0,80.06,7.9997687
2018-12-23 01:00:00,4.93,4.9568496,1.9999628,4.974395,0.0,0.0,79.9,7.9997687
2018-12-23 01:15:00,4.93,4.864487,1.9999628,4.6616287,0.0,0.035463065,78.81,7.9997687
2018-12-23 01:30:00,4.14,4.1062956,1.9999628,4.0483246,0.0,0.077934235,71.92,7.9997687
2018-12-23 01:45:00,4.07,4.033173,1.9999628,4.0861335,0.0,0.069372535,70.45,7.9997687
2018-12-23 02:00:00,3.49,3.5847821,1.9999628,3.838747,0.0,0.056049578,76.37,7.9997687
2018-12-23 02:15:00,3.46,3.4621134,1.9999628,3.469788,0.0,0.051993594,78.4,7.9997687
2018-12-23 02:30:00,3.49,3.4974105,1.9999628,3.482953,0.0,0.02364562,78.66,7.9997687
2018-12-23 02:45:00,3.42,3.4075665,1.9999628,3.4078715,0.0,0.01256477,77.71,7.9997687
2018-12-23 03:00:00,3.42,3.4245312,1.9999628,3.4442778,0.0,0.007207905,75.28,7.9997687
2018-12-23 03:15:00,3.46,3.4586751,1.9999628,3.4848113,0.0,0.0,75.66,7.9997687
2018-12-23 03:30:00,3.42,3.4093244,1.9999628,3.444132,0.0,0.0,75.72,7.9997687
2018-12-23 03:45:00,3.53,3.5187316,1.9999628,3.5869222,0.0,0.028869413,77.48,7.9997687
2018-12-23 04:00:00,3.46,3.4397445,1.9999628,3.4432764,0.0,0.0,77.3,7.9997687
2018-12-23 04:15:00,3.42,3.4080293,1.9999628,3.440739,0.0,0.0061385455,76.05,7.9997687
2018-12-23 04:30:00,3.6,3.5934043,1.9999628,3.6408024,0.0,0.0,74.74,7.9997687
2018-12-23 04:45:00,4.14,4.1124682,1.9999628,4.060803,0.0,0.0,71.66,7.9997687
2018-12-23 05:00:00,5.18,5.0625896,1.9999628,5.073587,0.0,0.0051305974,79.15,7.9997687
2018-12-23 05:15:00,4.64,4.5829864,1.9999628,4.5500803,0.0,0.08622449,77.2,7.9997687
2018-12-23 05:30:00,4.1,4.0542192,1.9999628,4.1603427,0.0,0.03431489,73.52,7.9997687
2018-12-23 05:45:00,3.49,3.6360474,1.9999628,3.9180112,0.0,0.056654017,77.89,7.9997687
2018-12-23 06:00:00,3.38,3.3422925,1.9999628,3.4233818,0.0,0.09765196,80.63,7.9997687
2018-12-23 06:15:00,3.35,3.3480735,1.9999628,3.3655946,0.0,0.0,79.91,7.9997687
2018-12-23 06:30:00,3.46,3.4448054,1.9999628,3.506804,0.0,0.03319672,80.39,7.9997687
2018-12-23 06:45:00,3.38,3.3888354,1.9999628,3.3769252,0.0,0.0,78.92,7.9997687
2018-12-23 07:00:00,3.38,3.3939457,1.9999628,3.440671,0.0,0.0,76.56,7.9997687
2018-12-23 07:15:00,3.38,3.39045,1.9999628,3.450509,0.0,0.0,78.13,7.9997687
2018-12-23 07:30:00,3.38,3.3907707,1.9999628,3.4411082,0.0,0.0,76.56,7.9997687
2018-12-23 07:45:00,3.42,3.4602425,1.9999628,3.4595313,0.0,0.0,74.09,7.9997687
2018-12-23 08:00:00,3.49,3.4969757,1.9999628,3.6035607,0.0,0.0,75.94,7.9997687
2018-12-23 08:15:00,4.07,4.0721173,1.9999628,4.0523295,0.0,0.0,68.24,7.9997687
2018-12-23 08:30:00,4.97,4.8922224,1.9999628,5.0723624,0.0,0.0,76.0,7.9997687
2018-12-23 08:45:00,4.82,4.6628456,1.9999628,4.797167,0.0,0.07047286,94.12,7.9997687
2018-12-23 09:00:00,4.28,4.364705,1.9999628,4.370403,0.0,0.039782863,100.0,7.9997687
2018-12-23 09:15:00,3.92,3.9743638,1.9999628,4.12031,0.0,0.03536011,100.0,7.9997687
2018-12-23 09:30:00,3.71,3.7617326,1.9999628,3.8721595,0.0,0.012435103,100.0,7.9997687
2018-12-23 09:45:00,3.64,3.6640766,1.9999628,3.7736115,0.0,0.01623412,100.0,7.9997687
2018-12-23 10:00:00,3.64,3.6396697,1.9999628,3.6746387,0.0,0.0037942384,100.0,7.9997687
2018-12-23 10:15:00,3.67,3.6694233,1.9999628,3.7123125,0.0,0.0,100.0,7.9997687
2018-12-23 10:30:00,3.71,3.7176633,1.9999628,3.737674,0.0,0.0,100.0,7.9997687
2018-12-23 10:45:00,3.71,3.7059648,1.9999628,3.7737243,0.0,0.0,100.0,7.9997687
2018-12-23 11:00:00,3.74,3.7409954,1.9999628,3.764826,0.0,0.0,100.0,7.9997687
2018-12-23 11:15:00,3.78,3.7697484,1.9999628,3.8441527,0.0,0.0,100.0,7.9997687
2018-12-23 11:30:00,3.71,3.7390814,1.9999628,3.741429,0.0,0.0,100.0,7.9997687
2018-12-23 11:45:00,3.74,3.766981,1.9999628,3.7992384,0.0,0.0,100.0,7.9997687
2018-12-23 12:00:00,3.96,3.9428835,1.9999628,3.9501214,0.0,0.0,100.0,7.9997687
2018-12-23 12:15:00,4.86,4.807094,1.9999628,4.9574475,0.0,0.0,100.0,7.9997687
2018-12-23 12:30:00,5.54,5.5030327,1.9999628,5.4378214,0.0,0.003923006,100.0,7.9997687
2018-12-23 12:45:00,4.54,4.508881,1.9999628,4.543722,0.0,0.025687438,100.0,7.9997687
2018-12-23 13:00:00,4.36,4.3878207,1.9999628,4.3582263,0.0,0.022430576,100.0,7.9997687
2018-12-23 13:15:00,3.67,3.7480922,1.9999628,3.9685612,0.0,0.0,100.0,7.9997687
2018-12-23 13:30:00,3.67,3.6772015,1.9999628,3.7472105,0.0,0.0,100.0,7.9997687
2018-12-23 13:45:00,3.67,3.6764417,1.9999628,3.6885831,0.0,0.020738661,100.0,7.9997687
2018-12-23 14:00:00,3.67,3.687103,1.9999628,3.714197,0.0,0.013453941,100.0,7.9997687
2018-12-23 14:15:00,3.71,3.7225745,1.9999628,3.7143543,0.0,0.0,100.0,7.9997687
2018-12-23 14:30:00,3.67,3.6730947,1.9999628,3.699684,0.0,0.0,100.0,7.9997687
2018-12-23 14:45:00,3.67,3.6807997,1.9999628,3.7141843,0.0,0.0,100.0,7.9997687
2018-12-23 15:00:00,3.67,3.677691,1.9999628,3.7139802,0.0,0.0,100.0,7.9997687
2018-12-23 15:15:00,3.64,3.6418114,1.9999628,3.6631343,0.0,0.0,100.0,7.9997687
2018-12-23 15:30:00,3.67,3.676128,1.9999628,3.685934,0.0,0.0,100.0,7.9997687
2018-12-23 15:45:00,3.74,3.7456014,1.9999628,3.7305632,0.0,0.0,100.0,7.9997687
2018-12-23 16:00:00,4.36,4.337829,1.9999628,4.3957076,0.0,0.0,100.0,7.9997687
2018-12-23 16:15:00,4.36,4.293862,1.9999628,4.375093,0.0,0.045472175,100.0,7.9997687
2018-12-23 16:30:00,5.0,4.9681497,1.9999628,4.986638,0.0,0.038373604,100.0,7.9997687
2018-12-23 16:45:00,5.33,5.1759872,1.9999628,5.143998,0.0,0.0071403813,100.0,7.9997687
2018-12-23 17:00:00,3.6,3.9108381,1.9999628,4.216151,0.0,0.027215892,100.0,7.9997687
2018-12-23 17:15:00,3.56,3.5306711,1.9999628,3.6783428,0.0,0.0,100.0,7.9997687
2018-12-23 17:30:00,3.6,3.6101751,1.9999628,3.6585906,0.0,0.0,100.0,7.9997687
2018-12-23 17:45:00,3.67,3.7026446,1.9999628,3.7608082,0.0,0.0,100.0,7.9997687
2018-12-23 18:00:00,3.49,3.4587653,1.9999628,3.5534253,0.0,0.0,100.0,7.9997687
2018-12-23 18:15:00,3.49,3.4994211,1.9999628,3.5166821,0.0,0.0,100.0,7.9997687
2018-12-23 18:30:00,3.49,3.4976916,1.9999628,3.4766524,0.0,0.0,100.0,7.9997687
2018-12-23 18:45:00,3.64,3.6468825,1.9999628,3.6411273,0.0,0.007934797,100.0,7.9997687
2018-12-23 19:00:00,3.64,3.6677072,1.9999628,3.6193151,0.0,0.0,100.0,7.9997687
2018-12-23 19:15:00,4.03,3.96631,1.9999628,4.0336514,0.0,0.0,100.0,7.9997687
2018-12-23 19:30:00,4.25,4.241729,1.9999628,4.28521,0.0,0.0,100.0,7.9997687
2018-12-23 19:45:00,4.28,4.2270255,1.9999628,4.1635675,0.0,0.057991393,100.0,7.9997687
2018-12-23 20:00:00,4.25,4.212182,1.9999628,4.108176,0.0,0.09350902,100.0,7.9997687
2018-12-23 20:15:00,4.0,3.9265077,1.9999628,3.9730997,0.0,0.06521616,100.0,7.9997687
2018-12-23 20:30:00,3.49,3.5727656,1.9999628,3.7685618,0.0,0.041249633,100.0,7.9997687
2018-12-23 20:45:00,4.21,4.190172,1.9999628,4.3960133,0.0,0.0,100.0,7.9997687
2018-12-23 21:00:00,4.14,4.1096144,1.9999628,4.121351,0.0,0.0,100.0,7.9997687
2018-12-23 21:15:00,3.49,3.5240834,1.9999628,3.5372362,0.0,0.026445923,100.0,7.9997687
2018-12-23 21:30:00,3.42,3.4076164,1.9999628,3.4259288,0.0,0.016275568,100.0,7.9997687
2018-12-23 21:45:00,3.46,3.4540386,1.9999628,3.4972832,0.0,0.0,100.0,7.9997687
2018-12-23 22:00:00,3.53,3.5308673,1.9999628,3.554564,0.0,0.0,100.0,7.9997687
2018-12-23 22:15:00,3.2,3.244071,1.9999628,3.249886,0.0,0.0,87.97,7.9997687
2018-12-23 22:30:00,3.2,3.2101629,1.9999628,3.1946483,0.0,0.0,87.97,7.9997687
2018-12-23 22:45:00,3.2,3.2020495,1.9999628,3.1965759,0.0,0.0,87.97,7.9997687
2018-12-23 23:00:00,3.96,3.9543436,1.9999628,4.130819,0.0,0.03054397,87.79,7.9997687
2018-12-23 23:15:00,4.0,3.9238086,1.9999628,3.8960927,0.0,0.033687077,82.88,7.9997687
2018-12-23 23:30:00,4.0,3.9749653,1.9999628,3.8660808,0.0,0.02222175,82.5,7.9997687
2018-12-23 23:45:00,4.0,3.9697287,1.9999628,3.8798838,0.0,0.004984591,80.48,7.9997687
2018-12-24 00:00:00,3.78,3.328718,1.9999628,3.6828196,0.0,0.0,82.49,7.9997687
2018-12-24 00:15:00,3.35,3.3243325,1.9999628,3.475112,0.0,0.043909945,82.78,7.9997687
2018-12-24 00:30:00,3.38,3.367582,1.9999628,3.3861022,0.0,0.021858908,83.47,7.9997687
2018-12-24 00:45:00,3.38,3.3759127,1.9999628,3.3792322,0.0,0.02119553,82.22,7.9997687
2018-12-24 01:00:00,3.96,3.945361,1.9999628,3.9435492,0.0,0.0,78.74,7.9997687
2018-12-24 01:15:00,3.89,3.8478887,1.9999628,3.7857254,0.0,0.0,78.99,7.9997687
2018-12-24 01:30:00,3.38,3.3787103,1.9999628,3.390159,0.0,0.0048150523,80.97,7.9997687
2018-12-24 01:45:00,3.35,3.3304513,1.9999628,3.3592944,0.0,0.0032893126,80.72,7.9997687
2018-12-24 02:00:00,3.49,3.5240674,1.9999628,3.5453434,0.0,0.0,81.07,7.9997687
2018-12-24 02:15:00,3.38,3.381647,1.9999628,3.3406825,0.0,0.0,80.17,7.9997687
2018-12-24 02:30:00,3.42,3.4453616,1.9999628,3.3988616,0.0,0.0,80.51,7.9997687
2018-12-24 02:45:00,4.0,3.973026,1.9999628,3.9516873,0.0,0.0,75.35,7.9997687
2018-12-24 03:00:00,4.07,4.041446,1.9999628,3.9613795,0.0,0.0,74.27,7.9997687
2018-12-24 03:15:00,4.14,4.074987,1.9999628,4.0110807,0.0,0.039634623,75.82,7.9997687
2018-12-24 03:30:00,4.1,4.0440497,1.9999628,4.096996,0.0,0.054066457,76.42,7.9997687
2018-12-24 03:45:00,3.96,3.9202008,1.9999628,3.943747,0.0,0.06174446,76.06,7.9997687
2018-12-24 04:00:00,3.35,3.495598,1.9999628,3.6736834,0.0,0.09143,81.52,7.9997687
2018-12-24 04:15:00,3.38,3.371936,1.9999628,3.40404,0.0,0.0780474,81.76,7.9997687
2018-12-24 04:30:00,3.64,3.6361864,1.9999628,3.6980777,0.0,0.07063863,81.06,7.9997687
2018-12-24 04:45:00,4.07,4.0194674,1.9999628,4.010933,0.0,0.023923498,79.93,7.9997687
2018-12-24 05:00:00,3.42,3.4175835,1.9999628,3.513098,0.0,0.046357665,82.98,7.9997687
2018-12-24 05:15:00,3.31,3.3070495,1.9999628,3.3360074,0.0,0.0349147,82.93,7.9997687
2018-12-24 05:30:00,3.35,3.3631537,1.9999628,3.3520625,0.0,0.05317829,83.24,7.9997687
2018-12-24 05:45:00,3.35,3.3474057,1.9999628,3.386412,0.0,0.008177915,82.44,7.9997687
2018-12-24 06:00:00,3.35,3.3439598,1.9999628,3.391141,0.0,0.0,82.78,7.9997687
2018-12-24 06:15:00,3.38,3.3891504,1.9999628,3.3927338,0.0,0.0,84.72,7.9997687
2018-12-24 06:30:00,3.6,3.5945442,1.9999628,3.6937587,0.0,0.0,82.35,7.9997687
2018-12-24 06:45:00,4.03,3.9878035,1.9999628,3.9632082,0.0,0.0,80.02,7.9997687
2018-12-24 07:00:00,4.0,4.003037,1.9999628,3.9925454,0.0,0.036537606,80.1,7.9997687
2018-12-24 07:15:00,3.96,3.923456,1.9999628,3.895606,0.0,0.0043203104,81.55,7.9997687
2018-12-24 07:30:00,4.54,4.479291,1.9999628,4.4454613,0.0,0.026375726,84.11,7.9997687
2018-12-24 07:45:00,5.36,5.1865597,1.9999628,5.375445,0.0,0.093691565,87.81,7.9997687
2018-12-24 08:00:00,6.52,5.994143,1.9999628,6.5155535,0.0,0.08709004,94.12,7.9997687
2018-12-24 08:15:00,21.89,7.901304,1.9999628,13.889772,0.01,0.08645925,85.67,7.9997687
2018-12-24 08:30:00,59.62,7.958243,1.9999628,13.966846,0.03,0.031327102,83.02,7.9997687
2018-12-24 08:45:00,64.58,7.9933677,1.9999628,13.985349,0.03,0.045317836,85.78,7.9997687
2018-12-24 09:00:00,67.18,7.9933677,1.9999628,13.985349,0.03,0.067623846,94.67,7.9997687
2018-12-24 09:15:00,69.44,7.9933686,1.9999628,13.985349,0.03,0.07020367,93.58,7.9997687
2018-12-24 09:30:00,65.38,7.9933686,1.9999628,13.985631,0.03,0.068280585,93.26,7.9997687
2018-12-24 09:45:00,67.0,7.9933686,1.9999628,13.985631,0.03,0.059841495,90.68,7.9997687
2018-12-24 10:00:00,56.27,7.9933686,1.9999628,13.985631,0.03,0.031045971,94.48,7.9997687
2018-12-24 10:15:00,54.18,7.9933686,1.9999628,13.985631,0.02,0.08219951,93.92,7.9997687
2018-12-24 10:30:00,58.39,7.9933686,1.9999628,13.985631,0.03,0.03671499,91.15,7.9997687
2018-12-24 10:45:00,54.86,7.9933686,1.9999628,13.985631,0.03,0.02322481,93.79,7.9997687
2018-12-24 11:00:00,54.18,7.9933686,1.9999628,13.985631,0.02,0.027184851,92.29,7.9997687
2018-12-24 11:15:00,55.55,7.9933686,1.9999628,13.985631,0.03,0.0213916,92.65,7.9997687
2018-12-24 11:30:00,53.21,7.9933686,1.9999628,13.985631,0.02,0.0,96.09,7.9997687
2018-12-24 11:45:00,53.03,7.9933686,1.9999628,13.985631,0.02,0.121628575,96.23,7.9997687
2018-12-24 12:00:00,40.64,7.9924207,1.9999628,13.850778,0.02,0.055602584,97.76,7.9997687
2018-12-24 12:15:00,6.91,6.7477646,1.9999628,7.054539,0.0,0.0864012,100.0,7.9997687
2018-12-24 12:30:00,6.91,6.691347,1.9999628,6.8151736,0.0,0.028642014,100.0,7.9997687
2018-12-24 12:45:00,6.48,6.446334,1.9999628,6.582243,0.0,0.0,100.0,7.9997687
2018-12-24 13:00:00,6.12,6.1212516,1.9999628,6.214039,0.0,0.0,100.0,7.9997687
2018-12-24 13:15:00,34.49,7.9540157,1.9999628,13.861639,0.02,0.07696563,96.43,7.9997687
2018-12-24 13:30:00,46.98,7.9932733,1.9999628,13.98353,0.02,0.05078202,97.26,7.9997687
2018-12-24 13:45:00,38.2,7.9895954,1.9999628,13.985349,0.02,0.089486636,99.46,7.9997687
2018-12-24 14:00:00,37.84,7.9895954,1.9999628,13.985349,0.02,0.064908266,99.58,7.9997687
2018-12-24 14:15:00,43.45,7.9933686,1.9999628,13.985631,0.02,0.06396505,97.9,7.9997687
2018-12-24 14:30:00,63.9,7.9933686,1.9999628,13.985631,0.03,0.08043128,92.34,7.9997687
2018-12-24 14:45:00,38.48,7.9933686,1.9999628,13.9674425,0.02,0.060071837,99.4,7.9997687
2018-12-24 15:00:00,38.12,7.9933686,1.9999628,13.985631,0.02,0.04999352,99.3,7.9997687
2018-12-24 15:15:00,45.25,7.9933686,1.9999628,13.985631,0.02,0.074755654,97.9,7.9997687
2018-12-24 15:30:00,51.12,7.9933686,1.9999628,13.985631,0.02,0.048110433,96.55,7.9997687
2018-12-24 15:45:00,45.72,7.9933686,1.9999628,13.985631,0.02,0.03665628,97.24,7.9997687
2018-12-24 16:00:00,51.7,7.9933686,1.9999628,13.985631,0.02,0.05421333,94.88,7.9997687
2018-12-24 16:15:00,47.2,7.9933686,1.9999628,13.985631,0.02,0.030635674,98.18,7.9997687
2018-12-24 16:30:00,69.55,7.9933686,1.9999628,13.985631,0.03,0.073356725,91.93,7.9997687
2018-12-24 16:45:00,44.82,7.9933686,1.9999628,13.98467,0.02,0.060412697,97.73,7.9997687
2018-12-24 17:00:00,40.86,7.9933686,1.9999628,13.985631,0.02,0.047848705,99.53,7.9997687
2018-12-24 17:15:00,33.66,7.985761,1.9999628,13.939228,0.02,0.0,99.85,7.9997687
2018-12-24 17:30:00,9.86,7.2908072,1.9999628,9.311611,0.0,0.066228665,100.0,7.9997687
2018-12-24 17:45:00,6.73,6.690926,1.9999628,6.7565904,0.0,0.049959615,100.0,7.9997687
2018-12-24 18:00:00,5.29,5.31621,1.9999628,5.4226656,0.0,0.009233853,100.0,7.9997687
2018-12-24 18:15:00,5.22,5.1916547,1.9999628,5.138119,0.0,0.0,100.0,7.9997687
2018-12-24 18:30:00,5.18,5.186999,1.9999628,5.2044086,0.0,0.0104628075,100.0,7.9997687
2018-12-24 18:45:00,5.33,5.129007,1.9999628,5.2726026,0.0,0.023198735,100.0,7.9997687
2018-12-24 19:00:00,5.04,4.9356217,1.9999628,4.9852514,0.0,0.016994283,100.0,7.9997687
2018-12-24 19:15:00,4.14,4.178582,1.9999628,4.5043325,0.0,0.010962663,100.0,7.9997687
2018-12-24 19:30:00,4.18,4.181282,1.9999628,4.1933484,0.0,0.00054337736,100.0,7.9997687
2018-12-24 19:45:00,4.1,4.0826807,1.9999628,4.1422677,0.0,0.0,100.0,7.9997687
2018-12-24 20:00:00,4.18,4.171278,1.9999628,4.2374244,0.0,0.017028647,100.0,7.9997687
2018-12-24 20:15:00,4.1,4.108759,1.9999628,4.0849915,0.0,0.021268453,100.0,7.9997687
2018-12-24 20:30:00,4.14,4.1251116,1.9999628,4.116972,0.0,0.050413735,100.0,7.9997687
2018-12-24 20:45:00,4.21,4.2388334,1.9999628,4.295111,0.0,0.0061042625,100.0,7.9997687
2018-12-24 21:00:00,4.18,4.1808443,1.9999628,4.13937,0.0,0.012488171,100.0,7.9997687
2018-12-24 21:15:00,4.18,4.170183,1.9999628,4.1853776,0.0,0.04347243,100.0,7.9997687
2018-12-24 21:30:00,4.14,4.126698,1.9999628,4.0981307,0.0,0.035855036,100.0,7.9997687
2018-12-24 21:45:00,4.18,4.180843,1.9999628,4.1618314,0.0,0.04949253,100.0,7.9997687
2018-12-24 22:00:00,5.4,5.1733937,1.9999628,5.270385,0.0,0.0,100.0,7.9997687
2018-12-24 22:15:00,4.5,4.315903,1.9999628,4.526881,0.0,0.0,81.75,7.9997687
2018-12-24 22:30:00,3.92,3.8683589,1.9999628,3.98078,0.0,0.042555474,76.69,7.9997687
2018-12-24 22:45:00,3.89,3.8287656,1.9999628,3.9762087,0.0,0.042389654,77.52,7.9997687
2018-12-24 23:00:00,3.85,3.818258,1.9999628,3.873611,0.0,0.028397402,77.59,7.9997687
2018-12-24 23:15:00,3.85,3.7796881,1.9999628,3.8608603,0.0,0.0021664407,80.77,7.9997687
2018-12-24 23:30:00,3.82,3.7988365,1.9999628,3.8348606,0.0,0.0,82.77,7.9997687
2018-12-24 23:45:00,3.85,3.8182313,1.9999628,3.8456073,0.0,0.0,83.67,7.9997687
2018-12-25 00:00:00,3.13,2.9179416,1.9999628,3.391571,0.0,0.02214388,81.44,7.9997687
2018-12-25 00:15:00,3.85,3.8068943,1.9999628,4.0151224,0.0,0.028783057,81.47,7.9997687
2018-12-25 00:30:00,3.92,3.810547,1.9999628,3.867064,0.0,0.029159274,80.98,7.9997687
2018-12-25 00:45:00,3.89,3.8327217,1.9999628,3.8391151,0.0,0.0,79.29,7.9997687
2018-12-25 01:00:00,3.85,3.7854218,1.9999628,3.8159192,0.0,0.020194866,77.89,7.9997687
2018-12-25 01:15:00,3.56,3.6303148,1.9999628,3.6817014,0.0,0.0,80.43,7.9997687
2018-12-25 01:30:00,3.2,3.1901908,1.9999628,3.2948892,0.0,0.024666004,82.04,7.9997687
2018-12-25 01:45:00,3.92,3.9327605,1.9999628,4.1305513,0.0,0.005937021,79.9,7.9997687
2018-12-25 02:00:00,3.64,3.6217303,1.9999628,3.592185,0.0,0.009231666,79.89,7.9997687
2018-12-25 02:15:00,3.17,3.1572104,1.9999628,3.195816,0.0,0.0,81.79,7.9997687
2018-12-25 02:30:00,3.17,3.1356113,1.9999628,3.1839588,0.0,0.0,83.12,7.9997687
2018-12-25 02:45:00,3.2,3.197835,1.9999628,3.203456,0.0,0.0,82.4,7.9997687
2018-12-25 03:00:00,3.24,3.2325988,1.9999628,3.2313256,0.0,0.0,81.9,7.9997687
2018-12-25 03:15:00,3.2,3.199181,1.9999628,3.2105186,0.0,0.016523696,82.04,7.9997687
2018-12-25 03:30:00,3.2,3.1801121,1.9999628,3.2002833,0.0,0.0,81.2,7.9997687
2018-12-25 03:45:00,3.28,3.301343,1.9999628,3.320633,0.0,0.009825924,80.59,7.9997687
2018-12-25 04:00:00,3.96,3.9692204,1.9999628,4.029493,0.0,0.012276476,73.99,7.9997687
2018-12-25 04:15:00,3.96,3.944795,1.9999628,3.842789,0.0,0.0,74.37,7.9997687
2018-12-25 04:30:00,3.92,3.8632827,1.9999628,3.7959316,0.0,0.010801513,76.41,7.9997687
2018-12-25 04:45:00,3.89,3.868996,1.9999628,3.8217666,0.0,0.031795636,76.16,7.9997687
2018-12-25 05:00:00,3.35,3.3780782,1.9999628,3.5678318,0.0,0.020128388,79.11,7.9997687
2018-12-25 05:15:00,3.24,3.2309096,1.9999628,3.2638206,0.0,0.048822336,80.24,7.9997687
2018-12-25 05:30:00,3.35,3.3101344,1.9999628,3.378383,0.0,0.023701534,79.91,7.9997687
2018-12-25 05:45:00,3.96,3.957764,1.9999628,3.9426877,0.0,0.002475626,74.65,7.9997687
2018-12-25 06:00:00,3.71,3.615066,1.9999628,3.641501,0.0,0.0,78.27,7.9997687
2018-12-25 06:15:00,3.17,3.1578517,1.9999628,3.266022,0.0,0.004514605,81.79,7.9997687
2018-12-25 06:30:00,3.2,3.1683447,1.9999628,3.218642,0.0,0.0,82.4,7.9997687
2018-12-25 06:45:00,3.2,3.1867285,1.9999628,3.2004976,0.0,0.0,81.2,7.9997687
2018-12-25 07:00:00,3.17,3.1941411,1.9999628,3.247282,0.0,0.0,81.3,7.9997687
2018-12-25 07:15:00,3.24,3.2555385,1.9999628,3.2438388,0.0,0.035659842,79.76,7.9997687
2018-12-25 07:30:00,3.85,3.8436425,1.9999628,3.9268677,0.0,0.03257109,75.15,7.9997687
2018-12-25 07:45:00,3.92,3.8599696,1.9999628,3.9471955,0.0,0.0,74.31,7.9997687
2018-12-25 08:00:00,3.89,3.9173815,1.9999628,3.964262,0.0,0.0058377725,74.43,7.9997687
2018-12-25 08:15:00,3.89,3.86501,1.9999628,4.0099826,0.0,0.016381549,74.43,7.9997687
2018-12-25 08:30:00,3.49,3.5694547,1.9999628,3.7358608,0.0,0.0055439672,77.56,7.9997687
2018-12-25 08:45:00,3.24,3.1899154,1.9999628,3.3657482,0.0,0.0,95.22,7.9997687
2018-12-25 09:00:00,3.38,3.363236,1.9999628,3.5060246,0.0,0.02478811,100.0,7.9997687
2018-12-25 09:15:00,3.49,3.4869425,1.9999628,3.535353,0.0,0.0,100.0,7.9997687
2018-12-25 09:30:00,3.46,3.4582555,1.9999628,3.491763,0.0,0.0,100.0,7.9997687
2018-12-25 09:45:00,3.82,3.7927158,1.9999628,3.8443177,0.0,0.0,100.0,7.9997687
2018-12-25 10:00:00,3.96,3.931852,1.9999628,3.925973,0.0,0.0,100.0,7.9997687
2018-12-25 10:15:00,3.42,3.4959674,1.9999628,3.578261,0.0,0.005919656,100.0,7.9997687
2018-12-25 10:30:00,3.53,3.5012093,1.9999628,3.5923977,0.0,0.0,100.0,7.9997687
2018-12-25 10:45:00,3.46,3.4439554,1.9999628,3.4669688,0.0,0.0,100.0,7.9997687
2018-12-25 11:00:00,3.46,3.4743059,1.9999628,3.4694629,0.0,0.0,100.0,7.9997687
2018-12-25 11:15:00,3.78,3.7574527,1.9999628,3.844747,0.0,0.0,100.0,7.9997687
2018-12-25 11:30:00,4.18,4.164993,1.9999628,4.2469864,0.0,0.014895348,100.0,7.9997687
2018-12-25 11:45:00,4.28,4.264787,1.9999628,4.3079996,0.0,0.009938277,100.0,7.9997687
2018-12-25 12:00:00,4.18,4.160163,1.9999628,4.2376285,0.0,0.03399833,100.0,7.9997687
2018-12-25 12:15:00,4.07,4.0656915,1.9999628,4.1748705,0.0,0.0021228283,100.0,7.9997687
2018-12-25 12:30:00,3.56,3.6625795,1.9999628,3.8177094,0.0,0.024793027,100.0,7.9997687
2018-12-25 12:45:00,3.53,3.5470295,1.9999628,3.5889308,0.0,0.011759247,100.0,7.9997687
2018-12-25 13:00:00,3.53,3.57381,1.9999628,3.5489054,0.0,0.032105636,100.0,7.9997687
2018-12-25 13:15:00,5.04,5.092726,1.9999628,5.0844965,0.0,0.0,100.0,7.9997687
2018-12-25 13:30:00,4.07,3.9824522,1.9999628,4.2426376,0.0,0.0038791704,100.0,7.9997687
2018-12-25 13:45:00,3.42,3.4432003,1.9999628,3.7040207,0.0,0.038824167,100.0,7.9997687
2018-12-25 14:00:00,3.42,3.422069,1.9999628,3.5528283,0.0,0.018766297,100.0,7.9997687
2018-12-25 14:15:00,3.49,3.4743717,1.9999628,3.5947423,0.0,0.006046059,100.0,7.9997687
2018-12-25 14:30:00,3.46,3.4812891,1.9999628,3.4700174,0.0,0.0,100.0,7.9997687
2018-12-25 14:45:00,3.53,3.5418088,1.9999628,3.560618,0.0,0.019785542,100.0,7.9997687
2018-12-25 15:00:00,4.14,4.1254873,1.9999628,4.122853,0.0,0.016106678,100.0,7.9997687
2018-12-25 15:15:00,4.14,4.093131,1.9999628,4.153626,0.0,0.017835416,100.0,7.9997687
2018-12-25 15:30:00,4.14,4.0958033,1.9999628,4.155862,0.0,0.0067669656,100.0,7.9997687
2018-12-25 15:45:00,4.1,4.0717263,1.9999628,4.192291,0.0,0.016905509,100.0,7.9997687
2018-12-25 16:00:00,3.67,3.8371108,1.9999628,3.8790898,0.0,0.0,100.0,7.9997687
2018-12-25 16:15:00,3.46,3.4353573,1.9999628,3.531104,0.0,0.0,100.0,7.9997687
2018-12-25 16:30:00,3.42,3.4253016,1.9999628,3.4617114,0.0,0.006555645,100.0,7.9997687
2018-12-25 16:45:00,3.46,3.4617107,1.9999628,3.4874067,0.0,0.0,100.0,7.9997687
2018-12-25 17:00:00,3.42,3.4175913,1.9999628,3.4577289,0.0,0.0,100.0,7.9997687
2018-12-25 17:15:00,3.46,3.4637427,1.9999628,3.502303,0.0,0.0,100.0,7.9997687
2018-12-25 17:30:00,4.0,3.9652295,1.9999628,3.9915855,0.0,0.0,100.0,7.9997687
2018-12-25 17:45:00,4.0,3.9941354,1.9999628,3.9700544,0.0,0.003471301,100.0,7.9997687
2018-12-25 18:00:00,3.38,3.3964965,1.9999628,3.4478843,0.0,0.0,100.0,7.9997687
2018-12-25 18:15:00,3.38,3.3769987,1.9999628,3.3809931,0.0,0.0,100.0,7.9997687
2018-12-25 18:30:00,3.74,3.7259853,1.9999628,3.7720919,0.0,0.0,100.0,7.9997687
2018-12-25 18:45:00,4.1,4.0514865,1.9999628,4.093631,0.0,0.0,100.0,7.9997687
2018-12-25 19:00:00,4.18,4.106898,1.9999628,4.1092763,0.0,0.0022649595,100.0,7.9997687
2018-12-25 19:15:00,4.1,4.0545425,1.9999628,3.9950008,0.0,0.023302829,100.0,7.9997687
2018-12-25 19:30:00,4.18,4.1748185,1.9999628,4.0969057,0.0,0.02325722,100.0,7.9997687
2018-12-25 19:45:00,3.64,3.7815633,1.9999628,3.7264998,0.0,0.0063875387,100.0,7.9997687
2018-12-25 20:00:00,3.46,3.4853692,1.9999628,3.5632749,0.0,0.0,100.0,7.9997687
2018-12-25 20:15:00,3.46,3.479516,1.9999628,3.4650004,0.0,0.0,100.0,7.9997687
2018-12-25 20:30:00,3.38,3.3679445,1.9999628,3.4126682,0.0,0.0,100.0,7.9997687
2018-12-25 20:45:00,3.42,3.453511,1.9999628,3.4122927,0.0,0.004239618,100.0,7.9997687
2018-12-25 21:00:00,3.42,3.4288435,1.9999628,3.4527047,0.0,0.0,100.0,7.9997687
2018-12-25 21:15:00,3.42,3.430782,1.9999628,3.457406,0.0,0.0,100.0,7.9997687
2018-12-25 21:30:00,4.03,4.0423336,1.9999628,4.0273466,0.0,0.0,100.0,7.9997687
2018-12-25 21:45:00,4.14,4.135308,1.9999628,4.1637883,0.0,0.018979669,100.0,7.9997687
2018-12-25 22:00:00,3.49,3.4808245,1.9999628,3.532961,0.0,0.031699847,100.0,7.9997687
2018-12-25 22:15:00,3.2,3.1799588,1.9999628,3.1988108,0.0,0.06299963,81.2,7.9997687
2018-12-25 22:30:00,3.85,3.8159413,1.9999628,3.9155035,0.0,0.08570994,75.83,7.9997687
2018-12-25 22:45:00,3.89,3.7986546,1.9999628,3.8188164,0.0,0.0,73.77,7.9997687
2018-12-25 23:00:00,3.89,3.8304875,1.9999628,3.7988815,0.0,0.020651288,74.43,7.9997687
2018-12-25 23:15:00,3.85,3.7974892,1.9999628,3.7809665,0.0,0.01585885,77.2,7.9997687
2018-12-25 23:30:00,3.64,3.515416,1.9999628,3.617906,0.0,0.0,78.42,7.9997687
2018-12-25 23:45:00,3.31,3.2581575,1.9999628,3.324399,0.0,0.0,82.47,7.9997687
2018-12-26 00:00:00,3.67,3.5915043,1.9999628,3.6897745,0.0,0.0,80.97,7.9997687
2018-12-26 00:15:00,3.24,3.1767032,1.9999628,3.2689922,0.0,0.013231585,81.54,7.9997687
2018-12-26 00:30:00,3.24,3.1803427,1.9999628,3.2574086,0.0,0.0,79.41,7.9997687
2018-12-26 00:45:00,3.2,3.1931741,1.9999628,3.2309315,0.0,0.009025621,79.04,7.9997687
2018-12-26 01:00:00,3.31,3.3126879,1.9999628,3.3626733,0.0,0.0,79.1,7.9997687
2018-12-26 01:15:00,3.24,3.2184818,1.9999628,3.2214828,0.0,0.0,78.46,7.9997687
2018-12-26 01:30:00,3.28,3.2687914,1.9999628,3.2855027,0.0,0.0,77.21,7.9997687
2018-12-26 01:45:00,3.24,3.2244437,1.9999628,3.215037,0.0,0.0,77.64,7.9997687
2018-12-26 02:00:00,3.24,3.2220318,1.9999628,3.254569,0.0,0.0,77.64,7.9997687
2018-12-26 02:15:00,3.78,3.7317386,1.9999628,3.7568734,0.0,0.0,73.09,7.9997687
2018-12-26 02:30:00,3.96,3.9441602,1.9999628,3.8468971,0.0,0.0,71.7,7.9997687
2018-12-26 02:45:00,4.97,4.8425264,1.9999628,4.8095546,0.0,0.0,76.53,7.9997687
2018-12-26 03:00:00,4.36,4.2634974,1.9999628,4.3014207,0.0,0.0,72.52,7.9997687
2018-12-26 03:15:00,3.71,3.7326825,1.9999628,3.8201663,0.0,0.005601579,70.43,7.9997687
2018-12-26 03:30:00,3.28,3.2284963,1.9999628,3.5426676,0.0,0.0,77.21,7.9997687
2018-12-26 03:45:00,3.31,3.2926993,1.9999628,3.3497474,0.0,0.0,77.03,7.9997687
2018-12-26 04:00:00,3.28,3.2999356,1.9999628,3.2817817,0.0,0.0,75.94,7.9997687
2018-12-26 04:15:00,3.28,3.2854738,1.9999628,3.280594,0.0,0.0,77.67,7.9997687
2018-12-26 04:30:00,3.2,3.2239113,1.9999628,3.2392766,0.0,0.0,78.56,7.9997687
2018-12-26 04:45:00,3.24,3.2499702,1.9999628,3.2265923,0.0,0.0,79.41,7.9997687
2018-12-26 05:00:00,3.28,3.2694125,1.9999628,3.2906044,0.0,0.0,79.3,7.9997687
2018-12-26 05:15:00,3.2,3.209902,1.9999628,3.2235527,0.0,0.0,78.56,7.9997687
2018-12-26 05:30:00,3.24,3.2586036,1.9999628,3.2265923,0.0,0.0,80.59,7.9997687
2018-12-26 05:45:00,3.2,3.2085598,1.9999628,3.207246,0.0,0.0,79.88,7.9997687
2018-12-26 06:00:00,4.79,4.7369933,1.9999628,4.7282844,0.0,0.0,81.38,7.9997687
2018-12-26 06:15:00,4.86,4.7066407,1.9999628,4.6171966,0.0,0.0,82.65,7.9997687
2018-12-26 06:30:00,3.92,3.8196273,1.9999628,3.9902408,0.0,0.09228883,74.03,7.9997687
2018-12-26 06:45:00,3.82,3.7284539,1.9999628,3.9879007,0.0,0.10905063,75.18,7.9997687
2018-12-26 07:00:00,3.35,3.3144891,1.9999628,3.6131065,0.0,0.08717047,78.66,7.9997687
2018-12-26 07:15:00,3.17,3.1385965,1.9999628,3.262167,0.0,0.078459285,80.94,7.9997687
2018-12-26 07:30:00,3.42,3.4602735,1.9999628,3.55664,0.0,0.017231861,81.74,7.9997687
2018-12-26 07:45:00,4.82,4.718,1.9999628,4.9440475,0.0,0.030183904,84.42,7.9997687
2018-12-26 08:00:00,5.0,4.857218,1.9999628,5.024978,0.0,0.024520472,90.08,7.9997687
2018-12-26 08:15:00,34.52,7.920498,1.9999628,13.799863,0.02,0.07373657,84.42,7.9997687
2018-12-26 08:30:00,48.06,7.9857492,1.9999628,13.982088,0.02,0.0,84.41,7.9997687
2018-12-26 08:45:00,78.23,7.9933677,1.9999628,13.985349,0.04,0.017507153,82.53,7.9997687
2018-12-26 09:00:00,51.08,7.9895954,1.9999628,13.985349,0.02,0.06765681,97.01,7.9997687
2018-12-26 09:15:00,70.99,7.9933686,1.9999628,13.985631,0.03,0.0,89.95,7.9997687
2018-12-26 09:30:00,65.74,7.9933686,1.9999628,13.985631,0.03,0.088851616,87.2,7.9997687
2018-12-26 09:45:00,52.96,7.9933686,1.9999628,13.985631,0.02,0.009415766,93.18,7.9997687
2018-12-26 10:00:00,55.44,7.9933686,1.9999628,13.985631,0.03,0.0,92.47,7.9997687
2018-12-26 10:15:00,52.06,7.9933686,1.9999628,13.985631,0.02,0.018525101,93.81,7.9997687
2018-12-26 10:30:00,57.64,7.9933686,1.9999628,13.985631,0.03,0.014452152,92.52,7.9997687
2018-12-26 10:45:00,62.21,7.9933686,1.9999628,13.985631,0.03,0.018876582,90.65,7.9997687
2018-12-26 11:00:00,45.58,7.9933686,1.9999628,13.985631,0.02,0.034776878,97.13,7.9997687
2018-12-26 11:15:00,54.58,7.9933686,1.9999628,13.985631,0.03,0.0,94.78,7.9997687
2018-12-26 11:30:00,55.15,7.9933686,1.9999628,13.985631,0.03,0.028563406,91.65,7.9997687
2018-12-26 11:45:00,58.64,7.9933686,1.9999628,13.985631,0.03,0.02409248,94.46,7.9997687
2018-12-26 12:00:00,31.28,7.938937,1.9999628,13.745911,0.01,0.0,99.06,7.9997687
2018-12-26 12:15:00,6.77,6.585807,1.9999628,6.7210937,0.0,0.044502314,100.0,7.9997687
2018-12-26 12:30:00,7.09,6.828075,1.9999628,7.1417828,0.0,0.0,100.0,7.9997687
2018-12-26 12:45:00,6.95,7.062388,1.9999628,7.027362,0.0,0.0,100.0,7.9997687
2018-12-26 13:00:00,6.41,6.607702,1.9999628,6.6654058,0.0,0.0,100.0,7.9997687
2018-12-26 13:15:00,20.66,7.751957,1.9999628,13.362375,0.01,0.008527635,99.56,7.9997687
2018-12-26 13:30:00,59.9,7.960848,1.9999628,13.966846,0.03,0.0,92.88,7.9997687
2018-12-26 13:45:00,55.3,7.9895954,1.9999628,13.985349,0.03,0.013828878,96.17,7.9997687
2018-12-26 14:00:00,51.41,7.9895954,1.9999628,13.985349,0.02,0.00042855652,96.23,7.9997687
2018-12-26 14:15:00,57.02,7.9933686,1.9999628,13.985349,0.03,0.03376623,94.09,7.9997687
2018-12-26 14:30:00,43.06,7.9933686,1.9999628,13.985631,0.02,0.019989127,98.29,7.9997687
2018-12-26 14:45:00,41.4,7.9933686,1.9999628,13.985631,0.02,0.0051394817,97.84,7.9997687
2018-12-26 15:00:00,52.92,7.9933686,1.9999628,13.985631,0.02,0.004310948,94.73,7.9997687
2018-12-26 15:15:00,53.42,7.9933686,1.9999628,13.985631,0.02,0.028750436,92.58,7.9997687
2018-12-26 15:30:00,40.68,7.9933686,1.9999628,13.985631,0.02,0.060523186,97.51,7.9997687
2018-12-26 15:45:00,40.64,7.9933686,1.9999628,13.985631,0.02,0.040075883,98.77,7.9997687
2018-12-26 16:00:00,41.47,7.9933686,1.9999628,13.985631,0.02,0.052053962,98.36,7.9997687
2018-12-26 16:15:00,56.2,7.9933686,1.9999628,13.985631,0.03,0.0465634,94.35,7.9997687
2018-12-26 16:30:00,59.04,7.9933686,1.9999628,13.985631,0.03,0.013598296,90.73,7.9997687
2018-12-26 16:45:00,54.68,7.9933686,1.9999628,13.985631,0.03,0.0,92.67,7.9997687
2018-12-26 17:00:00,57.67,7.9933686,1.9999628,13.985631,0.03,0.009399959,92.26,7.9997687
2018-12-26 17:15:00,54.79,7.9933686,1.9999628,13.985631,0.03,0.016694535,93.32,7.9997687
2018-12-26 17:30:00,34.42,7.985761,1.9999628,13.939228,0.02,0.031516023,99.71,7.9997687
2018-12-26 17:45:00,9.5,7.237899,1.9999628,8.944084,0.0,0.059215866,100.0,7.9997687
2018-12-26 18:00:00,5.22,5.4330974,1.9999628,5.325138,0.0,0.024128143,100.0,7.9997687
2018-12-26 18:15:00,5.04,4.9902115,1.9999628,5.0247073,0.0,0.0,100.0,7.9997687
2018-12-26 18:30:00,5.04,4.9956856,1.9999628,5.10943,0.0,0.0,100.0,7.9997687
2018-12-26 18:45:00,5.08,5.008979,1.9999628,5.0538535,0.0,0.011999932,100.0,7.9997687
2018-12-26 19:00:00,5.08,4.933478,1.9999628,4.947199,0.0,0.0,100.0,7.9997687
2018-12-26 19:15:00,4.68,4.6824145,1.9999628,4.796253,0.0,0.002460719,100.0,7.9997687
2018-12-26 19:30:00,3.92,4.031686,1.9999628,4.2606354,0.0,0.0,100.0,7.9997687
2018-12-26 19:45:00,3.89,3.8777137,1.9999628,3.9983828,0.0,0.0,100.0,7.9997687
2018-12-26 20:00:00,3.85,3.8097696,1.9999628,3.891433,0.0,0.011106783,100.0,7.9997687
2018-12-26 20:15:00,3.89,3.8281212,1.9999628,3.932439,0.0,0.022049384,100.0,7.9997687
2018-12-26 20:30:00,3.89,3.8670702,1.9999628,3.8955882,0.0,0.001541473,100.0,7.9997687
2018-12-26 20:45:00,3.96,3.9675066,1.9999628,3.9729044,0.0,0.0,100.0,7.9997687
2018-12-26 21:00:00,3.89,3.8805127,1.9999628,3.945918,0.0,0.0,100.0,7.9997687
2018-12-26 21:15:00,3.96,3.9678802,1.9999628,3.9935942,0.0,0.0,100.0,7.9997687
2018-12-26 21:30:00,4.0,4.0011187,1.9999628,4.0358696,0.0,0.0,100.0,7.9997687
2018-12-26 21:45:00,3.96,3.9479923,1.9999628,3.9593952,0.0,0.0,100.0,7.9997687
2018-12-26 22:00:00,4.07,4.1054544,1.9999628,4.079346,0.0,0.0,100.0,7.9997687
2018-12-26 22:15:00,4.0,4.0625434,1.9999628,3.9569032,0.0,0.0,79.04,7.9997687
2018-12-26 22:30:00,4.9,4.842956,1.9999628,4.8618364,0.0,0.0,83.96,7.9997687
2018-12-26 22:45:00,4.1,3.9543858,1.9999628,4.1568813,0.0,0.03280972,79.49,7.9997687
2018-12-26 23:00:00,3.71,3.7713225,1.9999628,3.9474916,0.0,0.060116723,77.14,7.9997687
2018-12-26 23:15:00,3.74,3.7511303,1.9999628,3.720484,0.0,0.00016476389,80.36,7.9997687
2018-12-26 23:30:00,3.64,3.6475205,1.9999628,3.6586607,0.0,0.0020410714,82.22,7.9997687
2018-12-26 23:45:00,3.67,3.6682148,1.9999628,3.691676,0.0,0.0,82.02,7.9997687
2018-12-27 00:00:00,3.74,3.6567457,1.9999628,3.7502513,0.0,0.015166931,87.69,7.9997687
2018-12-27 00:15:00,3.64,3.6844337,1.9999628,3.6969967,0.0,0.0075799683,79.16,7.9997687
2018-12-27 00:30:00,3.74,3.7430542,1.9999628,3.7516115,0.0,0.0,78.11,7.9997687
2018-12-27 00:45:00,3.71,3.7147548,1.9999628,3.7372398,0.0,0.012252284,77.55,7.9997687
2018-12-27 01:00:00,3.71,3.7085068,1.9999628,3.7643883,0.0,0.017470129,76.74,7.9997687
2018-12-27 01:15:00,3.67,3.6719282,1.9999628,3.7138376,0.0,0.014547041,76.09,7.9997687
2018-12-27 01:30:00,3.67,3.6848767,1.9999628,3.7412064,0.0,0.0,77.22,7.9997687
2018-12-27 01:45:00,3.78,3.7629704,1.9999628,3.803679,0.0,0.01599872,74.15,7.9997687
2018-12-27 02:00:00,4.18,4.1589804,1.9999628,4.1600566,0.0,0.011470655,77.4,7.9997687
2018-12-27 02:15:00,4.86,4.915351,1.9999628,4.8636966,0.0,0.011993298,80.91,7.9997687
2018-12-27 02:30:00,4.21,4.1159077,1.9999628,4.0946975,0.0,0.017156646,75.38,7.9997687
2018-12-27 02:45:00,3.71,3.7727206,1.9999628,3.920486,0.0,0.046075176,73.92,7.9997687
2018-12-27 03:00:00,3.78,3.789384,1.9999628,3.8212476,0.0,0.055549774,75.23,7.9997687
2018-12-27 03:15:00,3.67,3.714265,1.9999628,3.7096074,0.0,0.053103972,74.56,7.9997687
2018-12-27 03:30:00,3.71,3.725506,1.9999628,3.7383034,0.0,0.048257265,76.03,7.9997687
2018-12-27 03:45:00,3.24,3.202752,1.9999628,3.3689501,0.0,0.041863482,77.64,7.9997687
2018-12-27 04:00:00,3.02,3.0272965,1.9999628,3.0349004,0.0,0.06245882,81.85,7.9997687
2018-12-27 04:15:00,2.99,2.994988,1.9999628,2.9892647,0.0,0.023566727,80.55,7.9997687
2018-12-27 04:30:00,2.99,2.9987414,1.9999628,2.9857004,0.0,0.022060236,81.58,7.9997687
2018-12-27 04:45:00,2.95,2.9529042,1.9999628,2.9789822,0.0,0.009659643,81.6,7.9997687
2018-12-27 05:00:00,2.95,2.9493988,1.9999628,2.9783506,0.0,0.0,82.12,7.9997687
2018-12-27 05:15:00,2.95,2.9510145,1.9999628,2.978326,0.0,0.0,82.51,7.9997687
2018-12-27 05:30:00,2.95,2.948234,1.9999628,2.978326,0.0,0.0,83.03,7.9997687
2018-12-27 05:45:00,2.95,2.9541936,1.9999628,2.978326,0.0,0.0,82.12,7.9997687
2018-12-27 06:00:00,3.42,3.4224572,1.9999628,3.4508028,0.0,0.013707878,78.94,7.9997687
2018-12-27 06:15:00,3.74,3.6926947,1.9999628,3.7305644,0.0,0.0,79.64,7.9997687
2018-12-27 06:30:00,4.86,4.8235903,1.9999628,4.901304,0.0,0.0,86.03,7.9997687
2018-12-27 06:45:00,4.21,3.9972868,1.9999628,4.058106,0.0,0.020293564,82.17,7.9997687
2018-12-27 07:00:00,3.6,3.6178217,1.9999628,3.8787036,0.0,0.024625638,81.5,7.9997687
2018-12-27 07:15:00,2.88,3.1469946,1.9999628,3.3120959,0.0,0.025036123,85.72,7.9997687
2018-12-27 07:30:00,3.2,3.198616,1.9999628,3.3910184,0.0,0.08423051,86.34,7.9997687
2018-12-27 07:45:00,4.9,4.987768,1.9999628,5.0094037,0.0,0.05255795,90.52,7.9997687
2018-12-27 08:00:00,5.65,5.476551,1.9999628,5.7782154,0.0,0.0037768465,89.54,7.9997687
2018-12-27 08:15:00,32.0,7.89401,1.9999628,13.820212,0.01,0.0,80.89,7.9997687
2018-12-27 08:30:00,52.63,7.988212,1.9999628,13.982313,0.02,0.012242611,79.48,7.9997687
2018-12-27 08:45:00,73.66,7.9933677,1.9999628,13.985349,0.03,0.032049045,81.81,7.9997687
2018-12-27 09:00:00,63.47,7.9895954,1.9999628,13.985349,0.03,0.053788178,90.83,7.9997687
2018-12-27 09:15:00,56.77,7.9933686,1.9999628,13.985631,0.03,0.034210168,94.42,7.9997687
2018-12-27 09:30:00,53.93,7.9933686,1.9999628,13.985631,0.02,0.0010198143,94.17,7.9997687
2018-12-27 09:45:00,59.4,7.9933686,1.9999628,13.985631,0.03,0.013124009,92.79,7.9997687
2018-12-27 10:00:00,76.03,7.9933686,1.9999628,13.985631,0.03,0.039581545,89.24,7.9997687
2018-12-27 10:15:00,47.81,7.9933686,1.9999628,13.98467,0.02,0.0,96.33,7.9997687
2018-12-27 10:30:00,45.83,7.9933686,1.9999628,13.985631,0.02,0.014820319,96.59,7.9997687
2018-12-27 10:45:00,52.63,7.9933686,1.9999628,13.985631,0.02,0.0,93.78,7.9997687
2018-12-27 11:00:00,68.69,7.9933686,1.9999628,13.985631,0.03,0.07145474,89.68,7.9997687
2018-12-27 11:15:00,51.16,7.9933686,1.9999628,13.985631,0.02,0.0236953,95.99,7.9997687
2018-12-27 11:30:00,51.52,7.9933686,1.9999628,13.985631,0.02,0.010435766,96.19,7.9997687
2018-12-27 11:45:00,54.83,7.9933686,1.9999628,13.985631,0.03,0.02737263,96.37,7.9997687
2018-12-27 12:00:00,59.62,7.9933805,1.9999628,13.984885,0.03,0.01532292,92.53,7.9997687
2018-12-27 12:15:00,13.54,7.548414,1.9999628,11.63524,0.01,0.01639925,99.71,7.9997687
2018-12-27 12:30:00,6.62,6.4559245,1.9999628,6.741739,0.0,0.026942013,100.0,7.9997687
2018-12-27 12:45:00,6.59,6.5642567,1.9999628,6.8353734,0.0,0.018656438,100.0,7.9997687
2018-12-27 13:00:00,17.82,7.7556133,1.9999628,13.336772,0.01,0.0,99.78,7.9997687
2018-12-27 13:15:00,40.57,7.949695,1.9999628,13.885873,0.02,0.0063208127,99.67,7.9997687
2018-12-27 13:30:00,43.7,7.993313,1.9999628,13.822109,0.02,0.018972881,98.75,7.9997687
2018-12-27 13:45:00,46.84,7.9933677,1.9999628,13.985349,0.02,0.025845304,96.44,7.9997687
2018-12-27 14:00:00,53.32,7.9933677,1.9999628,13.985349,0.02,0.032296296,95.07,7.9997687
2018-12-27 14:15:00,55.01,7.9933686,1.9999628,13.985631,0.03,0.081500664,94.61,7.9997687
2018-12-27 14:30:00,61.74,7.9933686,1.9999628,13.985631,0.03,0.080193214,93.63,7.9997687
2018-12-27 14:45:00,54.14,7.9933686,1.9999628,13.985631,0.02,0.034761254,94.8,7.9997687
2018-12-27 15:00:00,53.5,7.9933686,1.9999628,13.985631,0.02,0.078612536,95.64,7.9997687
2018-12-27 15:15:00,44.75,7.9933686,1.9999628,13.985631,0.02,0.023075728,95.7,7.9997687
2018-12-27 15:30:00,42.95,7.9933686,1.9999628,13.985631,0.02,0.04584709,98.08,7.9997687
2018-12-27 15:45:00,60.84,7.9933686,1.9999628,13.985631,0.03,0.055406883,91.4,7.9997687
2018-12-27 16:00:00,63.04,7.9933686,1.9999628,13.985631,0.03,0.042191733,92.28,7.9997687
2018-12-27 16:15:00,59.58,7.9933686,1.9999628,13.985631,0.03,0.045336805,91.78,7.9997687
2018-12-27 16:30:00,63.22,7.9933686,1.9999628,13.985631,0.03,0.043263603,90.55,7.9997687
2018-12-27 16:45:00,45.79,7.9933686,1.9999628,13.985631,0.02,0.05384839,98.15,7.9997687
2018-12-27 17:00:00,41.58,7.9933686,1.9999628,13.985631,0.02,0.062336747,99.81,7.9997687
2018-12-27 17:15:00,54.58,7.9933686,1.9999628,13.985631,0.03,0.038491465,97.64,7.9997687
2018-12-27 17:30:00,36.72,7.98111,1.9999628,13.936577,0.02,0.006530315,99.94,7.9997687
2018-12-27 17:45:00,29.38,7.737856,1.9999628,13.773417,0.01,0.0,100.0,7.9997687
2018-12-27 18:00:00,28.48,7.983051,1.9999628,13.936609,0.01,0.024879761,99.96,7.9997687
2018-12-27 18:15:00,48.56,7.9933686,1.9999628,13.985631,0.02,0.06413794,93.31,7.9997687
2018-12-27 18:30:00,53.82,7.9933686,1.9999628,13.985631,0.02,0.048119403,94.09,7.9997687
2018-12-27 18:45:00,53.5,7.9933686,1.9999628,13.985631,0.02,0.052029666,97.66,7.9997687
2018-12-27 19:00:00,53.14,7.9933686,1.9999628,13.985631,0.02,0.0538512,97.18,7.9997687
2018-12-27 19:15:00,51.01,7.9933686,1.9999628,13.985631,0.02,0.03459291,98.08,7.9997687
2018-12-27 19:30:00,47.99,7.9933686,1.9999628,13.985631,0.02,0.0,98.83,7.9997687
2018-12-27 19:45:00,49.18,7.9933686,1.9999628,13.985631,0.02,0.036118574,97.91,7.9997687
2018-12-27 20:00:00,50.33,7.9933686,1.9999628,13.985631,0.02,0.0,97.36,7.9997687
2018-12-27 20:15:00,50.04,7.9933686,1.9999628,13.985631,0.02,0.025599055,97.91,7.9997687
2018-12-27 20:30:00,40.93,7.9933686,1.9999628,13.985631,0.02,0.035728864,99.64,7.9997687
2018-12-27 20:45:00,14.51,7.597881,1.9999628,12.479167,0.01,0.0,99.94,7.9997687
2018-12-27 21:00:00,8.35,6.887214,1.9999628,7.8325844,0.0,0.012046821,100.0,7.9997687
2018-12-27 21:15:00,5.26,5.461416,1.9999628,5.5791097,0.0,0.03433343,100.0,7.9997687
2018-12-27 21:30:00,5.26,5.1534996,1.9999628,5.256577,0.0,0.0,100.0,7.9997687
2018-12-27 21:45:00,5.26,5.1244435,1.9999628,5.132589,0.0,0.0007080602,100.0,7.9997687
2018-12-27 22:00:00,4.5,4.5063314,1.9999628,4.6854687,0.0,0.0,100.0,7.9997687
2018-12-27 22:15:00,3.89,4.039064,1.9999628,4.1607113,0.0,0.0,83.93,7.9997687
2018-12-27 22:30:00,3.85,3.8523066,1.9999628,3.8795104,0.0,0.0,81.87,7.9997687
2018-12-27 22:45:00,3.82,3.7885544,1.9999628,3.8915591,0.0,0.0,83.07,7.9997687
2018-12-27 23:00:00,3.82,3.7777457,1.9999628,3.8442976,0.0,0.0,83.47,7.9997687
2018-12-27 23:15:00,3.82,3.7882552,1.9999628,3.8241606,0.0,0.0,86.36,7.9997687
2018-12-27 23:30:00,3.78,3.7944984,1.9999628,3.7786357,0.0,0.0,89.25,7.9997687
2018-12-27 23:45:00,3.74,3.7409735,1.9999628,3.7467098,0.0,0.0,89.06,7.9997687
2018-12-28 00:00:00,4.82,4.7100077,1.9999628,4.847887,0.0,0.0,86.39,7.9997687
2018-12-28 00:15:00,3.74,3.6124678,1.9999628,4.0134087,0.0,0.0,85.89,7.9997687
2018-12-28 00:30:00,3.78,3.760706,1.9999628,3.823072,0.0,0.0,85.03,7.9997687
2018-12-28 00:45:00,3.85,3.8775568,1.9999628,3.899422,0.0,0.0,84.76,7.9997687
2018-12-28 01:00:00,4.14,4.166235,1.9999628,4.2323065,0.0,0.0,87.68,7.9997687
2018-12-28 01:15:00,4.9,4.9004893,1.9999628,4.971339,0.0,0.0070715873,92.25,7.9997687
2018-12-28 01:30:00,4.14,4.0315185,1.9999628,4.017623,0.0,0.0,87.42,7.9997687
2018-12-28 01:45:00,3.82,3.8190446,1.9999628,3.9839504,0.0,0.0,84.87,7.9997687
2018-12-28 02:00:00,3.85,3.8402815,1.9999628,3.9451902,0.0,0.0,82.57,7.9997687
2018-12-28 02:15:00,3.82,3.821488,1.9999628,3.9233422,0.0,0.0,83.07,7.9997687
2018-12-28 02:30:00,3.82,3.799932,1.9999628,3.8711376,0.0,0.016829092,82.37,7.9997687
2018-12-28 02:45:00,3.82,3.7832327,1.9999628,3.8949492,0.0,0.0,82.77,7.9997687
2018-12-28 03:00:00,3.82,3.7832327,1.9999628,3.8949492,0.0,0.029570326,83.07,7.9997687
2018-12-28 03:15:00,3.89,3.8869653,1.9999628,3.9421577,0.0,0.019049652,82.55,7.9997687
2018-12-28 03:30:00,3.89,3.8838015,1.9999628,3.9079444,0.0,0.003760451,81.46,7.9997687
2018-12-28 03:45:00,3.85,3.8563213,1.9999628,3.8891253,0.0,0.0023748982,82.27,7.9997687
2018-12-28 04:00:00,3.82,3.8313355,1.9999628,3.8978095,0.0,0.0,82.06,7.9997687
2018-12-28 04:15:00,4.07,4.0269165,1.9999628,4.061508,0.0,0.0049273106,83.99,7.9997687
2018-12-28 04:30:00,5.04,4.964251,1.9999628,5.0837016,0.0,0.0034888224,90.22,7.9997687
2018-12-28 04:45:00,4.1,4.0347795,1.9999628,4.17604,0.0,0.0,83.52,7.9997687
2018-12-28 05:00:00,3.82,3.8362694,1.9999628,3.9684086,0.0,0.0,82.06,7.9997687
2018-12-28 05:15:00,3.89,3.8678007,1.9999628,3.993032,0.0,0.0,82.15,7.9997687
2018-12-28 05:30:00,3.38,3.4160762,1.9999628,3.6692834,0.0,0.0,83.81,7.9997687
2018-12-28 05:45:00,3.17,3.1256528,1.9999628,3.2094336,0.0,0.040620252,85.65,7.9997687
2018-12-28 06:00:00,3.06,3.0441375,1.9999628,3.1071239,0.0,0.025100293,85.7,7.9997687
2018-12-28 06:15:00,3.06,3.0505147,1.9999628,3.0714762,0.0,0.0053882836,86.19,7.9997687
2018-12-28 06:30:00,3.1,3.124785,1.9999628,3.1119695,0.0,0.0,85.63,7.9997687
2018-12-28 06:45:00,3.06,3.0587144,1.9999628,3.0654821,0.0,0.0,84.83,7.9997687
2018-12-28 07:00:00,3.1,3.1051598,1.9999628,3.114763,0.0,0.0,84.77,7.9997687
2018-12-28 07:15:00,3.38,3.3845162,1.9999628,3.428253,0.0,0.0,84.26,7.9997687
2018-12-28 07:30:00,4.97,4.88711,1.9999628,4.9410443,0.0,0.0,90.96,7.9997687
2018-12-28 07:45:00,6.7,6.27793,1.9999628,6.793942,0.0,0.023621209,94.58,7.9997687
2018-12-28 08:00:00,6.16,6.107402,1.9999628,6.254096,0.0,0.02829917,94.03,7.9997687
2018-12-28 08:15:00,35.75,7.90441,1.9999628,13.878652,0.02,0.015529661,81.35,7.9997687
2018-12-28 08:30:00,57.78,7.9932055,1.9999628,13.984499,0.03,0.0,81.65,7.9997687
2018-12-28 08:45:00,57.74,7.9933677,1.9999628,13.985349,0.03,0.07767744,84.26,7.9997687
2018-12-28 09:00:00,66.46,7.9933677,1.9999628,13.985349,0.03,0.06146945,92.08,7.9997687
2018-12-28 09:15:00,66.82,7.9933686,1.9999628,13.985631,0.03,0.0063733985,91.83,7.9997687
2018-12-28 09:30:00,59.9,7.9933686,1.9999628,13.985631,0.03,0.0058116023,92.9,7.9997687
2018-12-28 09:45:00,63.32,7.9933686,1.9999628,13.985631,0.03,0.029872784,93.8,7.9997687
2018-12-28 10:00:00,57.17,7.9933686,1.9999628,13.985631,0.03,0.051892225,93.21,7.9997687
2018-12-28 10:15:00,55.91,7.9933686,1.9999628,13.985631,0.03,0.038177367,93.26,7.9997687
2018-12-28 10:30:00,62.42,7.9933686,1.9999628,13.985631,0.03,0.025281217,92.43,7.9997687
2018-12-28 10:45:00,59.72,7.9933686,1.9999628,13.985631,0.03,0.0,92.29,7.9997687
2018-12-28 11:00:00,62.71,7.9933686,1.9999628,13.985631,0.03,0.023171071,91.63,7.9997687
2018-12-28 11:15:00,57.82,7.9933686,1.9999628,13.985631,0.03,0.020439684,92.87,7.9997687
2018-12-28 11:30:00,64.94,7.9933686,1.9999628,13.985631,0.03,0.05689251,91.01,7.9997687
2018-12-28 11:45:00,58.97,7.9933686,1.9999628,13.985631,0.03,0.03544532,92.89,7.9997687
2018-12-28 12:00:00,47.05,7.9933805,1.9999628,13.984885,0.02,0.014846874,96.74,7.9997687
2018-12-28 12:15:00,10.01,7.154069,1.9999628,9.03298,0.0,0.025075683,100.0,7.9997687
2018-12-28 12:30:00,7.81,6.860838,1.9999628,7.809113,0.0,0.0012338657,100.0,7.9997687
2018-12-28 12:45:00,7.27,7.284264,1.9999628,7.1999445,0.0,0.02166235,100.0,7.9997687
2018-12-28 13:00:00,7.31,7.191887,1.9999628,7.1389923,0.0,0.0,100.0,7.9997687
2018-12-28 13:15:00,42.55,7.9221463,1.9999628,13.93491,0.02,0.0,96.9,7.9997687
2018-12-28 13:30:00,56.12,7.993313,1.9999628,13.98462,0.03,0.010609241,96.6,7.9997687
2018-12-28 13:45:00,45.0,7.9895954,1.9999628,13.985349,0.02,0.02684059,98.92,7.9997687
2018-12-28 14:00:00,45.22,7.9933677,1.9999628,13.985349,0.02,0.04302183,98.47,7.9997687
2018-12-28 14:15:00,42.62,7.9933686,1.9999628,13.985631,0.02,0.06382468,98.84,7.9997687
2018-12-28 14:30:00,34.2,7.9933686,1.9999628,13.964933,0.02,0.0,100.0,7.9997687
2018-12-28 14:45:00,42.8,7.9933686,1.9999628,13.985631,0.02,0.030742662,98.67,7.9997687
2018-12-28 15:00:00,48.02,7.9933686,1.9999628,13.985631,0.02,0.010678711,96.42,7.9997687
2018-12-28 15:15:00,44.6,7.9933686,1.9999628,13.985631,0.02,0.013790178,97.66,7.9997687
2018-12-28 15:30:00,35.78,7.9933686,1.9999628,13.964933,0.02,0.0,99.96,7.9997687
2018-12-28 15:45:00,32.62,7.98111,1.9999628,13.936577,0.01,0.030948099,100.0,7.9997687
2018-12-28 16:00:00,31.39,7.98111,1.9999628,13.936577,0.01,0.005719282,100.0,7.9997687
2018-12-28 16:15:00,30.06,7.8487554,1.9999628,13.860191,0.01,0.02807259,100.0,7.9997687
2018-12-28 16:30:00,30.13,7.8739634,1.9999628,13.91622,0.01,0.0,100.0,7.9997687
2018-12-28 16:45:00,23.58,7.7759123,1.9999628,13.749143,0.01,0.03112289,100.0,7.9997687
2018-12-28 17:00:00,8.57,7.13206,1.9999628,8.090741,0.0,0.0,100.0,7.9997687
2018-12-28 17:15:00,9.58,7.657363,1.9999628,9.024243,0.0,0.0,100.0,7.9997687
2018-12-28 17:30:00,9.14,7.4378257,1.9999628,9.276286,0.0,0.032869227,100.0,7.9997687
2018-12-28 17:45:00,5.47,5.5554776,1.9999628,5.868065,0.0,0.019432222,100.0,7.9997687
2018-12-28 18:00:00,5.08,5.126335,1.9999628,5.2754626,0.0,0.0,100.0,7.9997687
2018-12-28 18:15:00,5.08,5.0371246,1.9999628,4.939569,0.0,0.0019505988,100.0,7.9997687
2018-12-28 18:30:00,5.11,5.072008,1.9999628,5.1042724,0.0,0.0,100.0,7.9997687
2018-12-28 18:45:00,5.15,4.9880805,1.9999628,5.0686145,0.0,0.032421883,100.0,7.9997687
2018-12-28 19:00:00,5.15,4.996781,1.9999628,4.936713,0.0,0.02189887,100.0,7.9997687
2018-12-28 19:15:00,5.15,4.9887033,1.9999628,4.936713,0.0,0.034269035,100.0,7.9997687
2018-12-28 19:30:00,5.18,4.999992,1.9999628,5.048667,0.0,0.057834204,100.0,7.9997687
2018-12-28 19:45:00,5.22,5.087843,1.9999628,5.1014543,0.0,0.05902158,100.0,7.9997687
2018-12-28 20:00:00,5.15,4.9260526,1.9999628,5.02117,0.0,0.03050879,100.0,7.9997687
2018-12-28 20:15:00,5.15,4.9297824,1.9999628,5.0217323,0.0,0.029496811,100.0,7.9997687
2018-12-28 20:30:00,5.18,4.968703,1.9999628,5.048667,0.0,0.029926732,100.0,7.9997687
2018-12-28 20:45:00,5.26,5.059997,1.9999628,5.1145926,0.0,0.021934696,100.0,7.9997687
2018-12-28 21:00:00,5.18,4.9394283,1.9999628,4.9673314,0.0,0.020454487,100.0,7.9997687
2018-12-28 21:15:00,5.15,4.984997,1.9999628,5.025195,0.0,0.030346643,100.0,7.9997687
2018-12-28 21:30:00,5.26,4.929569,1.9999628,5.124604,0.0,0.027209882,100.0,7.9997687
2018-12-28 21:45:00,5.26,4.97546,1.9999628,5.066814,0.0,0.02058105,100.0,7.9997687
2018-12-28 22:00:00,5.22,4.9423246,1.9999628,4.9769893,0.0,0.0011556237,100.0,7.9997687
2018-12-28 22:15:00,4.97,5.0000086,1.9999628,4.925196,0.0,0.0265222,79.59,7.9997687
2018-12-28 22:30:00,4.97,4.9822407,1.9999628,4.95729,0.0,0.012790851,78.52,7.9997687
2018-12-28 22:45:00,4.93,4.9624147,1.9999628,4.876081,0.0,0.0,78.27,7.9997687
2018-12-28 23:00:00,5.04,5.0321784,1.9999628,5.016248,0.0,0.0,78.33,7.9997687
2018-12-28 23:15:00,4.86,4.9293756,1.9999628,4.8266315,0.0,0.0380079,82.65,7.9997687
2018-12-28 23:30:00,4.86,4.85754,1.9999628,4.879749,0.0,0.04780824,86.57,7.9997687
2018-12-28 23:45:00,4.86,4.875505,1.9999628,4.842971,0.0,0.04911824,86.03,7.9997687
2018-12-29 00:00:00,4.28,3.7725346,1.9999628,4.270527,0.0,0.06941958,82.61,7.9997687
2018-12-29 00:15:00,4.9,4.9039083,1.9999628,4.8614173,0.0,0.037663937,86.21,7.9997687
2018-12-29 00:30:00,4.82,4.7366285,1.9999628,4.7461214,0.0,0.0283972,86.7,7.9997687
2018-12-29 00:45:00,3.85,3.8492663,1.9999628,4.21553,0.0,0.07054298,79.38,7.9997687
2018-12-29 01:00:00,3.74,3.7558472,1.9999628,3.8765929,0.0,0.032307748,76.99,7.9997687
2018-12-29 01:15:00,3.82,3.8025088,1.9999628,3.8935745,0.0,0.031881638,76.26,7.9997687
2018-12-29 01:30:00,3.78,3.804379,1.9999628,3.786782,0.0,0.01897583,76.32,7.9997687
2018-12-29 01:45:00,3.67,3.7275212,1.9999628,3.7395701,0.0,0.03404589,75.68,7.9997687
2018-12-29 02:00:00,3.74,3.7696316,1.9999628,3.7793512,0.0,0.06321811,75.58,7.9997687
2018-12-29 02:15:00,3.71,3.7169647,1.9999628,3.7379572,0.0,0.058371197,75.72,7.9997687
2018-12-29 02:30:00,3.82,3.7905476,1.9999628,3.8396862,0.0,0.011561051,74.89,7.9997687
2018-12-29 02:45:00,3.78,3.7736418,1.9999628,3.7856107,0.0,0.04410095,74.15,7.9997687
2018-12-29 03:00:00,3.71,3.731386,1.9999628,3.7265267,0.0,0.04745385,74.22,7.9997687
2018-12-29 03:15:00,3.74,3.7626987,1.9999628,3.7764537,0.0,0.05066582,75.58,7.9997687
2018-12-29 03:30:00,3.78,3.7847497,1.9999628,3.8270555,0.0,0.038858905,75.23,7.9997687
2018-12-29 03:45:00,3.78,3.7471516,1.9999628,3.8288314,0.0,0.036276203,75.23,7.9997687
2018-12-29 04:00:00,3.74,3.746887,1.9999628,3.743872,0.0,0.020165365,75.98,7.9997687
2018-12-29 04:15:00,3.02,3.0635347,1.9999628,3.314614,0.0,0.048787985,79.94,7.9997687
2018-12-29 04:30:00,3.74,3.7801228,1.9999628,3.9423952,0.0,0.030548941,75.98,7.9997687
2018-12-29 04:45:00,3.6,3.5630257,1.9999628,3.6254845,0.0,0.0,74.33,7.9997687
2018-12-29 05:00:00,3.06,3.1111426,1.9999628,3.0814483,0.0,0.06107918,80.31,7.9997687
2018-12-29 05:15:00,3.02,3.0735595,1.9999628,3.0706382,0.0,0.012518685,80.83,7.9997687
2018-12-29 05:30:00,3.02,3.038823,1.9999628,3.0537539,0.0,0.029458273,80.45,7.9997687
2018-12-29 05:45:00,2.99,2.9590616,1.9999628,2.9939468,0.0,0.0,79.65,7.9997687
2018-12-29 06:00:00,3.06,3.0596237,1.9999628,3.0506406,0.0,0.0,80.82,7.9997687
2018-12-29 06:15:00,3.06,3.0410612,1.9999628,3.0588102,0.0,0.0,77.69,7.9997687
2018-12-29 06:30:00,3.67,3.6666324,1.9999628,3.787919,0.0,0.011082871,74.97,7.9997687
2018-12-29 06:45:00,3.74,3.6955898,1.9999628,3.7195957,0.0,0.0,73.8,7.9997687
2018-12-29 07:00:00,3.71,3.7020786,1.9999628,3.7311778,0.0,0.021338541,73.92,7.9997687
2018-12-29 07:15:00,3.67,3.6753979,1.9999628,3.6919522,0.0,0.0030974308,72.07,7.9997687
2018-12-29 07:30:00,3.38,3.3430066,1.9999628,3.5084035,0.0,0.033067983,76.12,7.9997687
2018-12-29 07:45:00,3.02,2.9970427,1.9999628,3.0560844,0.0,0.035467785,79.56,7.9997687
2018-12-29 08:00:00,2.92,2.959181,1.9999628,2.9524875,0.0,0.03549095,81.84,7.9997687
2018-12-29 08:15:00,2.95,2.9626262,1.9999628,3.0518112,0.0,0.0,83.55,7.9997687
2018-12-29 08:30:00,3.13,3.1196337,1.9999628,3.227826,0.0,0.03164619,82.8,7.9997687
2018-12-29 08:45:00,3.78,3.7837577,1.9999628,3.8880708,0.0,0.0,96.42,7.9997687
2018-12-29 09:00:00,3.24,3.3244536,1.9999628,3.3272245,0.0,0.0,100.0,7.9997687
2018-12-29 09:15:00,3.17,3.2122724,1.9999628,3.2243364,0.0,0.0,100.0,7.9997687
2018-12-29 09:30:00,3.2,3.2092059,1.9999628,3.2134197,0.0,0.005015639,100.0,7.9997687
2018-12-29 09:45:00,3.31,3.2954857,1.9999628,3.3866944,0.0,0.0,100.0,7.9997687
2018-12-29 10:00:00,4.03,4.0487328,1.9999628,4.2515445,0.0,0.0,100.0,7.9997687
2018-12-29 10:15:00,4.03,4.0211086,1.9999628,4.02964,0.0,0.0,100.0,7.9997687
2018-12-29 10:30:00,4.03,4.0216327,1.9999628,4.029339,0.0,0.008939083,100.0,7.9997687
2018-12-29 10:45:00,4.03,3.9956622,1.9999628,4.0144477,0.0,0.0,100.0,7.9997687
2018-12-29 11:00:00,6.19,6.236438,1.9999628,6.5973225,0.0,0.0,99.99,7.9997687
2018-12-29 11:15:00,26.17,7.593952,1.9999628,12.994743,0.01,0.03391659,100.0,7.9997687
2018-12-29 11:30:00,9.36,6.653713,1.9999628,9.365829,0.0,0.0,100.0,7.9997687
2018-12-29 11:45:00,3.64,3.6110349,1.9999628,4.746674,0.0,0.0,100.0,7.9997687
2018-12-29 12:00:00,4.14,4.261246,1.9999628,4.3957214,0.0,0.0,100.0,7.9997687
2018-12-29 12:15:00,3.78,3.8774652,1.9999628,3.9527636,0.0,0.0,100.0,7.9997687
2018-12-29 12:30:00,3.46,3.4236937,1.9999628,3.640108,0.0,0.0012135748,100.0,7.9997687
2018-12-29 12:45:00,3.42,3.4140267,1.9999628,3.4572272,0.0,0.013870104,100.0,7.9997687
2018-12-29 13:00:00,3.42,3.4338222,1.9999628,3.4508173,0.0,0.019269776,100.0,7.9997687
2018-12-29 13:15:00,4.1,4.0907536,1.9999628,4.238933,0.0,0.008991291,100.0,7.9997687
2018-12-29 13:30:00,4.14,4.0770273,1.9999628,4.124436,0.0,0.025040327,100.0,7.9997687
2018-12-29 13:45:00,4.07,4.0185914,1.9999628,4.052437,0.0,0.00946963,100.0,7.9997687
2018-12-29 14:00:00,4.03,3.9666116,1.9999628,4.0825753,0.0,0.0026733158,100.0,7.9997687
2018-12-29 14:15:00,3.92,3.9653633,1.9999628,3.9669936,0.0,0.00900011,100.0,7.9997687
2018-12-29 14:30:00,3.31,3.4300094,1.9999628,3.6244755,0.0,0.016255615,100.0,7.9997687
2018-12-29 14:45:00,3.35,3.3736398,1.9999628,3.387888,0.0,0.02789096,100.0,7.9997687
2018-12-29 15:00:00,3.31,3.3052607,1.9999628,3.3333218,0.0,0.0,100.0,7.9997687
2018-12-29 15:15:00,3.31,3.3249042,1.9999628,3.3388247,0.0,0.0,100.0,7.9997687
2018-12-29 15:30:00,3.31,3.314386,1.9999628,3.353757,0.0,0.0,100.0,7.9997687
2018-12-29 15:45:00,3.35,3.3641684,1.9999628,3.3780158,0.0,0.0,100.0,7.9997687
2018-12-29 16:00:00,3.49,3.513567,1.9999628,3.5765479,0.0,0.0,100.0,7.9997687
2018-12-29 16:15:00,4.1,4.103236,1.9999628,4.0313063,0.0,0.011264212,100.0,7.9997687
2018-12-29 16:30:00,3.71,3.7513702,1.9999628,3.8142729,0.0,0.0,100.0,7.9997687
2018-12-29 16:45:00,3.67,3.6693606,1.9999628,3.69952,0.0,0.0,100.0,7.9997687
2018-12-29 17:00:00,4.1,4.0561957,1.9999628,4.1698003,0.0,0.0,100.0,7.9997687
2018-12-29 17:15:00,4.07,4.031397,1.9999628,4.054453,0.0,0.0,100.0,7.9997687
2018-12-29 17:30:00,4.07,4.0499105,1.9999628,3.9913008,0.0,0.0,100.0,7.9997687
2018-12-29 17:45:00,4.1,4.0841727,1.9999628,4.0871797,0.0,0.0,100.0,7.9997687
2018-12-29 18:00:00,3.56,3.6884499,1.9999628,3.7490418,0.0,0.0,100.0,7.9997687
2018-12-29 18:15:00,3.31,3.353322,1.9999628,3.3967545,0.0,0.0,100.0,7.9997687
2018-12-29 18:30:00,3.24,3.2601128,1.9999628,3.2439358,0.0,0.0,100.0,7.9997687
2018-12-29 18:45:00,3.35,3.3395574,1.9999628,3.3798218,0.0,0.0,100.0,7.9997687
2018-12-29 19:00:00,3.31,3.2907135,1.9999628,3.3230982,0.0,0.0,100.0,7.9997687
2018-12-29 19:15:00,3.35,3.3503008,1.9999628,3.363769,0.0,0.0,100.0,7.9997687
2018-12-29 19:30:00,3.35,3.366906,1.9999628,3.4081166,0.0,0.0,100.0,7.9997687
2018-12-29 19:45:00,3.31,3.3089068,1.9999628,3.315683,0.0,0.0,100.0,7.9997687
2018-12-29 20:00:00,3.71,3.6910915,1.9999628,3.7070887,0.0,0.0,100.0,7.9997687
2018-12-29 20:15:00,4.36,4.3550105,1.9999628,4.2706943,0.0,0.0,100.0,7.9997687
2018-12-29 20:30:00,4.28,4.184993,1.9999628,4.294495,0.0,0.0,100.0,7.9997687
2018-12-29 20:45:00,4.14,4.085666,1.9999628,4.1191306,0.0,0.0,100.0,7.9997687
2018-12-29 21:00:00,4.1,4.0439487,1.9999628,4.0631804,0.0,0.0,100.0,7.9997687
2018-12-29 21:15:00,4.07,4.039741,1.9999628,4.115342,0.0,0.0,100.0,7.9997687
2018-12-29 21:30:00,3.85,3.8286674,1.9999628,3.8700855,0.0,0.0,100.0,7.9997687
2018-12-29 21:45:00,3.46,3.6129508,1.9999628,3.6024146,0.0,0.0,100.0,7.9997687
2018-12-29 22:00:00,3.31,3.334614,1.9999628,3.3218925,0.0,0.0,100.0,7.9997687
2018-12-29 22:15:00,3.13,3.1137166,1.9999628,3.1331377,0.0,0.0,75.24,7.9997687
2018-12-29 22:30:00,3.13,3.1474361,1.9999628,3.115934,0.0,0.001010151,73.12,7.9997687
2018-12-29 22:45:00,3.13,3.1398184,1.9999628,3.1185622,0.0,0.043955613,74.89,7.9997687
2018-12-29 23:00:00,3.17,3.1674745,1.9999628,3.166994,0.0,0.045419678,75.66,7.9997687
2018-12-29 23:15:00,3.06,3.0154026,1.9999628,3.0822046,0.0,0.025652407,80.82,7.9997687
2018-12-29 23:30:00,2.99,2.9390068,1.9999628,3.0345023,0.0,0.0,82.86,7.9997687
2018-12-29 23:45:00,3.42,3.3783534,1.9999628,3.478579,0.0,0.03570497,82.08,7.9997687
2018-12-30 00:00:00,3.1,3.0467107,1.9999628,3.1149278,0.0,0.0008800152,85.14,7.9997687
2018-12-30 00:15:00,3.92,3.841219,1.9999628,3.9778929,0.0,0.026295125,78.83,7.9997687
2018-12-30 00:30:00,3.82,3.7205367,1.9999628,3.7398553,0.0,0.052741133,76.66,7.9997687
2018-12-30 00:45:00,3.74,3.7218938,1.9999628,3.69072,0.0,0.0,74.88,7.9997687
2018-12-30 01:00:00,3.78,3.7198112,1.9999628,3.7572997,0.0,0.0,75.53,7.9997687
2018-12-30 01:15:00,3.42,3.454319,1.9999628,3.5517619,0.0,0.044328284,75.72,7.9997687
2018-12-30 01:30:00,3.17,3.140812,1.9999628,3.178936,0.0,0.002234952,79.97,7.9997687
2018-12-30 01:45:00,3.02,3.016516,1.9999628,3.0652637,0.0,0.0,79.05,7.9997687
2018-12-30 02:00:00,3.1,3.0892062,1.9999628,3.1159432,0.0,0.037483755,77.11,7.9997687
2018-12-30 02:15:00,3.06,3.0583508,1.9999628,3.0560193,0.0,0.0,77.69,7.9997687
2018-12-30 02:30:00,3.1,3.1018355,1.9999628,3.0808103,0.0,0.009385083,77.11,7.9997687
2018-12-30 02:45:00,3.13,3.1257818,1.9999628,3.173467,0.0,0.0,77.04,7.9997687
2018-12-30 03:00:00,3.1,3.0991485,1.9999628,3.096934,0.0,0.0,76.25,7.9997687
2018-12-30 03:15:00,3.13,3.1114783,1.9999628,3.1637495,0.0,0.0,74.41,7.9997687
2018-12-30 03:30:00,3.6,3.5641532,1.9999628,3.607223,0.0,0.0068596755,71.1,7.9997687
2018-12-30 03:45:00,4.86,4.785861,1.9999628,4.848585,0.0,0.006843937,78.07,7.9997687
2018-12-30 04:00:00,3.85,3.7560105,1.9999628,3.959011,0.0,0.01630201,70.71,7.9997687
2018-12-30 04:15:00,3.82,3.75498,1.9999628,3.875284,0.0,0.016415201,70.43,7.9997687
2018-12-30 04:30:00,3.82,3.7806323,1.9999628,3.8713207,0.0,0.0,69.43,7.9997687
2018-12-30 04:45:00,3.46,3.533401,1.9999628,3.5854948,0.0,0.0,73.73,7.9997687
2018-12-30 05:00:00,3.17,3.1814485,1.9999628,3.1844556,0.0,0.040373143,77.44,7.9997687
2018-12-30 05:15:00,3.13,3.1241417,1.9999628,3.1239922,0.0,0.008258099,77.89,7.9997687
2018-12-30 05:30:00,3.1,3.0872893,1.9999628,3.1012404,0.0,0.0,77.11,7.9997687
2018-12-30 05:45:00,3.1,3.1094608,1.9999628,3.0908186,0.0,0.0,78.09,7.9997687
2018-12-30 06:00:00,3.1,3.1031845,1.9999628,3.094443,0.0,0.0,78.09,7.9997687
2018-12-30 06:15:00,3.13,3.127406,1.9999628,3.159911,0.0,0.0,77.04,7.9997687
2018-12-30 06:30:00,3.13,3.1185875,1.9999628,3.134291,0.0,0.0,76.2,7.9997687
2018-12-30 06:45:00,3.1,3.0890613,1.9999628,3.1145372,0.0,0.0,73.26,7.9997687
2018-12-30 07:00:00,3.82,3.7937016,1.9999628,3.8885875,0.0,0.0,68.79,7.9997687
2018-12-30 07:15:00,4.36,4.2926807,1.9999628,4.227738,0.0,0.0025978133,74.96,7.9997687
2018-12-30 07:30:00,4.97,4.7688847,1.9999628,4.861284,0.0,0.021952873,80.44,7.9997687
2018-12-30 07:45:00,3.96,3.858071,1.9999628,4.1268473,0.0,0.05680729,74.37,7.9997687
2018-12-30 08:00:00,3.46,3.556498,1.9999628,3.9145982,0.0,0.0,71.12,7.9997687
2018-12-30 08:15:00,3.06,3.0678215,1.9999628,3.3354812,0.0,0.03434172,76.33,7.9997687
2018-12-30 08:30:00,3.06,3.0453577,1.9999628,3.1442258,0.0,0.019252412,73.3,7.9997687
2018-12-30 08:45:00,3.17,3.164875,1.9999628,3.2723927,0.0,0.0,92.93,7.9997687
2018-12-30 09:00:00,3.28,3.2935498,1.9999628,3.3111727,0.0,0.0,100.0,7.9997687
2018-12-30 09:15:00,3.35,3.3549705,1.9999628,3.3993409,0.0,0.0,100.0,7.9997687
2018-12-30 09:30:00,3.38,3.4025106,1.9999628,3.4325826,0.0,0.0,100.0,7.9997687
2018-12-30 09:45:00,3.35,3.3358984,1.9999628,3.4082913,0.0,0.0,100.0,7.9997687
2018-12-30 10:00:00,3.46,3.4660099,1.9999628,3.5184934,0.0,0.0,100.0,7.9997687
2018-12-30 10:15:00,3.38,3.3455863,1.9999628,3.4171305,0.0,0.0,100.0,7.9997687
2018-12-30 10:30:00,4.0,4.0179443,1.9999628,4.069561,0.0,0.0,100.0,7.9997687
2018-12-30 10:45:00,4.1,4.0857964,1.9999628,4.0724516,0.0,0.0,100.0,7.9997687
2018-12-30 11:00:00,4.1,4.043853,1.9999628,4.052458,0.0,0.0,100.0,7.9997687
2018-12-30 11:15:00,4.28,4.294942,1.9999628,4.3011894,0.0,0.0,100.0,7.9997687
2018-12-30 11:30:00,4.61,4.64562,1.9999628,4.680434,0.0,0.0,100.0,7.9997687
2018-12-30 11:45:00,3.56,3.7958379,1.9999628,3.976459,0.0,0.037867445,100.0,7.9997687
2018-12-30 12:00:00,3.42,3.422636,1.9999628,3.5256479,0.0,0.004111223,100.0,7.9997687
2018-12-30 12:15:00,3.46,3.4602635,1.9999628,3.5142837,0.0,0.03416821,100.0,7.9997687
2018-12-30 12:30:00,3.46,3.4787326,1.9999628,3.476779,0.0,0.038957518,100.0,7.9997687
2018-12-30 12:45:00,3.31,3.3363767,1.9999628,3.3376067,0.0,0.025925044,100.0,7.9997687
2018-12-30 13:00:00,3.28,3.3029695,1.9999628,3.2964408,0.0,0.0,100.0,7.9997687
2018-12-30 13:15:00,3.2,3.220779,1.9999628,3.252426,0.0,0.00093252666,100.0,7.9997687
2018-12-30 13:30:00,3.24,3.2471666,1.9999628,3.2379107,0.0,0.007707743,100.0,7.9997687
2018-12-30 13:45:00,3.24,3.219431,1.9999628,3.2797208,0.0,0.0,100.0,7.9997687
2018-12-30 14:00:00,4.03,4.1165047,1.9999628,4.2984004,0.0,0.0,100.0,7.9997687
2018-12-30 14:15:00,4.0,3.9932442,1.9999628,4.014667,0.0,0.0,100.0,7.9997687
2018-12-30 14:30:00,4.03,3.9988575,1.9999628,4.047392,0.0,0.0,100.0,7.9997687
2018-12-30 14:45:00,4.82,4.791817,1.9999628,4.8461227,0.0,0.0,100.0,7.9997687
2018-12-30 15:00:00,4.1,4.096626,1.9999628,4.2008157,0.0,0.0,100.0,7.9997687
2018-12-30 15:15:00,3.31,3.6380136,1.9999628,3.76479,0.0,0.008216562,100.0,7.9997687
2018-12-30 15:30:00,3.24,3.2266345,1.9999628,3.3453112,0.0,0.024111569,100.0,7.9997687
2018-12-30 15:45:00,3.24,3.2174015,1.9999628,3.3251498,0.0,0.0073341667,100.0,7.9997687
2018-12-30 16:00:00,3.35,3.3437877,1.9999628,3.4152498,0.0,0.0109192,100.0,7.9997687
2018-12-30 16:15:00,3.31,3.2946835,1.9999628,3.3371997,0.0,0.0,100.0,7.9997687
2018-12-30 16:30:00,3.35,3.3543255,1.9999628,3.3814545,0.0,0.0,100.0,7.9997687
2018-12-30 16:45:00,3.24,3.2228882,1.9999628,3.3005571,0.0,0.0,100.0,7.9997687
2018-12-30 17:00:00,3.24,3.2218285,1.9999628,3.2866175,0.0,0.0,100.0,7.9997687
2018-12-30 17:15:00,3.42,3.4340842,1.9999628,3.5218744,0.0,0.0,100.0,7.9997687
2018-12-30 17:30:00,4.0,3.9655128,1.9999628,3.979746,0.0,0.0,100.0,7.9997687
2018-12-30 17:45:00,4.75,4.701514,1.9999628,4.7763324,0.0,0.0,100.0,7.9997687
2018-12-30 18:00:00,4.68,4.54704,1.9999628,4.4666724,0.0,0.0,100.0,7.9997687
2018-12-30 18:15:00,3.89,3.9394093,1.9999628,3.8625073,0.0,0.017488124,100.0,7.9997687
2018-12-30 18:30:00,3.53,3.4764197,1.9999628,3.712861,0.0,0.0,100.0,7.9997687
2018-12-30 18:45:00,3.2,3.1522496,1.9999628,3.3562863,0.0,0.0,100.0,7.9997687
2018-12-30 19:00:00,3.28,3.2854607,1.9999628,3.3382215,0.0,0.0,100.0,7.9997687
2018-12-30 19:15:00,3.24,3.2325385,1.9999628,3.2252374,0.0,0.0,100.0,7.9997687
2018-12-30 19:30:00,3.24,3.2286034,1.9999628,3.2757568,0.0,0.0,100.0,7.9997687
2018-12-30 19:45:00,3.2,3.2013009,1.9999628,3.2158256,0.0,0.0,100.0,7.9997687
2018-12-30 20:00:00,3.24,3.2424898,1.9999628,3.2351718,0.0,0.0,100.0,7.9997687
2018-12-30 20:15:00,3.31,3.294493,1.9999628,3.338372,0.0,0.012857962,100.0,7.9997687
2018-12-30 20:30:00,3.24,3.221424,1.9999628,3.2436626,0.0,0.0,100.0,7.9997687
2018-12-30 20:45:00,3.78,3.734734,1.9999628,3.8520522,0.0,0.0,100.0,7.9997687
2018-12-30 21:00:00,4.32,4.2967725,1.9999628,4.216835,0.0,0.0,100.0,7.9997687
2018-12-30 21:15:00,4.07,3.9704735,1.9999628,4.0536313,0.0,0.0,100.0,7.9997687
2018-12-30 21:30:00,4.07,4.0182533,1.9999628,3.9957829,0.0,0.0,100.0,7.9997687
2018-12-30 21:45:00,4.03,3.9870121,1.9999628,4.045467,0.0,0.0,100.0,7.9997687
2018-12-30 22:00:00,4.0,3.9838717,1.9999628,4.0335045,0.0,0.0,100.0,7.9997687
2018-12-30 22:15:00,3.2,3.3338375,1.9999628,3.419682,0.0,0.03225813,82.04,7.9997687
2018-12-30 22:30:00,2.99,2.9875665,1.9999628,3.0337977,0.0,0.008076484,80.16,7.9997687
2018-12-30 22:45:00,3.1,3.0690773,1.9999628,3.1049738,0.0,0.045348942,81.55,7.9997687
2018-12-30 23:00:00,3.02,3.0461662,1.9999628,3.0432212,0.0,0.063348256,81.85,7.9997687
2018-12-30 23:15:00,2.95,2.9303799,1.9999628,2.9726021,0.0,0.0,83.94,7.9997687
2018-12-30 23:30:00,2.99,3.0105186,1.9999628,3.0287895,0.0,0.0,85.17,7.9997687
2018-12-30 23:45:00,2.92,2.9488852,1.9999628,2.947166,0.0,0.0010810212,84.21,7.9997687
2018-12-31 00:00:00,3.67,3.6067045,1.9999628,3.6232681,0.0,0.028747886,77.22,7.9997687
2018-12-31 00:15:00,3.64,3.558153,1.9999628,3.6933415,0.0,0.0,84.12,7.9997687
2018-12-31 00:30:00,3.31,3.2486265,1.9999628,3.2297864,0.0,0.0030322878,83.28,7.9997687
2018-12-31 00:45:00,3.49,3.4887984,1.9999628,3.5622568,0.0,0.0,81.52,7.9997687
2018-12-31 01:00:00,3.71,3.7346354,1.9999628,3.742758,0.0,0.0,79.41,7.9997687
2018-12-31 01:15:00,3.78,3.7164736,1.9999628,3.6864846,0.0,0.0,79.95,7.9997687
2018-12-31 01:30:00,3.71,3.7044656,1.9999628,3.6609282,0.0,0.0,78.58,7.9997687
2018-12-31 01:45:00,3.67,3.6870248,1.9999628,3.6743166,0.0,0.0,78.25,7.9997687
2018-12-31 02:00:00,3.02,3.0149848,1.9999628,3.2130759,0.0,0.019458871,83.12,7.9997687
2018-12-31 02:15:00,2.99,3.006899,1.9999628,2.9930677,0.0,0.0,83.38,7.9997687
2018-12-31 02:30:00,3.06,3.0644147,1.9999628,3.0714388,0.0,0.0,83.08,7.9997687
2018-12-31 02:45:00,3.02,3.008865,1.9999628,3.0339298,0.0,0.0,81.85,7.9997687
2018-12-31 03:00:00,3.06,3.0570452,1.9999628,3.0890913,0.0,0.0,82.58,7.9997687
2018-12-31 03:15:00,3.02,3.0178938,1.9999628,3.061412,0.0,0.003182067,82.23,7.9997687
2018-12-31 03:30:00,3.46,3.4905293,1.9999628,3.4826324,0.0,0.0,79.61,7.9997687
2018-12-31 03:45:00,3.74,3.7183282,1.9999628,3.7310007,0.0,0.0,78.82,7.9997687
2018-12-31 04:00:00,3.06,3.052517,1.9999628,3.1166906,0.0,0.018791515,81.19,7.9997687
2018-12-31 04:15:00,3.74,3.710124,1.9999628,3.874974,0.0,0.011672756,76.99,7.9997687
2018-12-31 04:30:00,3.74,3.6640677,1.9999628,3.7317724,0.0,0.019589804,77.4,7.9997687
2018-12-31 04:45:00,3.78,3.7226768,1.9999628,3.73103,0.0,0.015806591,78.13,7.9997687
2018-12-31 05:00:00,3.78,3.729189,1.9999628,3.7499118,0.0,0.033552025,78.43,7.9997687
2018-12-31 05:15:00,3.56,3.56919,1.9999628,3.6062398,0.0,0.015705278,79.25,7.9997687
2018-12-31 05:30:00,2.99,3.1019213,1.9999628,3.167189,0.0,0.032560688,82.48,7.9997687
2018-12-31 05:45:00,3.02,3.0278723,1.9999628,3.0286827,0.0,0.0,83.12,7.9997687
2018-12-31 06:00:00,2.95,2.9662793,1.9999628,2.9761393,0.0,0.0,83.94,7.9997687
2018-12-31 06:15:00,3.02,3.0473242,1.9999628,3.0380929,0.0,0.0,84.52,7.9997687
2018-12-31 06:30:00,2.99,2.9726858,1.9999628,2.9836264,0.0,0.0,83.38,7.9997687
2018-12-31 06:45:00,3.02,3.0246153,1.9999628,3.0285285,0.0,0.0,81.85,7.9997687
2018-12-31 07:00:00,3.74,3.7862487,1.9999628,3.6919596,0.0,0.0,77.8,7.9997687
2018-12-31 07:15:00,3.17,3.1818886,1.9999628,3.2180073,0.0,0.0,81.3,7.9997687
2018-12-31 07:30:00,2.95,2.955023,1.9999628,3.0427039,0.0,0.0,84.85,7.9997687
2018-12-31 07:45:00,3.56,3.5655327,1.9999628,3.7263541,0.0,0.0,83.13,7.9997687
2018-12-31 08:00:00,3.64,3.5662944,1.9999628,3.7376823,0.0,0.0002677953,83.38,7.9997687
2018-12-31 08:15:00,3.6,3.5678458,1.9999628,3.6777606,0.0,0.0,82.35,7.9997687
2018-12-31 08:30:00,3.74,3.7128513,1.9999628,3.8779864,0.0,0.0,77.8,7.9997687
2018-12-31 08:45:00,3.74,3.7274354,1.9999628,3.7572658,0.0,0.0,94.77,7.9997687
2018-12-31 09:00:00,3.06,3.0577612,1.9999628,3.2666936,0.0,0.0,100.0,7.9997687
2018-12-31 09:15:00,3.17,3.1694412,1.9999628,3.232026,0.0,0.0,100.0,7.9997687
2018-12-31 09:30:00,3.13,3.1051087,1.9999628,3.1770766,0.0,0.010209018,100.0,7.9997687
2018-12-31 09:45:00,3.17,3.1795979,1.9999628,3.183676,0.0,0.0,100.0,7.9997687
2018-12-31 10:00:00,3.24,3.255008,1.9999628,3.2553442,0.0,0.0,100.0,7.9997687
2018-12-31 10:15:00,3.2,3.196403,1.9999628,3.242223,0.0,0.0,100.0,7.9997687
2018-12-31 10:30:00,4.03,4.1102805,1.9999628,4.2453113,0.0,0.0,100.0,7.9997687
2018-12-31 10:45:00,3.67,3.646891,1.9999628,3.7925212,0.0,0.0,100.0,7.9997687
2018-12-31 11:00:00,3.35,3.3510344,1.9999628,3.3805194,0.0,0.0,100.0,7.9997687
2018-12-31 11:15:00,3.35,3.3739233,1.9999628,3.424237,0.0,0.0,100.0,7.9997687
2018-12-31 11:30:00,3.82,3.8016734,1.9999628,3.908185,0.0,0.0,100.0,7.9997687
2018-12-31 11:45:00,4.0,3.9690938,1.9999628,3.9245617,0.0,0.0,100.0,7.9997687
2018-12-31 12:00:00,4.07,4.0348344,1.9999628,4.0789866,0.0,0.0,100.0,7.9997687
2018-12-31 12:15:00,4.03,3.9836605,1.9999628,3.996153,0.0,0.0,100.0,7.9997687
2018-12-31 12:30:00,4.1,4.125981,1.9999628,4.169108,0.0,0.0,100.0,7.9997687
2018-12-31 12:45:00,3.35,3.5332787,1.9999628,3.5784194,0.0,0.030340517,100.0,7.9997687
2018-12-31 13:00:00,3.35,3.3726804,1.9999628,3.408714,0.0,0.034759205,100.0,7.9997687
2018-12-31 13:15:00,3.35,3.3894272,1.9999628,3.402965,0.0,0.036263008,100.0,7.9997687
2018-12-31 13:30:00,3.31,3.318699,1.9999628,3.3169153,0.0,0.0,100.0,7.9997687
2018-12-31 13:45:00,3.31,3.324322,1.9999628,3.3460653,0.0,0.0,100.0,7.9997687
2018-12-31 14:00:00,3.35,3.3796432,1.9999628,3.3810866,0.0,0.01093436,100.0,7.9997687
2018-12-31 14:15:00,3.35,3.3841803,1.9999628,3.4148693,0.0,0.012426063,100.0,7.9997687
2018-12-31 14:30:00,3.56,3.5889943,1.9999628,3.5794482,0.0,0.0046822396,100.0,7.9997687
2018-12-31 14:45:00,4.07,4.0179577,1.9999628,4.0558796,0.0,0.0,100.0,7.9997687
2018-12-31 15:00:00,3.53,3.5757093,1.9999628,3.618279,0.0,0.0,100.0,7.9997687
2018-12-31 15:15:00,3.42,3.4651215,1.9999628,3.3740711,0.0,0.0,100.0,7.9997687
2018-12-31 15:30:00,4.07,4.066731,1.9999628,4.070396,0.0,0.0,100.0,7.9997687
2018-12-31 15:45:00,4.07,4.007767,1.9999628,3.9978702,0.0,0.0,100.0,7.9997687
2018-12-31 16:00:00,4.03,3.9628458,1.9999628,4.021913,0.0,0.0,100.0,7.9997687
2018-12-31 16:15:00,4.07,4.0066895,1.9999628,4.0865207,0.0,0.0,100.0,7.9997687
2018-12-31 16:30:00,3.92,3.9176192,1.9999628,3.9403946,0.0,0.0,100.0,7.9997687
2018-12-31 16:45:00,3.31,3.4535394,1.9999628,3.5831318,0.0,0.018685455,100.0,7.9997687
2018-12-31 17:00:00,3.31,3.3314817,1.9999628,3.3584728,0.0,0.015987547,100.0,7.9997687
2018-12-31 17:15:00,3.35,3.3788197,1.9999628,3.3888257,0.0,0.0,100.0,7.9997687
2018-12-31 17:30:00,3.31,3.3089583,1.9999628,3.3198688,0.0,0.0,100.0,7.9997687
2018-12-31 17:45:00,3.46,3.500503,1.9999628,3.566704,0.0,0.0,100.0,7.9997687
2018-12-31 18:00:00,3.42,3.4206424,1.9999628,3.4436374,0.0,0.0,100.0,7.9997687
2018-12-31 18:15:00,3.35,3.3819199,1.9999628,3.3636034,0.0,0.0,100.0,7.9997687
2018-12-31 18:30:00,3.82,3.7703881,1.9999628,3.8248794,0.0,0.0,100.0,7.9997687
2018-12-31 18:45:00,4.14,4.070545,1.9999628,4.1089706,0.0,0.0,100.0,7.9997687
2018-12-31 19:00:00,3.49,3.5089912,1.9999628,3.551654,0.0,0.0,100.0,7.9997687
2018-12-31 19:15:00,3.96,3.9224262,1.9999628,3.9332488,0.0,0.0,100.0,7.9997687
2018-12-31 19:30:00,4.14,4.186171,1.9999628,4.1078534,0.0,0.0,100.0,7.9997687
2018-12-31 19:45:00,4.21,4.1484685,1.9999628,4.1945715,0.0,0.0,100.0,7.9997687
2018-12-31 20:00:00,4.14,4.0889196,1.9999628,4.0652604,0.0,0.0,100.0,7.9997687
2018-12-31 20:15:00,4.18,4.1249723,1.9999628,4.138114,0.0,0.0,100.0,7.9997687
2018-12-31 20:30:00,3.38,3.543116,1.9999628,3.5935872,0.0,0.0,100.0,7.9997687
2018-12-31 20:45:00,3.42,3.4306085,1.9999628,3.4624026,0.0,0.0,100.0,7.9997687
2018-12-31 21:00:00,3.42,3.4364998,1.9999628,3.4538589,0.0,0.0,100.0,7.9997687
2018-12-31 21:15:00,3.42,3.4340942,1.9999628,3.4560454,0.0,0.0,100.0,7.9997687
2018-12-31 21:30:00,3.49,3.5136003,1.9999628,3.5632606,0.0,0.0,100.0,7.9997687
2018-12-31 21:45:00,3.42,3.431249,1.9999628,3.4416993,0.0,0.0,100.0,7.9997687
2018-12-31 22:00:00,3.42,3.4468164,1.9999628,3.4504802,0.0,0.0,100.0,7.9997687
2018-12-31 22:15:00,3.24,3.2561855,1.9999628,3.2834613,0.0,0.0,69.2,7.9997687
2018-12-31 22:30:00,3.67,3.6279025,1.9999628,3.7169282,0.0,0.0,63.8,7.9997687
2018-12-31 22:45:00,3.82,3.799944,1.9999628,3.7804248,0.0,0.0,64.38,7.9997687
2018-12-31 23:00:00,3.85,3.773037,1.9999628,3.7394617,0.0,0.020138986,62.1,7.9997687
2018-12-31 23:15:00,3.74,3.7116625,1.9999628,3.7105186,0.0,0.0,70.71,7.9997687
2018-12-31 23:30:00,3.78,3.7428052,1.9999628,3.7601578,0.0,0.0,76.62,7.9997687
2018-12-31 23:45:00,3.78,3.720875,1.9999628,3.720513,0.0,0.0,77.72,7.9997687
