timestamp,actual_kWh,predicted_kWh_p50,predicted_kWh_p10,predicted_kWh_p90,raw_kWh_p10_before_nc,raw_kWh_p50_before_nc,raw_kWh_p90_before_nc,actual_CO2,predicted_CO2_p50,predicted_CO2_p10,predicted_CO2_p90,actual_PF_pct,actual_PF_decimal,predicted_PF_pct,predicted_PF_decimal
2018-10-20 00:00:00,2.81,20.5909,5.4686,46.7318,5.4686,20.5909,46.7318,0.0,0.016993,0.000956,0.020725,53.91,0.5391,78.7502,0.787502
2018-10-20 00:15:00,64.33,69.4493,66.632,84.1196,69.4493,66.632,84.1196,0.03,0.038524,0.029272,0.038933,81.49,0.8149,77.0737,0.770737
2018-10-20 00:30:00,45.22,43.1607,38.0336,55.1978,38.0336,43.1607,55.1978,0.02,0.020796,0.015319,0.02583,82.73,0.8273,77.659,0.77659
2018-10-20 00:45:00,19.84,22.5833,20.7083,39.9229,22.5833,20.7083,39.9229,0.01,0.019342,0.011749,0.019392,75.82,0.7582,75.9425,0.759425
2018-10-20 01:00:00,7.09,5.3728,3.7997,15.416,3.7997,5.3728,15.416,0.0,0.008598,9e-05,0.017602,67.88,0.6788,71.5409,0.715409
2018-10-20 01:15:00,5.72,6.2481,4.7176,12.8672,4.7176,6.2481,12.8672,0.0,0.004192,0.0,0.014712,62.95,0.6295,71.327,0.71327
2018-10-20 01:30:00,4.75,6.2208,4.5583,11.2204,4.5583,6.2208,11.2204,0.0,0.003281,0.0,0.014761,58.88,0.5888,68.0753,0.680753
2018-10-20 01:45:00,4.68,6.434,4.3353,9.3785,4.3353,6.434,9.3785,0.0,0.002451,0.0,0.015124,56.69,0.5669,63.615,0.63615
2018-10-20 02:00:00,4.64,4.5669,4.3415,9.1628,4.3415,4.5669,9.1628,0.0,0.002025,0.0,0.01099,57.81,0.5781,60.9976,0.609976
2018-10-20 02:15:00,3.6,3.9301,3.7006,8.6371,3.7006,3.9301,8.6371,0.0,0.001973,0.0,0.003031,49.38,0.4938,59.753,0.59753
2018-10-20 02:30:00,3.56,3.6158,3.4087,7.949,3.4087,3.6158,7.949,0.0,0.0,0.0,0.001978,46.92,0.4692,54.6865,0.546865
2018-10-20 02:45:00,3.6,3.6483,3.4022,7.8661,3.4022,3.6483,7.8661,0.0,0.0,0.0,0.001978,47.33,0.4733,55.982,0.55982
2018-10-20 03:00:00,3.53,3.5071,3.3746,7.8614,3.3746,3.5071,7.8614,0.0,0.0,0.0,0.001978,46.83,0.4683,53.2937,0.532937
2018-10-20 03:15:00,3.49,3.4857,3.3353,7.7769,3.3353,3.4857,7.7769,0.0,0.0,0.0,0.001942,46.8,0.468,50.368,0.50368
2018-10-20 03:30:00,3.49,3.4071,3.3,7.7226,3.3,3.4071,7.7226,0.0,0.0,0.0,0.001942,46.64,0.4664,48.5893,0.485893
2018-10-20 03:45:00,3.53,3.4614,3.3134,7.7226,3.3134,3.4614,7.7226,0.0,0.0,0.0,0.001942,46.23,0.4623,49.0989,0.490989
2018-10-20 04:00:00,3.49,3.4857,3.3214,7.769,3.3214,3.4857,7.769,0.0,0.0,0.0,0.001942,47.02,0.4702,47.4148,0.474148
2018-10-20 04:15:00,3.49,3.4071,3.2929,7.701,3.2929,3.4071,7.701,0.0,0.0,0.0,0.001942,47.19,0.4719,47.3272,0.473272
2018-10-20 04:30:00,3.49,3.4071,3.2929,7.701,3.2929,3.4071,7.701,0.0,0.0,0.0,0.001942,46.8,0.468,47.3272,0.473272
2018-10-20 04:45:00,3.53,3.4614,3.3134,7.701,3.3134,3.4614,7.701,0.0,0.0,0.0,0.001942,47.61,0.4761,48.2639,0.482639
2018-10-20 05:00:00,3.53,3.5131,3.3467,7.8962,3.3467,3.5131,7.8962,0.0,0.0,0.0,0.001945,45.28,0.4528,47.213,0.47213
2018-10-20 05:15:00,3.6,3.6149,3.3972,7.769,3.3972,3.6149,7.769,0.0,0.0,0.0,0.001942,46.57,0.4657,48.6901,0.486901
2018-10-20 05:30:00,3.42,3.4189,3.2882,7.827,3.2882,3.4189,7.827,0.0,0.0,0.0,0.001942,46.28,0.4628,46.7804,0.467804
2018-10-20 05:45:00,2.99,3.1199,2.9633,7.6953,2.9633,3.1199,7.6953,0.0,0.0,0.0,0.001937,50.21,0.5021,49.5084,0.495084
2018-10-20 06:00:00,3.56,3.5144,3.3258,7.814,3.3258,3.5144,7.814,0.0,0.0,0.0,0.001945,45.8,0.458,48.0904,0.480904
2018-10-20 06:15:00,3.17,3.1463,2.9114,7.614,2.9114,3.1463,7.614,0.0,0.0,0.0,0.001937,47.08,0.4708,46.1333,0.461333
2018-10-20 06:30:00,2.81,2.9094,2.784,7.5197,2.784,2.9094,7.5197,0.0,0.0,0.0,0.001937,49.52,0.4952,49.3779,0.493779
2018-10-20 06:45:00,2.84,2.8353,2.7043,7.4687,2.7043,2.8353,7.4687,0.0,0.0,0.0,0.001937,49.09,0.4909,49.1016,0.491016
2018-10-20 07:00:00,2.84,2.8447,2.6997,7.4668,2.6997,2.8447,7.4668,0.0,0.0,0.0,0.001937,50.15,0.5015,49.0211,0.490211
2018-10-20 07:15:00,2.88,2.873,2.7159,7.4668,2.7159,2.873,7.4668,0.0,0.0,0.0,0.001937,51.53,0.5153,50.9176,0.509176
2018-10-20 07:30:00,2.88,2.8628,2.7046,7.4668,2.7046,2.8628,7.4668,0.0,0.0,0.0,0.001937,51.85,0.5185,51.2825,0.512825
2018-10-20 07:45:00,3.6,3.622,3.493,7.7873,3.493,3.622,7.7873,0.0,0.0,0.0,0.001937,50.27,0.5027,50.5304,0.505304
2018-10-20 08:00:00,3.78,3.6388,3.341,7.7038,3.341,3.6388,7.7038,0.0,0.0,0.0,0.002065,51.21,0.5121,52.4024,0.524024
2018-10-20 08:15:00,18.0,22.697,17.681,29.4755,17.681,22.697,29.4755,0.01,0.010389,0.009113,0.01312,70.49,0.7049,70.9775,0.709775
2018-10-20 08:30:00,43.06,38.6265,38.2291,49.3613,38.2291,38.6265,49.3613,0.02,0.019965,0.016661,0.023309,75.62,0.7562,75.602,0.75602
2018-10-20 08:45:00,52.81,51.5364,44.9887,56.1999,44.9887,51.5364,56.1999,0.02,0.023156,0.019052,0.027748,84.69,0.8469,75.5772,0.755772
2018-10-20 09:00:00,39.92,40.8305,37.198,47.6015,37.198,40.8305,47.6015,0.02,0.019909,0.015531,0.023546,95.39,0.9539,94.9173,0.949173
2018-10-20 09:15:00,62.5,60.6999,50.1636,61.5715,50.1636,60.6999,61.5715,0.03,0.027299,0.020821,0.031659,94.8,0.948,92.343,0.92343
2018-10-20 09:30:00,48.1,47.9325,44.3415,52.2843,44.3415,47.9325,52.2843,0.02,0.020118,0.017985,0.02551,90.37,0.9037,91.3706,0.913706
2018-10-20 09:45:00,50.26,50.2158,47.4824,53.5317,47.4824,50.2158,53.5317,0.02,0.020014,0.018436,0.024258,90.93,0.9093,90.9337,0.909337
2018-10-20 10:00:00,50.87,50.2867,47.6382,53.3634,47.6382,50.2867,53.3634,0.02,0.020008,0.018436,0.026389,90.41,0.9041,90.766,0.90766
2018-10-20 10:15:00,45.22,46.1832,42.7862,50.3986,42.7862,46.1832,50.3986,0.02,0.019982,0.017695,0.0253,91.25,0.9125,92.3205,0.923205
2018-10-20 10:30:00,59.18,58.3396,54.0974,59.8731,54.0974,58.3396,59.8731,0.03,0.023231,0.022192,0.03028,88.21,0.8821,87.5143,0.875143
2018-10-20 10:45:00,71.42,68.87,62.5121,70.9544,62.5121,68.87,70.9544,0.03,0.028577,0.02759,0.033851,91.58,0.9158,89.2779,0.892779
2018-10-20 11:00:00,95.62,89.4067,87.0029,96.1133,87.0029,89.4067,96.1133,0.04,0.039025,0.035886,0.042976,87.84,0.8784,86.7702,0.867702
2018-10-20 11:15:00,59.98,58.8059,53.3355,71.2131,53.3355,58.8059,71.2131,0.03,0.026471,0.023417,0.034843,91.72,0.9172,91.8606,0.918606
2018-10-20 11:30:00,64.26,64.1331,60.4366,75.8213,60.4366,64.1331,75.8213,0.03,0.029894,0.026007,0.035307,86.49,0.8649,87.2275,0.872275
2018-10-20 11:45:00,60.08,58.8313,54.5538,72.3976,54.5538,58.8313,72.3976,0.03,0.029347,0.023303,0.034512,86.07,0.8607,87.0785,0.870785
2018-10-20 12:00:00,28.73,35.3465,28.412,47.8223,28.412,35.3465,47.8223,0.01,0.018816,0.014357,0.024227,85.6,0.856,92.5668,0.925668
2018-10-20 12:15:00,5.65,5.9644,4.7901,11.7763,4.7901,5.9644,11.7763,0.0,0.0,0.0,0.002407,100.0,1.0,99.8421,0.998421
2018-10-20 12:30:00,6.01,6.1197,5.2978,9.76,5.2978,6.1197,9.76,0.0,0.0,0.0,0.002044,100.0,1.0,99.9684,0.999684
2018-10-20 12:45:00,6.59,6.9062,5.6298,9.8126,5.6298,6.9062,9.8126,0.0,0.0,0.0,0.002007,100.0,1.0,99.9634,0.999634
2018-10-20 13:00:00,6.52,6.1354,5.5344,10.005,5.5344,6.1354,10.005,0.0,6e-06,0.0,0.001969,100.0,1.0,99.9974,0.999974
2018-10-20 13:15:00,26.57,30.0428,23.0866,30.7395,23.0866,30.0428,30.7395,0.01,0.0134,0.00863,0.018653,95.72,0.9572,96.7236,0.967236
2018-10-20 13:30:00,62.96,57.0619,46.5703,65.026,46.5703,57.0619,65.026,0.03,0.021444,0.021106,0.03201,92.47,0.9247,90.3586,0.903586
2018-10-20 13:45:00,104.44,104.2161,97.2511,105.6124,97.2511,104.2161,105.6124,0.05,0.046116,0.04058,0.050329,91.39,0.9139,90.6411,0.906411
2018-10-20 14:00:00,66.35,66.5066,57.0103,73.8222,57.0103,66.5066,73.8222,0.03,0.030534,0.024723,0.036799,92.99,0.9299,91.8454,0.918454
2018-10-20 14:15:00,80.96,78.1844,74.1444,92.5355,74.1444,78.1844,92.5355,0.04,0.037637,0.032851,0.044081,89.34,0.8934,89.0281,0.890281
2018-10-20 14:30:00,84.49,85.5895,76.9878,92.8675,76.9878,85.5895,92.8675,0.04,0.040227,0.034286,0.043801,91.6,0.916,90.9463,0.909463
2018-10-20 14:45:00,67.14,66.8333,59.6156,80.5432,59.6156,66.8333,80.5432,0.03,0.031738,0.025034,0.039318,89.37,0.8937,90.5671,0.905671
2018-10-20 15:00:00,67.61,68.8048,62.6627,75.9664,62.6627,68.8048,75.9664,0.03,0.031156,0.026442,0.03542,89.04,0.8904,88.863,0.88863
2018-10-20 15:15:00,104.51,106.049,100.3378,108.1756,100.3378,106.049,108.1756,0.05,0.046211,0.042352,0.051798,90.66,0.9066,90.1313,0.901313
2018-10-20 15:30:00,79.24,77.546,69.7444,86.981,69.7444,77.546,86.981,0.04,0.037403,0.029757,0.041078,91.98,0.9198,91.8318,0.918318
2018-10-20 15:45:00,73.84,76.0971,70.5598,87.2096,70.5598,76.0971,87.2096,0.03,0.035741,0.030104,0.041733,88.59,0.8859,90.2777,0.902777
2018-10-20 16:00:00,72.9,74.8889,66.3161,83.0747,66.3161,74.8889,83.0747,0.03,0.032077,0.027293,0.037543,91.45,0.9145,90.6664,0.906664
2018-10-20 16:15:00,74.45,74.9404,68.9824,85.7348,68.9824,74.9404,85.7348,0.03,0.032205,0.029235,0.039547,90.6,0.906,90.3454,0.903454
2018-10-20 16:30:00,71.78,69.468,63.4651,73.6918,63.4651,69.468,73.6918,0.03,0.0296,0.026304,0.035989,92.26,0.9226,90.6249,0.906249
2018-10-20 16:45:00,103.82,102.8305,93.4376,102.9212,93.4376,102.8305,102.9212,0.05,0.043853,0.04046,0.048495,91.59,0.9159,90.3212,0.903212
2018-10-20 17:00:00,38.12,51.8789,41.4091,64.5839,41.4091,51.8789,64.5839,0.02,0.023021,0.019383,0.03326,94.98,0.9498,96.1981,0.961981
2018-10-20 17:15:00,47.7,49.7886,43.345,59.3393,43.345,49.7886,59.3393,0.02,0.020302,0.018894,0.026683,96.07,0.9607,95.0024,0.950024
2018-10-20 17:30:00,32.36,34.815,31.3382,46.9812,31.3382,34.815,46.9812,0.01,0.01989,0.012138,0.022074,96.88,0.9688,97.1752,0.971752
2018-10-20 17:45:00,34.2,36.906,32.6028,45.1953,32.6028,36.906,45.1953,0.02,0.019842,0.010341,0.023073,95.89,0.9589,95.8484,0.958484
2018-10-20 18:00:00,40.18,41.2018,38.4922,44.9324,38.4922,41.2018,44.9324,0.02,0.019993,0.016254,0.021908,85.87,0.8587,90.0523,0.900523
2018-10-20 18:15:00,33.91,36.5715,35.2293,42.4841,35.2293,36.5715,42.4841,0.02,0.019957,0.015395,0.020202,88.83,0.8883,93.087,0.930871
2018-10-20 18:30:00,10.51,12.4374,10.1288,18.5118,10.1288,12.4374,18.5118,0.0,0.007112,0.000538,0.011488,97.88,0.9788,98.3515,0.983515
2018-10-20 18:45:00,5.29,5.6428,4.1855,10.1812,4.1855,5.6428,10.1812,0.0,0.000148,0.0,0.002224,100.0,1.0,99.9924,0.999924
2018-10-20 19:00:00,4.93,4.7766,4.4328,9.3012,4.4328,4.7766,9.3012,0.0,1.5e-05,0.0,0.00204,100.0,1.0,99.9979,0.999979
2018-10-20 19:15:00,4.18,4.2337,3.8584,8.8324,3.8584,4.2337,8.8324,0.0,8e-06,0.0,0.001946,100.0,1.0,99.9979,0.999979
2018-10-20 19:30:00,3.71,3.8277,3.627,8.4701,3.627,3.8277,8.4701,0.0,0.0,0.0,0.001968,100.0,1.0,99.9979,0.999979
2018-10-20 19:45:00,3.71,3.7051,3.5107,7.9949,3.5107,3.7051,7.9949,0.0,0.000151,0.0,0.001963,100.0,1.0,99.9979,0.999979
2018-10-20 20:00:00,3.74,3.7372,3.5221,7.9624,3.5221,3.7372,7.9624,0.0,0.000169,0.0,0.001963,100.0,1.0,99.9979,0.999979
2018-10-20 20:15:00,3.67,3.5717,3.4719,7.9073,3.4719,3.5717,7.9073,0.0,4.6e-05,0.0,0.001964,100.0,1.0,99.9979,0.999979
2018-10-20 20:30:00,3.6,3.5522,3.4524,7.881,3.4524,3.5522,7.881,0.0,4e-06,0.0,0.001964,100.0,1.0,99.9979,0.999979
2018-10-20 20:45:00,3.64,3.6044,3.444,7.8555,3.444,3.6044,7.8555,0.0,4e-06,0.0,0.001964,100.0,1.0,99.9979,0.999979
2018-10-20 21:00:00,3.64,3.5551,3.4261,7.8654,3.4261,3.5551,7.8654,0.0,4e-06,0.0,0.001964,100.0,1.0,99.9979,0.999979
2018-10-20 21:15:00,3.67,3.5956,3.4454,7.8654,3.4454,3.5956,7.8654,0.0,4e-06,0.0,0.001964,100.0,1.0,99.9979,0.999979
2018-10-20 21:30:00,3.71,3.6615,3.4923,7.8752,3.4923,3.6615,7.8752,0.0,4e-06,0.0,0.001964,100.0,1.0,99.9979,0.999979
2018-10-20 21:45:00,3.64,3.5691,3.4308,7.8883,3.4308,3.5691,7.8883,0.0,4e-06,0.0,0.001964,100.0,1.0,99.9979,0.999979
2018-10-20 22:00:00,3.6,3.5277,3.4007,7.8654,3.4007,3.5277,7.8654,0.0,4e-06,0.0,0.001964,100.0,1.0,99.9698,0.999698
2018-10-20 22:15:00,3.42,3.4824,3.3312,7.898,3.3312,3.4824,7.898,0.0,6e-06,0.0,0.001987,47.48,0.4748,54.2418,0.542418
2018-10-20 22:30:00,3.42,3.4535,3.244,7.7733,3.244,3.4535,7.7733,0.0,7e-06,0.0,0.001992,45.3,0.453,46.4091,0.464091
2018-10-20 22:45:00,3.46,3.5078,3.2645,7.7682,3.2645,3.5078,7.7682,0.0,7e-06,0.0,0.001992,46.1,0.461,46.6218,0.466218
2018-10-20 23:00:00,4.0,3.9583,3.5612,7.9269,3.5612,3.9583,7.9269,0.0,7e-06,0.0,0.001992,51.09,0.5109,48.2201,0.482201
2018-10-20 23:15:00,4.39,4.2427,3.6314,8.1204,3.6314,4.2427,8.1204,0.0,3e-06,0.0,0.001987,57.6,0.576,52.6416,0.526416
2018-10-20 23:30:00,3.35,3.6461,3.1567,8.3257,3.1567,3.6461,8.3257,0.0,0.002023,0.0,0.002319,49.82,0.4982,52.1142,0.521142
2018-10-20 23:45:00,3.06,3.1864,2.9655,7.7223,2.9655,3.1864,7.7223,0.0,0.0,0.0,0.002023,50.28,0.5028,49.3268,0.493268
2018-10-21 00:00:00,3.31,3.3668,3.1614,7.6541,3.1614,3.3668,7.6541,0.0,0.0,0.0,0.002055,46.92,0.4692,47.023,0.47023
2018-10-21 00:15:00,2.74,2.9616,2.7507,7.6377,2.7507,2.9616,7.6377,0.0,0.0,0.0,0.00205,53.56,0.5356,54.9224,0.549224
2018-10-21 00:30:00,2.74,2.8575,2.6287,7.5174,2.6287,2.8575,7.5174,0.0,0.0,0.0,0.002014,52.95,0.5295,52.5519,0.525519
2018-10-21 00:45:00,2.77,2.8671,2.6449,7.5154,2.6449,2.8671,7.5154,0.0,0.0,0.0,0.001972,51.26,0.5126,50.8234,0.508234
2018-10-21 01:00:00,2.81,2.8064,2.669,7.5154,2.669,2.8064,7.5154,0.0,0.0,0.0,0.001946,50.6,0.506,50.1191,0.501191
2018-10-21 01:15:00,2.84,2.8286,2.6833,7.4668,2.6833,2.8286,7.4668,0.0,0.0,0.0,0.001937,53.03,0.5303,52.2108,0.522108
2018-10-21 01:30:00,2.77,2.7958,2.6573,7.4668,2.6573,2.7958,7.4668,0.0,0.0,0.0,0.001937,52.76,0.5276,52.6898,0.526898
2018-10-21 01:45:00,2.74,2.7632,2.6405,7.4668,2.6405,2.7632,7.4668,0.0,0.0,0.0,0.001937,51.09,0.5109,50.6878,0.506878
2018-10-21 02:00:00,2.77,2.7561,2.6435,7.4668,2.6435,2.7561,7.4668,0.0,0.0,0.0,0.001937,53.36,0.5336,52.65,0.5265
2018-10-21 02:15:00,2.77,2.7647,2.6528,7.4668,2.6528,2.7647,7.4668,0.0,0.0,0.0,0.001937,52.76,0.5276,52.1782,0.521782
2018-10-21 02:30:00,2.74,2.7457,2.6367,7.4668,2.6367,2.7457,7.4668,0.0,0.0,0.0,0.001937,53.21,0.5321,52.8409,0.528409
2018-10-21 02:45:00,3.13,3.1044,2.9926,7.5614,2.9926,3.1044,7.5614,0.0,0.0,0.0,0.001937,50.92,0.5092,50.0555,0.500555
2018-10-21 03:00:00,3.85,3.7679,3.5207,7.8314,3.5207,3.7679,7.8314,0.0,0.0,0.0,0.001942,50.67,0.5067,50.006,0.50006
2018-10-21 03:15:00,3.89,3.5483,3.2743,7.7458,3.2743,3.5483,7.7458,0.0,0.0,0.0,0.001973,51.88,0.5188,50.0408,0.500408
2018-10-21 03:30:00,2.92,3.0681,2.8374,7.7153,2.8374,3.0681,7.7153,0.0,0.0,0.0,0.001973,50.13,0.5013,51.0314,0.510314
2018-10-21 03:45:00,2.74,2.8611,2.7211,7.4713,2.7211,2.8611,7.4713,0.0,0.0,0.0,0.001973,52.01,0.5201,52.6559,0.526559
2018-10-21 04:00:00,2.81,2.8143,2.6728,7.4668,2.6728,2.8143,7.4668,0.0,0.0,0.0,0.001973,52.63,0.5263,52.0296,0.520296
2018-10-21 04:15:00,2.81,2.8062,2.6684,7.4668,2.6684,2.8062,7.4668,0.0,0.0,0.0,0.001973,51.15,0.5115,50.5995,0.505995
2018-10-21 04:30:00,2.77,2.7846,2.6524,7.4668,2.6524,2.7846,7.4668,0.0,0.0,0.0,0.001937,51.5,0.515,50.8156,0.508156
2018-10-21 04:45:00,2.77,2.7795,2.6528,7.4668,2.6528,2.7795,7.4668,0.0,0.0,0.0,0.001937,51.5,0.515,50.7407,0.507407
2018-10-21 05:00:00,2.81,2.8033,2.6713,7.4668,2.6713,2.8033,7.4668,0.0,0.0,0.0,0.001937,51.8,0.518,51.0468,0.510468
2018-10-21 05:15:00,2.77,2.7815,2.6562,7.4668,2.6562,2.7815,7.4668,0.0,0.0,0.0,0.001937,50.93,0.5093,50.4351,0.504351
2018-10-21 05:30:00,2.81,2.7926,2.6713,7.4668,2.6713,2.7926,7.4668,0.0,0.0,0.0,0.001937,52.38,0.5238,51.366,0.51366
2018-10-21 05:45:00,2.81,2.7924,2.6722,7.4668,2.6722,2.7924,7.4668,0.0,0.0,0.0,0.001937,51.15,0.5115,50.5972,0.505972
2018-10-21 06:00:00,2.81,2.7924,2.6722,7.4668,2.6722,2.7924,7.4668,0.0,0.0,0.0,0.001937,50.36,0.5036,49.7128,0.497128
2018-10-21 06:15:00,2.74,2.7553,2.6494,7.4668,2.6494,2.7553,7.4668,0.0,0.0,0.0,0.001937,49.11,0.4911,48.8939,0.488939
2018-10-21 06:30:00,2.74,2.7465,2.6287,7.4668,2.6287,2.7465,7.4668,0.0,0.0,0.0,0.001937,49.11,0.4911,48.746,0.48746
2018-10-21 06:45:00,3.06,3.0577,2.9652,7.5614,2.9652,3.0577,7.5614,0.0,0.0,0.0,0.001937,48.35,0.4835,47.5814,0.475814
2018-10-21 07:00:00,3.31,3.2306,3.0542,7.5775,3.0542,3.2306,7.5775,0.0,0.0,0.0,0.001942,45.1,0.451,46.2948,0.462948
2018-10-21 07:15:00,2.74,2.8091,2.6058,7.5347,2.6058,2.8091,7.5347,0.0,0.0,0.0,0.001937,48.06,0.4806,48.3236,0.483236
2018-10-21 07:30:00,2.77,2.7766,2.6449,7.4668,2.6449,2.7766,7.4668,0.0,0.0,0.0,0.001937,48.17,0.4817,48.3441,0.483441
2018-10-21 07:45:00,2.74,2.7679,2.6367,7.4668,2.6367,2.7679,7.4668,0.0,0.0,0.0,0.001937,48.81,0.4881,48.6932,0.486932
2018-10-21 08:00:00,3.42,3.5155,3.2678,7.8671,3.2678,3.5155,7.8671,0.0,0.0,0.0,0.002124,44.15,0.4415,50.5102,0.505102
2018-10-21 08:15:00,3.17,3.1607,2.8727,7.6111,2.8727,3.1607,7.6111,0.0,0.00036,0.0,0.002151,46.84,0.4684,48.0617,0.480617
2018-10-21 08:30:00,2.74,2.9246,2.6795,7.5563,2.6795,2.9246,7.5563,0.0,0.000153,0.0,0.002166,48.06,0.4806,49.9198,0.499198
2018-10-21 08:45:00,2.88,3.0635,2.7676,7.5195,2.7676,3.0635,7.5195,0.0,0.000146,0.0,0.002166,77.08,0.7708,76.3169,0.763169
2018-10-21 09:00:00,3.02,3.024,2.8256,7.4825,2.8256,3.024,7.4825,0.0,2e-06,0.0,0.002037,100.0,1.0,99.9059,0.999059
2018-10-21 09:15:00,2.99,2.9379,2.7634,7.5068,2.7634,2.9379,7.5068,0.0,2e-06,0.0,0.002037,100.0,1.0,99.9884,0.999884
2018-10-21 09:30:00,3.06,2.9982,2.7872,7.4916,2.7872,2.9982,7.4916,0.0,3e-06,0.0,0.002037,100.0,1.0,99.9884,0.999884
2018-10-21 09:45:00,3.56,3.462,3.2888,7.6751,3.2888,3.462,7.6751,0.0,7e-06,0.0,0.002037,100.0,1.0,99.9834,0.999835
2018-10-21 10:00:00,3.35,3.2248,3.0763,7.6503,3.0763,3.2248,7.6503,0.0,4e-06,0.0,0.002037,100.0,1.0,99.9975,0.999975
2018-10-21 10:15:00,2.99,2.9676,2.8353,7.5634,2.8353,2.9676,7.5634,0.0,2e-06,0.0,0.002037,100.0,1.0,99.9975,0.999975
2018-10-21 10:30:00,2.99,2.9867,2.8332,7.5086,2.8332,2.9867,7.5086,0.0,2e-06,0.0,0.002037,100.0,1.0,99.9975,0.999975
2018-10-21 10:45:00,2.99,2.9867,2.8332,7.5086,2.8332,2.9867,7.5086,0.0,2e-06,0.0,0.002037,100.0,1.0,99.9975,0.999975
2018-10-21 11:00:00,3.02,3.0889,2.8494,7.5679,2.8494,3.0889,7.5679,0.0,4e-06,0.0,0.002,100.0,1.0,100.0031,1.000031
2018-10-21 11:15:00,2.95,3.0301,2.8452,7.5734,2.8452,3.0301,7.5734,0.0,5e-06,0.0,0.001997,100.0,1.0,99.9764,0.999764
2018-10-21 11:30:00,2.95,2.9954,2.8086,7.5419,2.8086,2.9954,7.5419,0.0,5e-06,0.0,0.001997,100.0,1.0,99.9812,0.999812
2018-10-21 11:45:00,3.02,3.1303,2.8526,7.5419,2.8526,3.1303,7.5419,0.0,0.0,0.0,0.001997,100.0,1.0,99.9812,0.999812
2018-10-21 12:00:00,2.99,3.0957,2.8413,7.5669,2.8413,3.0957,7.5669,0.0,0.0,0.0,0.001997,100.0,1.0,99.8502,0.998502
2018-10-21 12:15:00,3.1,3.1222,2.9088,7.5475,2.9088,3.1222,7.5475,0.0,0.0,0.0,0.001971,100.0,1.0,99.9301,0.999301
2018-10-21 12:30:00,3.02,3.0325,2.8459,7.5759,2.8459,3.0325,7.5759,0.0,0.0,0.0,0.001971,100.0,1.0,99.964,0.99964
2018-10-21 12:45:00,3.1,3.1227,2.9252,7.5692,2.9252,3.1227,7.5692,0.0,0.0,0.0,0.001971,100.0,1.0,99.964,0.99964
2018-10-21 13:00:00,3.53,3.5806,3.2562,7.6786,3.2562,3.5806,7.6786,0.0,1e-06,0.0,0.001971,100.0,1.0,99.9931,0.999931
2018-10-21 13:15:00,3.49,3.4378,3.1803,7.7278,3.1803,3.4378,7.7278,0.0,8e-06,0.0,0.002002,100.0,1.0,99.9974,0.999974
2018-10-21 13:30:00,2.99,3.1306,2.8239,7.6598,2.8239,3.1306,7.6598,0.0,5e-06,0.0,0.002002,100.0,1.0,99.9974,0.999974
2018-10-21 13:45:00,3.31,3.431,3.1747,7.6813,3.1747,3.431,7.6813,0.0,7e-06,0.0,0.002005,100.0,1.0,99.9929,0.999929
2018-10-21 14:00:00,3.64,3.5431,3.3059,7.6621,3.3059,3.5431,7.6621,0.0,5e-06,0.0,0.002037,100.0,1.0,99.9757,0.999757
2018-10-21 14:15:00,3.02,3.0732,2.8341,7.6945,2.8341,3.0732,7.6945,0.0,3e-06,0.0,0.002037,100.0,1.0,99.9803,0.999802
2018-10-21 14:30:00,2.99,2.9865,2.8535,7.5238,2.8535,2.9865,7.5238,0.0,2e-06,0.0,0.002037,100.0,1.0,99.9803,0.999802
2018-10-21 14:45:00,3.06,3.0468,2.8773,7.5086,2.8773,3.0468,7.5086,0.0,3e-06,0.0,0.002037,100.0,1.0,99.9803,0.999802
2018-10-21 15:00:00,2.99,2.969,2.8452,7.5218,2.8452,2.969,7.5218,0.0,3e-06,0.0,0.002037,100.0,1.0,100.0037,1.000037
2018-10-21 15:15:00,3.13,3.1365,2.989,7.5144,2.989,3.1365,7.5144,0.0,2e-06,0.0,0.00204,100.0,1.0,100.0037,1.000037
2018-10-21 15:30:00,3.82,3.7884,3.5378,7.7999,3.5378,3.7884,7.7999,0.0,6e-06,0.0,0.001975,100.0,1.0,100.0056,1.000056
2018-10-21 15:45:00,10.37,11.7891,9.6292,16.7639,9.6292,11.7891,16.7639,0.0,0.007837,0.007658,0.009274,99.98,0.9998,99.4388,0.994388
2018-10-21 16:00:00,24.88,23.9442,21.223,26.1768,21.223,23.9442,26.1768,0.01,0.01316,0.008148,0.015727,99.94,0.9994,99.5094,0.995094
2018-10-21 16:15:00,24.62,23.7562,12.26,28.5714,12.26,23.7562,28.5714,0.01,0.01264,0.006198,0.016016,99.95,0.9995,99.9633,0.999633
2018-10-21 16:30:00,20.41,20.8633,11.1183,26.4303,11.1183,20.8633,26.4303,0.01,0.011559,0.006081,0.015052,99.95,0.9995,99.9203,0.999203
2018-10-21 16:45:00,3.92,4.8173,4.1163,12.867,4.1163,4.8173,12.867,0.0,0.000229,0.0,0.003404,100.0,1.0,99.9964,0.999964
2018-10-21 17:00:00,4.75,4.7165,4.2136,9.0792,4.2136,4.7165,9.0792,0.0,0.0,0.0,0.002134,100.0,1.0,99.9913,0.999913
2018-10-21 17:15:00,3.49,3.813,3.5036,8.7538,3.5036,3.813,8.7538,0.0,0.0,0.0,0.001949,100.0,1.0,99.9979,0.999979
2018-10-21 17:30:00,2.95,3.1069,2.9459,7.8386,2.9459,3.1069,7.8386,0.0,0.0,0.0,0.001978,100.0,1.0,99.9979,0.999979
2018-10-21 17:45:00,2.95,2.9869,2.8082,7.5176,2.8082,2.9869,7.5176,0.0,0.000122,0.0,0.001963,100.0,1.0,99.9979,0.999979
2018-10-21 18:00:00,2.95,3.0623,2.8082,7.5034,2.8082,3.0623,7.5034,0.0,9e-06,0.0,0.001951,100.0,1.0,99.9756,0.999756
2018-10-21 18:15:00,2.99,3.081,2.8244,7.4937,2.8244,3.081,7.4937,0.0,0.0,0.0,0.001964,100.0,1.0,99.9037,0.999037
2018-10-21 18:30:00,2.99,2.9905,2.8207,7.4917,2.8207,2.9905,7.4917,0.0,0.0,0.0,0.001937,100.0,1.0,99.9786,0.999786
2018-10-21 18:45:00,3.02,2.9999,2.8355,7.4875,2.8355,2.9999,7.4875,0.0,0.0,0.0,0.001937,100.0,1.0,99.9744,0.999744
2018-10-21 19:00:00,3.02,3.0016,2.8556,7.5026,2.8556,3.0016,7.5026,0.0,0.0,0.0,0.001937,100.0,1.0,99.9979,0.999979
2018-10-21 19:15:00,3.06,3.03,2.884,7.5091,2.884,3.03,7.5091,0.0,0.0,0.0,0.001937,100.0,1.0,99.9979,0.999979
2018-10-21 19:30:00,3.1,3.0352,2.884,7.5132,2.884,3.0352,7.5132,0.0,0.0,0.0,0.001937,100.0,1.0,99.9979,0.999979
2018-10-21 19:45:00,3.02,2.9814,2.8647,7.5331,2.8647,2.9814,7.5331,0.0,0.0,0.0,0.001937,100.0,1.0,99.9979,0.999979
2018-10-21 20:00:00,2.99,2.9946,2.8602,7.518,2.8602,2.9946,7.518,0.0,0.0,0.0,0.001937,100.0,1.0,99.9979,0.999979
2018-10-21 20:15:00,3.49,3.4694,3.2913,7.657,3.2913,3.4694,7.657,0.0,0.0,0.0,0.001937,100.0,1.0,99.9998,0.999998
2018-10-21 20:30:00,3.71,3.5407,3.3543,7.6145,3.3543,3.5407,7.6145,0.0,1e-06,0.0,0.001937,100.0,1.0,99.9979,0.999979
2018-10-21 20:45:00,3.24,3.2273,2.9634,7.6972,2.9634,3.2273,7.6972,0.0,0.0,0.0,0.001937,100.0,1.0,99.9979,0.999979
2018-10-21 21:00:00,3.28,3.1748,3.0015,7.5646,3.0015,3.1748,7.5646,0.0,0.0,0.0,0.001937,100.0,1.0,99.9979,0.999979
2018-10-21 21:15:00,3.67,3.646,3.3593,7.7627,3.3593,3.646,7.7627,0.0,0.0,0.0,0.001937,100.0,1.0,99.9979,0.999979
2018-10-21 21:30:00,3.31,3.3521,3.0903,7.764,3.0903,3.3521,7.764,0.0,0.0,0.0,0.001937,100.0,1.0,99.9979,0.999979
2018-10-21 21:45:00,3.02,3.0615,2.9284,7.6286,2.9284,3.0615,7.6286,0.0,0.0,0.0,0.001937,100.0,1.0,99.9979,0.999979
2018-10-21 22:00:00,3.06,3.0454,2.8914,7.5199,2.8914,3.0454,7.5199,0.0,0.0,0.0,0.001937,100.0,1.0,99.8004,0.998004
2018-10-21 22:15:00,2.88,2.9589,2.8256,7.524,2.8256,2.9589,7.524,0.0,0.0,0.0,0.001937,48.81,0.4881,51.0222,0.510222
2018-10-21 22:30:00,2.88,2.8736,2.7356,7.4694,2.7356,2.8736,7.4694,0.0,0.0,0.0,0.001937,47.33,0.4733,45.1614,0.451614
2018-10-21 22:45:00,2.84,2.8485,2.7196,7.4694,2.7196,2.8485,7.4694,0.0,0.0,0.0,0.001937,48.07,0.4807,45.8153,0.458153
2018-10-21 23:00:00,2.81,2.8222,2.6978,7.4668,2.6978,2.8222,7.4668,0.0,0.0,0.0,0.001937,47.9,0.479,45.9017,0.459017
2018-10-21 23:15:00,2.81,2.8129,2.6803,7.4668,2.6803,2.8129,7.4668,0.0,0.0,0.0,0.001937,50.92,0.5092,48.9292,0.489292
2018-10-21 23:30:00,2.81,2.8129,2.6803,7.4668,2.6803,2.8129,7.4668,0.0,0.0,0.0,0.001937,51.15,0.5115,48.9516,0.489516
2018-10-21 23:45:00,3.2,3.1684,3.0442,7.5614,3.0442,3.1684,7.5614,0.0,0.0,0.0,0.001937,48.12,0.4812,47.8026,0.478026
2018-10-22 00:00:00,3.67,3.5406,3.2746,7.6896,3.2746,3.5406,7.6896,0.0,4e-06,0.0,0.00202,52.12,0.5212,50.7609,0.507609
2018-10-22 00:15:00,2.81,3.0328,2.7751,7.672,2.7751,3.0328,7.672,0.0,0.0,0.0,0.001973,49.22,0.4922,49.4559,0.494559
2018-10-22 00:30:00,2.81,2.8129,2.6823,7.4668,2.6823,2.8129,7.4668,0.0,0.0,0.0,0.001973,48.4,0.484,48.2124,0.482124
2018-10-22 00:45:00,2.88,2.873,2.7264,7.4668,2.7264,2.873,7.4668,0.0,0.0,0.0,0.001973,49.1,0.491,48.458,0.48458
2018-10-22 01:00:00,2.88,2.8628,2.6989,7.4668,2.6989,2.8628,7.4668,0.0,0.0,0.0,0.001973,48.03,0.4803,47.0867,0.470867
2018-10-22 01:15:00,2.88,2.8628,2.6989,7.4668,2.6989,2.8628,7.4668,0.0,0.0,0.0,0.001937,47.06,0.4706,46.2267,0.462267
2018-10-22 01:30:00,2.84,2.836,2.6828,7.4668,2.6828,2.836,7.4668,0.0,0.0,0.0,0.001937,46.08,0.4608,45.5796,0.455796
2018-10-22 01:45:00,2.99,2.9841,2.8438,7.4754,2.8438,2.9841,7.4754,0.0,0.0,0.0,0.001937,46.33,0.4633,45.3304,0.453304
2018-10-22 02:00:00,3.53,3.4482,3.2537,7.8061,3.2537,3.4482,7.8061,0.0,0.0,0.0,0.001945,44.72,0.4472,47.5299,0.475299
2018-10-22 02:15:00,3.13,3.1044,2.8371,7.5969,2.8371,3.1044,7.5969,0.0,0.0,0.0,0.001937,44.72,0.4472,44.9256,0.449256
2018-10-22 02:30:00,2.88,2.9014,2.753,7.5051,2.753,2.9014,7.5051,0.0,0.0,0.0,0.001937,46.79,0.4679,46.308,0.46308
2018-10-22 02:45:00,2.88,2.8736,2.7387,7.4694,2.7387,2.8736,7.4694,0.0,0.0,0.0,0.001937,45.86,0.4586,44.6919,0.446919
2018-10-22 03:00:00,3.46,3.392,3.2281,7.6464,3.2281,3.392,7.6464,0.0,0.0,0.0,0.001937,48.14,0.4814,47.6546,0.476546
2018-10-22 03:15:00,3.24,3.1024,2.943,7.5721,2.943,3.1024,7.5721,0.0,0.0,0.0,0.001937,47.64,0.4764,46.5742,0.465742
2018-10-22 03:30:00,2.92,2.9551,2.7701,7.5335,2.7701,2.9551,7.5335,0.0,0.0,0.0,0.001937,45.91,0.4591,46.1601,0.461601
2018-10-22 03:45:00,2.92,2.9076,2.7642,7.4713,2.7642,2.9076,7.4713,0.0,0.0,0.0,0.001937,45.47,0.4547,44.7347,0.447347
2018-10-22 04:00:00,2.95,2.9433,2.7849,7.4694,2.7849,2.9433,7.4694,0.0,0.0,0.0,0.001937,45.84,0.4584,45.0756,0.450756
2018-10-22 04:15:00,2.88,2.8918,2.7627,7.4727,2.7627,2.8918,7.4727,0.0,0.0,0.0,0.001937,45.16,0.4516,44.6241,0.446241
2018-10-22 04:30:00,2.92,2.902,2.7549,7.4694,2.7549,2.902,7.4694,0.0,0.0,0.0,0.001937,45.91,0.4591,44.7444,0.447444
2018-10-22 04:45:00,2.92,2.9076,2.7642,7.4694,2.7642,2.9076,7.4694,0.0,0.0,0.0,0.001937,46.37,0.4637,45.1054,0.451054
2018-10-22 05:00:00,2.88,2.8825,2.7481,7.4694,2.7481,2.8825,7.4694,0.0,0.0,0.0,0.001937,46.32,0.4632,45.3358,0.453358
2018-10-22 05:15:00,2.88,2.8736,2.7387,7.4694,2.7387,2.8736,7.4694,0.0,0.0,0.0,0.001937,46.59,0.4659,45.7892,0.457892
2018-10-22 05:30:00,2.84,2.8485,2.7226,7.4694,2.7226,2.8485,7.4694,0.0,0.0,0.0,0.001937,46.82,0.4682,46.1227,0.461227
2018-10-22 05:45:00,2.84,2.8447,2.717,7.4668,2.717,2.8447,7.4668,0.0,0.0,0.0,0.001937,47.51,0.4751,46.9831,0.469831
2018-10-22 06:00:00,2.84,2.8447,2.717,7.4668,2.717,2.8447,7.4668,0.0,0.0,0.0,0.001937,47.3,0.473,46.8541,0.468541
2018-10-22 06:15:00,2.81,2.8206,2.7009,7.4668,2.7009,2.8206,7.4668,0.0,0.0,0.0,0.001937,46.91,0.4691,46.6479,0.466479
2018-10-22 06:30:00,3.89,3.9503,3.6592,7.7936,3.6592,3.9503,7.7936,0.0,0.0,0.0,0.001942,49.82,0.4982,49.4805,0.494805
2018-10-22 06:45:00,4.1,3.7386,3.4332,7.9371,3.4332,3.7386,7.9371,0.0,0.0,0.0,0.00198,50.22,0.5022,51.7274,0.517274
2018-10-22 07:00:00,2.84,3.2134,2.9124,7.9964,2.9124,3.2134,7.9964,0.0,0.001254,0.0,0.001973,47.51,0.4751,51.622,0.51622
2018-10-22 07:15:00,2.99,2.9888,2.8328,7.4807,2.8328,2.9888,7.4807,0.0,7e-06,0.0,0.001973,50.5,0.505,49.6844,0.496844
2018-10-22 07:30:00,3.6,3.5531,3.3303,7.7094,3.3303,3.5531,7.7094,0.0,0.0,0.0,0.001973,54.21,0.5421,51.6325,0.516325
2018-10-22 07:45:00,3.92,3.7666,3.3704,7.774,3.3704,3.7666,7.774,0.0,2e-06,0.0,0.001978,51.53,0.5153,51.5844,0.515844
2018-10-22 08:00:00,3.96,3.8604,3.3391,7.7532,3.3391,3.8604,7.7532,0.0,0.0,0.0,0.00209,53.89,0.5389,53.14,0.5314
2018-10-22 08:15:00,13.5,19.5026,13.407,28.2722,13.407,19.5026,28.2722,0.01,0.009189,0.007747,0.01183,72.03,0.7203,68.338,0.68338
2018-10-22 08:30:00,43.52,39.9544,38.5001,49.183,39.9544,38.5001,49.183,0.02,0.019873,0.018836,0.024826,73.96,0.7396,73.5352,0.735352
2018-10-22 08:45:00,48.35,49.0949,46.2452,55.4725,46.2452,49.0949,55.4725,0.02,0.023472,0.019088,0.024951,78.61,0.7861,74.0088,0.740088
2018-10-22 09:00:00,61.13,58.86,54.6896,62.922,54.6896,58.86,62.922,0.03,0.028754,0.023034,0.030569,87.45,0.8745,86.3906,0.863906
2018-10-22 09:15:00,47.41,47.4307,43.0026,51.6655,43.0026,47.4307,51.6655,0.02,0.020002,0.017808,0.025524,92.92,0.9292,92.4817,0.924817
2018-10-22 09:30:00,48.38,47.9777,46.4477,52.2186,46.4477,47.9777,52.2186,0.02,0.020002,0.018751,0.023867,90.85,0.9085,91.0193,0.910193
2018-10-22 09:45:00,49.1,49.1015,46.5174,52.4151,46.5174,49.1015,52.4151,0.02,0.020002,0.018707,0.023843,90.83,0.9083,90.8265,0.908265
2018-10-22 10:00:00,53.6,54.3286,49.9625,56.7112,49.9625,54.3286,56.7112,0.02,0.023515,0.019504,0.027775,91.49,0.9149,90.6561,0.906561
2018-10-22 10:15:00,49.39,48.2826,45.2931,52.392,45.2931,48.2826,52.392,0.02,0.020002,0.018397,0.028155,90.29,0.9029,90.2738,0.902738
2018-10-22 10:30:00,40.75,40.5638,40.3454,48.4099,40.3454,40.5638,48.4099,0.02,0.019963,0.017261,0.023616,93.1,0.931,93.3599,0.933599
2018-10-22 10:45:00,41.94,41.9534,40.306,45.1649,40.306,41.9534,45.1649,0.02,0.019993,0.017719,0.021315,92.18,0.9218,92.7722,0.927722
2018-10-22 11:00:00,63.97,64.2986,59.7386,65.2224,59.7386,64.2986,65.2224,0.03,0.028851,0.02485,0.033577,83.33,0.8333,83.6429,0.836429
2018-10-22 11:15:00,58.1,57.3262,51.5331,59.7656,51.5331,57.3262,59.7656,0.03,0.028993,0.02112,0.029973,85.21,0.8521,84.4856,0.844856
2018-10-22 11:30:00,94.0,94.4609,87.9836,94.4708,87.9836,94.4708,94.4609,0.04,0.039575,0.03489,0.045302,87.4,0.874,86.3205,0.863205
2018-10-22 11:45:00,88.42,86.1384,79.735,95.9119,79.735,86.1384,95.9119,0.04,0.037675,0.033848,0.045215,85.54,0.8554,86.0873,0.860873
2018-10-22 12:00:00,112.61,111.8284,104.7677,114.6302,104.7677,111.8284,114.6302,0.05,0.05122,0.043685,0.054866,85.76,0.8576,86.1841,0.861841
2018-10-22 12:15:00,5.44,6.8307,5.5262,20.9035,5.5262,6.8307,20.9035,0.0,0.0,0.0,0.007702,100.0,1.0,100.0031,1.000031
2018-10-22 12:30:00,5.26,5.2834,4.8626,10.3498,4.8626,5.2834,10.3498,0.0,2e-06,0.0,0.002017,100.0,1.0,99.9635,0.999635
2018-10-22 12:45:00,4.61,4.587,4.3468,10.0921,4.3468,4.587,10.0921,0.0,2.7e-05,0.0,0.001966,100.0,1.0,99.9655,0.999655
2018-10-22 13:00:00,4.46,4.6839,4.2943,9.9732,4.2943,4.6839,9.9732,0.0,1.5e-05,0.0,0.001989,100.0,1.0,99.9989,0.999989
2018-10-22 13:15:00,25.56,29.3807,29.3074,40.8835,29.3807,29.3074,40.8835,0.01,0.018593,0.01194,0.018857,90.49,0.9049,95.0163,0.950163
2018-10-22 13:30:00,63.11,62.1707,56.9182,69.3428,56.9182,62.1707,69.3428,0.03,0.031892,0.026455,0.03406,83.66,0.8366,85.6236,0.856236
2018-10-22 13:45:00,120.28,118.9506,103.4708,125.5212,103.4708,118.9506,125.5212,0.06,0.055657,0.041443,0.057452,87.57,0.8757,88.082,0.88082
2018-10-22 14:00:00,85.97,87.8623,79.836,93.7768,79.836,87.8623,93.7768,0.04,0.039154,0.03247,0.045251,84.3,0.843,87.4951,0.874951
2018-10-22 14:15:00,99.97,105.5353,96.2446,107.6449,96.2446,105.5353,107.6449,0.05,0.048213,0.042056,0.052344,86.8,0.868,88.7799,0.887799
2018-10-22 14:30:00,105.73,110.8224,104.1974,113.4946,104.1974,110.8224,113.4946,0.05,0.0499,0.04489,0.054273,87.02,0.8702,88.7953,0.887953
2018-10-22 14:45:00,92.56,95.2583,89.3584,99.8486,89.3584,95.2583,99.8486,0.04,0.041903,0.038814,0.048689,87.12,0.8712,88.5456,0.885456
2018-10-22 15:00:00,65.63,65.1824,61.0012,77.4153,61.0012,65.1824,77.4153,0.03,0.029157,0.024986,0.037179,89.94,0.8994,91.1735,0.911735
2018-10-22 15:15:00,40.43,43.3505,39.342,56.5937,39.342,43.3505,56.5937,0.02,0.020402,0.016547,0.02895,93.63,0.9363,94.0943,0.940943
2018-10-22 15:30:00,47.84,50.6986,46.5597,57.8969,46.5597,50.6986,57.8969,0.02,0.020128,0.019946,0.026424,92.84,0.9284,92.8673,0.928673
2018-10-22 15:45:00,46.51,46.1124,44.6784,55.2036,44.6784,46.1124,55.2036,0.02,0.019996,0.01915,0.025994,92.59,0.9259,92.4161,0.924161
2018-10-22 16:00:00,50.65,51.5256,48.2928,54.4079,48.2928,51.5256,54.4079,0.02,0.020006,0.019025,0.025301,90.46,0.9046,90.5037,0.905037
2018-10-22 16:15:00,52.38,52.2506,48.9963,54.3026,48.9963,52.2506,54.3026,0.02,0.020031,0.019394,0.026704,89.58,0.8958,89.3997,0.893997
2018-10-22 16:30:00,51.12,50.6265,48.0531,53.3046,48.0531,50.6265,53.3046,0.02,0.020051,0.01938,0.027547,89.19,0.8919,89.3316,0.893316
2018-10-22 16:45:00,52.52,52.3685,50.127,54.9122,50.127,52.3685,54.9122,0.02,0.020061,0.019983,0.027692,89.35,0.8935,89.1064,0.891064
2018-10-22 17:00:00,42.01,44.0173,40.8266,49.1808,40.8266,44.0173,49.1808,0.02,0.019934,0.018276,0.024448,91.52,0.9152,92.2555,0.922555
2018-10-22 17:15:00,55.66,55.3167,50.4848,57.2748,50.4848,55.3167,57.2748,0.03,0.021821,0.021594,0.028464,86.98,0.8698,87.0344,0.870344
2018-10-22 17:30:00,52.13,51.1606,47.6124,54.3917,47.6124,51.1606,54.3917,0.02,0.02148,0.019042,0.028999,90.59,0.9059,89.8491,0.898491
2018-10-22 17:45:00,32.04,32.0032,30.2365,37.2876,30.2365,32.0032,37.2876,0.01,0.019026,0.009183,0.019862,99.84,0.9984,99.4004,0.994004
2018-10-22 18:00:00,30.67,31.073,29.426,35.9305,29.426,31.073,35.9305,0.01,0.017304,0.008805,0.01901,97.53,0.9753,97.263,0.97263
2018-10-22 18:15:00,40.1,40.3534,37.4642,44.6519,37.4642,40.3534,44.6519,0.02,0.019931,0.016578,0.022346,87.34,0.8734,89.6193,0.896193
2018-10-22 18:30:00,93.02,93.6126,85.1038,94.4282,85.1038,93.6126,94.4282,0.04,0.043039,0.035419,0.043213,85.64,0.8564,84.7394,0.847394
2018-10-22 18:45:00,82.26,80.8887,72.2074,90.0088,72.2074,80.8887,90.0088,0.04,0.037962,0.031594,0.043868,88.85,0.8885,89.0628,0.890628
2018-10-22 19:00:00,105.08,106.4785,99.9666,109.2437,99.9666,106.4785,109.2437,0.05,0.049704,0.04319,0.051441,89.46,0.8946,89.6845,0.896845
2018-10-22 19:15:00,76.18,74.8617,68.386,87.3878,68.386,74.8617,87.3878,0.03,0.033749,0.029555,0.041302,90.85,0.9085,91.3074,0.913074
2018-10-22 19:30:00,95.22,100.048,95.3179,102.8789,95.3179,100.048,102.8789,0.04,0.042769,0.03936,0.049177,86.97,0.8697,88.913,0.88913
2018-10-22 19:45:00,46.15,52.9313,47.4606,63.5983,47.4606,52.9313,63.5983,0.02,0.025171,0.020243,0.031586,89.05,0.8905,92.418,0.92418
2018-10-22 20:00:00,62.17,65.1604,59.1539,71.4654,59.1539,65.1604,71.4654,0.03,0.030781,0.025319,0.034103,88.36,0.8836,88.7843,0.887843
2018-10-22 20:15:00,65.59,63.6914,57.7795,71.2273,57.7795,63.6914,71.2273,0.03,0.026867,0.024999,0.033736,92.26,0.9226,90.7878,0.907878
2018-10-22 20:30:00,69.84,68.7536,63.5223,80.3685,63.5223,68.7536,80.3685,0.03,0.029395,0.026447,0.037046,89.0,0.89,88.1893,0.881893
2018-10-22 20:45:00,61.6,59.3322,51.6615,61.4974,51.6615,59.3322,61.4974,0.03,0.028585,0.021497,0.032068,93.46,0.9346,91.1305,0.911305
2018-10-22 21:00:00,17.06,21.6452,13.5295,29.9368,13.5295,21.6452,29.9368,0.01,0.009239,0.001687,0.012803,99.13,0.9913,98.613,0.98613
2018-10-22 21:15:00,5.51,5.9021,4.0207,10.5877,4.0207,5.9021,10.5877,0.0,0.0,0.0,0.00227,100.0,1.0,100.0109,1.000109
2018-10-22 21:30:00,4.07,4.1013,3.784,9.2073,3.784,4.1013,9.2073,0.0,0.0,0.0,0.002005,100.0,1.0,99.9979,0.999979
2018-10-22 21:45:00,4.1,4.0499,3.8283,8.3946,3.8283,4.0499,8.3946,0.0,0.0,0.0,0.001973,100.0,1.0,99.9979,0.999979
2018-10-22 22:00:00,4.0,4.1296,3.7914,8.4261,3.7914,4.1296,8.4261,0.0,0.000109,0.0,0.001928,100.0,1.0,99.8004,0.998004
2018-10-22 22:15:00,3.85,3.9008,3.6817,8.3694,3.6817,3.9008,8.3694,0.0,0.002012,0.0,0.005621,50.67,0.5067,62.1938,0.621938
2018-10-22 22:30:00,3.82,3.711,3.5997,8.169,3.5997,3.711,8.169,0.0,0.0,0.0,0.001945,48.01,0.4801,47.0277,0.470278
2018-10-22 22:45:00,3.74,3.6354,3.5395,7.9109,3.5395,3.6354,7.9109,0.0,0.0,0.0,0.001942,49.59,0.4959,46.5908,0.465908
2018-10-22 23:00:00,3.71,3.652,3.5002,7.909,3.5002,3.652,7.909,0.0,2e-05,0.0,0.001937,51.17,0.5117,47.6648,0.476648
2018-10-22 23:15:00,4.61,4.4964,4.0448,8.8569,4.0448,4.4964,8.8569,0.0,0.0,0.0,0.002168,50.98,0.5098,50.4434,0.504434
2018-10-22 23:30:00,4.32,4.2096,3.7891,8.7776,3.7891,4.2096,8.7776,0.0,0.00201,0.0,0.002307,51.66,0.5166,49.7445,0.497445
2018-10-22 23:45:00,3.6,3.7956,3.2557,8.3254,3.2557,3.7956,8.3254,0.0,0.001978,0.0,0.002023,47.55,0.4755,50.3301,0.503301
2018-10-23 00:00:00,4.82,4.8851,4.2953,8.4711,4.2953,4.8851,8.4711,0.0,0.0,0.0,0.002092,54.12,0.5412,59.475,0.59475
2018-10-23 00:15:00,3.64,3.7731,3.3761,8.7544,3.3761,3.7731,8.7544,0.0,0.001973,0.0,0.002513,51.55,0.5155,59.9529,0.599529
2018-10-23 00:30:00,3.6,3.6208,3.3931,7.9265,3.3931,3.6208,7.9265,0.0,0.0,0.0,0.001973,49.2,0.492,52.9601,0.529601
2018-10-23 00:45:00,3.71,3.6997,3.4766,7.9934,3.4766,3.6997,7.9934,0.0,0.0,0.0,0.00198,46.93,0.4693,52.346,0.52346
2018-10-23 01:00:00,3.71,3.6336,3.4653,7.8942,3.4653,3.6336,7.8942,0.0,0.0,0.0,0.001973,50.09,0.5009,50.0747,0.500747
2018-10-23 01:15:00,3.71,3.6336,3.4653,7.8841,3.4653,3.6336,7.8841,0.0,0.0,0.0,0.001937,51.59,0.5159,49.2006,0.492006
2018-10-23 01:30:00,3.67,3.6062,3.4399,7.8851,3.4399,3.6062,7.8851,0.0,0.0,0.0,0.001937,49.92,0.4992,48.3855,0.483855
2018-10-23 01:45:00,3.67,3.6167,3.4869,8.0064,3.4869,3.6167,8.0064,0.0,0.0,0.0,0.001945,46.54,0.4654,47.7986,0.477986
2018-10-23 02:00:00,3.64,3.592,3.4615,7.8778,3.4615,3.592,7.8778,0.0,0.0,0.0,0.001942,48.35,0.4835,47.9203,0.479203
2018-10-23 02:15:00,3.71,3.669,3.4663,7.8612,3.4663,3.669,7.8612,0.0,0.0,0.0,0.001937,51.59,0.5159,50.1315,0.501315
2018-10-23 02:30:00,3.82,3.7711,3.5235,7.8885,3.5235,3.7711,7.8885,0.0,0.0,0.0,0.001937,51.61,0.5161,50.0353,0.500352
2018-10-23 02:45:00,4.86,7.2404,4.1804,10.4883,4.1804,7.2404,10.4883,0.0,0.000558,0.0,0.002163,50.8,0.508,56.3705,0.563705
2018-10-23 03:00:00,4.1,3.9606,3.4886,8.8836,3.4886,3.9606,8.8836,0.0,0.00201,0.0,0.002558,49.12,0.4912,55.9896,0.559896
2018-10-23 03:15:00,3.38,3.4832,3.2389,8.2763,3.2389,3.4832,8.2763,0.0,0.001236,0.0,0.001973,49.02,0.4902,54.9593,0.549593
2018-10-23 03:30:00,3.06,3.2606,2.9845,7.7533,2.9845,3.2606,7.7533,0.0,0.0,0.0,0.001973,46.04,0.4604,49.3724,0.493724
2018-10-23 03:45:00,3.1,3.1186,2.9309,7.5707,2.9309,3.1186,7.5707,0.0,0.0,0.0,0.001984,45.42,0.4542,47.4825,0.474825
2018-10-23 04:00:00,3.2,3.168,2.994,7.5475,2.994,3.168,7.5475,0.0,4e-06,0.0,0.001973,47.0,0.47,46.5006,0.465006
2018-10-23 04:15:00,3.1,3.0948,2.9601,7.5687,2.9601,3.0948,7.5687,0.0,0.0,0.0,0.001937,46.27,0.4627,45.6003,0.456003
2018-10-23 04:30:00,3.02,3.0268,2.9018,7.5441,2.9018,3.0268,7.5441,0.0,0.0,0.0,0.001937,46.0,0.46,45.0879,0.450879
2018-10-23 04:45:00,3.1,3.0835,2.9377,7.5233,2.9377,3.0835,7.5233,0.0,0.0,0.0,0.001937,46.51,0.4651,45.1125,0.451125
2018-10-23 05:00:00,3.1,3.0395,2.8977,7.5331,2.8977,3.0395,7.5331,0.0,0.0,0.0,0.001937,46.02,0.4602,44.642,0.44642
2018-10-23 05:15:00,3.1,3.0395,2.8977,7.5331,2.8977,3.0395,7.5331,0.0,0.0,0.0,0.001937,47.84,0.4784,46.3247,0.463247
2018-10-23 05:30:00,3.38,3.3269,3.1798,7.6255,3.1798,3.3269,7.6255,0.0,0.0,0.0,0.001937,50.16,0.5016,48.7274,0.487274
2018-10-23 05:45:00,3.64,3.663,3.3493,7.6945,3.3493,3.663,7.6945,0.0,0.0,0.0,0.001937,52.51,0.5251,50.0246,0.500246
2018-10-23 06:00:00,4.68,4.5515,4.0301,8.6073,4.0301,4.5515,8.6073,0.0,0.0,0.0,0.002168,50.68,0.5068,54.897,0.54897
2018-10-23 06:15:00,4.32,3.9759,3.6349,8.8473,3.6349,3.9759,8.8473,0.0,0.002203,0.0,0.002334,48.93,0.4893,52.8021,0.528021
2018-10-23 06:30:00,2.99,3.1921,2.9285,8.233,2.9285,3.1921,8.233,0.0,0.001973,0.0,0.00212,46.77,0.4677,55.8739,0.558739
2018-10-23 06:45:00,3.06,3.0659,2.8848,7.533,2.8848,3.0659,7.533,0.0,0.0,0.0,0.001973,47.62,0.4762,48.1466,0.481466
2018-10-23 07:00:00,2.95,2.961,2.8449,7.5523,2.8449,2.961,7.5523,0.0,0.0,0.0,0.001984,46.74,0.4674,47.1545,0.471545
2018-10-23 07:15:00,3.02,3.0188,2.8705,7.4998,2.8705,3.0188,7.4998,0.0,0.0,0.0,0.001973,46.69,0.4669,46.7297,0.467297
2018-10-23 07:30:00,3.17,3.1592,3.0565,7.5421,3.0565,3.1592,7.5421,0.0,0.0,0.0,0.001937,49.13,0.4913,48.1664,0.481664
2018-10-23 07:45:00,4.0,3.9617,3.646,8.0246,3.646,3.9617,8.0246,0.0,0.0,0.0,0.001945,49.72,0.4972,54.2274,0.542274
2018-10-23 08:00:00,4.68,4.6279,3.8474,8.1035,3.8474,4.6279,8.1035,0.0,0.0,0.0,0.002124,56.47,0.5647,57.4301,0.574301
2018-10-23 08:15:00,37.33,36.6249,27.6969,40.3086,27.6969,36.6249,40.3086,0.02,0.019772,0.012926,0.020247,78.95,0.7895,72.2726,0.722726
2018-10-23 08:30:00,81.86,81.9971,77.0447,88.0984,77.0447,81.9971,88.0984,0.04,0.03563,0.029878,0.043223,78.07,0.7807,78.353,0.783531
2018-10-23 08:45:00,86.98,89.2301,82.2856,94.7369,82.2856,89.2301,94.7369,0.04,0.040172,0.03513,0.044443,79.43,0.7943,79.1589,0.791589
2018-10-23 09:00:00,68.76,67.6025,62.3031,79.4537,62.3031,67.6025,79.4537,0.03,0.030551,0.026008,0.040746,85.25,0.8525,86.5444,0.865444
2018-10-23 09:15:00,66.85,64.7426,60.4585,78.0202,60.4585,64.7426,78.0202,0.03,0.029835,0.025431,0.036613,85.45,0.8545,86.7643,0.867643
2018-10-23 09:30:00,66.67,64.9268,60.7919,74.8286,60.7919,64.9268,74.8286,0.03,0.029183,0.025911,0.035636,87.09,0.8709,86.714,0.86714
2018-10-23 09:45:00,56.48,58.532,51.8451,65.1607,51.8451,58.532,65.1607,0.03,0.025932,0.021542,0.032203,86.5,0.865,87.2287,0.872287
2018-10-23 10:00:00,46.62,47.6372,45.0889,51.9998,45.0889,47.6372,51.9998,0.02,0.020219,0.018746,0.025851,89.13,0.8913,90.326,0.90326
2018-10-23 10:15:00,52.24,52.6198,49.6894,56.1603,49.6894,52.6198,56.1603,0.02,0.020729,0.019663,0.026689,89.7,0.897,89.5926,0.895926
2018-10-23 10:30:00,47.02,47.6421,45.0868,51.8883,45.0868,47.6421,51.8883,0.02,0.019983,0.018034,0.02675,88.03,0.8803,89.3374,0.893374
2018-10-23 10:45:00,44.32,45.4985,43.6246,50.4569,43.6246,45.4985,50.4569,0.02,0.019997,0.017832,0.023552,89.17,0.8917,90.9196,0.909196
2018-10-23 11:00:00,48.17,48.0584,45.527,51.4794,45.527,48.0584,51.4794,0.02,0.020003,0.017868,0.023799,88.52,0.8852,89.1301,0.891301
2018-10-23 11:15:00,54.0,53.5184,50.7024,57.6595,50.7024,53.5184,57.6595,0.02,0.026005,0.019397,0.027085,85.22,0.8522,86.151,0.86151
2018-10-23 11:30:00,62.32,61.7771,56.9999,63.868,56.9999,61.7771,63.868,0.03,0.029013,0.024772,0.032067,84.4,0.844,83.9452,0.839452
2018-10-23 11:45:00,69.05,65.9662,60.8372,68.4609,60.8372,65.9662,68.4609,0.03,0.029821,0.025848,0.031721,87.98,0.8798,86.033,0.86033
2018-10-23 12:00:00,91.3,87.0925,82.5566,92.9934,82.5566,87.0925,92.9934,0.04,0.039282,0.035379,0.041632,85.08,0.8508,83.4591,0.834591
2018-10-23 12:15:00,12.85,15.3872,8.1131,23.8795,8.1131,15.3872,23.8795,0.01,0.0067,0.000455,0.011538,96.29,0.9629,97.2467,0.972467
2018-10-23 12:30:00,4.82,5.3509,4.2381,10.891,4.2381,5.3509,10.891,0.0,2.3e-05,0.0,0.002343,100.0,1.0,99.9635,0.999635
2018-10-23 12:45:00,4.64,4.8435,4.4135,9.3539,4.4135,4.8435,9.3539,0.0,0.0,0.0,0.002209,100.0,1.0,99.9655,0.999655
2018-10-23 13:00:00,4.25,4.3455,4.1429,9.2141,4.1429,4.3455,9.2141,0.0,0.001387,0.0,0.002216,100.0,1.0,99.9974,0.999974
2018-10-23 13:15:00,48.35,47.3818,45.5766,49.2137,45.5766,47.3818,49.2137,0.02,0.020067,0.019508,0.023894,87.83,0.8783,90.2479,0.902479
2018-10-23 13:30:00,89.89,91.7943,86.1179,98.0941,86.1179,91.7943,98.0941,0.04,0.040307,0.035392,0.045872,84.37,0.8437,86.7898,0.867898
2018-10-23 13:45:00,96.41,98.9581,93.2504,102.4034,93.2504,98.9581,102.4034,0.04,0.045154,0.0409,0.046696,83.73,0.8373,86.6455,0.866455
2018-10-23 14:00:00,55.76,63.8988,55.0995,70.6189,55.0995,63.8988,70.6189,0.03,0.027634,0.023857,0.033096,86.29,0.8629,90.7487,0.907487
2018-10-23 14:15:00,64.37,63.8216,60.4163,75.9196,60.4163,63.8216,75.9196,0.03,0.02965,0.027339,0.03654,87.38,0.8738,88.0045,0.880045
2018-10-23 14:30:00,118.48,115.0662,105.4168,119.3164,105.4168,115.0662,119.3164,0.05,0.054796,0.043613,0.054951,87.02,0.8702,86.8636,0.868636
2018-10-23 14:45:00,110.23,109.1384,97.0581,109.8661,97.0581,109.1384,109.8661,0.05,0.049555,0.041974,0.053339,88.98,0.8898,88.8689,0.888689
2018-10-23 15:00:00,55.44,64.1592,56.935,75.9314,56.935,64.1592,75.9314,0.03,0.029828,0.023954,0.037346,83.52,0.8352,90.7736,0.907737
2018-10-23 15:15:00,78.48,82.1238,78.8367,87.7982,78.8367,82.1238,87.7982,0.04,0.038805,0.035305,0.045325,83.9,0.839,86.0905,0.860905
2018-10-23 15:30:00,84.1,92.4898,83.4689,99.9792,83.4689,92.4898,99.9792,0.04,0.041244,0.037719,0.048508,82.8,0.828,87.2226,0.872226
2018-10-23 15:45:00,53.5,56.4391,52.8477,72.1587,52.8477,56.4391,72.1587,0.02,0.024847,0.022093,0.035356,83.53,0.8353,89.6548,0.896548
2018-10-23 16:00:00,74.52,79.2056,74.5749,84.025,74.5749,79.2056,84.025,0.03,0.034648,0.031564,0.041898,81.98,0.8198,84.5163,0.845163
2018-10-23 16:15:00,58.64,59.6151,56.4485,71.2816,56.4485,59.6151,71.2816,0.03,0.024573,0.022937,0.035394,82.76,0.8276,85.0173,0.850173
2018-10-23 16:30:00,46.8,49.2495,46.4422,57.5764,46.4422,49.2495,57.5764,0.02,0.020147,0.019347,0.027961,87.08,0.8708,89.941,0.89941
2018-10-23 16:45:00,44.57,45.5112,44.0151,52.0226,44.0151,45.5112,52.0226,0.02,0.019995,0.018852,0.024048,88.6,0.886,90.4646,0.904646
2018-10-23 17:00:00,66.74,69.1408,62.7833,71.2513,62.7833,69.1408,71.2513,0.03,0.030913,0.026528,0.034505,86.67,0.8667,86.5527,0.865527
2018-10-23 17:15:00,55.37,55.8593,51.6046,58.9644,51.6046,55.8593,58.9644,0.03,0.026155,0.020893,0.030161,84.43,0.8443,84.3699,0.843699
2018-10-23 17:30:00,51.44,51.5245,48.2744,55.1725,48.2744,51.5245,55.1725,0.02,0.020444,0.019499,0.029383,86.73,0.8673,87.7648,0.877648
2018-10-23 17:45:00,31.0,32.2504,29.9436,37.5745,29.9436,32.2504,37.5745,0.01,0.018971,0.010151,0.019862,99.93,0.9993,100.2512,1.002512
2018-10-23 18:00:00,31.1,31.4373,29.5884,36.6529,29.5884,31.4373,36.6529,0.01,0.013857,0.009833,0.015215,97.83,0.9783,97.2393,0.972393
2018-10-23 18:15:00,74.05,75.8086,69.7851,77.0806,69.7851,75.8086,77.0806,0.03,0.032359,0.028517,0.038291,82.52,0.8252,83.4803,0.834803
2018-10-23 18:30:00,125.28,120.0006,107.0596,127.3938,107.0596,120.0006,127.3938,0.06,0.054692,0.044063,0.059135,84.14,0.8414,87.2449,0.872449
2018-10-23 18:45:00,75.64,80.3444,72.3509,87.9681,72.3509,80.3444,87.9681,0.03,0.039753,0.031502,0.043078,87.63,0.8763,89.721,0.89721
2018-10-23 19:00:00,47.02,50.8839,47.2267,67.578,47.2267,50.8839,67.578,0.02,0.023591,0.019879,0.032579,83.26,0.8326,89.2322,0.892322
2018-10-23 19:15:00,63.58,67.1207,64.1636,77.5009,64.1636,67.1207,77.5009,0.03,0.032519,0.028447,0.037911,83.56,0.8356,86.1932,0.861932
2018-10-23 19:30:00,59.26,61.5236,58.2219,75.0579,58.2219,61.5236,75.0579,0.03,0.03059,0.024821,0.037118,81.72,0.8172,84.4269,0.844269
2018-10-23 19:45:00,70.74,70.9123,66.8247,74.3873,66.8247,70.9123,74.3873,0.03,0.031172,0.028817,0.036046,83.62,0.8362,83.7542,0.837542
2018-10-23 20:00:00,51.59,54.7017,50.3714,58.53,50.3714,54.7017,58.53,0.02,0.023514,0.020578,0.029914,83.35,0.8335,85.0049,0.850049
2018-10-23 20:15:00,61.2,61.8419,57.1642,64.7263,57.1642,61.8419,64.7263,0.03,0.029208,0.024992,0.032948,83.59,0.8359,83.9908,0.839908
2018-10-23 20:30:00,55.51,55.1339,52.201,58.9494,52.201,55.1339,58.9494,0.03,0.026906,0.02152,0.029685,83.8,0.838,84.5238,0.845238
2018-10-23 20:45:00,62.75,63.4577,58.5585,65.1778,58.5585,63.4577,65.1778,0.03,0.029522,0.025508,0.031971,84.81,0.8481,84.1763,0.841763
2018-10-23 21:00:00,34.09,37.2969,27.6169,45.9667,27.6169,37.2969,45.9667,0.02,0.019338,0.011081,0.022618,96.89,0.9689,94.911,0.94911
2018-10-23 21:15:00,32.98,34.2293,31.1482,38.234,31.1482,34.2293,38.234,0.02,0.019952,0.010399,0.020753,96.96,0.9696,94.1322,0.941322
2018-10-23 21:30:00,29.99,32.8375,29.3355,36.203,29.3355,32.8375,36.203,0.01,0.01856,0.008806,0.019748,97.77,0.9777,93.9814,0.939814
2018-10-23 21:45:00,29.88,30.9031,27.9148,35.744,27.9148,30.9031,35.744,0.01,0.012208,0.008874,0.014554,97.03,0.9703,93.9627,0.939627
2018-10-23 22:00:00,37.48,36.8508,32.9479,40.7728,32.9479,36.8508,40.7728,0.02,0.019812,0.012168,0.020617,95.81,0.9581,92.9505,0.929505
2018-10-23 22:15:00,62.5,62.6382,55.9627,64.2458,55.9627,62.6382,64.2458,0.03,0.029381,0.021982,0.031936,82.57,0.8257,82.9735,0.829735
2018-10-23 22:30:00,92.99,91.8961,84.3045,96.5885,84.3045,91.8961,96.5885,0.04,0.039117,0.034662,0.042926,87.75,0.8775,82.2469,0.822469
2018-10-23 22:45:00,76.1,76.4831,68.2481,86.7398,68.2481,76.4831,86.7398,0.03,0.032915,0.02824,0.042669,86.5,0.865,80.9434,0.809434
2018-10-23 23:00:00,71.17,76.6694,65.7368,84.6522,65.7368,76.6694,84.6522,0.03,0.032724,0.026596,0.040842,86.15,0.8615,82.0467,0.820467
2018-10-23 23:15:00,32.33,40.4666,38.3205,56.9913,38.3205,40.4666,56.9913,0.01,0.019968,0.01747,0.029303,76.38,0.7638,77.9,0.779
2018-10-23 23:30:00,17.93,24.9181,22.4011,41.7589,24.9181,22.4011,41.7589,0.01,0.019617,0.009271,0.020591,73.54,0.7354,75.3088,0.753088
2018-10-23 23:45:00,6.37,10.1994,4.4141,15.592,4.4141,10.1994,15.592,0.0,0.008377,6e-06,0.017057,62.67,0.6267,74.9459,0.749459
2018-10-24 00:00:00,2.92,5.5175,4.3301,12.169,4.3301,5.5175,12.169,0.0,0.003912,0.0,0.014707,49.61,0.4961,72.5958,0.725958
2018-10-24 00:15:00,4.86,7.664,4.9838,11.8386,4.9838,7.664,11.8386,0.0,0.004445,0.0,0.008801,52.3,0.523,63.5782,0.635782
2018-10-24 00:30:00,4.9,9.7562,3.9773,11.2668,3.9773,9.7562,11.2668,0.0,0.002954,0.0,0.015477,51.76,0.5176,64.9135,0.649135
2018-10-24 00:45:00,3.89,3.9241,3.312,8.9075,3.312,3.9241,8.9075,0.0,0.002025,0.0,0.010977,50.04,0.5004,62.6818,0.626818
2018-10-24 01:00:00,3.82,3.6087,3.2943,7.8545,3.2943,3.6087,7.8545,0.0,0.0,0.0,0.001984,51.85,0.5185,58.5595,0.585595
2018-10-24 01:15:00,3.74,3.7318,3.5623,7.9788,3.5623,3.7318,7.9788,0.0,0.0,0.0,0.001978,49.99,0.4999,58.4418,0.584418
2018-10-24 01:30:00,3.74,3.7731,3.5327,8.0979,3.5327,3.7731,8.0979,0.0,0.0,0.0,0.00198,46.81,0.4681,56.2272,0.562272
2018-10-24 01:45:00,3.78,3.7405,3.5506,8.0428,3.5506,3.7405,8.0428,0.0,0.0,0.0,0.001945,47.78,0.4778,54.6654,0.546654
2018-10-24 02:00:00,3.74,3.6647,3.5074,7.9124,3.5074,3.6647,7.9124,0.0,0.0,0.0,0.001937,51.29,0.5129,53.3093,0.533093
2018-10-24 02:15:00,3.78,3.7405,3.5506,7.9132,3.5506,3.7405,7.9132,0.0,0.0,0.0,0.001937,52.55,0.5255,52.6035,0.526035
2018-10-24 02:30:00,3.78,3.6921,3.5359,7.9143,3.5359,3.6921,7.9143,0.0,0.0,0.0,0.001942,50.16,0.5016,51.1124,0.511124
2018-10-24 02:45:00,3.78,3.6921,3.5393,8.0901,3.5393,3.6921,8.0901,0.0,0.0,0.0,0.001975,46.69,0.4669,49.6241,0.496241
2018-10-24 03:00:00,3.78,3.6921,3.5359,7.9143,3.5359,3.6921,7.9143,0.0,0.0,0.0,0.001937,50.62,0.5062,50.0884,0.500884
2018-10-24 03:15:00,3.74,3.6647,3.5074,7.9132,3.5074,3.6647,7.9132,0.0,0.0,0.0,0.001937,51.9,0.519,50.2457,0.502457
2018-10-24 03:30:00,3.78,3.7405,3.5506,7.9143,3.5506,3.7405,7.9143,0.0,0.0,0.0,0.001942,49.98,0.4998,49.5726,0.495726
2018-10-24 03:45:00,3.82,3.7405,3.5506,8.0428,3.5506,3.7405,8.0428,0.0,0.0,0.0,0.001945,47.8,0.478,50.4413,0.504413
2018-10-24 04:00:00,4.68,7.4942,4.0886,10.5539,4.0886,7.4942,10.5539,0.0,0.000558,0.0,0.002292,49.39,0.4939,56.5992,0.565992
2018-10-24 04:15:00,4.72,7.4969,4.1338,10.7737,4.1338,7.4969,10.7737,0.0,0.002332,0.0,0.003151,50.16,0.5016,56.3498,0.563498
2018-10-24 04:30:00,3.2,3.5135,3.2545,8.754,3.2545,3.5135,8.754,0.0,0.001973,0.0,0.002532,47.18,0.4718,57.585,0.57585
2018-10-24 04:45:00,3.24,3.3471,3.0656,7.7074,3.0656,3.3471,7.7074,0.0,0.0,0.0,0.001973,47.64,0.4764,51.2219,0.512219
2018-10-24 05:00:00,3.24,3.256,3.0737,7.6958,3.0737,3.256,7.6958,0.0,0.0,0.0,0.001984,47.03,0.4703,47.5082,0.475082
2018-10-24 05:15:00,3.17,3.1957,3.03,7.661,3.03,3.1957,7.661,0.0,0.0,0.0,0.001973,47.52,0.4752,47.7223,0.477223
2018-10-24 05:30:00,3.13,3.1331,2.9936,7.599,2.9936,3.1331,7.599,0.0,0.0,0.0,0.001937,48.2,0.482,47.3537,0.473537
2018-10-24 05:45:00,3.13,3.1234,2.9719,7.5744,2.9719,3.1234,7.5744,0.0,0.0,0.0,0.001937,49.67,0.4967,47.6495,0.476495
2018-10-24 06:00:00,3.13,3.1234,2.9719,7.5744,2.9719,3.1234,7.5744,0.0,0.0,0.0,0.001937,47.75,0.4775,46.7296,0.467296
2018-10-24 06:15:00,3.2,3.2048,3.0176,7.5744,3.0176,3.2048,7.5744,0.0,0.0,0.0,0.001937,46.57,0.4657,46.3117,0.463117
2018-10-24 06:30:00,3.1,3.1246,2.9895,7.599,2.9895,3.1246,7.599,0.0,0.0,0.0,0.001937,46.95,0.4695,45.9728,0.459728
2018-10-24 06:45:00,3.42,3.4405,3.2401,7.6629,3.2401,3.4405,7.6629,0.0,0.0,0.0,0.001937,47.94,0.4794,48.1729,0.481729
2018-10-24 07:00:00,3.74,3.7194,3.4126,7.857,3.4126,3.7194,7.857,0.0,0.0,0.0,0.001945,47.6,0.476,50.1642,0.501642
2018-10-24 07:15:00,3.64,3.5545,3.2976,7.9592,3.2976,3.5545,7.9592,0.0,0.0,0.0,0.001975,44.43,0.4443,46.5128,0.465128
2018-10-24 07:30:00,3.78,3.7761,3.3827,7.7486,3.3827,3.7761,7.7486,0.0,0.0,0.0,0.001937,51.21,0.5121,49.7541,0.497541
2018-10-24 07:45:00,5.4,5.2066,4.5427,8.6352,4.5427,5.2066,8.6352,0.0,0.0,0.0,0.001972,58.84,0.5884,59.2446,0.592446
2018-10-24 08:00:00,4.18,3.995,3.9732,8.893,3.9732,3.995,8.893,0.0,0.002265,0.0,0.002901,53.16,0.5316,66.6901,0.666901
2018-10-24 08:15:00,34.16,35.5267,29.2733,39.4511,29.2733,35.5267,39.4511,0.02,0.019954,0.014489,0.020575,73.13,0.7313,75.2614,0.752614
2018-10-24 08:30:00,58.75,58.7834,53.7098,64.4391,53.7098,58.7834,64.4391,0.03,0.028812,0.022305,0.033252,72.48,0.7248,73.8728,0.738728
2018-10-24 08:45:00,68.98,68.5983,64.2468,74.3003,64.2468,68.5983,74.3003,0.03,0.031478,0.028144,0.03531,76.24,0.7624,75.6382,0.756382
2018-10-24 09:00:00,44.21,46.2685,42.5723,52.9831,42.5723,46.2685,52.9831,0.02,0.020141,0.01716,0.026528,91.92,0.9192,92.37,0.9237
2018-10-24 09:15:00,43.85,43.8041,41.4366,48.0759,41.4366,43.8041,48.0759,0.02,0.019996,0.017796,0.023097,91.59,0.9159,92.1262,0.921262
2018-10-24 09:30:00,66.53,67.7,60.5878,68.7682,60.5878,67.7,68.7682,0.03,0.030214,0.026423,0.034148,86.81,0.8681,86.2009,0.862009
2018-10-24 09:45:00,52.67,50.7723,47.0926,55.9106,47.0926,50.7723,55.9106,0.02,0.020998,0.018672,0.02861,89.41,0.8941,89.3521,0.893521
2018-10-24 10:00:00,49.57,48.6417,46.1084,53.1664,46.1084,48.6417,53.1664,0.02,0.020011,0.018503,0.028263,90.43,0.9043,90.2231,0.902231
2018-10-24 10:15:00,80.78,78.7206,72.2899,82.8747,72.2899,78.7206,82.8747,0.04,0.035049,0.031699,0.038967,90.6,0.906,88.0822,0.880822
2018-10-24 10:30:00,129.85,124.616,109.1752,131.3047,109.1752,124.616,131.3047,0.06,0.055792,0.045638,0.05782,89.89,0.8989,88.1363,0.881363
2018-10-24 10:45:00,90.43,87.9343,77.3837,95.0984,77.3837,87.9343,95.0984,0.04,0.042309,0.032371,0.045463,90.88,0.9088,89.8881,0.898881
2018-10-24 11:00:00,111.89,112.3154,104.8022,114.3073,104.8022,112.3154,114.3073,0.05,0.051675,0.045385,0.057526,91.49,0.9149,90.212,0.90212
2018-10-24 11:15:00,91.55,89.2302,83.8244,97.3358,83.8244,89.2302,97.3358,0.04,0.040925,0.037471,0.045111,89.35,0.8935,89.1283,0.891283
2018-10-24 11:30:00,59.36,61.904,61.0417,78.5928,61.0417,61.904,78.5928,0.03,0.027382,0.02704,0.037625,82.95,0.8295,88.0061,0.880061
2018-10-24 11:45:00,61.63,60.8314,60.6981,75.0496,60.6981,60.8314,75.0496,0.03,0.030225,0.025793,0.035499,85.75,0.8575,86.7585,0.867586
2018-10-24 12:00:00,44.42,42.0454,38.6182,57.5604,38.6182,42.0454,57.5604,0.02,0.020155,0.017644,0.026827,88.47,0.8847,91.0256,0.910256
2018-10-24 12:15:00,5.29,4.1815,2.724,13.0067,4.1815,2.724,13.0067,0.0,0.000144,0.0,0.003777,100.0,1.0,99.8292,0.998292
2018-10-24 12:30:00,5.15,4.9824,4.8557,9.4051,4.8557,4.9824,9.4051,0.0,0.0,0.0,0.002031,100.0,1.0,99.9669,0.999669
2018-10-24 12:45:00,5.44,5.4834,4.9831,9.2347,4.9831,5.4834,9.2347,0.0,1.1e-05,0.0,0.001997,100.0,1.0,99.9659,0.999659
2018-10-24 13:00:00,4.75,4.5634,4.2857,9.0652,4.2857,4.5634,9.0652,0.0,0.0,0.0,0.001964,100.0,1.0,99.9964,0.999964
2018-10-24 13:15:00,31.21,31.7673,30.622,40.701,30.622,31.7673,40.701,0.01,0.01836,0.010532,0.019113,90.24,0.9024,92.8316,0.928316
2018-10-24 13:30:00,54.07,54.2738,49.037,56.749,49.037,54.2738,56.749,0.02,0.026219,0.020323,0.030003,85.4,0.854,86.8149,0.868149
2018-10-24 13:45:00,60.3,59.4144,56.1385,63.4465,56.1385,59.4144,63.4465,0.03,0.029545,0.024643,0.031285,85.66,0.8566,85.856,0.85856
2018-10-24 14:00:00,69.52,68.4762,64.8138,73.3827,64.8138,68.4762,73.3827,0.03,0.031239,0.028426,0.034955,84.42,0.8442,83.9472,0.839472
2018-10-24 14:15:00,52.99,54.0696,50.4148,58.6904,50.4148,54.0696,58.6904,0.02,0.02377,0.019782,0.028978,85.49,0.8549,86.2942,0.862942
2018-10-24 14:30:00,54.07,54.2943,51.0316,57.3941,51.0316,54.2943,57.3941,0.02,0.020449,0.020356,0.029556,86.11,0.8611,86.7966,0.867966
2018-10-24 14:45:00,59.83,60.2516,56.3444,62.7298,56.3444,60.2516,62.7298,0.03,0.029555,0.024627,0.031027,86.41,0.8641,86.1507,0.861507
2018-10-24 15:00:00,51.19,49.4228,45.9759,53.1942,45.9759,49.4228,53.1942,0.02,0.02022,0.018975,0.027258,91.95,0.9195,91.1127,0.911127
2018-10-24 15:15:00,57.96,58.202,52.6572,59.5677,52.6572,58.202,59.5677,0.03,0.025141,0.022813,0.030263,89.64,0.8964,88.3591,0.883591
2018-10-24 15:30:00,55.33,54.7127,50.4141,56.4562,50.4141,54.7127,56.4562,0.03,0.022359,0.020227,0.029604,89.73,0.8973,88.9986,0.889986
2018-10-24 15:45:00,59.69,59.305,53.7342,60.893,53.7342,59.305,60.893,0.03,0.025518,0.024156,0.030414,88.57,0.8857,87.7009,0.877009
2018-10-24 16:00:00,46.87,47.2206,44.1052,50.9682,44.1052,47.2206,50.9682,0.02,0.020062,0.018699,0.024989,90.55,0.9055,90.8855,0.908855
2018-10-24 16:15:00,56.99,57.1983,52.3222,58.7022,52.3222,57.1983,58.7022,0.03,0.022556,0.021708,0.030228,89.73,0.8973,88.842,0.88842
2018-10-24 16:30:00,55.48,55.2643,50.8527,56.8001,50.8527,55.2643,56.8001,0.03,0.021623,0.020425,0.029449,90.1,0.901,89.2138,0.892138
2018-10-24 16:45:00,52.13,52.0961,47.2961,54.4933,47.2961,52.0961,54.4933,0.02,0.021502,0.019021,0.029079,91.09,0.9109,90.4365,0.904365
2018-10-24 17:00:00,56.23,57.6376,53.9065,59.6746,53.9065,57.6376,59.6746,0.03,0.027173,0.022584,0.030335,84.83,0.8483,85.5238,0.855238
2018-10-24 17:15:00,57.78,57.7034,54.3666,59.9984,54.3666,57.7034,59.9984,0.03,0.028914,0.022633,0.030273,87.38,0.8738,87.164,0.87164
2018-10-24 17:30:00,62.28,61.441,57.5655,64.2776,57.5655,61.441,64.2776,0.03,0.029984,0.025291,0.030834,87.31,0.8731,86.6835,0.866835
2018-10-24 17:45:00,52.92,52.1029,49.1891,55.2162,49.1891,52.1029,55.2162,0.02,0.02426,0.019914,0.027789,87.05,0.8705,87.4658,0.874658
2018-10-24 18:00:00,33.52,38.5227,34.9302,46.3102,34.9302,38.5227,46.3102,0.02,0.019893,0.015446,0.022346,94.63,0.9463,97.0023,0.970023
2018-10-24 18:15:00,15.91,21.3242,20.9493,27.744,20.9493,21.3242,27.744,0.01,0.014952,0.008197,0.016612,95.33,0.9533,97.6746,0.976746
2018-10-24 18:30:00,3.89,5.2591,3.8888,11.4814,3.8888,5.2591,11.4814,0.0,0.001592,0.0,0.002564,100.0,1.0,99.9889,0.999889
2018-10-24 18:45:00,3.92,4.0005,3.6863,8.6152,3.6863,4.0005,8.6152,0.0,0.0,0.0,0.002075,100.0,1.0,99.9734,0.999734
2018-10-24 19:00:00,3.89,3.9404,3.6563,8.1684,3.6563,3.9404,8.1684,0.0,0.0,0.0,0.001974,100.0,1.0,99.9969,0.999969
2018-10-24 19:15:00,3.92,3.9659,3.6779,8.1756,3.6779,3.9659,8.1756,0.0,0.0,0.0,0.001957,100.0,1.0,99.9969,0.999969
2018-10-24 19:30:00,3.82,3.7466,3.6175,7.9652,3.6175,3.7466,7.9652,0.0,0.000115,0.0,0.001964,100.0,1.0,99.9969,0.999969
2018-10-24 19:45:00,3.85,3.7509,3.6156,7.9107,3.6156,3.7509,7.9107,0.0,0.000114,0.0,0.001964,100.0,1.0,99.9969,0.999969
2018-10-24 20:00:00,3.78,3.6677,3.589,7.9409,3.589,3.6677,7.9409,0.0,2.8e-05,0.0,0.001964,100.0,1.0,99.9969,0.999969
2018-10-24 20:15:00,4.72,4.6741,4.1139,8.2532,4.1139,4.6741,8.2532,0.0,2.7e-05,0.0,0.001964,100.0,1.0,99.9903,0.999903
2018-10-24 20:30:00,4.64,4.3929,4.0365,8.615,4.0365,4.3929,8.615,0.0,0.0,0.0,0.001963,100.0,1.0,99.9969,0.999969
2018-10-24 20:45:00,3.85,3.8321,3.4863,8.5605,3.4863,3.8321,8.5605,0.0,0.0,0.0,0.001963,100.0,1.0,99.9969,0.999969
2018-10-24 21:00:00,3.89,3.8521,3.5939,8.0054,3.5939,3.8521,8.0054,0.0,0.000179,0.0,0.001963,100.0,1.0,99.9969,0.999969
2018-10-24 21:15:00,3.82,3.786,3.6149,8.0096,3.6149,3.786,8.0096,0.0,0.000184,0.0,0.001963,100.0,1.0,99.9969,0.999969
2018-10-24 21:30:00,3.82,3.7998,3.6007,7.9658,3.6007,3.7998,7.9658,0.0,0.000181,0.0,0.001964,100.0,1.0,99.9969,0.999969
2018-10-24 21:45:00,3.92,3.8192,3.6551,7.9141,3.6551,3.8192,7.9141,0.0,2.6e-05,0.0,0.001964,100.0,1.0,99.9969,0.999969
2018-10-24 22:00:00,3.85,3.7369,3.6146,7.961,3.6146,3.7369,7.961,0.0,2.6e-05,0.0,0.001964,100.0,1.0,99.9688,0.999688
2018-10-24 22:15:00,3.64,3.7081,3.517,8.1898,3.517,3.7081,8.1898,0.0,3.9e-05,0.0,0.002024,44.57,0.4457,55.376,0.55376
2018-10-24 22:30:00,3.56,3.6153,3.3828,8.2568,3.3828,3.6153,8.2568,0.0,7e-06,0.0,0.002027,44.32,0.4432,48.0401,0.480401
2018-10-24 22:45:00,3.64,3.7354,3.4428,8.0631,3.4428,3.7354,8.0631,0.0,7e-06,0.0,0.002024,44.92,0.4492,48.1333,0.481333
2018-10-24 23:00:00,3.6,3.668,3.4004,8.111,3.4004,3.668,8.111,0.0,7e-06,0.0,0.002024,44.38,0.4438,48.0294,0.480294
2018-10-24 23:15:00,2.95,3.2862,2.9826,7.8741,2.9826,3.2862,7.8741,0.0,6e-06,0.0,0.001987,51.04,0.5104,53.1049,0.531049
2018-10-24 23:30:00,2.92,3.0839,2.7991,7.5266,2.7991,3.0839,7.5266,0.0,7e-06,0.0,0.001972,51.5,0.515,50.5372,0.505372
2018-10-24 23:45:00,2.92,2.9326,2.777,7.4747,2.777,2.9326,7.4747,0.0,0.0,0.0,0.001937,51.5,0.515,50.5757,0.505757
2018-10-25 00:00:00,4.1,4.0741,3.9325,7.8528,3.9325,4.0741,7.8528,0.0,4e-06,0.0,0.00202,60.19,0.6019,53.5706,0.535706
2018-10-25 00:15:00,3.1,3.2395,3.0357,8.0024,3.0357,3.2395,8.0024,0.0,0.001252,0.0,0.001973,48.1,0.481,50.1806,0.501806
2018-10-25 00:30:00,3.67,3.5548,3.3377,7.9188,3.3377,3.5548,7.9188,0.0,5e-06,0.0,0.00201,44.72,0.4472,49.8252,0.498252
2018-10-25 00:45:00,3.02,3.1311,2.8498,7.678,2.8498,3.1311,7.678,0.0,0.0,0.0,0.001973,48.54,0.4854,47.7102,0.477102
2018-10-25 01:00:00,2.99,3.0063,2.8716,7.5233,2.8716,3.0063,7.5233,0.0,4e-06,0.0,0.001973,47.96,0.4796,48.0444,0.480444
2018-10-25 01:15:00,2.95,2.966,2.8268,7.4973,2.8268,2.966,7.4973,0.0,0.0,0.0,0.001937,47.67,0.4767,46.7517,0.467517
2018-10-25 01:30:00,3.13,3.1326,3.0123,7.5003,3.0123,3.1326,7.5003,0.0,0.0,0.0,0.001937,49.39,0.4939,48.8438,0.488438
2018-10-25 01:45:00,3.02,2.9806,2.8594,7.5192,2.8594,2.9806,7.5192,0.0,0.0,0.0,0.001937,49.09,0.4909,47.8225,0.478225
2018-10-25 02:00:00,2.99,2.9909,2.8509,7.5041,2.8509,2.9909,7.5041,0.0,0.0,0.0,0.001937,48.17,0.4817,47.1888,0.471888
2018-10-25 02:15:00,2.99,2.9911,2.8307,7.4889,2.8307,2.9911,7.4889,0.0,0.0,0.0,0.001937,47.23,0.4723,46.2563,0.462563
2018-10-25 02:30:00,3.13,3.1331,2.9986,7.4994,2.9986,3.1331,7.4994,0.0,0.0,0.0,0.001937,46.19,0.4619,45.7123,0.457123
2018-10-25 02:45:00,3.71,3.5896,3.3713,7.9135,3.3713,3.5896,7.9135,0.0,0.0,0.0,0.001975,44.72,0.4472,49.8308,0.498308
2018-10-25 03:00:00,3.17,3.1433,2.921,7.6998,2.921,3.1433,7.6998,0.0,0.0,0.0,0.001937,45.35,0.4535,45.8205,0.458205
2018-10-25 03:15:00,3.02,3.0127,2.8866,7.5447,2.8866,3.0127,7.5447,0.0,0.0,0.0,0.001937,46.0,0.46,46.1929,0.461929
2018-10-25 03:30:00,3.02,3.0288,2.8877,7.5233,2.8877,3.0288,7.5233,0.0,0.0,0.0,0.001937,46.18,0.4618,46.0746,0.460746
2018-10-25 03:45:00,3.49,3.4775,3.3216,7.9254,3.3216,3.4775,7.9254,0.0,0.0,0.0,0.001975,43.28,0.4328,48.59,0.4859
2018-10-25 04:00:00,3.56,3.4098,3.1946,7.8018,3.1946,3.4098,7.8018,0.0,0.0,0.0,0.001975,44.32,0.4432,48.5036,0.485036
2018-10-25 04:15:00,3.02,3.0476,2.8356,7.6282,2.8356,3.0476,7.6282,0.0,0.0,0.0,0.001937,46.18,0.4618,47.0494,0.470494
2018-10-25 04:30:00,3.02,3.0288,2.8877,7.5233,2.8877,3.0288,7.5233,0.0,0.0,0.0,0.001937,45.32,0.4532,44.7624,0.447624
2018-10-25 04:45:00,3.13,3.123,2.9665,7.5267,2.9665,3.123,7.5267,0.0,0.0,0.0,0.001937,46.86,0.4686,45.5902,0.455902
2018-10-25 05:00:00,3.1,3.0342,2.9008,7.5364,2.9008,3.0342,7.5364,0.0,0.0,0.0,0.001937,45.84,0.4584,44.5285,0.445285
2018-10-25 05:15:00,3.13,3.0774,2.9212,7.5364,2.9212,3.0774,7.5364,0.0,0.0,0.0,0.001937,46.19,0.4619,45.7909,0.457909
2018-10-25 05:30:00,3.06,3.0084,2.8844,7.5364,2.8844,3.0084,7.5364,0.0,0.0,0.0,0.001937,47.17,0.4717,45.6803,0.456803
2018-10-25 05:45:00,3.02,3.0575,2.9029,7.5384,2.9029,3.0575,7.5384,0.0,0.0,0.0,0.001937,47.14,0.4714,46.0604,0.460604
2018-10-25 06:00:00,3.35,3.36,3.2275,7.6237,3.2275,3.36,7.6237,0.0,0.0,0.0,0.001942,45.32,0.4532,46.5044,0.465044
2018-10-25 06:15:00,3.42,3.3082,3.1249,7.59,3.1249,3.3082,7.59,0.0,0.0,0.0,0.001942,46.45,0.4645,47.0629,0.470629
2018-10-25 06:30:00,2.95,3.0195,2.835,7.5742,2.835,3.0195,7.5742,0.0,0.0,0.0,0.001937,46.74,0.4674,46.5378,0.465378
2018-10-25 06:45:00,2.95,2.9628,2.8182,7.481,2.8182,2.9628,7.481,0.0,0.0,0.0,0.001937,48.42,0.4842,47.7624,0.477624
2018-10-25 07:00:00,2.95,2.9628,2.8182,7.4791,2.8182,2.9628,7.4791,0.0,0.0,0.0,0.001937,47.67,0.4767,46.9861,0.469861
2018-10-25 07:15:00,2.84,2.9089,2.7895,7.4791,2.7895,2.9089,7.4791,0.0,0.0,0.0,0.001937,50.15,0.5015,49.5711,0.495711
2018-10-25 07:30:00,2.92,2.9093,2.7784,7.4702,2.7784,2.9093,7.4702,0.0,0.0,0.0,0.001937,49.32,0.4932,48.9811,0.489811
2018-10-25 07:45:00,4.43,4.5714,4.1206,8.1556,4.1206,4.5714,8.1556,0.0,0.0,0.0,0.001942,53.59,0.5359,54.9428,0.549428
2018-10-25 08:00:00,5.9,5.5097,4.8769,8.5543,4.8769,5.5097,8.5543,0.0,0.002142,0.0,0.00241,66.93,0.6693,62.7434,0.627434
2018-10-25 08:15:00,36.58,36.0726,32.4657,40.7309,32.4657,36.0726,40.7309,0.02,0.020092,0.014911,0.021029,74.72,0.7472,75.2674,0.752674
2018-10-25 08:30:00,54.36,55.1095,50.6448,62.177,50.6448,55.1095,62.177,0.02,0.025384,0.020113,0.031799,74.35,0.7435,73.5018,0.735018
2018-10-25 08:45:00,76.25,73.4258,72.0566,80.8264,72.0566,73.4258,80.8264,0.03,0.035173,0.030709,0.040399,76.15,0.7615,76.4935,0.764935
2018-10-25 09:00:00,74.56,78.2178,69.8391,79.5015,69.8391,78.2178,79.5015,0.03,0.031773,0.028272,0.037703,82.72,0.8272,83.5333,0.835333
2018-10-25 09:15:00,64.84,62.0099,57.2492,68.9805,57.2492,62.0099,68.9805,0.03,0.029152,0.023581,0.035415,83.29,0.8329,83.3525,0.833524
2018-10-25 09:30:00,55.26,54.3497,50.3995,59.277,50.3995,54.3497,59.277,0.03,0.025601,0.020629,0.029901,86.8,0.868,87.3079,0.873079
2018-10-25 09:45:00,84.06,83.833,77.8643,85.2876,77.8643,83.833,85.2876,0.04,0.035706,0.034503,0.040626,85.5,0.855,85.6859,0.856859
2018-10-25 10:00:00,67.79,71.1732,64.4938,79.3855,64.4938,71.1732,79.3855,0.03,0.030575,0.027106,0.040451,84.27,0.8427,85.7752,0.857752
2018-10-25 10:15:00,78.12,78.2877,72.2831,88.776,72.2831,78.2877,88.776,0.04,0.033953,0.030827,0.040495,85.49,0.8549,87.4411,0.874411
2018-10-25 10:30:00,58.72,62.2457,54.6196,73.2256,54.6196,62.2457,73.2256,0.03,0.030837,0.023369,0.036703,86.23,0.8623,88.7205,0.887205
2018-10-25 10:45:00,70.2,69.3638,67.3357,79.6176,67.3357,69.3638,79.6176,0.03,0.030898,0.028828,0.03779,86.5,0.865,86.9912,0.869912
2018-10-25 11:00:00,67.43,66.2133,60.8518,71.5618,60.8518,66.2133,71.5618,0.03,0.030329,0.025074,0.035424,83.46,0.8346,83.6151,0.836151
2018-10-25 11:15:00,74.34,71.6967,64.5541,77.0817,64.5541,71.6967,77.0817,0.03,0.031438,0.027346,0.036634,85.88,0.8588,86.079,0.86079
2018-10-25 11:30:00,58.93,57.5001,52.1858,64.0063,52.1858,57.5001,64.0063,0.03,0.024686,0.02116,0.033055,84.66,0.8466,85.6262,0.856262
2018-10-25 11:45:00,79.92,79.4428,72.3625,80.825,72.3625,79.4428,80.825,0.04,0.032837,0.030566,0.03986,84.6,0.846,83.4979,0.834979
2018-10-25 12:00:00,52.45,50.9887,45.6646,63.9226,45.6646,50.9887,63.9226,0.02,0.023864,0.020701,0.032517,88.06,0.8806,88.8292,0.888292
2018-10-25 12:15:00,8.46,6.8866,5.8681,14.6969,5.8681,6.8866,14.6969,0.0,0.006518,0.0,0.008423,99.97,0.9997,99.9321,0.999321
2018-10-25 12:30:00,5.83,5.7424,4.4096,10.2105,4.4096,5.7424,10.2105,0.0,0.0,0.0,0.002022,100.0,1.0,99.9635,0.999635
2018-10-25 12:45:00,4.93,4.8282,4.6092,9.5882,4.6092,4.8282,9.5882,0.0,1e-05,0.0,0.002065,100.0,1.0,99.9655,0.999655
2018-10-25 13:00:00,4.68,4.5744,4.473,9.0786,4.473,4.5744,9.0786,0.0,2e-05,0.0,0.002005,100.0,1.0,99.9974,0.999974
2018-10-25 13:15:00,29.48,30.8484,27.6601,35.6019,27.6601,30.8484,35.6019,0.01,0.014975,0.009272,0.017807,94.19,0.9419,94.9589,0.949589
2018-10-25 13:30:00,50.26,47.7061,41.2717,52.0706,41.2717,47.7061,52.0706,0.02,0.019995,0.017273,0.026977,91.54,0.9154,91.117,0.91117
2018-10-25 13:45:00,58.36,56.3088,51.7989,57.9875,51.7989,56.3088,57.9875,0.03,0.02434,0.021946,0.030088,90.76,0.9076,89.5676,0.895676
2018-10-25 14:00:00,59.15,58.0025,52.6633,59.5364,52.6633,58.0025,59.5364,0.03,0.02241,0.021929,0.030182,90.78,0.9078,89.1945,0.891945
2018-10-25 14:15:00,54.97,52.9201,48.4157,55.9716,48.4157,52.9201,55.9716,0.03,0.022911,0.019671,0.029335,91.66,0.9166,90.628,0.90628
2018-10-25 14:30:00,60.16,59.5616,53.9548,60.8498,53.9548,59.5616,60.8498,0.03,0.028363,0.023923,0.030513,90.24,0.9024,88.7987,0.887987
2018-10-25 14:45:00,58.28,56.6716,51.1507,58.5276,51.1507,56.6716,58.5276,0.03,0.02349,0.0218,0.029602,90.78,0.9078,89.3513,0.893513
2018-10-25 15:00:00,60.23,59.3218,54.6181,61.156,54.6181,59.3218,61.156,0.03,0.024716,0.023108,0.030175,89.62,0.8962,88.3233,0.883233
2018-10-25 15:15:00,47.41,47.3441,44.0434,51.2275,44.0434,47.3441,51.2275,0.02,0.020036,0.018661,0.024925,91.93,0.9193,91.9649,0.919649
2018-10-25 15:30:00,47.38,47.4558,45.8355,52.228,45.8355,47.4558,52.228,0.02,0.019998,0.018396,0.024007,89.47,0.8947,90.292,0.90292
2018-10-25 15:45:00,66.53,67.0826,62.081,67.5567,62.081,67.0826,67.5567,0.03,0.029737,0.026474,0.03512,84.55,0.8455,84.5382,0.845382
2018-10-25 16:00:00,66.28,65.1835,60.2881,69.0312,60.2881,65.1835,69.0312,0.03,0.030557,0.025733,0.03309,82.65,0.8265,82.6859,0.826859
2018-10-25 16:15:00,60.37,60.0305,54.5653,62.7494,54.5653,60.0305,62.7494,0.03,0.030385,0.022797,0.031645,83.07,0.8307,82.86,0.8286
2018-10-25 16:30:00,57.67,56.4666,53.4189,60.5042,53.4189,56.4666,60.5042,0.03,0.02941,0.022741,0.030321,85.23,0.8523,85.462,0.85462
2018-10-25 16:45:00,57.42,57.287,54.6594,59.2475,54.6594,57.287,59.2475,0.03,0.029541,0.022577,0.030233,87.09,0.8709,87.1007,0.871007
2018-10-25 17:00:00,46.84,47.5871,45.2618,51.8748,45.2618,47.5871,51.8748,0.02,0.020105,0.018874,0.025894,89.13,0.8913,90.2152,0.902152
2018-10-25 17:15:00,60.19,60.2182,56.1386,61.0738,56.1386,60.2182,61.0738,0.03,0.028727,0.024617,0.030982,88.03,0.8803,87.2616,0.872616
2018-10-25 17:30:00,51.73,50.297,46.3133,53.5327,46.3133,50.297,53.5327,0.02,0.020419,0.019041,0.027468,91.28,0.9128,90.5088,0.905088
2018-10-25 17:45:00,29.84,31.8013,28.3595,36.1042,28.3595,31.8013,36.1042,0.01,0.018516,0.010137,0.019825,99.93,0.9993,100.103,1.00103
2018-10-25 18:00:00,30.02,30.7285,28.2098,35.4303,28.2098,30.7285,35.4303,0.01,0.012436,0.009746,0.014453,98.23,0.9823,97.83,0.9783
2018-10-25 18:15:00,51.98,50.2172,42.1836,53.4409,42.1836,50.2172,53.4409,0.02,0.020049,0.018049,0.028615,86.28,0.8628,85.8283,0.858283
2018-10-25 18:30:00,57.6,57.3406,53.5627,60.3218,53.5627,57.3406,60.3218,0.03,0.02751,0.02246,0.030365,85.04,0.8504,84.3064,0.843064
2018-10-25 18:45:00,65.12,63.2744,58.2236,65.8991,58.2236,63.2744,65.8991,0.03,0.029923,0.025426,0.031293,89.71,0.8971,87.7997,0.877997
2018-10-25 19:00:00,67.32,65.533,60.116,69.2691,60.116,65.533,69.2691,0.03,0.029571,0.024402,0.032172,88.28,0.8828,86.5765,0.865765
2018-10-25 19:15:00,48.49,47.9493,45.0753,53.1862,45.0753,47.9493,53.1862,0.02,0.02071,0.018886,0.026751,90.42,0.9042,91.0531,0.910531
2018-10-25 19:30:00,51.3,52.9421,48.7816,54.71,48.7816,52.9421,54.71,0.02,0.020014,0.019306,0.024871,89.68,0.8968,89.4314,0.894314
2018-10-25 19:45:00,56.34,56.1573,51.7558,58.9632,51.7558,56.1573,58.9632,0.03,0.02512,0.021903,0.030115,88.55,0.8855,87.9266,0.879266
2018-10-25 20:00:00,57.06,56.1894,51.6946,58.6648,51.6946,56.1894,58.6648,0.03,0.021749,0.021662,0.030019,89.72,0.8972,88.8482,0.888482
2018-10-25 20:15:00,53.5,53.5739,48.8702,55.1216,48.8702,53.5739,55.1216,0.02,0.021589,0.019362,0.029149,89.83,0.8983,89.6454,0.896454
2018-10-25 20:30:00,56.66,56.3481,51.4514,57.3946,51.4514,56.3481,57.3946,0.03,0.024102,0.021465,0.030018,88.99,0.8899,87.9227,0.879227
2018-10-25 20:45:00,81.0,76.0687,71.0189,80.3374,71.0189,76.0687,80.3374,0.04,0.03516,0.030185,0.039586,92.07,0.9207,89.0662,0.890662
2018-10-25 21:00:00,75.02,67.5134,61.1474,78.8703,61.1474,67.5134,78.8703,0.03,0.034643,0.025195,0.038763,92.7,0.927,90.2218,0.902217
2018-10-25 21:15:00,8.89,7.688,7.4416,19.5939,7.4416,7.688,19.5939,0.0,0.006092,1.3e-05,0.010458,99.96,0.9996,100.0092,1.000092
2018-10-25 21:30:00,4.07,4.4029,3.9636,9.7804,3.9636,4.4029,9.7804,0.0,0.0,0.0,0.00198,100.0,1.0,100.0146,1.000146
2018-10-25 21:45:00,3.89,3.9118,3.7242,8.6495,3.7242,3.9118,8.6495,0.0,0.0,0.0,0.002024,100.0,1.0,99.9979,0.999979
2018-10-25 22:00:00,3.89,3.8377,3.6552,8.3377,3.6552,3.8377,8.3377,0.0,0.0,0.0,0.001973,100.0,1.0,99.9698,0.999698
2018-10-25 22:15:00,3.71,5.5221,3.5393,8.4415,3.5393,5.5221,8.4415,0.0,0.002343,0.0,0.009636,51.59,0.5159,71.1433,0.711433
2018-10-25 22:30:00,3.64,3.6033,3.45,8.1478,3.45,3.6033,8.1478,0.0,0.001948,0.0,0.004778,50.03,0.5003,50.205,0.50205
2018-10-25 22:45:00,3.53,3.4926,3.3616,7.8737,3.3616,3.4926,7.8737,0.0,1.4e-05,0.0,0.001937,49.96,0.4996,47.7302,0.477302
2018-10-25 23:00:00,3.56,3.5591,3.3727,7.7835,3.3727,3.5591,7.7835,0.0,0.0,0.0,0.001937,49.61,0.4961,46.7796,0.467796
2018-10-25 23:15:00,3.46,3.4422,3.3044,7.7919,3.3044,3.4422,7.7919,0.0,0.0,0.0,0.001937,52.22,0.5222,47.9717,0.479717
2018-10-25 23:30:00,3.53,3.5129,3.3373,7.7249,3.3373,3.5129,7.7249,0.0,0.0,0.0,0.001937,56.02,0.5602,49.0082,0.490082
2018-10-25 23:45:00,3.42,3.4422,3.2895,7.7713,3.2895,3.4422,7.7713,0.0,0.0,0.0,0.001937,55.1,0.551,49.1791,0.491791
2018-10-26 00:00:00,3.6,3.6187,3.3697,7.9495,3.3697,3.6187,7.9495,0.0,4e-06,0.0,0.002057,44.92,0.4492,49.964,0.49964
2018-10-26 00:15:00,4.57,4.5524,3.9551,8.1662,3.9551,4.5524,8.1662,0.0,0.0,0.0,0.001937,64.6,0.646,58.5433,0.585433
2018-10-26 00:30:00,3.49,3.7061,3.2389,8.4435,3.2389,3.7061,8.4435,0.0,0.001973,0.0,0.002261,52.76,0.5276,53.9662,0.539662
2018-10-26 00:45:00,3.53,3.4731,3.2654,7.7391,3.2654,3.4731,7.7391,0.0,0.0,0.0,0.001973,53.94,0.5394,52.9842,0.529842
2018-10-26 01:00:00,3.49,3.4974,3.3214,7.7855,3.3214,3.4974,7.7855,0.0,0.0,0.0,0.001973,51.56,0.5156,50.3208,0.503208
2018-10-26 01:15:00,3.53,3.4731,3.3134,7.7391,3.3134,3.4731,7.7391,0.0,0.0,0.0,0.001973,52.72,0.5272,51.3548,0.513548
2018-10-26 01:30:00,3.53,3.5248,3.3467,7.7713,3.3467,3.5248,7.7713,0.0,0.0,0.0,0.001937,51.79,0.5179,49.8673,0.498673
2018-10-26 01:45:00,3.49,3.4974,3.3214,7.7713,3.3214,3.4974,7.7713,0.0,0.0,0.0,0.001937,52.28,0.5228,49.8694,0.498694
2018-10-26 02:00:00,3.49,3.4188,3.2929,7.7249,3.2929,3.4188,7.7249,0.0,0.0,0.0,0.001937,51.1,0.511,49.5677,0.495677
2018-10-26 02:15:00,3.35,3.3304,3.2188,7.7249,3.2188,3.3304,7.7249,0.0,0.0,0.0,0.001937,51.74,0.5174,50.4174,0.504174
2018-10-26 02:30:00,2.92,3.0202,2.9032,7.6443,2.9032,3.0202,7.6443,0.0,0.0,0.0,0.001937,52.93,0.5293,52.3117,0.523117
2018-10-26 02:45:00,2.88,2.9075,2.7584,7.4747,2.7584,2.9075,7.4747,0.0,0.0,0.0,0.001937,54.85,0.5485,53.5948,0.535948
2018-10-26 03:00:00,2.88,2.8853,2.7445,7.4747,2.7445,2.8853,7.4747,0.0,0.0,0.0,0.001937,53.57,0.5357,52.6714,0.526714
2018-10-26 03:15:00,2.88,2.8853,2.7445,7.4728,2.7445,2.8853,7.4728,0.0,0.0,0.0,0.001937,54.85,0.5485,53.4821,0.534821
2018-10-26 03:30:00,2.95,2.9376,2.7885,7.4728,2.7885,2.9376,7.4728,0.0,0.0,0.0,0.001937,54.83,0.5483,53.6512,0.536512
2018-10-26 03:45:00,2.84,2.8778,2.7597,7.4761,2.7597,2.8778,7.4761,0.0,0.0,0.0,0.001937,53.71,0.5371,53.3203,0.533203
2018-10-26 04:00:00,2.84,2.8564,2.7228,7.4702,2.7228,2.8564,7.4702,0.0,0.0,0.0,0.001937,54.32,0.5432,53.2662,0.532662
2018-10-26 04:15:00,2.92,2.9093,2.777,7.4702,2.777,2.9093,7.4702,0.0,0.0,0.0,0.001937,53.84,0.5384,52.8005,0.528005
2018-10-26 04:30:00,2.88,2.8817,2.7371,7.4702,2.7371,2.8817,7.4702,0.0,0.0,0.0,0.001937,54.85,0.5485,53.5333,0.535333
2018-10-26 04:45:00,3.17,3.1826,2.9967,7.5648,2.9967,3.1826,7.5648,0.0,0.0,0.0,0.001937,54.63,0.5463,53.0591,0.530591
2018-10-26 05:00:00,3.53,3.4313,3.2215,7.614,3.2215,3.4313,7.614,0.0,0.0,0.0,0.001937,50.65,0.5065,49.9365,0.499365
2018-10-26 05:15:00,3.2,3.1747,2.8906,7.6003,2.8906,3.1747,7.6003,0.0,0.0,0.0,0.001937,53.6,0.536,50.5462,0.505462
2018-10-26 05:30:00,3.38,3.2933,3.1166,7.5618,3.1166,3.2933,7.5618,0.0,0.0,0.0,0.001937,51.54,0.5154,49.9532,0.499532
2018-10-26 05:45:00,2.88,3.0062,2.8436,7.6063,2.8436,3.0062,7.6063,0.0,0.0,0.0,0.001937,54.51,0.5451,53.1692,0.531692
2018-10-26 06:00:00,2.92,2.9137,2.7607,7.4747,2.7607,2.9137,7.4747,0.0,0.0,0.0,0.001937,55.65,0.5565,54.0758,0.540758
2018-10-26 06:15:00,2.84,2.8679,2.7428,7.4728,2.7428,2.8679,7.4728,0.0,0.0,0.0,0.001937,55.29,0.5529,54.5041,0.545041
2018-10-26 06:30:00,2.81,2.8339,2.7067,7.4702,2.7067,2.8339,7.4702,0.0,0.0,0.0,0.001937,54.88,0.5488,54.3419,0.543419
2018-10-26 06:45:00,2.84,2.8353,2.7043,7.4668,2.7043,2.8353,7.4668,0.0,0.0,0.0,0.001937,54.58,0.5458,53.3154,0.533154
2018-10-26 07:00:00,2.81,2.8206,2.6837,7.4668,2.6837,2.8206,7.4668,0.0,0.0,0.0,0.001937,55.52,0.5552,54.6458,0.546458
2018-10-26 07:15:00,2.84,2.8296,2.7029,7.4668,2.7029,2.8296,7.4668,0.0,0.0,0.0,0.001937,51.56,0.5156,50.9567,0.509567
2018-10-26 07:30:00,3.28,3.252,3.0914,7.5776,3.0914,3.252,7.5776,0.0,0.0,0.0,0.001937,55.08,0.5508,53.2297,0.532297
2018-10-26 07:45:00,5.9,5.0322,4.5378,10.3605,4.5378,5.0322,10.3605,0.0,0.0,0.0,0.003037,66.7,0.667,64.2043,0.642043
2018-10-26 08:00:00,5.54,5.1264,5.0115,10.3617,5.0115,5.1264,10.3617,0.0,0.002274,0.0,0.003331,66.45,0.6645,65.2606,0.652606
2018-10-26 08:15:00,25.99,29.0384,22.5075,34.2567,22.5075,29.0384,34.2567,0.01,0.013083,0.009397,0.014232,78.38,0.7838,75.5571,0.755571
2018-10-26 08:30:00,100.69,89.5756,74.8574,101.2351,74.8574,89.5756,101.2351,0.05,0.042819,0.033716,0.044549,83.72,0.8372,80.2357,0.802357
2018-10-26 08:45:00,80.68,82.8082,76.5802,90.3105,76.5802,82.8082,90.3105,0.04,0.040325,0.034493,0.043433,83.47,0.8347,79.823,0.79823
2018-10-26 09:00:00,104.65,105.7537,99.531,110.2656,99.531,105.7537,110.2656,0.05,0.047263,0.042517,0.052211,88.97,0.8897,89.1992,0.891992
2018-10-26 09:15:00,121.18,119.8873,108.4201,120.791,108.4201,119.8873,120.791,0.06,0.053406,0.047433,0.058111,90.74,0.9074,89.4632,0.894632
2018-10-26 09:30:00,106.06,104.7337,96.133,107.0616,96.133,104.7337,107.0616,0.05,0.046774,0.04082,0.051258,89.98,0.8998,89.3807,0.893807
2018-10-26 09:45:00,106.52,107.4296,101.6332,108.4993,101.6332,108.4993,107.4296,0.05,0.05022,0.043584,0.056559,88.85,0.8885,89.1845,0.891845
2018-10-26 10:00:00,122.69,121.8571,111.6605,122.6332,111.6605,122.6332,121.8571,0.06,0.055728,0.048735,0.060309,91.12,0.9112,90.0955,0.900955
2018-10-26 10:15:00,93.2,93.3614,86.7772,98.9564,86.7772,93.3614,98.9564,0.04,0.043179,0.036986,0.04625,92.63,0.9263,91.0758,0.910758
2018-10-26 10:30:00,52.45,57.1393,51.9035,67.7471,51.9035,57.1393,67.7471,0.02,0.024464,0.022561,0.033358,88.79,0.8879,91.5204,0.915203
2018-10-26 10:45:00,74.27,75.6562,73.6664,82.1325,73.6664,75.6562,82.1325,0.03,0.035969,0.03173,0.043728,85.6,0.856,86.4674,0.864674
2018-10-26 11:00:00,60.26,59.4092,55.5124,73.6282,55.5124,59.4092,73.6282,0.03,0.025213,0.02196,0.036416,87.26,0.8726,87.8521,0.878521
2018-10-26 11:15:00,72.18,71.3877,69.984,86.9745,69.984,71.3877,86.9745,0.03,0.033674,0.030745,0.040311,84.82,0.8482,85.3572,0.853572
2018-10-26 11:30:00,72.9,71.0743,63.689,75.7116,63.689,71.0743,75.7116,0.03,0.031873,0.026215,0.036923,85.86,0.8586,85.4556,0.854556
2018-10-26 11:45:00,65.2,63.3406,56.45,66.782,56.45,63.3406,66.782,0.03,0.028211,0.023142,0.035246,88.48,0.8848,88.03,0.8803
2018-10-26 12:00:00,60.23,59.9947,51.9049,62.429,51.9049,59.9947,62.429,0.03,0.028262,0.022878,0.031655,87.38,0.8738,85.0192,0.850192
2018-10-26 12:15:00,8.39,6.713,5.9535,17.5282,5.9535,6.713,17.5282,0.0,0.006764,0.0,0.008325,99.96,0.9996,99.769,0.99769
2018-10-26 12:30:00,4.32,4.6735,4.1117,9.7865,4.1117,4.6735,9.7865,0.0,0.0,0.0,0.002031,100.0,1.0,99.9624,0.999624
2018-10-26 12:45:00,4.68,4.6788,4.2985,9.039,4.2985,4.6788,9.039,0.0,0.0,0.0,0.001988,100.0,1.0,99.9673,0.999674
2018-10-26 13:00:00,4.28,4.2501,4.2147,8.9722,4.2147,4.2501,8.9722,0.0,0.0,0.0,0.002005,100.0,1.0,99.9964,0.999964
2018-10-26 13:15:00,33.66,34.3733,31.117,41.56,31.117,34.3733,41.56,0.02,0.019968,0.015723,0.020496,90.97,0.9097,92.6664,0.926664
2018-10-26 13:30:00,66.02,64.8529,56.6008,73.2239,56.6008,64.8529,73.2239,0.03,0.029845,0.027642,0.034277,85.47,0.8547,85.5846,0.855846
2018-10-26 13:45:00,63.76,62.2016,57.2245,67.5239,57.2245,62.2016,67.5239,0.03,0.029625,0.024411,0.032709,84.87,0.8487,83.9914,0.839914
2018-10-26 14:00:00,68.11,67.9888,62.6982,70.7351,62.6982,67.9888,70.7351,0.03,0.031314,0.026084,0.033238,84.83,0.8483,84.0547,0.840547
2018-10-26 14:15:00,69.91,67.0844,63.1213,73.2196,63.1213,67.0844,73.2196,0.03,0.031181,0.026227,0.034446,86.37,0.8637,85.7648,0.857648
2018-10-26 14:30:00,55.55,54.101,50.9311,57.6069,50.9311,54.101,57.6069,0.03,0.022526,0.020453,0.029667,89.96,0.8996,89.3952,0.893952
2018-10-26 14:45:00,52.34,52.26,48.2806,54.8748,48.2806,52.26,54.8748,0.02,0.021537,0.0194,0.029257,90.27,0.9027,89.6557,0.896557
2018-10-26 15:00:00,58.64,58.4579,53.7352,59.4908,53.7352,58.4579,59.4908,0.03,0.028171,0.023442,0.030107,90.65,0.9065,89.1102,0.891102
2018-10-26 15:15:00,67.61,66.997,62.0893,69.5561,62.0893,66.997,69.5561,0.03,0.030816,0.02716,0.033879,85.18,0.8518,84.4306,0.844306
2018-10-26 15:30:00,45.36,46.3574,42.8064,52.1996,42.8064,46.3574,52.1996,0.02,0.020564,0.018569,0.025978,93.05,0.9305,93.1009,0.931009
2018-10-26 15:45:00,49.1,49.3565,46.782,52.8171,46.782,49.3565,52.8171,0.02,0.020012,0.019135,0.024671,90.09,0.9009,90.373,0.90373
2018-10-26 16:00:00,58.07,58.6706,52.8416,60.2828,52.8416,58.6706,60.2828,0.03,0.023643,0.022007,0.030933,88.61,0.8861,87.6264,0.876264
2018-10-26 16:15:00,50.44,48.9512,46.6215,53.0401,46.6215,48.9512,53.0401,0.02,0.02003,0.018775,0.027276,89.99,0.8999,89.7486,0.897486
2018-10-26 16:30:00,48.06,47.8549,45.7454,52.2819,45.7454,47.8549,52.2819,0.02,0.020024,0.018783,0.02653,87.96,0.8796,89.2837,0.892837
2018-10-26 16:45:00,55.62,55.4092,51.3117,57.9602,51.3117,55.4092,57.9602,0.03,0.020858,0.02063,0.029641,88.61,0.8861,87.9863,0.879863
2018-10-26 17:00:00,47.12,47.7098,43.8134,51.4663,43.8134,47.7098,51.4663,0.02,0.020016,0.018329,0.026793,90.64,0.9064,90.8227,0.908227
2018-10-26 17:15:00,54.86,55.4488,51.1208,56.7133,51.1208,55.4488,56.7133,0.03,0.020849,0.020564,0.029142,89.53,0.8953,89.1141,0.891141
2018-10-26 17:30:00,62.53,61.7863,57.9004,64.7106,57.9004,61.7863,64.7106,0.03,0.029267,0.025417,0.031317,86.19,0.8619,86.2173,0.862173
2018-10-26 17:45:00,31.5,34.1361,26.4802,40.7359,26.4802,34.1361,40.7359,0.01,0.019233,0.009435,0.020269,99.87,0.9987,99.7983,0.997983
2018-10-26 18:00:00,31.21,31.2915,29.5577,36.0876,29.5577,31.2915,36.0876,0.01,0.017365,0.010025,0.019083,98.44,0.9844,97.7076,0.977076
2018-10-26 18:15:00,39.92,41.1319,37.7971,45.3389,37.7971,41.1319,45.3389,0.02,0.019929,0.016519,0.022378,87.91,0.8791,89.6331,0.896331
2018-10-26 18:30:00,51.77,54.3774,50.1329,55.848,50.1329,54.3774,55.848,0.02,0.024653,0.019823,0.025985,84.27,0.8427,84.6972,0.846972
2018-10-26 18:45:00,52.06,50.823,48.3828,53.3749,48.3828,50.823,53.3749,0.02,0.020056,0.019276,0.027685,88.55,0.8855,88.5835,0.885835
2018-10-26 19:00:00,51.12,50.2311,47.1379,52.9637,47.1379,50.2311,52.9637,0.02,0.02001,0.018667,0.027323,90.04,0.9004,89.4621,0.894621
2018-10-26 19:15:00,63.14,63.6042,58.1677,65.1025,58.1677,63.6042,65.1025,0.03,0.029607,0.025897,0.032196,85.39,0.8539,85.2902,0.852902
2018-10-26 19:30:00,65.02,63.658,59.8736,66.0093,59.8736,63.658,66.0093,0.03,0.030683,0.025565,0.031694,84.71,0.8471,84.3218,0.843218
2018-10-26 19:45:00,51.37,50.389,47.9245,55.0849,47.9245,50.389,55.0849,0.02,0.020563,0.019442,0.027392,88.39,0.8839,88.9171,0.889171
2018-10-26 20:00:00,58.72,58.9718,54.6381,61.2968,54.6381,58.9718,61.2968,0.03,0.028884,0.024101,0.030594,87.63,0.8763,86.9777,0.869777
2018-10-26 20:15:00,51.12,50.3956,47.8564,53.5213,47.8564,50.3956,53.5213,0.02,0.020089,0.01941,0.02739,88.6,0.886,89.0748,0.890748
2018-10-26 20:30:00,49.97,50.3095,47.4813,53.7659,47.4813,50.3095,53.7659,0.02,0.020009,0.018718,0.027447,89.13,0.8913,89.294,0.89294
2018-10-26 20:45:00,60.26,60.2157,54.0625,61.9858,54.0625,60.2157,61.9858,0.03,0.02467,0.023277,0.031058,88.82,0.8882,87.6734,0.876734
2018-10-26 21:00:00,47.02,47.2649,44.2871,51.4334,44.2871,47.2649,51.4334,0.02,0.020085,0.018304,0.02529,88.7,0.887,91.2266,0.912266
2018-10-26 21:15:00,5.72,7.0358,5.0288,15.9666,5.0288,7.0358,15.9666,0.0,0.000126,0.0,0.005026,100.0,1.0,100.0394,1.000394
2018-10-26 21:30:00,5.04,4.8266,4.5477,9.6049,4.5477,4.8266,9.6049,0.0,0.0,0.0,0.002008,100.0,1.0,100.0135,1.000135
2018-10-26 21:45:00,4.07,4.1525,3.7449,8.9458,3.7449,4.1525,8.9458,0.0,0.0,0.0,0.001969,100.0,1.0,99.9969,0.999969
2018-10-26 22:00:00,3.96,3.8615,3.7627,8.2472,3.7627,3.8615,8.2472,0.0,0.0,0.0,0.001935,100.0,1.0,99.9688,0.999688
2018-10-26 22:15:00,3.78,3.7822,3.6299,8.4396,3.6299,3.7822,8.4396,0.0,0.001994,0.0,0.005622,53.24,0.5324,61.4371,0.614371
2018-10-26 22:30:00,3.85,3.8596,3.572,7.9754,3.572,3.8596,7.9754,0.0,0.0,0.0,0.001978,50.85,0.5085,49.5606,0.495606
2018-10-26 22:45:00,3.67,3.5762,3.4527,8.1864,3.4527,3.5762,8.1864,0.0,2.6e-05,0.0,0.001975,45.06,0.4506,45.6748,0.456748
2018-10-26 23:00:00,3.71,3.6673,3.5032,8.1323,3.5032,3.6673,8.1323,0.0,0.0,0.0,0.001975,44.91,0.4491,45.3454,0.453454
2018-10-26 23:15:00,3.64,3.5785,3.4424,7.9,3.4424,3.5785,7.9,0.0,0.0,0.0,0.001942,47.96,0.4796,46.9994,0.469994
2018-10-26 23:30:00,3.56,3.487,3.3713,7.8623,3.3713,3.487,7.8623,0.0,0.0,0.0,0.001937,48.79,0.4879,46.9587,0.469587
2018-10-26 23:45:00,3.67,3.6506,3.4416,7.8053,3.4416,3.6506,7.8053,0.0,0.0,0.0,0.001942,47.66,0.4766,46.8707,0.468707
2018-10-27 00:00:00,2.74,3.1533,2.9862,7.857,2.9862,3.1533,7.857,0.0,0.0,0.0,0.00202,50.2,0.502,52.7596,0.527596
2018-10-27 00:15:00,3.64,3.6967,3.4437,7.953,3.4437,3.6967,7.953,0.0,0.0,0.0,0.00198,45.47,0.4547,49.2939,0.492939
2018-10-27 00:30:00,3.64,3.401,3.1321,7.6928,3.1321,3.401,7.6928,0.0,0.0,0.0,0.001973,49.21,0.4921,47.0546,0.470546
2018-10-27 00:45:00,3.67,3.4389,3.1527,7.6928,3.1527,3.4389,7.6928,0.0,0.0,0.0,0.001978,47.49,0.4749,47.9981,0.479981
2018-10-27 01:00:00,3.67,3.4506,3.2022,7.8588,3.2022,3.4506,7.8588,0.0,0.0,0.0,0.00198,47.07,0.4707,47.1873,0.471873
2018-10-27 01:15:00,3.74,3.7186,3.5073,8.0479,3.5073,3.7186,8.0479,0.0,0.0,0.0,0.001975,45.01,0.4501,48.7004,0.487004
2018-10-27 01:30:00,3.64,3.5536,3.4228,8.0609,3.4228,3.5536,8.0609,0.0,0.0,0.0,0.001975,45.32,0.4532,47.5266,0.475266
2018-10-27 01:45:00,3.64,3.5671,3.4127,7.8623,3.4127,3.5671,7.8623,0.0,0.0,0.0,0.001937,49.61,0.4961,47.8603,0.478603
2018-10-27 02:00:00,4.5,7.3172,3.9792,10.4556,3.9792,7.3172,10.4556,0.0,0.000558,0.0,0.002143,49.07,0.4907,54.0004,0.540004
2018-10-27 02:15:00,3.6,3.612,3.3127,8.6544,3.3127,3.612,8.6544,0.0,0.00201,0.0,0.00231,44.72,0.4472,51.4639,0.514639
2018-10-27 02:30:00,3.17,3.2688,3.0986,7.8342,3.0986,3.2688,7.8342,0.0,0.0,0.0,0.001973,46.41,0.4641,47.4725,0.474725
2018-10-27 02:45:00,3.13,3.1343,2.9822,7.6313,2.9822,3.1343,7.6313,0.0,0.0,0.0,0.001973,45.3,0.453,45.781,0.45781
2018-10-27 03:00:00,3.17,3.1508,2.9798,7.5987,2.9798,3.1508,7.5987,0.0,0.0,0.0,0.001973,44.55,0.4455,45.5227,0.455227
2018-10-27 03:15:00,3.13,3.1213,2.9774,7.5901,2.9774,3.1213,7.5901,0.0,0.0,0.0,0.001937,45.53,0.4553,45.1465,0.451465
2018-10-27 03:30:00,3.13,3.1116,2.9604,7.5703,2.9604,3.1116,7.5703,0.0,0.0,0.0,0.001937,45.12,0.4512,43.9045,0.439045
2018-10-27 03:45:00,3.13,3.1116,2.9604,7.5711,2.9604,3.1116,7.5711,0.0,0.0,0.0,0.001937,45.53,0.4553,44.351,0.44351
2018-10-27 04:00:00,3.17,3.1508,2.9784,7.5711,2.9784,3.1508,7.5711,0.0,0.0,0.0,0.001937,46.41,0.4641,45.6381,0.456381
2018-10-27 04:15:00,3.17,3.1539,2.9952,7.5901,2.9952,3.1539,7.5901,0.0,0.0,0.0,0.001937,45.76,0.4576,45.0138,0.450138
2018-10-27 04:30:00,3.13,3.1213,2.9774,7.5901,2.9774,3.1213,7.5901,0.0,0.0,0.0,0.001937,45.53,0.4553,44.7872,0.447873
2018-10-27 04:45:00,3.1,3.086,2.9444,7.5711,2.9444,3.086,7.5711,0.0,0.0,0.0,0.001937,46.27,0.4627,44.6495,0.446495
2018-10-27 05:00:00,3.42,3.4366,3.2287,7.6613,3.2287,3.4366,7.6613,0.0,0.0,0.0,0.001937,47.3,0.473,48.1665,0.481665
2018-10-27 05:15:00,3.64,3.618,3.3608,7.6553,3.3608,3.618,7.6553,0.0,0.0,0.0,0.001937,51.8,0.518,50.2792,0.502792
2018-10-27 05:30:00,3.1,3.144,2.889,7.7098,2.889,3.144,7.7098,0.0,0.0,0.0,0.001937,46.51,0.4651,45.6232,0.456232
2018-10-27 05:45:00,3.1,3.103,2.9281,7.5577,2.9281,3.103,7.5577,0.0,0.0,0.0,0.001937,46.51,0.4651,44.826,0.44826
2018-10-27 06:00:00,3.06,3.0779,2.9121,7.5577,2.9121,3.0779,7.5577,0.0,0.0,0.0,0.001937,46.23,0.4623,45.2914,0.452914
2018-10-27 06:15:00,3.1,3.096,2.9237,7.535,2.9237,3.096,7.535,0.0,0.0,0.0,0.001937,45.6,0.456,45.5568,0.455568
2018-10-27 06:30:00,3.67,3.601,3.3724,7.9486,3.3724,3.601,7.9486,0.0,0.0,0.0,0.001975,44.87,0.4487,49.2295,0.492295
2018-10-27 06:45:00,3.49,3.4158,3.2132,7.9336,3.2132,3.4158,7.9336,0.0,0.0,0.0,0.001975,43.62,0.4362,45.8141,0.458141
2018-10-27 07:00:00,3.1,3.0771,2.9045,7.5873,2.9045,3.0771,7.5873,0.0,0.0,0.0,0.001937,43.54,0.4354,45.3887,0.453887
2018-10-27 07:15:00,3.13,3.1292,2.9461,7.5569,2.9461,3.1292,7.5569,0.0,0.0,0.0,0.001937,44.89,0.4489,44.7756,0.447756
2018-10-27 07:30:00,3.24,3.2428,3.0161,7.5621,3.0161,3.2428,7.5621,0.0,0.0,0.0,0.001937,45.51,0.4551,45.5184,0.455184
2018-10-27 07:45:00,3.2,3.182,3.0018,7.6,3.0018,3.182,7.6,0.0,0.0,0.0,0.001937,47.0,0.47,47.7674,0.477674
2018-10-27 08:00:00,3.38,3.6039,3.1637,7.6086,3.1637,3.6039,7.6086,0.0,0.0,0.0,0.002065,48.35,0.4835,51.076,0.51076
2018-10-27 08:15:00,30.74,31.4233,27.3647,38.1446,27.3647,31.4233,38.1446,0.01,0.016097,0.01061,0.019423,70.09,0.7009,71.3955,0.713955
2018-10-27 08:30:00,46.55,46.4307,43.6709,51.9318,43.6709,46.4307,51.9318,0.02,0.022807,0.01853,0.026879,73.21,0.7321,73.4679,0.734679
2018-10-27 08:45:00,47.02,46.3532,43.8301,53.7173,43.8301,46.3532,53.7173,0.02,0.023029,0.019074,0.024181,78.99,0.7899,74.2669,0.742669
2018-10-27 09:00:00,45.72,45.883,42.3021,49.6182,42.3021,45.883,49.6182,0.02,0.019996,0.016928,0.023156,92.39,0.9239,92.6859,0.926859
2018-10-27 09:15:00,46.15,44.4748,43.149,48.6412,43.149,44.4748,48.6412,0.02,0.019999,0.017919,0.022481,90.84,0.9084,91.895,0.91895
2018-10-27 09:30:00,44.71,44.5624,42.5938,48.7333,42.5938,44.5624,48.7333,0.02,0.019995,0.017767,0.021814,91.44,0.9144,92.472,0.92472
2018-10-27 09:45:00,45.25,44.4192,42.227,47.9519,42.227,44.4192,47.9519,0.02,0.02,0.017604,0.021338,91.04,0.9104,92.1819,0.921819
2018-10-27 10:00:00,46.08,44.4233,43.0241,48.4482,43.0241,44.4233,48.4482,0.02,0.020001,0.018032,0.021488,91.93,0.9193,92.4636,0.924636
2018-10-27 10:15:00,42.34,42.4085,40.1478,47.5152,40.1478,42.4085,47.5152,0.02,0.019996,0.017486,0.021452,93.87,0.9387,93.8613,0.938613
2018-10-27 10:30:00,48.6,46.1043,44.9623,50.9686,44.9623,46.1043,50.9686,0.02,0.019999,0.017968,0.023037,90.9,0.909,91.4476,0.914476
2018-10-27 10:45:00,37.48,38.3458,37.5927,46.6919,37.5927,38.3458,46.6919,0.02,0.019903,0.015876,0.020415,94.42,0.9442,95.0439,0.950439
2018-10-27 11:00:00,40.36,40.5236,38.6218,44.9049,38.6218,40.5236,44.9049,0.02,0.019998,0.015315,0.020955,93.23,0.9323,93.2239,0.932239
2018-10-27 11:15:00,46.58,43.7905,42.2321,48.8195,42.2321,43.7905,48.8195,0.02,0.019999,0.017375,0.022254,92.11,0.9211,92.1809,0.92181
2018-10-27 11:30:00,45.58,45.4643,42.5762,49.6118,42.5762,45.4643,49.6118,0.02,0.019996,0.017379,0.022661,90.83,0.9083,91.7084,0.917084
2018-10-27 11:45:00,47.3,46.6607,44.6388,50.1516,44.6388,46.6607,50.1516,0.02,0.020003,0.017702,0.02277,89.9,0.899,90.6985,0.906985
2018-10-27 12:00:00,23.0,24.6557,15.8878,32.3302,15.8878,24.6557,32.3302,0.01,0.017091,0.009346,0.018948,95.64,0.9564,97.1182,0.971182
2018-10-27 12:15:00,3.82,4.6085,4.0418,12.7099,4.0418,4.6085,12.7099,0.0,0.001422,0.0,0.002675,100.0,1.0,99.921,0.99921
2018-10-27 12:30:00,4.46,4.7,4.0512,8.8591,4.0512,4.7,8.8591,0.0,0.0,0.0,0.002073,100.0,1.0,99.9634,0.999634
2018-10-27 12:45:00,5.54,5.5145,4.7816,9.076,4.7816,5.5145,9.076,0.0,0.0,0.0,0.001966,100.0,1.0,99.948,0.99948
2018-10-27 13:00:00,4.97,4.6924,4.3855,9.0088,4.3855,4.6924,9.0088,0.0,2.5e-05,0.0,0.001979,100.0,1.0,99.9974,0.999974
2018-10-27 13:15:00,29.66,29.8571,29.8108,38.6785,29.8571,29.8108,38.6785,0.01,0.012992,0.010549,0.014515,92.51,0.9251,95.6809,0.956809
2018-10-27 13:30:00,37.76,39.0547,36.1361,43.0922,36.1361,39.0547,43.0922,0.02,0.019948,0.015453,0.021243,95.52,0.9552,94.5806,0.945806
2018-10-27 13:45:00,36.9,36.8698,32.7054,40.8574,32.7054,36.8698,40.8574,0.02,0.01998,0.012632,0.020957,95.9,0.959,94.4443,0.944443
2018-10-27 14:00:00,48.85,48.2157,43.8407,51.2304,43.8407,48.2157,51.2304,0.02,0.020071,0.017661,0.025684,89.19,0.8919,89.9653,0.899653
2018-10-27 14:15:00,39.92,40.3554,38.7728,47.7528,38.7728,40.3554,47.7528,0.02,0.01996,0.016161,0.022536,94.83,0.9483,94.8582,0.948582
2018-10-27 14:30:00,47.09,46.3329,44.1089,50.2074,44.1089,46.3329,50.2074,0.02,0.020022,0.018326,0.023174,88.92,0.8892,90.7018,0.907018
2018-10-27 14:45:00,34.42,35.6313,32.119,42.9055,32.119,35.6313,42.9055,0.02,0.019796,0.013913,0.0199,96.1,0.961,95.3398,0.953398
2018-10-27 15:00:00,43.63,43.6732,39.6466,46.5551,39.6466,43.6732,46.5551,0.02,0.020016,0.017103,0.023161,92.97,0.9297,93.0984,0.930984
2018-10-27 15:15:00,50.18,47.755,45.8622,51.784,45.8622,47.755,51.784,0.02,0.020027,0.018733,0.024796,89.26,0.8926,89.8492,0.898492
2018-10-27 15:30:00,40.54,40.9786,38.9321,47.7312,38.9321,40.9786,47.7312,0.02,0.019956,0.0166,0.022592,95.66,0.9566,95.0452,0.950452
2018-10-27 15:45:00,53.89,53.4417,48.047,54.0928,48.047,53.4417,54.0928,0.02,0.021659,0.020783,0.026343,90.44,0.9044,90.0683,0.900683
2018-10-27 16:00:00,53.5,52.1054,48.2325,54.1377,48.2325,52.1054,54.1377,0.02,0.020032,0.018947,0.028877,90.84,0.9084,89.9525,0.899525
2018-10-27 16:15:00,49.39,47.8163,44.5788,51.565,44.5788,47.8163,51.565,0.02,0.020002,0.018473,0.027828,92.23,0.9223,91.9487,0.919487
2018-10-27 16:30:00,41.87,41.3909,39.3744,48.5457,39.3744,41.3909,48.5457,0.02,0.019962,0.017443,0.023679,94.03,0.9403,94.0402,0.940402
2018-10-27 16:45:00,48.31,45.9974,44.6554,50.4536,44.6554,45.9974,50.4536,0.02,0.019999,0.018271,0.023202,91.21,0.9121,91.6247,0.916247
2018-10-27 17:00:00,9.07,9.3063,8.1836,17.2116,8.1836,9.3063,17.2116,0.0,0.009237,0.000457,0.010753,99.95,0.9995,100.0541,1.000541
2018-10-27 17:15:00,5.04,4.9272,3.8951,9.8682,3.8951,4.9272,9.8682,0.0,0.0,0.0,0.00199,100.0,1.0,100.0146,1.000146
2018-10-27 17:30:00,3.64,3.9845,3.524,9.2348,3.524,3.9845,9.2348,0.0,6e-06,0.0,0.001966,100.0,1.0,99.9979,0.999979
2018-10-27 17:45:00,3.53,3.6795,3.3741,8.0748,3.3741,3.6795,8.0748,0.0,0.0,0.0,0.001974,100.0,1.0,99.9979,0.999979
2018-10-27 18:00:00,3.6,3.8124,3.4147,7.9681,3.4147,3.8124,7.9681,0.0,0.0,0.0,0.001972,100.0,1.0,99.9744,0.999744
2018-10-27 18:15:00,3.53,3.8663,3.3444,7.878,3.3444,3.8663,7.878,0.0,0.0,0.0,0.001963,100.0,1.0,99.9744,0.999744
2018-10-27 18:30:00,3.53,3.8722,3.3549,7.78,3.3549,3.8722,7.78,0.0,0.0,0.0,0.001964,100.0,1.0,99.9756,0.999756
2018-10-27 18:45:00,3.67,3.7043,3.4461,7.7928,3.4461,3.7043,7.7928,0.0,3e-06,0.0,0.001964,100.0,1.0,99.9708,0.999708
2018-10-27 19:00:00,3.64,3.5799,3.4112,7.8629,3.4112,3.5799,7.8629,0.0,4e-06,0.0,0.001964,100.0,1.0,99.9979,0.999979
2018-10-27 19:15:00,3.71,3.6569,3.4402,7.8531,3.4402,3.6569,7.8531,0.0,4e-06,0.0,0.001964,100.0,1.0,99.9979,0.999979
2018-10-27 19:30:00,3.64,3.5665,3.3929,7.8759,3.3929,3.5665,7.8759,0.0,4e-06,0.0,0.001964,100.0,1.0,99.9979,0.999979
2018-10-27 19:45:00,3.6,3.5277,3.3949,7.8654,3.3949,3.5277,7.8654,0.0,4e-06,0.0,0.001964,100.0,1.0,99.9979,0.999979
2018-10-27 20:00:00,3.6,3.5501,3.4203,7.8555,3.4203,3.5501,7.8555,0.0,4e-06,0.0,0.001964,100.0,1.0,99.9979,0.999979
2018-10-27 20:15:00,3.67,3.652,3.4681,7.8555,3.4681,3.652,7.8555,0.0,4e-06,0.0,0.001964,100.0,1.0,99.9979,0.999979
2018-10-27 20:30:00,3.67,3.6047,3.4671,7.8752,3.4671,3.6047,7.8752,0.0,4e-06,0.0,0.001964,100.0,1.0,99.9979,0.999979
2018-10-27 20:45:00,3.64,3.5799,3.4418,7.8752,3.4418,3.5799,7.8752,0.0,4e-06,0.0,0.001964,100.0,1.0,99.9979,0.999979
2018-10-27 21:00:00,4.14,4.0357,3.6398,8.0502,3.6398,4.0357,8.0502,0.0,4e-06,0.0,0.001964,100.0,1.0,99.9998,0.999998
2018-10-27 21:15:00,4.61,4.3283,3.8231,8.4024,3.8231,4.3283,8.4024,0.0,0.0,0.0,0.001937,100.0,1.0,99.9998,0.999998
2018-10-27 21:30:00,3.67,3.7131,3.3915,8.4757,3.3915,3.7131,8.4757,0.0,0.0,0.0,0.001937,100.0,1.0,99.9979,0.999979
2018-10-27 21:45:00,3.64,3.6047,3.4383,7.9058,3.4383,3.6047,7.9058,0.0,0.000183,0.0,0.001937,100.0,1.0,99.9979,0.999979
2018-10-27 22:00:00,3.67,3.6177,3.4347,7.896,3.4347,3.6177,7.896,0.0,0.00018,0.0,0.001937,100.0,1.0,99.9698,0.999698
2018-10-27 22:15:00,3.38,3.4092,3.2646,7.8531,3.2646,3.4092,7.8531,0.0,0.0,0.0,0.001973,47.69,0.4769,57.5171,0.575171
2018-10-27 22:30:00,3.35,3.353,3.1468,7.7164,3.1468,3.353,7.7164,0.0,0.0,0.0,0.001937,46.55,0.4655,46.4245,0.464245
2018-10-27 22:45:00,3.42,3.4156,3.1987,7.8929,3.1987,3.4156,7.8929,0.0,0.0,0.0,0.001945,44.0,0.44,45.4229,0.454229
2018-10-27 23:00:00,3.35,3.3313,3.161,7.6795,3.161,3.3313,7.6795,0.0,0.0,0.0,0.001942,44.19,0.4419,45.4091,0.454091
2018-10-27 23:15:00,3.38,3.3424,3.1688,7.6671,3.1688,3.3424,7.6671,0.0,0.0,0.0,0.001937,48.59,0.4859,46.9769,0.469769
2018-10-27 23:30:00,2.84,3.0058,2.8174,7.641,2.8174,3.0058,7.641,0.0,0.0,0.0,0.001937,51.88,0.5188,52.4504,0.524504
2018-10-27 23:45:00,2.7,2.7886,2.6801,7.4687,2.6801,2.7886,7.4687,0.0,0.0,0.0,0.001937,52.04,0.5204,50.6276,0.506276
2018-10-28 00:00:00,2.74,2.747,2.6146,7.4668,2.6146,2.747,7.4668,0.0,4e-06,0.0,0.00202,48.06,0.4806,47.7136,0.477136
2018-10-28 00:15:00,2.74,2.767,2.6108,7.4668,2.6108,2.767,7.4668,0.0,0.0,0.0,0.001937,50.85,0.5085,50.3704,0.503704
2018-10-28 00:30:00,2.95,2.9158,2.7791,7.4976,2.7791,2.9158,7.4976,0.0,0.0,0.0,0.001937,49.7,0.497,49.2435,0.492435
2018-10-28 00:45:00,3.38,3.3279,3.123,7.582,3.123,3.3279,7.582,0.0,0.0,0.0,0.001942,46.25,0.4625,46.7509,0.467509
2018-10-28 01:00:00,2.99,2.9833,2.7201,7.5347,2.7201,2.9833,7.5347,0.0,0.0,0.0,0.001937,47.23,0.4723,46.6102,0.466102
2018-10-28 01:15:00,2.84,2.871,2.706,7.4799,2.706,2.871,7.4799,0.0,0.0,0.0,0.001937,48.07,0.4807,47.5468,0.475468
2018-10-28 01:30:00,2.81,2.8222,2.7009,7.4668,2.7009,2.8222,7.4668,0.0,0.0,0.0,0.001937,47.68,0.4768,47.3647,0.473647
2018-10-28 01:45:00,2.81,2.8129,2.6823,7.4668,2.6823,2.8129,7.4668,0.0,0.0,0.0,0.001937,48.4,0.484,48.1515,0.481515
2018-10-28 02:00:00,2.84,2.8353,2.6971,7.4668,2.6971,2.8353,7.4668,0.0,0.0,0.0,0.001937,48.07,0.4807,47.8958,0.478958
2018-10-28 02:15:00,2.81,2.8206,2.6779,7.4668,2.6779,2.8206,7.4668,0.0,0.0,0.0,0.001937,46.43,0.4643,46.1929,0.461929
2018-10-28 02:30:00,2.84,2.8296,2.6971,7.4668,2.6971,2.8296,7.4668,0.0,0.0,0.0,0.001937,47.3,0.473,47.0504,0.470504
2018-10-28 02:45:00,2.77,2.7968,2.6711,7.4668,2.6711,2.7968,7.4668,0.0,0.0,0.0,0.001937,47.66,0.4766,47.4086,0.474086
2018-10-28 03:00:00,2.95,2.9315,2.8249,7.488,2.8249,2.9315,7.488,0.0,0.0,0.0,0.001937,47.94,0.4794,47.7219,0.477219
2018-10-28 03:15:00,3.46,3.3945,3.2044,7.6382,3.2044,3.3945,7.6382,0.0,0.0,0.0,0.001937,49.22,0.4922,48.3689,0.483689
2018-10-28 03:30:00,2.88,2.8873,2.6474,7.5479,2.6474,2.8873,7.5479,0.0,0.0,0.0,0.001937,47.33,0.4733,46.8478,0.468478
2018-10-28 03:45:00,2.84,2.8377,2.6727,7.4668,2.6727,2.8377,7.4668,0.0,0.0,0.0,0.001937,47.51,0.4751,46.8847,0.468847
2018-10-28 04:00:00,2.81,2.8222,2.7009,7.4668,2.7009,2.8222,7.4668,0.0,0.0,0.0,0.001937,47.68,0.4768,47.3328,0.473328
2018-10-28 04:15:00,2.81,2.8129,2.6823,7.4668,2.6823,2.8129,7.4668,0.0,0.0,0.0,0.001937,48.4,0.484,48.0935,0.480935
2018-10-28 04:30:00,2.84,2.8353,2.6971,7.4668,2.6971,2.8353,7.4668,0.0,0.0,0.0,0.001937,47.79,0.4779,47.1214,0.471214
2018-10-28 04:45:00,2.81,2.8206,2.6779,7.4668,2.6779,2.8206,7.4668,0.0,0.0,0.0,0.001937,46.91,0.4691,46.6847,0.466847
2018-10-28 05:00:00,3.28,3.2596,3.1293,7.6438,3.1293,3.2596,7.6438,0.0,0.0,0.0,0.001937,45.38,0.4538,46.8706,0.468706
2018-10-28 05:15:00,3.28,3.1181,2.9338,7.5595,2.9338,3.1181,7.5595,0.0,0.0,0.0,0.001937,45.95,0.4595,45.3402,0.453402
2018-10-28 05:30:00,2.84,2.8646,2.6831,7.5309,2.6831,2.8646,7.5309,0.0,0.0,0.0,0.001937,48.8,0.488,48.8264,0.488264
2018-10-28 05:45:00,2.74,2.7936,2.6668,7.4668,2.6668,2.7936,7.4668,0.0,0.0,0.0,0.001937,48.81,0.4881,48.1355,0.481355
2018-10-28 06:00:00,2.84,2.8165,2.6947,7.4668,2.6947,2.8165,7.4668,0.0,0.0,0.0,0.001937,49.09,0.4909,48.6516,0.486516
2018-10-28 06:15:00,3.35,3.3363,3.1412,7.793,3.1412,3.3363,7.793,0.0,0.0,0.0,0.001945,43.62,0.4362,46.7979,0.467979
2018-10-28 06:30:00,2.92,2.9028,2.7114,7.5347,2.7114,2.9028,7.5347,0.0,0.0,0.0,0.001937,46.11,0.4611,46.1406,0.461406
2018-10-28 06:45:00,2.74,2.8302,2.6629,7.4668,2.6629,2.8302,7.4668,0.0,0.0,0.0,0.001937,46.2,0.462,46.3747,0.463747
2018-10-28 07:00:00,2.74,2.767,2.6287,7.4668,2.6287,2.767,7.4668,0.0,0.0,0.0,0.001937,47.76,0.4776,47.6284,0.476284
2018-10-28 07:15:00,2.81,2.8086,2.6714,7.4668,2.6714,2.8086,7.4668,0.0,0.0,0.0,0.001937,47.9,0.479,47.5176,0.475176
2018-10-28 07:30:00,2.7,2.7511,2.6413,7.4668,2.6413,2.7511,7.4668,0.0,0.0,0.0,0.001937,47.22,0.4722,47.695,0.47695
2018-10-28 07:45:00,2.77,2.7582,2.6411,7.4668,2.6411,2.7582,7.4668,0.0,0.0,0.0,0.001937,45.64,0.4564,46.4106,0.464106
2018-10-28 08:00:00,2.74,2.79,2.6188,7.4668,2.6188,2.79,7.4668,0.0,0.0,0.0,0.002055,45.72,0.4572,46.7753,0.467753
2018-10-28 08:15:00,2.77,2.8909,2.6256,7.5154,2.6256,2.8909,7.5154,0.0,9.8e-05,0.0,0.002105,45.64,0.4564,46.9557,0.469557
2018-10-28 08:30:00,2.81,2.9206,2.6496,7.5154,2.6496,2.9206,7.5154,0.0,4.7e-05,0.0,0.002105,44.98,0.4498,45.5304,0.455304
2018-10-28 08:45:00,2.95,3.095,2.8059,7.5195,2.8059,3.095,7.5195,0.0,0.000131,0.0,0.002105,74.27,0.7427,75.1864,0.751864
2018-10-28 09:00:00,3.53,3.4293,3.2337,7.6434,3.2337,3.4293,7.6434,0.0,5e-06,0.0,0.001975,100.0,1.0,99.9054,0.999054
2018-10-28 09:15:00,3.67,3.51,3.2555,7.635,3.2555,3.51,7.635,0.0,5e-06,0.0,0.001975,100.0,1.0,99.984,0.99984
2018-10-28 09:30:00,3.49,3.2851,3.1238,7.7108,3.1238,3.2851,7.7108,0.0,4e-06,0.0,0.001975,100.0,1.0,99.9884,0.999884
2018-10-28 09:45:00,3.02,3.0604,2.811,7.5622,2.811,3.0604,7.5622,0.0,0.0,0.0,0.001975,100.0,1.0,99.9884,0.999884
2018-10-28 10:00:00,3.17,3.2498,3.042,7.5519,3.042,3.2498,7.5519,0.0,0.0,0.0,0.001976,100.0,1.0,99.9931,0.999931
2018-10-28 10:15:00,3.06,3.0818,2.9016,7.5669,2.9016,3.0818,7.5669,0.0,0.0,0.0,0.001976,100.0,1.0,99.9975,0.999975
2018-10-28 10:30:00,3.02,3.0832,2.862,7.5387,2.862,3.0832,7.5387,0.0,0.0,0.0,0.001976,100.0,1.0,99.9975,0.999975
2018-10-28 10:45:00,2.99,3.0775,2.862,7.5346,2.862,3.0775,7.5346,0.0,0.0,0.0,0.001976,100.0,1.0,99.9975,0.999975
2018-10-28 11:00:00,2.99,3.128,2.8332,7.5582,2.8332,3.128,7.5582,0.0,0.0,0.0,0.001997,100.0,1.0,100.0031,1.000031
2018-10-28 11:15:00,3.06,3.1753,2.8773,7.5582,2.8773,3.1753,7.5582,0.0,0.0,0.0,0.001997,100.0,1.0,99.9764,0.999764
2018-10-28 11:30:00,3.1,3.1968,2.8857,7.5775,2.8857,3.1968,7.5775,0.0,0.0,0.0,0.001997,100.0,1.0,99.9812,0.999812
2018-10-28 11:45:00,3.06,3.1536,2.8691,7.5866,2.8691,3.1536,7.5866,0.0,0.0,0.0,0.001997,100.0,1.0,99.9812,0.999812
2018-10-28 12:00:00,3.06,3.1408,2.8695,7.5775,2.8695,3.1408,7.5775,0.0,0.0,0.0,0.001996,100.0,1.0,99.9082,0.999082
2018-10-28 12:15:00,3.2,3.2999,3.0386,7.6082,3.0386,3.2999,7.6082,0.0,0.0,0.0,0.001971,100.0,1.0,99.9301,0.999301
2018-10-28 12:30:00,3.74,3.7762,3.4012,7.8028,3.4012,3.7762,7.8028,0.0,5e-06,0.0,0.001971,100.0,1.0,99.9634,0.999634
2018-10-28 12:45:00,3.17,3.2919,2.9603,7.7808,2.9603,3.2919,7.7808,0.0,0.0,0.0,0.001971,100.0,1.0,99.964,0.99964
2018-10-28 13:00:00,3.2,3.2721,2.9912,7.6289,2.9912,3.2721,7.6289,0.0,0.0,0.0,0.001971,100.0,1.0,99.9974,0.999974
2018-10-28 13:15:00,3.38,3.521,3.1776,7.7049,3.1776,3.521,7.7049,0.0,8e-06,0.0,0.002002,100.0,1.0,99.9929,0.999929
2018-10-28 13:30:00,3.67,3.8328,3.3631,7.7941,3.3631,3.8328,7.7941,0.0,8e-06,0.0,0.002002,100.0,1.0,99.9929,0.999929
2018-10-28 13:45:00,3.2,3.4115,3.036,7.825,3.036,3.4115,7.825,0.0,8e-06,0.0,0.002002,100.0,1.0,99.9974,0.999974
2018-10-28 14:00:00,3.02,3.154,2.9663,7.6235,2.9663,3.154,7.6235,0.0,0.0,0.0,0.001976,100.0,1.0,99.9803,0.999802
2018-10-28 14:15:00,3.1,3.1664,2.9337,7.538,2.9337,3.1664,7.538,0.0,0.0,0.0,0.001976,100.0,1.0,99.9803,0.999802
2018-10-28 14:30:00,3.06,3.0973,2.8776,7.5478,2.8776,3.0973,7.5478,0.0,0.0,0.0,0.001976,100.0,1.0,99.9803,0.999802
2018-10-28 14:45:00,3.06,3.1083,2.878,7.5387,2.878,3.1083,7.5387,0.0,0.0,0.0,0.001976,100.0,1.0,99.9803,0.999802
2018-10-28 15:00:00,3.06,3.1083,2.878,7.5326,2.878,3.1083,7.5326,0.0,0.0,0.0,0.001975,100.0,1.0,100.0048,1.000048
2018-10-28 15:15:00,3.06,3.1538,2.9093,7.5437,2.9093,3.1538,7.5437,0.0,0.0,0.0,0.001975,100.0,1.0,100.0048,1.000048
2018-10-28 15:30:00,3.53,3.5084,3.3257,7.7117,3.3257,3.5084,7.7117,0.0,5e-06,0.0,0.001975,100.0,1.0,100.0056,1.000056
2018-10-28 15:45:00,3.49,3.4001,3.2046,7.6585,3.2046,3.4001,7.6585,0.0,5e-06,0.0,0.001975,100.0,1.0,100.0037,1.000037
2018-10-28 16:00:00,3.13,3.1639,2.922,7.586,2.922,3.1639,7.586,0.0,0.0,0.0,0.001964,100.0,1.0,100.0012,1.000012
2018-10-28 16:15:00,3.06,3.125,2.9043,7.5483,2.9043,3.125,7.5483,0.0,0.0,0.0,0.001964,100.0,1.0,100.0012,1.000012
2018-10-28 16:30:00,3.02,3.1287,2.8915,7.5392,2.8915,3.1287,7.5392,0.0,0.0,0.0,0.001964,100.0,1.0,100.0012,1.000012
2018-10-28 16:45:00,3.02,3.1,2.8762,7.5241,2.8762,3.1,7.5241,0.0,0.0,0.0,0.001964,100.0,1.0,100.0,1.0
2018-10-28 17:00:00,3.02,3.0171,2.8762,7.5222,2.8762,3.0171,7.5222,0.0,0.0,0.0,0.001937,100.0,1.0,99.9979,0.999979
2018-10-28 17:15:00,3.02,3.0171,2.8762,7.518,2.8762,3.0171,7.518,0.0,0.0,0.0,0.001937,100.0,1.0,99.9979,0.999979
2018-10-28 17:30:00,3.06,3.0454,2.8924,7.518,2.8924,3.0454,7.518,0.0,0.0,0.0,0.001937,100.0,1.0,99.9979,0.999979
2018-10-28 17:45:00,3.02,3.0003,2.8602,7.5221,2.8602,3.0003,7.5221,0.0,0.0,0.0,0.001937,100.0,1.0,99.9979,0.999979
2018-10-28 18:00:00,2.92,2.9579,2.8476,7.518,2.8476,2.9579,7.518,0.0,0.0,0.0,0.001937,100.0,1.0,99.9744,0.999744
2018-10-28 18:15:00,2.95,2.9415,2.7849,7.4694,2.7849,2.9415,7.4694,0.0,0.0,0.0,0.001937,100.0,1.0,99.9037,0.999037
2018-10-28 18:30:00,3.28,3.2659,3.1485,7.5673,3.1485,3.2659,7.5673,0.0,0.0,0.0,0.001937,100.0,1.0,99.9708,0.999708
2018-10-28 18:45:00,4.82,4.7431,4.2946,8.0622,4.2946,4.7431,8.0622,0.0,2e-06,0.0,0.001935,100.0,1.0,99.9746,0.999746
2018-10-28 19:00:00,3.49,3.5913,2.9853,8.3421,2.9853,3.5913,8.3421,0.0,0.0,0.0,0.001947,100.0,1.0,99.9979,0.999979
2018-10-28 19:15:00,2.95,2.9517,2.7491,7.5802,2.7491,2.9517,7.5802,0.0,0.000117,0.0,0.001947,100.0,1.0,99.9979,0.999979
2018-10-28 19:30:00,2.99,2.9794,2.8244,7.5043,2.8244,2.9794,7.5043,0.0,0.000109,0.0,0.001947,100.0,1.0,99.9979,0.999979
2018-10-28 19:45:00,2.95,2.9542,2.8032,7.509,2.8032,2.9542,7.509,0.0,7.6e-05,0.0,0.001947,100.0,1.0,99.9979,0.999979
2018-10-28 20:00:00,2.92,2.9286,2.7907,7.4777,2.7907,2.9286,7.4777,0.0,0.0,0.0,0.001937,100.0,1.0,99.9979,0.999979
2018-10-28 20:15:00,3.06,3.0707,2.8817,7.4735,2.8817,3.0707,7.4735,0.0,0.0,0.0,0.001937,100.0,1.0,99.9979,0.999979
2018-10-28 20:30:00,2.95,2.9316,2.8072,7.5018,2.8072,2.9316,7.5018,0.0,0.0,0.0,0.001937,100.0,1.0,99.9979,0.999979
2018-10-28 20:45:00,2.95,2.9334,2.7871,7.4727,2.7871,2.9334,7.4727,0.0,0.0,0.0,0.001937,100.0,1.0,99.9979,0.999979
2018-10-28 21:00:00,2.99,2.9617,2.8033,7.4727,2.8033,2.9617,7.4727,0.0,0.0,0.0,0.001937,100.0,1.0,99.9979,0.999979
2018-10-28 21:15:00,2.99,2.9793,2.8193,7.4856,2.8193,2.9793,7.4856,0.0,0.0,0.0,0.001937,100.0,1.0,99.9979,0.999979
2018-10-28 21:30:00,3.02,3.0017,2.8355,7.4856,2.8355,3.0017,7.4856,0.0,0.0,0.0,0.001937,100.0,1.0,99.9979,0.999979
2018-10-28 21:45:00,2.95,2.9566,2.8312,7.5007,2.8312,2.9566,7.5007,0.0,0.0,0.0,0.001937,100.0,1.0,99.9979,0.999979
2018-10-28 22:00:00,2.99,2.9794,2.8219,7.4757,2.8219,2.9794,7.4757,0.0,0.0,0.0,0.001937,100.0,1.0,99.8004,0.998004
2018-10-28 22:15:00,3.17,3.157,3.0268,7.5067,3.0268,3.157,7.5067,0.0,0.0,0.0,0.001937,45.76,0.4576,50.9406,0.509406
2018-10-28 22:30:00,3.31,3.2659,3.0821,7.5459,3.0821,3.2659,7.5459,0.0,0.0,0.0,0.001942,44.13,0.4413,43.8806,0.438806
2018-10-28 22:45:00,2.77,2.8577,2.704,7.5422,2.704,2.8577,7.5422,0.0,0.0,0.0,0.001937,47.16,0.4716,45.9431,0.459431
2018-10-28 23:00:00,3.2,3.2025,3.0476,7.5788,3.0476,3.2025,7.5788,0.0,0.0,0.0,0.001937,44.5,0.445,47.4628,0.474628
2018-10-28 23:15:00,3.13,3.0044,2.8215,7.5328,2.8215,3.0044,7.5328,0.0,0.0,0.0,0.001937,47.49,0.4749,44.3251,0.443251
2018-10-28 23:30:00,2.74,2.8286,2.6725,7.4998,2.6725,2.8286,7.4998,0.0,0.0,0.0,0.001937,49.97,0.4997,48.8788,0.488788
2018-10-28 23:45:00,2.77,2.7766,2.6437,7.4668,2.6437,2.7766,7.4668,0.0,0.0,0.0,0.001937,49.21,0.4921,47.3922,0.473922
2018-10-29 00:00:00,3.64,3.6383,3.4628,7.7936,3.4628,3.6383,7.7936,0.0,4e-06,0.0,0.00202,49.38,0.4938,48.8158,0.488158
2018-10-29 00:15:00,2.77,2.9703,2.6664,7.6623,2.6664,2.9703,7.6623,0.0,0.0,0.0,0.001973,47.66,0.4766,47.5312,0.475312
2018-10-29 00:30:00,2.77,2.7852,2.6528,7.4668,2.6528,2.7852,7.4668,0.0,0.0,0.0,0.001973,47.66,0.4766,47.2329,0.472329
2018-10-29 00:45:00,2.84,2.8448,2.7006,7.4668,2.7006,2.8448,7.4668,0.0,0.0,0.0,0.001973,48.8,0.488,48.6783,0.486783
2018-10-29 01:00:00,2.74,2.7918,2.6567,7.4668,2.6567,2.7918,7.4668,0.0,0.0,0.0,0.001973,47.47,0.4747,47.5319,0.475319
2018-10-29 01:15:00,2.81,2.8086,2.6714,7.4668,2.6714,2.8086,7.4668,0.0,0.0,0.0,0.001937,47.68,0.4768,47.4829,0.474829
2018-10-29 01:30:00,3.2,3.1643,3.0324,7.5703,3.0324,3.1643,7.5703,0.0,0.0,0.0,0.001937,45.06,0.4506,45.746,0.45746
2018-10-29 01:45:00,3.38,3.267,3.0708,7.5594,3.0708,3.267,7.5594,0.0,0.0,0.0,0.001942,46.25,0.4625,46.8174,0.468174
2018-10-29 02:00:00,2.77,2.8854,2.6023,7.5366,2.6023,2.8854,7.5366,0.0,0.0,0.0,0.001937,47.37,0.4737,47.2219,0.472219
2018-10-29 02:15:00,2.77,2.792,2.6565,7.4668,2.6565,2.792,7.4668,0.0,0.0,0.0,0.001937,47.66,0.4766,47.2375,0.472375
2018-10-29 02:30:00,3.24,3.2371,3.1049,7.6438,3.1049,3.2371,7.6438,0.0,0.0,0.0,0.001937,45.73,0.4573,46.646,0.46646
2018-10-29 02:45:00,3.38,3.2847,3.0686,7.7198,3.0686,3.2847,7.7198,0.0,0.0,0.0,0.001945,43.18,0.4318,46.6917,0.466917
2018-10-29 03:00:00,2.77,2.8921,2.607,7.5366,2.607,2.8921,7.5366,0.0,0.0,0.0,0.001937,47.16,0.4716,47.2088,0.472088
2018-10-29 03:15:00,2.81,2.8131,2.6727,7.4668,2.6727,2.8131,7.4668,0.0,0.0,0.0,0.001937,46.91,0.4691,46.8483,0.468483
2018-10-29 03:30:00,2.81,2.8129,2.6722,7.4668,2.6722,2.8129,7.4668,0.0,0.0,0.0,0.001937,47.68,0.4768,47.1801,0.471801
2018-10-29 03:45:00,2.81,2.8129,2.6722,7.4668,2.6722,2.8129,7.4668,0.0,0.0,0.0,0.001937,47.68,0.4768,47.1801,0.471801
2018-10-29 04:00:00,2.81,2.8129,2.6722,7.4668,2.6722,2.8129,7.4668,0.0,0.0,0.0,0.001937,47.9,0.479,47.2726,0.472726
2018-10-29 04:15:00,2.74,2.7701,2.6595,7.4668,2.6595,2.7701,7.4668,0.0,0.0,0.0,0.001937,46.97,0.4697,46.7583,0.467583
2018-10-29 04:30:00,2.81,2.7938,2.6714,7.4668,2.6714,2.7938,7.4668,0.0,0.0,0.0,0.001937,47.9,0.479,47.5866,0.475866
2018-10-29 04:45:00,2.77,2.764,2.6524,7.4668,2.6524,2.764,7.4668,0.0,0.0,0.0,0.001937,48.17,0.4817,47.9,0.479
2018-10-29 05:00:00,2.77,2.7647,2.6528,7.4668,2.6528,2.7647,7.4668,0.0,0.0,0.0,0.001937,47.37,0.4737,46.9055,0.469055
2018-10-29 05:15:00,3.42,3.3641,3.2254,7.8522,3.2254,3.3641,7.8522,0.0,0.0,0.0,0.001945,44.15,0.4415,47.0926,0.470926
2018-10-29 05:30:00,3.17,3.0715,2.8702,7.5625,2.8702,3.0715,7.5625,0.0,0.0,0.0,0.001937,48.47,0.4847,46.6358,0.466358
2018-10-29 05:45:00,2.74,2.8353,2.6832,7.5077,2.6832,2.8353,7.5077,0.0,0.0,0.0,0.001937,49.42,0.4942,49.5477,0.495477
2018-10-29 06:00:00,2.7,2.747,2.6127,7.4668,2.6127,2.747,7.4668,0.0,0.0,0.0,0.001937,49.1,0.491,48.8061,0.488061
2018-10-29 06:15:00,2.66,2.7057,2.5824,7.4668,2.5824,2.7057,7.4668,0.0,0.0,0.0,0.001937,48.86,0.4886,48.5994,0.485994
2018-10-29 06:30:00,2.7,2.6904,2.5746,7.4668,2.5746,2.6904,7.4668,0.0,0.0,0.0,0.001937,50.54,0.5054,49.6763,0.496763
2018-10-29 06:45:00,3.02,3.0209,2.9299,7.5614,2.9299,3.0209,7.5614,0.0,0.0,0.0,0.001937,48.06,0.4806,47.5714,0.475714
2018-10-29 07:00:00,3.28,3.2172,3.0214,7.5846,3.0214,3.2172,7.5846,0.0,0.0,0.0,0.001937,45.78,0.4578,45.8528,0.458528
2018-10-29 07:15:00,2.84,2.8547,2.6364,7.529,2.6364,2.8547,7.529,0.0,0.0,0.0,0.001937,49.39,0.4939,48.5541,0.485541
2018-10-29 07:30:00,2.92,2.8987,2.7178,7.4668,2.7178,2.8987,7.4668,0.0,0.0,0.0,0.001937,51.81,0.5181,50.9676,0.509676
2018-10-29 07:45:00,4.0,4.0278,3.7194,7.8012,3.7194,4.0278,7.8012,0.0,0.0,0.0,0.001937,54.27,0.5427,52.6843,0.526843
2018-10-29 08:00:00,3.89,3.7874,3.2901,7.806,3.2901,3.7874,7.806,0.0,0.0,0.0,0.00209,57.19,0.5719,53.3961,0.533961
2018-10-29 08:15:00,23.72,25.8194,21.3993,31.8495,21.3993,25.8194,31.8495,0.01,0.009657,0.008082,0.013057,75.8,0.758,69.9373,0.699373
2018-10-29 08:30:00,68.29,65.1083,60.4944,67.2155,60.4944,65.1083,67.2155,0.03,0.028782,0.024302,0.034955,77.88,0.7788,77.0565,0.770565
2018-10-29 08:45:00,57.96,55.3754,52.3642,63.3357,52.3642,55.3754,63.3357,0.03,0.027197,0.02171,0.031611,81.78,0.8178,74.3279,0.743279
2018-10-29 09:00:00,67.82,66.1177,55.8353,66.4593,55.8353,66.1177,66.4593,0.03,0.02824,0.024907,0.032084,94.84,0.9484,92.0085,0.920085
2018-10-29 09:15:00,107.64,104.3408,92.9787,106.7227,92.9787,104.3408,106.7227,0.05,0.041855,0.037896,0.050334,95.0,0.95,91.6101,0.916101
2018-10-29 09:30:00,101.23,98.4573,89.096,103.1229,89.096,98.4573,103.1229,0.05,0.045807,0.03815,0.051946,90.94,0.9094,89.6798,0.896798
2018-10-29 09:45:00,112.0,108.1904,101.2491,108.8155,101.2491,108.1904,108.8155,0.05,0.048865,0.042905,0.053026,94.61,0.9461,92.9384,0.929384
2018-10-29 10:00:00,93.74,88.4647,80.1125,94.0441,80.1125,88.4647,94.0441,0.04,0.040483,0.033116,0.043155,95.14,0.9514,92.6588,0.926588
2018-10-29 10:15:00,94.93,96.2926,88.9299,97.8119,88.9299,96.2926,97.8119,0.04,0.044505,0.038443,0.044925,92.92,0.9292,91.6347,0.916347
2018-10-29 10:30:00,113.51,110.411,103.2028,114.6486,103.2028,110.411,114.6486,0.05,0.051219,0.04578,0.055272,93.15,0.9315,91.9812,0.919812
2018-10-29 10:45:00,78.44,71.6621,64.8613,78.2904,64.8613,71.6621,78.2904,0.04,0.032011,0.026241,0.039827,95.3,0.953,92.2836,0.922836
2018-10-29 11:00:00,111.2,105.5137,99.0626,111.8692,99.0626,105.5137,111.8692,0.05,0.050622,0.04349,0.052969,94.88,0.9488,93.4114,0.934114
2018-10-29 11:15:00,90.83,83.7344,76.7971,91.2114,76.7971,83.7344,91.2114,0.04,0.040533,0.033321,0.041391,94.32,0.9432,91.5469,0.915469
2018-10-29 11:30:00,107.93,102.6254,93.8498,107.7422,93.8498,102.6254,107.7422,0.05,0.049316,0.041074,0.052994,94.92,0.9492,93.1984,0.931984
2018-10-29 11:45:00,88.42,81.6625,75.9625,88.9254,75.9625,81.6625,88.9254,0.04,0.038384,0.033189,0.041168,94.87,0.9487,91.8305,0.918305
2018-10-29 12:00:00,87.3,82.2737,72.9221,87.0785,72.9221,82.2737,87.0785,0.04,0.038265,0.031154,0.040051,95.3,0.953,93.3244,0.933244
2018-10-29 12:15:00,5.33,4.5528,3.0475,18.5329,4.5528,3.0475,18.5329,0.0,0.0,0.0,0.005572,100.0,1.0,99.8156,0.998156
2018-10-29 12:30:00,6.01,6.1761,5.2092,10.6486,5.2092,6.1761,10.6486,0.0,3e-06,0.0,0.002017,100.0,1.0,99.9628,0.999628
2018-10-29 12:45:00,6.01,5.812,5.4317,9.6765,5.4317,5.812,9.6765,0.0,1.4e-05,0.0,0.002055,100.0,1.0,99.9655,0.999655
2018-10-29 13:00:00,5.29,5.0774,4.8602,9.5939,4.8602,5.0774,9.5939,0.0,1.4e-05,0.0,0.002074,100.0,1.0,99.9974,0.999974
2018-10-29 13:15:00,61.56,60.5502,54.821,65.9602,54.821,60.5502,65.9602,0.03,0.029775,0.023093,0.033787,94.1,0.941,92.524,0.92524
2018-10-29 13:30:00,89.46,87.6315,76.9244,90.0344,76.9244,87.6315,90.0344,0.04,0.037566,0.032005,0.041055,93.56,0.9356,90.6617,0.906617
2018-10-29 13:45:00,101.48,94.4822,84.6231,98.4835,84.6231,94.4822,98.4835,0.05,0.043755,0.03609,0.048936,95.02,0.9502,92.9882,0.929882
2018-10-29 14:00:00,87.98,83.5114,72.6408,89.9495,72.6408,83.5114,89.9495,0.04,0.038582,0.031857,0.042598,94.5,0.945,92.2386,0.922386
2018-10-29 14:15:00,118.15,112.7891,105.8136,117.6141,105.8136,112.7891,117.6141,0.05,0.051299,0.046113,0.055419,93.02,0.9302,91.3135,0.913135
2018-10-29 14:30:00,83.16,72.225,67.4196,80.6918,67.4196,72.225,80.6918,0.04,0.034744,0.026361,0.040456,95.05,0.9505,91.8692,0.918692
2018-10-29 14:45:00,77.33,72.3716,66.7086,83.6513,66.7086,72.3716,83.6513,0.04,0.033627,0.028459,0.04003,94.34,0.9434,92.2888,0.922888
2018-10-29 15:00:00,83.48,91.6451,82.0087,96.133,82.0087,91.6451,96.133,0.04,0.039659,0.035921,0.045461,90.23,0.9023,90.3617,0.903617
2018-10-29 15:15:00,109.15,107.825,100.5704,110.8912,100.5704,107.825,110.8912,0.05,0.049823,0.04464,0.0516,91.95,0.9195,91.0649,0.910649
2018-10-29 15:30:00,88.96,90.3364,81.4479,92.5596,81.4479,90.3364,92.5596,0.04,0.040882,0.03656,0.043103,92.1,0.921,90.9908,0.909908
2018-10-29 15:45:00,111.31,109.831,103.031,112.3936,103.031,109.831,112.3936,0.05,0.050887,0.044916,0.054964,91.77,0.9177,90.8469,0.908469
2018-10-29 16:00:00,115.24,112.8938,106.0313,114.0668,106.0313,112.8938,114.0668,0.05,0.051603,0.043907,0.056708,91.41,0.9141,89.8646,0.898646
2018-10-29 16:15:00,73.76,68.1703,63.3582,76.687,63.3582,68.1703,76.687,0.03,0.030648,0.025903,0.037968,92.42,0.9242,91.3827,0.913827
2018-10-29 16:30:00,134.6,130.9716,113.0444,133.1041,113.0444,130.9716,133.1041,0.06,0.059098,0.046195,0.062721,89.72,0.8972,88.5803,0.885803
2018-10-29 16:45:00,101.27,97.9307,87.4879,100.4369,87.4879,97.9307,100.4369,0.05,0.043133,0.035004,0.04776,90.5,0.905,89.1136,0.891136
2018-10-29 17:00:00,75.06,80.5103,75.6795,90.4716,75.6795,80.5103,90.4716,0.03,0.038411,0.0337,0.043272,85.93,0.8593,89.2925,0.892925
2018-10-29 17:15:00,55.58,57.5648,52.4206,66.843,52.4206,57.5648,66.843,0.03,0.023071,0.022204,0.033022,90.18,0.9018,90.8765,0.908765
2018-10-29 17:30:00,59.94,60.2278,55.1176,66.1099,55.1176,60.2278,66.1099,0.03,0.026811,0.023985,0.033665,91.01,0.9101,92.0376,0.920376
2018-10-29 17:45:00,31.39,33.382,27.3616,39.2743,27.3616,33.382,39.2743,0.01,0.018891,0.008476,0.020681,99.97,0.9997,100.0934,1.000934
2018-10-29 18:00:00,30.64,30.428,29.232,38.4339,29.232,30.428,38.4339,0.01,0.013865,0.008776,0.015545,98.32,0.9832,97.8192,0.978192
2018-10-29 18:15:00,47.38,47.9897,43.2503,49.9526,43.2503,47.9897,49.9526,0.02,0.020056,0.018246,0.027204,84.79,0.8479,86.4837,0.864837
2018-10-29 18:30:00,59.18,58.8412,54.6818,62.7862,54.6818,58.8412,62.7862,0.03,0.028067,0.022502,0.0315,86.4,0.864,85.1421,0.851421
2018-10-29 18:45:00,72.43,71.1765,66.6983,75.0722,66.6983,71.1765,75.0722,0.03,0.031435,0.029267,0.036924,84.35,0.8435,83.5126,0.835126
2018-10-29 19:00:00,49.72,51.1875,47.3126,56.9969,47.3126,51.1875,56.9969,0.02,0.021824,0.019835,0.02936,90.2,0.902,90.927,0.909269
2018-10-29 19:15:00,47.77,47.4708,45.1588,52.8486,45.1588,47.4708,52.8486,0.02,0.020002,0.019054,0.026536,91.25,0.9125,91.4338,0.914338
2018-10-29 19:30:00,54.86,53.9232,50.9025,58.7244,50.9025,53.9232,58.7244,0.03,0.021025,0.020783,0.029907,89.7,0.897,89.3166,0.893166
2018-10-29 19:45:00,57.82,57.2446,52.0468,59.4902,52.0468,57.2446,59.4902,0.03,0.024368,0.021927,0.030594,89.4,0.894,88.4906,0.884906
2018-10-29 20:00:00,52.02,50.7423,46.3692,54.0598,46.3692,50.7423,54.0598,0.02,0.020162,0.018932,0.028049,91.29,0.9129,90.4386,0.904386
2018-10-29 20:15:00,61.02,61.2532,54.562,62.3193,54.562,61.2532,62.3193,0.03,0.026928,0.024976,0.031336,89.2,0.892,87.6981,0.876981
2018-10-29 20:30:00,57.42,55.4076,50.4612,57.7838,50.4612,55.4076,57.7838,0.03,0.024319,0.021373,0.029477,91.25,0.9125,89.8049,0.898049
2018-10-29 20:45:00,48.82,48.0716,45.1906,51.9478,45.1906,48.0716,51.9478,0.02,0.02004,0.019016,0.026763,91.7,0.917,91.4215,0.914215
2018-10-29 21:00:00,31.5,31.6293,29.3095,37.0333,29.3095,31.6293,37.0333,0.01,0.018231,0.008983,0.019851,99.26,0.9926,98.3617,0.983616
2018-10-29 21:15:00,22.75,26.2071,23.5096,30.3141,23.5096,26.2071,30.3141,0.01,0.014093,0.0078,0.016951,99.96,0.9996,99.9608,0.999608
2018-10-29 21:30:00,4.03,4.5145,3.8394,11.7982,3.8394,4.5145,11.7982,0.0,0.0,0.0,0.002457,100.0,1.0,99.9913,0.999913
2018-10-29 21:45:00,4.0,3.9795,3.7611,8.6449,3.7611,3.9795,8.6449,0.0,0.0,0.0,0.00201,100.0,1.0,99.9969,0.999969
2018-10-29 22:00:00,4.0,3.9534,3.7592,8.2124,3.7592,3.9534,8.2124,0.0,0.0,0.0,0.001935,100.0,1.0,99.9688,0.999688
2018-10-29 22:15:00,3.64,5.5014,3.5249,8.5973,3.5249,5.5014,8.5973,0.0,0.002456,0.0,0.009576,52.7,0.527,63.2858,0.632858
2018-10-29 22:30:00,3.6,3.5361,3.3858,7.8703,3.3858,3.5361,7.8703,0.0,0.0,0.0,0.001937,53.27,0.5327,48.251,0.48251
2018-10-29 22:45:00,3.89,3.8926,3.5177,7.9622,3.5177,3.8926,7.9622,0.0,7e-05,0.0,0.001937,56.71,0.5671,48.8096,0.488096
2018-10-29 23:00:00,4.68,4.4741,3.9899,8.2629,3.9899,4.4741,8.2629,0.0,0.0,0.0,0.001937,64.74,0.6474,53.139,0.53139
2018-10-29 23:15:00,4.46,4.3979,3.9075,8.4973,3.9075,4.3979,8.4973,0.0,0.001973,0.0,0.002198,65.25,0.6525,53.7219,0.537219
2018-10-29 23:30:00,3.64,3.853,3.2531,8.4389,3.2531,3.853,8.4389,0.0,0.001973,0.0,0.002243,50.03,0.5003,52.05,0.5205
2018-10-29 23:45:00,3.67,3.686,3.4331,7.9359,3.4331,3.686,7.9359,0.0,0.0,0.0,0.001973,49.69,0.4969,48.3549,0.483549
2018-10-30 00:00:00,3.67,3.6977,3.4376,7.9484,3.4376,3.6977,7.9484,0.0,0.0,0.0,0.002055,49.69,0.4969,52.2125,0.522125
2018-10-30 00:15:00,3.6,3.5617,3.4159,7.8812,3.4159,3.5617,7.8812,0.0,0.0,0.0,0.001937,48.79,0.4879,49.5531,0.495531
2018-10-30 00:30:00,3.67,3.664,3.4605,7.9809,3.4605,3.664,7.9809,0.0,0.0,0.0,0.001945,46.7,0.467,49.409,0.49409
2018-10-30 00:45:00,3.71,3.671,3.4774,8.0006,3.4774,3.671,8.0006,0.0,0.0,0.0,0.001945,47.46,0.4746,48.775,0.48775
2018-10-30 01:00:00,3.67,3.6062,3.4342,7.8851,3.4342,3.6062,7.8851,0.0,0.0,0.0,0.001942,48.26,0.4826,48.158,0.48158
2018-10-30 01:15:00,3.64,3.592,3.4342,7.8721,3.4342,3.592,7.8721,0.0,0.0,0.0,0.001942,46.98,0.4698,47.7604,0.477604
2018-10-30 01:30:00,3.67,3.605,3.4306,7.9908,3.4306,3.605,7.9908,0.0,0.0,0.0,0.001945,47.07,0.4707,48.9578,0.489578
2018-10-30 01:45:00,3.71,3.671,3.4774,8.0006,3.4774,3.671,8.0006,0.0,0.0,0.0,0.001945,46.16,0.4616,48.9578,0.489578
2018-10-30 02:00:00,3.71,3.6336,3.4595,7.8851,3.4595,3.6336,7.8851,0.0,0.0,0.0,0.001942,48.28,0.4828,48.3846,0.483846
2018-10-30 02:15:00,3.67,3.6062,3.4342,8.0137,3.4342,3.6062,8.0137,0.0,0.0,0.0,0.001945,45.97,0.4597,48.0438,0.480438
2018-10-30 02:30:00,3.6,3.5617,3.4375,7.876,3.4375,3.5617,7.876,0.0,0.0,0.0,0.001937,50.03,0.5003,48.3779,0.483779
2018-10-30 02:45:00,3.6,3.5622,3.4127,7.8513,3.4127,3.5622,7.8513,0.0,0.0,0.0,0.001937,53.0,0.53,50.1856,0.501856
2018-10-30 03:00:00,3.2,3.2802,3.117,7.8251,3.117,3.2802,7.8251,0.0,0.0,0.0,0.001937,55.55,0.5555,53.2448,0.532448
2018-10-30 03:15:00,2.99,3.1074,2.9383,7.6347,2.9383,3.1074,7.6347,0.0,0.0,0.0,0.001937,56.91,0.5691,55.6445,0.556445
2018-10-30 03:30:00,2.88,2.9254,2.8028,7.4939,2.8028,2.9254,7.4939,0.0,0.0,0.0,0.001937,58.14,0.5814,56.6078,0.566078
2018-10-30 03:45:00,2.88,2.8736,2.7387,7.4713,2.7387,2.8736,7.4713,0.0,0.0,0.0,0.001937,57.11,0.5711,55.3302,0.553302
2018-10-30 04:00:00,2.92,2.902,2.7549,7.4694,2.7549,2.902,7.4694,0.0,0.0,0.0,0.001937,58.67,0.5867,56.503,0.56503
2018-10-30 04:15:00,2.88,2.8825,2.7481,7.4694,2.7481,2.8825,7.4694,0.0,0.0,0.0,0.001937,57.76,0.5776,56.1683,0.561683
2018-10-30 04:30:00,3.2,3.2033,3.0794,7.564,3.0794,3.2033,7.564,0.0,0.0,0.0,0.001937,55.87,0.5587,53.989,0.53989
2018-10-30 04:45:00,3.56,3.4698,3.2388,7.6187,3.2388,3.4698,7.6187,0.0,0.0,0.0,0.001937,53.79,0.5379,51.8248,0.518248
2018-10-30 05:00:00,2.95,3.0041,2.7336,7.6045,2.7336,3.0041,7.6045,0.0,0.0,0.0,0.001937,59.07,0.5907,57.1617,0.571617
2018-10-30 05:15:00,2.84,2.8661,2.7539,7.4746,2.7539,2.8661,7.4746,0.0,0.0,0.0,0.001937,59.36,0.5936,58.1486,0.581486
2018-10-30 05:30:00,2.84,2.8447,2.717,7.4668,2.717,2.8447,7.4668,0.0,0.0,0.0,0.001937,60.07,0.6007,57.5493,0.575493
2018-10-30 05:45:00,2.88,2.873,2.7332,7.4668,2.7332,2.873,7.4668,0.0,0.0,0.0,0.001937,59.9,0.599,57.6225,0.576225
2018-10-30 06:00:00,2.88,2.8628,2.7219,7.4668,2.7219,2.8628,7.4668,0.0,0.0,0.0,0.001937,61.32,0.6132,58.5288,0.585288
2018-10-30 06:15:00,2.81,2.8177,2.6975,7.4668,2.6975,2.8177,7.4668,0.0,0.0,0.0,0.001937,60.38,0.6038,58.1234,0.581234
2018-10-30 06:30:00,2.81,2.8129,2.6823,7.4668,2.6823,2.8129,7.4668,0.0,0.0,0.0,0.001937,60.79,0.6079,58.1,0.581
2018-10-30 06:45:00,2.84,2.8296,2.7029,7.4668,2.7029,2.8296,7.4668,0.0,0.0,0.0,0.001937,56.94,0.5694,55.553,0.55553
2018-10-30 07:00:00,2.92,2.8997,2.754,7.4668,2.754,2.8997,7.4668,0.0,0.0,0.0,0.001937,53.26,0.5326,52.664,0.52664
2018-10-30 07:15:00,3.53,3.4975,3.2755,7.691,3.2755,3.4975,7.691,0.0,0.0,0.0,0.001937,50.21,0.5021,49.0295,0.490295
2018-10-30 07:30:00,3.78,3.6532,3.3372,7.6851,3.3372,3.6532,7.6851,0.0,0.0,0.0,0.001937,55.61,0.5561,52.6249,0.526249
2018-10-30 07:45:00,4.5,4.2518,3.811,8.0211,3.811,4.2518,8.0211,0.0,0.0,0.0,0.001973,63.53,0.6353,59.156,0.59156
2018-10-30 08:00:00,5.15,4.8112,4.2706,8.5381,4.2706,4.8112,8.5381,0.0,0.002119,0.0,0.002379,73.72,0.7372,64.8048,0.648048
2018-10-30 08:15:00,26.35,28.4128,24.5689,33.704,24.5689,28.4128,33.704,0.01,0.013359,0.009396,0.014076,76.98,0.7698,74.5456,0.745456
2018-10-30 08:30:00,66.46,65.321,58.2596,65.4577,58.2596,65.321,65.4577,0.03,0.031436,0.025754,0.033845,75.79,0.7579,76.712,0.767121
2018-10-30 08:45:00,54.22,52.9053,50.0715,61.0682,50.0715,52.9053,61.0682,0.02,0.025847,0.020429,0.029881,78.94,0.7894,77.0256,0.770256
2018-10-30 09:00:00,75.49,74.0219,70.416,79.3551,70.416,74.0219,79.3551,0.03,0.032559,0.029938,0.039801,85.84,0.8584,84.91,0.8491
2018-10-30 09:15:00,68.36,64.0452,57.2371,70.7898,57.2371,64.0452,70.7898,0.03,0.033061,0.023756,0.035694,88.58,0.8858,87.4947,0.874947
2018-10-30 09:30:00,63.25,61.1431,55.529,65.3034,55.529,61.1431,65.3034,0.03,0.029575,0.022871,0.032255,88.3,0.883,87.0772,0.870772
2018-10-30 09:45:00,66.02,65.0292,60.5965,66.0197,60.5965,65.0292,66.0197,0.03,0.02987,0.02509,0.031879,87.67,0.8767,86.8744,0.868744
2018-10-30 10:00:00,59.76,58.7403,51.8994,61.8335,51.8994,58.7403,61.8335,0.03,0.029368,0.021925,0.031251,88.79,0.8879,88.1378,0.881378
2018-10-30 10:15:00,55.55,54.0907,50.3152,56.1264,50.3152,54.0907,56.1264,0.03,0.023864,0.020642,0.029414,90.31,0.9031,89.4672,0.894672
2018-10-30 10:30:00,74.3,72.933,67.685,74.5058,67.685,72.933,74.5058,0.03,0.030901,0.028732,0.038471,86.08,0.8608,84.9418,0.849418
2018-10-30 10:45:00,64.51,62.6675,56.0551,66.848,56.0551,62.6675,66.848,0.03,0.0274,0.022447,0.034363,87.59,0.8759,87.1042,0.871042
2018-10-30 11:00:00,65.77,64.8579,60.1064,66.9196,60.1064,64.8579,66.9196,0.03,0.030452,0.025011,0.032285,86.52,0.8652,85.7364,0.857364
2018-10-30 11:15:00,61.31,60.2192,53.9821,63.4941,53.9821,60.2192,63.4941,0.03,0.029653,0.022347,0.031949,87.7,0.877,86.4496,0.864496
2018-10-30 11:30:00,69.91,66.5208,62.483,71.1362,62.483,66.5208,71.1362,0.03,0.031229,0.027128,0.033569,86.47,0.8647,85.2742,0.852742
2018-10-30 11:45:00,61.16,59.8323,53.7082,62.9645,53.7082,59.8323,62.9645,0.03,0.027426,0.021769,0.032374,86.88,0.8688,85.7669,0.857669
2018-10-30 12:00:00,48.74,47.2014,42.2973,51.9497,42.2973,47.2014,51.9497,0.02,0.020606,0.017969,0.025195,92.53,0.9253,90.6771,0.906771
2018-10-30 12:15:00,4.97,4.2871,3.6055,14.4912,4.2871,3.6055,14.4912,0.0,0.0,0.0,0.0047,100.0,1.0,99.9098,0.999098
2018-10-30 12:30:00,4.93,4.8334,4.5939,9.3266,4.5939,4.8334,9.3266,0.0,0.0,0.0,0.002035,100.0,1.0,99.9629,0.999629
2018-10-30 12:45:00,4.61,4.5476,4.4174,9.0329,4.4174,4.5476,9.0329,0.0,0.0,0.0,0.002001,100.0,1.0,99.963,0.99963
2018-10-30 13:00:00,5.62,5.5876,5.1168,9.3299,5.1168,5.5876,9.3299,0.0,0.0,0.0,0.001969,100.0,1.0,99.9823,0.999823
2018-10-30 13:15:00,34.31,35.1985,32.1051,42.2643,32.1051,35.1985,42.2643,0.02,0.019943,0.015419,0.021097,93.67,0.9367,93.802,0.93802
2018-10-30 13:30:00,65.09,61.9057,53.1287,70.1403,53.1287,61.9057,70.1403,0.03,0.030322,0.026371,0.032753,87.26,0.8726,86.9251,0.869251
2018-10-30 13:45:00,57.46,54.5041,49.0957,59.2364,49.0957,54.5041,59.2364,0.03,0.027143,0.020144,0.030101,88.52,0.8852,87.3291,0.873291
2018-10-30 14:00:00,63.5,62.8831,59.1492,66.4361,59.1492,62.8831,66.4361,0.03,0.029562,0.025179,0.031409,86.36,0.8636,85.8985,0.858985
2018-10-30 14:15:00,65.02,65.6004,59.6644,66.3407,59.6644,65.6004,66.3407,0.03,0.030057,0.024984,0.0314,86.68,0.8668,85.8466,0.858466
2018-10-30 14:30:00,61.63,59.6659,55.6248,63.3857,55.6248,59.6659,63.3857,0.03,0.029565,0.02333,0.030921,86.68,0.8668,85.3442,0.853442
2018-10-30 14:45:00,59.08,57.678,54.9954,60.5113,54.9954,57.678,60.5113,0.03,0.029303,0.023349,0.030146,87.68,0.8768,87.2258,0.872258
2018-10-30 15:00:00,59.76,58.7566,54.4213,60.2234,54.4213,58.7566,60.2234,0.03,0.024516,0.023522,0.030074,89.98,0.8998,88.5762,0.885762
2018-10-30 15:15:00,54.4,51.8124,48.6993,55.5699,48.6993,51.8124,55.5699,0.02,0.021181,0.019671,0.028489,91.37,0.9137,90.4932,0.904932
2018-10-30 15:30:00,57.78,57.3003,53.3957,59.1341,53.3957,57.3003,59.1341,0.03,0.024631,0.023097,0.030258,87.6,0.876,87.2116,0.872116
2018-10-30 15:45:00,59.9,59.0311,56.1419,62.2127,56.1419,59.0311,62.2127,0.03,0.029626,0.023615,0.030526,86.08,0.8608,85.8256,0.858256
2018-10-30 16:00:00,54.97,53.2933,49.8176,57.2482,49.8176,53.2933,57.2482,0.03,0.02114,0.020946,0.029543,86.84,0.8684,87.0878,0.870878
2018-10-30 16:15:00,70.16,68.8912,63.5387,70.9761,63.5387,68.8912,70.9761,0.03,0.030591,0.028118,0.035352,87.37,0.8737,86.0045,0.860045
2018-10-30 16:30:00,68.98,67.98,62.1538,70.936,62.1538,67.98,70.936,0.03,0.029936,0.02519,0.0339,88.84,0.8884,86.7593,0.867592
2018-10-30 16:45:00,57.85,57.6935,51.9667,59.8268,51.9667,57.6935,59.8268,0.03,0.02667,0.02094,0.030581,89.19,0.8919,88.2936,0.882936
2018-10-30 17:00:00,46.3,46.6019,41.7126,51.0738,41.7126,46.6019,51.0738,0.02,0.02013,0.018539,0.024775,93.13,0.9313,93.0782,0.930782
2018-10-30 17:15:00,61.52,60.3073,56.3334,61.8476,56.3334,60.3073,61.8476,0.03,0.02434,0.023073,0.030828,92.25,0.9225,90.2318,0.902318
2018-10-30 17:30:00,41.8,40.7121,36.8141,49.5546,36.8141,40.7121,49.5546,0.02,0.019937,0.014156,0.023441,97.37,0.9737,97.5904,0.975904
2018-10-30 17:45:00,30.1,30.5956,29.2452,34.8899,29.2452,30.5956,34.8899,0.01,0.017687,0.010283,0.019847,99.99,0.9999,99.8539,0.998539
2018-10-30 18:00:00,30.89,30.9219,28.6734,34.9916,28.6734,30.9219,34.9916,0.01,0.012297,0.0097,0.014523,98.94,0.9894,97.6146,0.976146
2018-10-30 18:15:00,36.29,38.2847,34.524,42.7513,34.524,38.2847,42.7513,0.02,0.019905,0.013521,0.021098,92.15,0.9215,91.8703,0.918703
2018-10-30 18:30:00,45.14,44.6859,39.5548,48.0958,39.5548,44.6859,48.0958,0.02,0.020021,0.016935,0.023112,89.64,0.8964,89.7571,0.897571
2018-10-30 18:45:00,67.61,66.348,58.8222,69.5014,58.8222,66.348,69.5014,0.03,0.029513,0.025604,0.034137,89.02,0.8902,86.0041,0.860041
2018-10-30 19:00:00,55.66,53.39,48.2344,58.0864,48.2344,53.39,58.0864,0.03,0.023436,0.018905,0.029173,93.06,0.9306,91.246,0.91246
2018-10-30 19:15:00,52.27,51.2288,46.8617,54.8369,46.8617,51.2288,54.8369,0.02,0.021531,0.018769,0.02923,91.34,0.9134,90.4915,0.904915
2018-10-30 19:30:00,52.6,51.5973,48.6892,54.2151,48.6892,51.5973,54.2151,0.02,0.020013,0.019151,0.028318,90.06,0.9006,89.3627,0.893627
2018-10-30 19:45:00,59.36,59.9905,53.4501,60.5066,53.4501,59.9905,60.5066,0.03,0.028287,0.023149,0.030275,91.46,0.9146,89.7989,0.897989
2018-10-30 20:00:00,59.08,57.8468,51.9356,58.7204,51.9356,57.8468,58.7204,0.03,0.023004,0.022006,0.02961,92.72,0.9272,90.6648,0.906648
2018-10-30 20:15:00,51.16,50.2195,46.2118,53.2562,46.2118,50.2195,53.2562,0.02,0.020217,0.018967,0.027205,91.56,0.9156,91.0454,0.910454
2018-10-30 20:30:00,113.98,116.0916,93.9038,121.3819,93.9038,116.0916,121.3819,0.05,0.053317,0.038954,0.054767,87.87,0.8787,86.6835,0.866835
2018-10-30 20:45:00,110.09,107.5783,95.2177,108.2853,95.2177,108.2853,107.5783,0.05,0.049869,0.041214,0.054414,90.87,0.9087,89.3412,0.893412
2018-10-30 21:00:00,63.4,57.4079,54.2457,68.3045,54.2457,57.4079,68.3045,0.03,0.029062,0.022102,0.035795,94.02,0.9402,95.1006,0.951006
2018-10-30 21:15:00,4.64,4.8173,4.7261,18.1993,4.7261,4.8173,18.1993,0.0,0.0,0.0,0.006382,100.0,1.0,99.9471,0.999471
2018-10-30 21:30:00,4.43,4.278,4.2214,10.0463,4.2214,4.278,10.0463,0.0,0.0,0.0,0.00199,100.0,1.0,100.0146,1.000146
2018-10-30 21:45:00,4.03,3.8533,3.8035,9.6028,3.8035,3.8533,9.6028,0.0,0.0,0.0,0.001935,100.0,1.0,99.9979,0.999979
2018-10-30 22:00:00,4.07,4.0753,3.8032,8.3891,3.8032,4.0753,8.3891,0.0,0.0,0.0,0.001973,100.0,1.0,99.9698,0.999698
2018-10-30 22:15:00,3.85,5.7226,3.6928,8.6654,3.6928,5.7226,8.6654,0.0,0.002617,0.0,0.009175,49.82,0.4982,66.5252,0.665252
2018-10-30 22:30:00,3.82,3.7716,3.5997,8.5754,3.5997,3.7716,8.5754,0.0,0.001978,0.0,0.005169,47.23,0.4723,49.3358,0.493358
2018-10-30 22:45:00,4.0,3.934,3.7149,7.9362,3.7149,3.934,7.9362,0.0,0.0,0.0,0.001937,55.41,0.5541,49.7385,0.497385
2018-10-30 23:00:00,4.54,4.3233,3.9064,8.1937,3.9064,4.3233,8.1937,0.0,0.0,0.0,0.001937,64.84,0.6484,54.3692,0.543692
2018-10-30 23:15:00,3.56,3.7282,3.4196,8.5066,3.4196,3.7282,8.5066,0.0,0.001937,0.0,0.002135,55.33,0.5533,52.8277,0.528277
2018-10-30 23:30:00,3.71,3.7182,3.4704,7.853,3.4704,3.7182,7.853,0.0,0.0,0.0,0.001973,52.28,0.5228,48.3056,0.483056
2018-10-30 23:45:00,3.56,3.527,3.387,7.9181,3.387,3.527,7.9181,0.0,0.0,0.0,0.001973,49.86,0.4986,47.3234,0.473234
2018-10-31 00:00:00,3.85,3.8472,3.4904,7.9194,3.4904,3.8472,7.9194,0.0,0.0,0.0,0.002055,58.84,0.5884,57.3039,0.573039
2018-10-31 00:15:00,3.64,3.5356,3.3988,7.9142,3.3988,3.5356,7.9142,0.0,0.0,0.0,0.001937,51.37,0.5137,52.3508,0.523508
2018-10-31 00:30:00,3.6,3.5398,3.3897,7.8612,3.3897,3.5398,7.8612,0.0,0.0,0.0,0.001937,54.7,0.547,51.8148,0.518148
2018-10-31 00:45:00,3.67,3.664,3.4629,7.8513,3.4629,3.664,7.8513,0.0,0.0,0.0,0.001937,53.47,0.5347,52.1011,0.521011
2018-10-31 01:00:00,3.56,3.5341,3.4099,7.871,3.4099,3.5341,7.871,0.0,0.0,0.0,0.001937,53.04,0.5304,50.571,0.50571
2018-10-31 01:15:00,3.6,3.5673,3.4022,7.8009,3.4022,3.5673,7.8009,0.0,0.0,0.0,0.001937,53.94,0.5394,51.463,0.51463
2018-10-31 01:30:00,3.6,3.5622,3.4151,7.8513,3.4151,3.5622,7.8513,0.0,0.0,0.0,0.001937,52.54,0.5254,50.0807,0.500807
2018-10-31 01:45:00,3.6,3.5622,3.4151,7.8513,3.4151,3.5622,7.8513,0.0,0.0,0.0,0.001937,53.0,0.53,50.3272,0.503272
2018-10-31 02:00:00,4.07,4.0155,3.6204,8.0426,3.6204,4.0155,8.0426,0.0,0.0,0.0,0.001937,58.18,0.5818,54.3825,0.543825
2018-10-31 02:15:00,4.72,4.3725,3.9144,8.2666,3.9144,4.3725,8.2666,0.0,0.0,0.0,0.001937,62.47,0.6247,55.5123,0.555123
2018-10-31 02:30:00,3.64,3.7214,3.3667,8.6951,3.3667,3.7214,8.6951,0.0,0.001973,0.0,0.002578,53.16,0.5316,54.8411,0.548411
2018-10-31 02:45:00,3.6,3.5561,3.3931,7.896,3.3931,3.5561,7.896,0.0,0.0,0.0,0.001973,51.58,0.5158,50.6255,0.506255
2018-10-31 03:00:00,3.6,3.5785,3.4185,7.8861,3.4185,3.5785,7.8861,0.0,0.0,0.0,0.001973,51.58,0.5158,49.6315,0.496315
2018-10-31 03:15:00,3.64,3.6164,3.4364,7.8604,3.4364,3.6164,7.8604,0.0,0.0,0.0,0.001973,52.51,0.5251,50.647,0.50647
2018-10-31 03:30:00,3.38,3.3799,3.2404,7.846,3.2404,3.3799,7.846,0.0,0.0,0.0,0.001937,52.08,0.5208,49.9974,0.499973
2018-10-31 03:45:00,2.99,3.1167,2.9359,7.684,2.9359,3.1167,7.684,0.0,0.0,0.0,0.001937,56.91,0.5691,55.7586,0.557586
2018-10-31 04:00:00,2.95,2.9542,2.8212,7.4939,2.8212,2.9542,7.4939,0.0,0.0,0.0,0.001937,57.39,0.5739,55.8001,0.558001
2018-10-31 04:15:00,2.95,2.9511,2.8126,7.4777,2.8126,2.9511,7.4777,0.0,0.0,0.0,0.001937,57.39,0.5739,55.8241,0.558241
2018-10-31 04:30:00,3.02,3.0111,2.8566,7.4777,2.8566,3.0111,7.4777,0.0,0.0,0.0,0.001937,59.97,0.5997,57.5287,0.575287
2018-10-31 04:45:00,2.95,2.9566,2.837,7.5007,2.837,2.9566,7.5007,0.0,0.0,0.0,0.001937,58.69,0.5869,56.9211,0.569211
2018-10-31 05:00:00,2.92,2.9286,2.7965,7.4757,2.7965,2.9286,7.4757,0.0,0.0,0.0,0.001937,60.43,0.6043,58.3783,0.583783
2018-10-31 05:15:00,2.88,2.8958,2.7584,7.4694,2.7584,2.8958,7.4694,0.0,0.0,0.0,0.001937,59.9,0.599,57.7066,0.577066
2018-10-31 05:30:00,2.92,2.902,2.7607,7.4694,2.7607,2.902,7.4694,0.0,0.0,0.0,0.001937,61.13,0.6113,57.7274,0.577274
2018-10-31 05:45:00,3.38,3.3656,3.1729,7.5963,3.1729,3.3656,7.5963,0.0,0.0,0.0,0.001937,58.22,0.5822,55.2307,0.552307
2018-10-31 06:00:00,3.53,3.4167,3.1805,7.5728,3.1805,3.4167,7.5728,0.0,0.0,0.0,0.001937,55.22,0.5522,52.061,0.52061
2018-10-31 06:15:00,2.88,3.0041,2.7116,7.5969,2.7116,3.0041,7.5969,0.0,0.0,0.0,0.001937,60.2,0.602,58.8635,0.588635
2018-10-31 06:30:00,2.84,2.8485,2.7284,7.4713,2.7284,2.8485,7.4713,0.0,0.0,0.0,0.001937,60.07,0.6007,57.5807,0.575807
2018-10-31 06:45:00,2.84,2.8564,2.7228,7.4702,2.7228,2.8564,7.4702,0.0,0.0,0.0,0.001937,60.07,0.6007,57.4786,0.574787
2018-10-31 07:00:00,3.42,3.3614,3.2108,7.6383,3.2108,3.3614,7.6383,0.0,0.0,0.0,0.001937,58.11,0.5811,55.303,0.55303
2018-10-31 07:15:00,3.28,3.1409,2.9848,7.5729,2.9848,3.1409,7.5729,0.0,0.0,0.0,0.001937,59.51,0.5951,56.0881,0.560881
2018-10-31 07:30:00,2.95,2.9571,2.7664,7.5343,2.7664,2.9571,7.5343,0.0,0.0,0.0,0.001937,63.81,0.6381,61.8286,0.618286
2018-10-31 07:45:00,4.39,4.5023,4.0509,7.9104,4.0509,4.5023,7.9104,0.0,0.0,0.0,0.001933,57.85,0.5785,55.4676,0.554676
2018-10-31 08:00:00,4.25,4.0247,3.74,8.1541,3.74,4.0247,8.1541,0.0,0.002119,0.0,0.002424,57.93,0.5793,54.4823,0.544823
2018-10-31 08:15:00,27.79,27.5836,23.5548,32.9165,23.5548,27.5836,32.9165,0.01,0.011556,0.009177,0.013744,78.86,0.7886,70.9112,0.709112
2018-10-31 08:30:00,59.0,54.8825,46.6351,59.5489,46.6351,54.8825,59.5489,0.03,0.025013,0.023131,0.029755,75.32,0.7532,74.5502,0.745502
2018-10-31 08:45:00,115.56,114.5801,99.8349,118.2939,99.8349,114.5801,118.2939,0.05,0.052711,0.040845,0.058541,84.76,0.8476,81.5542,0.815542
2018-10-31 09:00:00,139.43,133.6606,112.9385,136.4163,112.9385,133.6606,136.4163,0.06,0.059507,0.048761,0.065035,88.3,0.883,87.7273,0.877273
2018-10-31 09:15:00,105.88,101.9289,88.2652,102.5559,88.2652,102.5559,101.9289,0.05,0.044279,0.035335,0.050753,89.8,0.898,88.5332,0.885332
2018-10-31 09:30:00,64.87,69.3796,63.1056,80.9085,63.1056,69.3796,80.9085,0.03,0.032124,0.027977,0.038797,87.07,0.8707,90.7181,0.907181
2018-10-31 09:45:00,86.98,88.8449,81.3816,97.6723,81.3816,88.8449,97.6723,0.04,0.042726,0.037313,0.047195,88.76,0.8876,88.9104,0.889104
2018-10-31 10:00:00,124.85,124.9447,112.5121,131.3232,112.5121,124.9447,131.3232,0.06,0.056087,0.048881,0.059606,89.35,0.8935,88.8228,0.888229
2018-10-31 10:15:00,89.21,86.3257,81.8167,94.4159,81.8167,86.3257,94.4159,0.04,0.040629,0.033657,0.044764,89.33,0.8933,89.0743,0.890743
2018-10-31 10:30:00,77.4,78.6256,74.1891,88.7354,74.1891,78.6256,88.7354,0.04,0.033422,0.032123,0.044694,88.57,0.8857,89.9496,0.899496
2018-10-31 10:45:00,71.71,76.3933,65.2554,84.581,65.2554,76.3933,84.581,0.03,0.036274,0.02854,0.040684,90.23,0.9023,90.2347,0.902347
2018-10-31 11:00:00,111.31,109.7111,105.8397,116.6875,105.8397,109.7111,116.6875,0.05,0.0506,0.044548,0.05799,88.09,0.8809,88.1567,0.881567
2018-10-31 11:15:00,117.47,115.7947,109.423,119.8793,109.423,115.7947,119.8793,0.05,0.053187,0.046381,0.058462,89.05,0.8905,88.1388,0.881388
2018-10-31 11:30:00,103.5,101.1095,95.5376,105.8494,95.5376,101.1095,105.8494,0.05,0.045374,0.040985,0.051343,89.24,0.8924,88.6734,0.886734
2018-10-31 11:45:00,69.37,72.0537,66.3383,82.0993,66.3383,72.0537,82.0993,0.03,0.033279,0.03002,0.040241,87.21,0.8721,89.9034,0.899034
2018-10-31 12:00:00,97.34,96.8192,90.8949,102.8832,90.8949,96.8192,102.8832,0.04,0.043816,0.040024,0.047178,90.16,0.9016,88.8035,0.888035
2018-10-31 12:15:00,7.02,5.8377,5.0779,19.0317,5.0779,5.8377,19.0317,0.0,0.0,0.0,0.006098,100.0,1.0,99.8192,0.998192
2018-10-31 12:30:00,6.34,5.9244,5.2185,11.0677,5.2185,5.9244,11.0677,0.0,0.0,0.0,0.002025,100.0,1.0,99.9629,0.999629
2018-10-31 12:45:00,5.98,5.7034,5.2878,9.9221,5.2878,5.7034,9.9221,0.0,0.0,0.0,0.001969,100.0,1.0,99.9644,0.999644
2018-10-31 13:00:00,6.01,5.8675,5.4597,9.8232,5.4597,5.8675,9.8232,0.0,0.0,0.0,0.001988,100.0,1.0,99.9964,0.999964
2018-10-31 13:15:00,38.77,39.1099,37.1027,49.951,37.1027,39.1099,49.951,0.02,0.020025,0.017908,0.026307,92.75,0.9275,93.4481,0.934481
2018-10-31 13:30:00,71.06,68.4802,59.4699,77.8194,59.4699,68.4802,77.8194,0.03,0.029799,0.027636,0.034239,89.48,0.8948,87.2096,0.872096
2018-10-31 13:45:00,87.3,83.9354,76.8251,90.2284,76.8251,83.9354,90.2284,0.04,0.036104,0.033011,0.042245,88.42,0.8842,86.9131,0.869131
2018-10-31 14:00:00,96.37,95.5255,89.3874,100.5371,89.3874,95.5255,100.5371,0.04,0.041178,0.039109,0.046536,88.76,0.8876,88.6892,0.886892
2018-10-31 14:15:00,112.25,110.3925,103.9103,114.9816,103.9103,110.3925,114.9816,0.05,0.051383,0.04645,0.053171,87.95,0.8795,88.2092,0.882092
2018-10-31 14:30:00,97.09,98.4874,92.9561,102.7453,92.9561,98.4874,102.7453,0.04,0.042535,0.040061,0.049067,85.29,0.8529,88.3993,0.883993
2018-10-31 14:45:00,48.56,52.6982,48.3918,63.4852,48.3918,52.6982,63.4852,0.02,0.025224,0.021312,0.031808,91.7,0.917,92.9696,0.929696
2018-10-31 15:00:00,49.18,51.0834,47.7064,59.5239,47.7064,51.0834,59.5239,0.02,0.020052,0.019916,0.027854,90.58,0.9058,91.0223,0.910223
2018-10-31 15:15:00,49.46,51.0586,48.836,58.6957,48.836,51.0586,58.6957,0.02,0.02013,0.019856,0.029664,88.07,0.8807,89.5129,0.895129
2018-10-31 15:30:00,61.16,62.758,59.5583,74.6635,59.5583,62.758,74.6635,0.03,0.029711,0.025658,0.035507,84.75,0.8475,86.5119,0.865119
2018-10-31 15:45:00,58.1,57.6378,54.3144,60.6066,54.3144,57.6378,60.6066,0.03,0.028627,0.022553,0.030366,84.25,0.8425,84.4567,0.844567
2018-10-31 16:00:00,56.88,56.6962,54.8457,60.4302,54.8457,56.6962,60.4302,0.03,0.029441,0.022481,0.030287,85.55,0.8555,86.0158,0.860158
2018-10-31 16:15:00,50.76,51.2247,48.0499,54.0005,48.0499,51.2247,54.0005,0.02,0.020137,0.019458,0.028112,88.39,0.8839,89.1501,0.891501
2018-10-31 16:30:00,67.75,66.4832,61.8451,68.2275,61.8451,66.4832,68.2275,0.03,0.03,0.02682,0.035573,88.31,0.8831,86.9367,0.869367
2018-10-31 16:45:00,59.9,57.1899,51.8365,61.5286,51.8365,57.1899,61.5286,0.03,0.028154,0.021306,0.031132,89.01,0.8901,88.0122,0.880122
2018-10-31 17:00:00,73.51,71.4426,67.1236,73.8622,67.1236,71.4426,73.8622,0.03,0.031158,0.028773,0.036257,88.15,0.8815,86.4249,0.864249
2018-10-31 17:15:00,62.35,62.3099,55.0939,64.7051,55.0939,62.3099,64.7051,0.03,0.026973,0.022275,0.033545,88.61,0.8861,87.7304,0.877304
2018-10-31 17:30:00,97.96,95.68,90.0594,96.457,90.0594,96.457,95.68,0.04,0.043173,0.037204,0.045481,92.1,0.921,91.3362,0.913362
2018-10-31 17:45:00,31.36,38.8862,28.5393,44.1481,28.5393,38.8862,44.1481,0.01,0.018929,0.010137,0.021872,99.93,0.9993,100.3291,1.003291
2018-10-31 18:00:00,31.72,31.4007,29.8531,39.2172,29.8531,31.4007,39.2172,0.01,0.013832,0.009786,0.016339,98.45,0.9845,97.6821,0.976821
2018-10-31 18:15:00,46.76,46.8565,42.827,57.3562,42.827,46.8565,57.3562,0.02,0.020072,0.018008,0.027295,86.22,0.8622,88.7054,0.887054
2018-10-31 18:30:00,50.33,51.4861,48.1994,61.8146,48.1994,51.4861,61.8146,0.02,0.020184,0.019098,0.027698,85.01,0.8501,87.0124,0.870124
2018-10-31 18:45:00,113.58,115.0137,92.2293,120.3363,92.2293,115.0137,120.3363,0.05,0.052999,0.039005,0.054622,89.73,0.8973,87.0261,0.870261
2018-10-31 19:00:00,97.24,95.4741,84.4353,98.9312,84.4353,95.4741,98.9312,0.04,0.043216,0.037185,0.048676,92.64,0.9264,90.7832,0.907832
2018-10-31 19:15:00,96.48,97.2823,90.5181,102.1064,90.5181,97.2823,102.1064,0.04,0.043895,0.039346,0.047694,90.99,0.9099,90.1292,0.901292
2018-10-31 19:30:00,119.23,119.8082,109.6196,120.5691,109.6196,119.8082,120.5691,0.05,0.05402,0.048894,0.058218,91.09,0.9109,90.1773,0.901773
2018-10-31 19:45:00,101.77,98.6885,92.6899,102.3057,92.6899,98.6885,102.3057,0.05,0.044583,0.041198,0.050795,90.59,0.9059,89.7793,0.897793
2018-10-31 20:00:00,103.86,103.6924,97.928,105.5966,97.928,103.6924,105.5966,0.05,0.049901,0.043716,0.050779,92.51,0.9251,91.123,0.91123
2018-10-31 20:15:00,91.66,90.187,82.6907,96.5331,82.6907,90.187,96.5331,0.04,0.042053,0.038686,0.047384,91.64,0.9164,90.9362,0.909362
2018-10-31 20:30:00,82.33,84.1987,76.8834,90.9852,76.8834,84.1987,90.9852,0.04,0.038481,0.033676,0.043456,90.5,0.905,90.4164,0.904164
2018-10-31 20:45:00,82.76,81.5903,73.5273,84.886,73.5273,81.5903,84.886,0.04,0.039117,0.032106,0.040544,97.08,0.9708,94.6822,0.946822
2018-10-31 21:00:00,45.07,36.6114,28.7815,47.386,28.7815,36.6114,47.386,0.02,0.019633,0.011948,0.025767,99.18,0.9918,98.272,0.98272
2018-10-31 21:15:00,6.84,5.3813,5.3095,15.0748,5.3095,5.3813,15.0748,0.0,0.000949,0.0,0.006775,100.0,1.0,100.1086,1.001086
2018-10-31 21:30:00,4.43,4.6986,4.0546,9.68,4.0546,4.6986,9.68,0.0,0.0,0.0,0.002078,100.0,1.0,100.0156,1.000156
2018-10-31 21:45:00,4.43,4.2586,4.0729,8.9098,4.0729,4.2586,8.9098,0.0,0.0,0.0,0.002026,100.0,1.0,99.9969,0.999969
2018-10-31 22:00:00,4.39,4.2402,4.0445,8.6572,4.0445,4.2402,8.6572,0.0,6.6e-05,0.0,0.001941,100.0,1.0,99.9688,0.999688
2018-10-31 22:15:00,4.18,5.9838,3.9217,8.8555,3.9217,5.9838,8.8555,0.0,0.002392,0.0,0.015628,52.93,0.5293,72.7606,0.727606
2018-10-31 22:30:00,4.14,4.1431,3.9428,9.1469,3.9428,4.1431,9.1469,0.0,0.002222,0.0,0.00834,48.23,0.4823,52.2991,0.522991
2018-10-31 22:45:00,4.07,4.0471,3.8854,8.6286,3.8854,4.0471,8.6286,0.0,0.000679,0.0,0.001975,48.09,0.4809,50.2535,0.502535
2018-10-31 23:00:00,3.96,3.9338,3.7509,8.1424,3.7509,3.9338,8.1424,0.0,0.0,0.0,0.001942,51.34,0.5134,49.1168,0.491168
2018-10-31 23:15:00,3.89,3.8861,3.6795,8.0267,3.6795,3.8861,8.0267,0.0,0.0,0.0,0.001937,59.24,0.5924,51.6572,0.516572
2018-10-31 23:30:00,3.89,3.7511,3.6407,7.9666,3.6407,3.7511,7.9666,0.0,0.0,0.0,0.001937,61.64,0.6164,52.8277,0.528277
2018-10-31 23:45:00,3.92,3.7668,3.6556,7.9666,3.6556,3.7668,7.9666,0.0,0.0,0.0,0.001937,59.54,0.5954,50.7977,0.507977
2018-11-01 00:00:00,3.06,3.2672,3.2158,7.9511,3.2158,3.2672,7.9511,0.0,0.0,0.0,0.00224,50.28,0.5028,55.4785,0.554785
2018-11-01 00:15:00,3.89,3.9144,3.6358,7.8851,3.6358,3.9144,7.8851,0.0,7e-06,0.0,0.001973,57.67,0.5767,56.4774,0.564774
2018-11-01 00:30:00,3.96,3.728,3.4266,7.8008,3.4266,3.728,7.8008,0.0,0.0,0.0,0.001973,56.65,0.5665,55.0607,0.550607
2018-11-01 00:45:00,5.11,4.8215,4.2542,8.1747,4.2542,4.8215,8.1747,0.0,0.0,0.0,0.001973,67.08,0.6708,60.4028,0.604028
2018-11-01 01:00:00,4.72,4.3383,4.0649,8.7254,4.0649,4.3383,8.7254,0.0,0.001984,0.0,0.002752,63.38,0.6338,65.4228,0.654228
2018-11-01 01:15:00,3.89,3.8741,3.5601,8.7839,3.5601,3.8741,8.7839,0.0,0.001973,0.0,0.002498,55.5,0.555,60.8458,0.608458
2018-11-01 01:30:00,3.89,3.8158,3.6638,8.0284,3.6638,3.8158,8.0284,0.0,0.0,0.0,0.001973,57.19,0.5719,62.1359,0.621359
2018-11-01 01:45:00,3.92,3.8478,3.6787,8.0284,3.6787,3.8478,8.0284,0.0,0.0,0.0,0.001973,57.0,0.57,60.5294,0.605294
2018-11-01 02:00:00,3.96,3.9334,3.677,8.0164,3.677,3.9334,8.0164,0.0,0.0,0.0,0.001973,55.47,0.5547,57.0717,0.570717
2018-11-01 02:15:00,3.96,3.8601,3.682,7.9648,3.682,3.8601,7.9648,0.0,0.0,0.0,0.001937,55.93,0.5593,56.1087,0.561087
2018-11-01 02:30:00,3.89,3.8051,3.6317,7.9648,3.6317,3.8051,7.9648,0.0,0.0,0.0,0.001937,55.04,0.5504,54.7812,0.547812
2018-11-01 02:45:00,3.92,3.7668,3.6631,7.9476,3.6631,3.7668,7.9476,0.0,0.0,0.0,0.001937,56.26,0.5626,56.0608,0.560608
2018-11-01 03:00:00,3.89,3.7793,3.6335,8.0035,3.6335,3.7793,8.0035,0.0,0.0,0.0,0.001937,56.44,0.5644,55.3552,0.553552
2018-11-01 03:15:00,3.31,3.3176,3.2599,7.9147,3.2599,3.3176,7.9147,0.0,0.0,0.0,0.001937,61.81,0.6181,60.192,0.60192
2018-11-01 03:30:00,3.28,3.2655,3.0951,7.7063,3.0951,3.2655,7.7063,0.0,0.0,0.0,0.001937,62.47,0.6247,60.1475,0.601475
2018-11-01 03:45:00,3.24,3.2493,3.0796,7.6915,3.0796,3.2493,7.6915,0.0,0.0,0.0,0.001937,62.28,0.6228,59.5932,0.595932
2018-11-01 04:00:00,3.31,3.3149,3.1185,7.6479,3.1185,3.3149,7.6479,0.0,0.0,0.0,0.001937,62.45,0.6245,58.9942,0.589942
2018-11-01 04:15:00,3.24,3.211,3.0646,7.6536,3.0646,3.211,7.6536,0.0,0.0,0.0,0.001937,62.0,0.62,58.9918,0.589918
2018-11-01 04:30:00,3.28,3.2726,3.0872,7.6479,3.0872,3.2726,7.6479,0.0,0.0,0.0,0.001937,63.12,0.6312,59.9305,0.599305
2018-11-01 04:45:00,3.28,3.2578,3.1035,7.6479,3.1035,3.2578,7.6479,0.0,0.0,0.0,0.001937,63.12,0.6312,60.1445,0.601445
2018-11-01 05:00:00,3.31,3.291,3.1241,7.6479,3.1241,3.291,7.6479,0.0,0.0,0.0,0.001937,62.08,0.6208,59.3707,0.593707
2018-11-01 05:15:00,4.0,3.9861,3.6408,7.956,3.6408,3.9861,7.956,0.0,0.0,0.0,0.001937,57.78,0.5778,55.8237,0.558237
2018-11-01 05:30:00,3.82,3.695,3.326,7.9184,3.326,3.695,7.9184,0.0,0.0,0.0,0.001937,57.47,0.5747,54.5953,0.545953
2018-11-01 05:45:00,3.53,3.4627,3.1647,7.8194,3.1647,3.4627,7.8194,0.0,7e-06,0.0,0.001937,59.65,0.5965,57.2736,0.572736
2018-11-01 06:00:00,3.96,3.95,3.5146,7.8765,3.5146,3.95,7.8765,0.0,0.0,0.0,0.001937,57.87,0.5787,55.4401,0.554401
2018-11-01 06:15:00,3.35,3.3242,3.1429,7.9054,3.1429,3.3242,7.9054,0.0,2.3e-05,0.0,0.001937,62.54,0.6254,59.4432,0.594432
2018-11-01 06:30:00,3.17,3.1975,3.067,7.6972,3.067,3.1975,7.6972,0.0,7e-06,0.0,0.001937,63.17,0.6317,60.8139,0.608139
2018-11-01 06:45:00,3.17,3.1656,3.0072,7.599,3.0072,3.1656,7.599,0.0,0.0,0.0,0.001937,63.86,0.6386,60.4286,0.604286
2018-11-01 07:00:00,3.17,3.1767,3.0197,7.6177,3.0197,3.1767,7.6177,0.0,0.0,0.0,0.001937,63.86,0.6386,60.6625,0.606625
2018-11-01 07:15:00,3.17,3.1767,3.0197,7.6177,3.0197,3.1767,7.6177,0.0,0.0,0.0,0.001937,66.09,0.6609,61.9032,0.619032
2018-11-01 07:30:00,3.67,3.6514,3.4144,7.795,3.4144,3.6514,7.795,0.0,0.0,0.0,0.001937,64.4,0.644,59.4928,0.594928
2018-11-01 07:45:00,4.5,4.3898,3.9032,8.1105,3.9032,4.3898,8.1105,0.0,0.0,0.0,0.001937,66.6,0.666,60.8166,0.608166
2018-11-01 08:00:00,4.79,4.6618,4.1177,8.4937,4.1177,4.6618,8.4937,0.0,0.002142,0.0,0.002379,70.71,0.7071,64.106,0.64106
2018-11-01 08:15:00,47.27,45.3133,36.0541,47.6288,36.0541,45.3133,47.6288,0.02,0.019882,0.011588,0.023564,84.38,0.8438,77.0891,0.770891
2018-11-01 08:30:00,106.49,104.783,89.6299,108.9409,89.6299,104.783,108.9409,0.05,0.047819,0.029684,0.051447,83.73,0.8373,82.2055,0.822055
2018-11-01 08:45:00,110.7,108.342,102.7292,112.85,102.7292,108.342,112.85,0.05,0.050138,0.037225,0.05533,86.97,0.8697,82.0307,0.820307
2018-11-01 09:00:00,71.1,69.2624,61.4328,77.7771,61.4328,69.2624,77.7771,0.03,0.030788,0.028509,0.037863,91.58,0.9158,91.2437,0.912437
2018-11-01 09:15:00,64.84,64.746,56.5238,77.3002,56.5238,64.746,77.3002,0.03,0.030516,0.025225,0.036147,89.15,0.8915,88.775,0.88775
2018-11-01 09:30:00,52.06,53.4159,48.7184,64.5563,48.7184,53.4159,64.5563,0.02,0.022186,0.021731,0.031237,90.13,0.9013,90.8472,0.908472
2018-11-01 09:45:00,53.71,54.8078,51.2346,62.5982,51.2346,54.8078,62.5982,0.02,0.022544,0.020613,0.031512,88.3,0.883,88.7465,0.887465
2018-11-01 10:00:00,65.92,64.1238,60.6547,68.0584,60.6547,64.1238,68.0584,0.03,0.029246,0.024836,0.034227,87.94,0.8794,86.8276,0.868276
2018-11-01 10:15:00,58.43,57.227,50.9476,59.6273,50.9476,57.227,59.6273,0.03,0.028321,0.020286,0.030372,89.67,0.8967,88.5249,0.885249
2018-11-01 10:30:00,56.52,56.1643,50.8951,57.566,50.8951,56.1643,57.566,0.03,0.022357,0.020117,0.029764,90.7,0.907,89.7769,0.897769
2018-11-01 10:45:00,77.87,74.3809,70.9945,78.8769,70.9945,74.3809,78.8769,0.04,0.033732,0.027418,0.039577,86.65,0.8665,85.0992,0.850992
2018-11-01 11:00:00,104.18,105.3546,97.5181,106.2166,97.5181,106.2166,105.3546,0.05,0.047126,0.03518,0.047749,88.29,0.8829,88.2964,0.882964
2018-11-01 11:15:00,84.82,83.1072,78.4494,93.3879,78.4494,83.1072,93.3879,0.04,0.040216,0.033712,0.043572,87.42,0.8742,88.7115,0.887114
2018-11-01 11:30:00,102.6,101.4945,98.8452,107.3423,98.8452,101.4945,107.3423,0.05,0.047181,0.037577,0.051623,88.41,0.8841,88.4211,0.884211
2018-11-01 11:45:00,114.66,115.1358,107.9798,115.1846,107.9798,115.1846,115.1358,0.05,0.05112,0.040707,0.055747,90.06,0.9006,89.2072,0.892072
2018-11-01 12:00:00,89.42,88.4953,80.9328,92.8809,80.9328,88.4953,92.8809,0.04,0.039834,0.032991,0.043431,88.86,0.8886,89.0847,0.890847
2018-11-01 12:15:00,6.26,5.4665,5.1432,19.0118,5.1432,5.4665,19.0118,0.0,0.0,0.0,0.005848,100.0,1.0,99.7796,0.997796
2018-11-01 12:30:00,6.44,6.4506,5.7237,10.9128,5.7237,6.4506,10.9128,0.0,0.0,0.0,0.002025,100.0,1.0,99.9661,0.999661
2018-11-01 12:45:00,6.08,5.9229,5.4602,10.9983,5.4602,5.9229,10.9983,0.0,0.0,0.0,0.001969,100.0,1.0,99.9651,0.999651
2018-11-01 13:00:00,6.05,5.9131,5.5026,9.9015,5.5026,5.9131,9.9015,0.0,0.0,0.0,0.002074,100.0,1.0,100.0019,1.000019
2018-11-01 13:15:00,49.64,49.8394,45.4858,55.9104,45.4858,49.8394,55.9104,0.02,0.019401,0.018245,0.027014,91.42,0.9142,92.1518,0.921518
2018-11-01 13:30:00,110.66,108.6793,92.2073,111.0982,92.2073,108.6793,111.0982,0.05,0.048818,0.031843,0.052863,87.79,0.8779,88.3475,0.883475
2018-11-01 13:45:00,120.17,118.6442,107.5339,120.8364,107.5339,118.6442,120.8364,0.06,0.052281,0.040071,0.059257,88.03,0.8803,87.7329,0.877329
2018-11-01 14:00:00,98.24,102.7928,92.8675,104.4168,92.8675,102.7928,104.4168,0.05,0.046557,0.03545,0.050086,85.21,0.8521,87.9112,0.879112
2018-11-01 14:15:00,90.47,90.0735,84.6669,97.4924,84.6669,90.0735,97.4924,0.04,0.043291,0.034793,0.046894,90.06,0.9006,90.665,0.90665
2018-11-01 14:30:00,113.9,114.475,107.4406,116.0063,107.4406,114.475,116.0063,0.05,0.052977,0.041808,0.05789,90.37,0.9037,90.2129,0.902129
2018-11-01 14:45:00,82.8,84.3189,79.4737,88.3621,79.4737,84.3189,88.3621,0.04,0.037418,0.033665,0.042997,86.94,0.8694,88.8189,0.888189
2018-11-01 15:00:00,66.6,71.2236,67.9155,82.2814,67.9155,71.2236,82.2814,0.03,0.031232,0.029796,0.041885,84.48,0.8448,88.2288,0.882288
2018-11-01 15:15:00,60.37,62.5684,57.7152,74.866,57.7152,62.5684,74.866,0.03,0.030231,0.025456,0.036454,85.82,0.8582,87.5636,0.875636
2018-11-01 15:30:00,52.92,53.2577,49.5672,64.5168,49.5672,53.2577,64.5168,0.02,0.022943,0.020863,0.03231,89.32,0.8932,90.208,0.90208
2018-11-01 15:45:00,50.83,51.8578,48.3646,59.7506,48.3646,51.8578,59.7506,0.02,0.02017,0.019983,0.0311,88.93,0.8893,90.0072,0.900072
2018-11-01 16:00:00,57.31,57.8301,54.3199,60.8906,54.3199,57.8301,60.8906,0.03,0.028391,0.022454,0.030522,86.37,0.8637,86.2881,0.862881
2018-11-01 16:15:00,59.0,59.2959,55.474,61.9752,55.474,59.2959,61.9752,0.03,0.02925,0.021864,0.03063,86.81,0.8681,86.7769,0.867769
2018-11-01 16:30:00,63.36,64.5238,59.3722,65.3944,59.3722,64.5238,65.3944,0.03,0.029918,0.024471,0.030922,85.51,0.8551,85.3326,0.853326
2018-11-01 16:45:00,59.69,58.4783,53.2649,60.6181,53.2649,58.4783,60.6181,0.03,0.026205,0.021178,0.030435,88.22,0.8822,87.7784,0.877784
2018-11-01 17:00:00,49.36,49.4449,45.2651,52.4168,45.2651,49.4449,52.4168,0.02,0.020353,0.019063,0.026265,93.02,0.9302,92.4666,0.924666
2018-11-01 17:15:00,52.16,53.1993,49.2863,55.5658,49.2863,53.1993,55.5658,0.02,0.020021,0.019103,0.027152,91.31,0.9131,90.6114,0.906114
2018-11-01 17:30:00,52.49,51.6154,48.7127,54.4776,48.7127,51.6154,54.4776,0.02,0.020016,0.019312,0.028335,91.38,0.9138,90.4137,0.904137
2018-11-01 17:45:00,36.25,35.5389,33.4242,42.02,33.4242,35.5389,42.02,0.02,0.019876,0.010794,0.02047,99.1,0.991,98.016,0.98016
2018-11-01 18:00:00,30.74,31.7874,29.7321,38.2372,29.7321,31.7874,38.2372,0.01,0.019779,0.008737,0.019926,98.91,0.9891,97.9477,0.979477
2018-11-01 18:15:00,16.31,22.5901,21.6434,28.3267,21.6434,22.5901,28.3267,0.01,0.011275,0.007816,0.012437,96.46,0.9646,97.5551,0.975551
2018-11-01 18:30:00,3.89,5.7405,3.9949,10.9737,3.9949,5.7405,10.9737,0.0,0.000778,0.0,0.002541,100.0,1.0,99.9697,0.999697
2018-11-01 18:45:00,3.82,3.9479,3.6471,8.9024,3.6471,3.9479,8.9024,0.0,0.0,0.0,0.002103,100.0,1.0,99.9733,0.999733
2018-11-01 19:00:00,3.89,3.9696,3.6597,8.3973,3.6597,3.9696,8.3973,0.0,0.0,0.0,0.00196,100.0,1.0,99.9969,0.999969
2018-11-01 19:15:00,3.85,3.8967,3.6389,8.451,3.6389,3.8967,8.451,0.0,0.0,0.0,0.00196,100.0,1.0,99.9969,0.999969
2018-11-01 19:30:00,3.89,3.7884,3.6581,7.9693,3.6581,3.7884,7.9693,0.0,0.000107,0.0,0.001967,100.0,1.0,99.9969,0.999969
2018-11-01 19:45:00,3.89,3.74,3.658,7.9693,3.658,3.74,7.9693,0.0,2.5e-05,0.0,0.001967,100.0,1.0,99.9969,0.999969
2018-11-01 20:00:00,3.85,3.7499,3.6398,7.9735,3.6398,3.7499,7.9735,0.0,2.7e-05,0.0,0.001967,100.0,1.0,99.9969,0.999969
2018-11-01 20:15:00,3.85,3.7737,3.6496,7.9638,3.6496,3.7737,7.9638,0.0,2.8e-05,0.0,0.001964,100.0,1.0,99.9969,0.999969
2018-11-01 20:30:00,4.61,4.545,4.1463,8.2945,4.1463,4.545,8.2945,0.0,2.8e-05,0.0,0.001964,100.0,1.0,99.9902,0.999902
2018-11-01 20:45:00,4.86,4.7105,4.1867,8.6689,4.1867,4.7105,8.6689,0.0,0.0,0.0,0.001964,100.0,1.0,99.9968,0.999968
2018-11-01 21:00:00,3.92,4.0131,3.5497,8.6552,3.5497,4.0131,8.6552,0.0,0.0,0.0,0.001963,100.0,1.0,99.9969,0.999969
2018-11-01 21:15:00,3.92,3.8924,3.6865,8.0551,3.6865,3.8924,8.0551,0.0,0.000153,0.0,0.001937,100.0,1.0,99.9969,0.999969
2018-11-01 21:30:00,3.92,3.8924,3.728,8.0379,3.728,3.8924,8.0379,0.0,0.000162,0.0,0.001937,100.0,1.0,99.9969,0.999969
2018-11-01 21:45:00,3.92,3.8924,3.7152,8.0284,3.7152,3.8924,8.0284,0.0,0.000119,0.0,0.001937,100.0,1.0,99.9969,0.999969
2018-11-01 22:00:00,3.92,3.8114,3.7152,7.9733,3.7152,3.8114,7.9733,0.0,4.1e-05,0.0,0.001937,100.0,1.0,99.9687,0.999687
2018-11-01 22:15:00,3.71,3.6611,3.6004,7.9811,3.6004,3.6611,7.9811,0.0,0.0,0.0,0.001942,47.89,0.4789,60.9729,0.609729
2018-11-01 22:30:00,3.74,3.6884,3.5293,8.1643,3.5293,3.6884,8.1643,0.0,2.9e-05,0.0,0.001975,45.4,0.454,48.4682,0.484682
2018-11-01 22:45:00,3.71,3.6342,3.5028,8.4491,3.5028,3.6342,8.4491,0.0,0.0,0.0,0.002168,44.06,0.4406,48.4724,0.484724
2018-11-01 23:00:00,3.67,3.629,3.4915,8.4491,3.4915,3.629,8.4491,0.0,0.0,0.0,0.002168,43.35,0.4335,48.3028,0.483028
2018-11-01 23:15:00,3.6,3.5844,3.4595,8.084,3.4595,3.5844,8.084,0.0,0.0,0.0,0.001945,46.2,0.462,48.6801,0.486801
2018-11-01 23:30:00,3.64,3.6392,3.4526,7.8745,3.4526,3.6392,7.8745,0.0,0.0,0.0,0.001942,48.58,0.4858,48.8228,0.488228
2018-11-01 23:45:00,3.71,3.6767,3.4825,7.8844,3.4825,3.6767,7.8844,0.0,0.0,0.0,0.001942,48.28,0.4828,48.795,0.48795
2018-11-02 00:00:00,3.82,3.7788,3.5155,7.938,3.5155,3.7788,7.938,0.0,4e-06,0.0,0.00202,51.85,0.5185,50.7172,0.507172
2018-11-02 00:15:00,3.02,3.1993,3.0736,7.878,3.0736,3.1993,7.878,0.0,0.0,0.0,0.001937,50.08,0.5008,52.5541,0.525541
2018-11-02 00:30:00,3.38,3.406,3.2566,7.6701,3.2566,3.406,7.6701,0.0,0.0,0.0,0.001937,46.87,0.4687,49.1112,0.491112
2018-11-02 00:45:00,3.74,3.7036,3.3751,8.1702,3.3751,3.7036,8.1702,0.0,0.0,0.0,0.002168,44.15,0.4415,51.9274,0.519274
2018-11-02 01:00:00,3.28,3.2557,3.0094,7.7247,3.0094,3.2557,7.7247,0.0,0.0,0.0,0.001937,47.48,0.4748,47.5754,0.475754
2018-11-02 01:15:00,3.1,3.066,2.9625,7.5975,2.9625,3.066,7.5975,0.0,0.0,0.0,0.001937,48.83,0.4883,50.4439,0.504439
2018-11-02 01:30:00,3.1,3.1258,2.9478,7.5798,2.9478,3.1258,7.5798,0.0,0.0,0.0,0.001937,49.51,0.4951,49.2796,0.492796
2018-11-02 01:45:00,3.06,3.1007,2.9318,7.5798,2.9318,3.1007,7.5798,0.0,0.0,0.0,0.001937,48.55,0.4855,48.5365,0.485365
2018-11-02 02:00:00,3.1,3.1188,2.9434,7.5571,2.9434,3.1188,7.5571,0.0,0.0,0.0,0.001937,47.84,0.4784,48.4218,0.484218
2018-11-02 02:15:00,3.13,3.1338,2.9608,7.5662,2.9608,3.1338,7.5662,0.0,0.0,0.0,0.001937,47.3,0.473,47.8278,0.478278
2018-11-02 02:30:00,3.13,3.1163,2.9564,7.5662,2.9564,3.1163,7.5662,0.0,0.0,0.0,0.001937,48.2,0.482,47.6475,0.476475
2018-11-02 02:45:00,3.24,3.2325,3.0308,7.5735,3.0308,3.2325,7.5735,0.0,0.0,0.0,0.001937,45.97,0.4597,46.747,0.46747
2018-11-02 03:00:00,3.74,3.724,3.4353,8.3186,3.4353,3.724,8.3186,0.0,0.0,0.0,0.002168,43.19,0.4319,51.4674,0.514674
2018-11-02 03:15:00,3.31,3.3103,3.0704,7.762,3.0704,3.3103,7.762,0.0,0.0,0.0,0.001937,47.15,0.4715,46.6551,0.466551
2018-11-02 03:30:00,3.06,3.089,2.9716,7.6361,2.9716,3.089,7.6361,0.0,0.0,0.0,0.001937,47.17,0.4717,48.4945,0.484945
2018-11-02 03:45:00,3.13,3.1354,2.9713,7.5571,2.9713,3.1354,7.5571,0.0,0.0,0.0,0.001937,48.66,0.4866,48.5836,0.485836
2018-11-02 04:00:00,3.13,3.1163,2.9564,7.5662,2.9564,3.1163,7.5662,0.0,0.0,0.0,0.001937,48.92,0.4892,47.8402,0.478402
2018-11-02 04:15:00,3.1,3.0907,2.9403,7.5662,2.9403,3.0907,7.5662,0.0,0.0,0.0,0.001937,47.84,0.4784,47.1098,0.471098
2018-11-02 04:30:00,3.06,3.0826,2.9268,7.5662,2.9268,3.0826,7.5662,0.0,0.0,0.0,0.001937,49.3,0.493,48.414,0.48414
2018-11-02 04:45:00,3.06,3.0936,2.9272,7.5571,2.9272,3.0936,7.5571,0.0,0.0,0.0,0.001937,49.03,0.4903,48.6482,0.486482
2018-11-02 05:00:00,3.2,3.2558,3.0565,7.5753,3.0565,3.2558,7.5753,0.0,0.0,0.0,0.001937,48.82,0.4882,48.851,0.48851
2018-11-02 05:15:00,3.71,3.6769,3.4102,7.969,3.4102,3.6769,7.969,0.0,0.0,0.0,0.001975,44.91,0.4491,51.3635,0.513635
2018-11-02 05:30:00,3.24,3.2615,3.026,7.7358,3.026,3.2615,7.7358,0.0,0.0,0.0,0.001937,48.13,0.4813,47.9755,0.479755
2018-11-02 05:45:00,3.06,3.1103,2.9569,7.6086,2.9569,3.1103,7.6086,0.0,0.0,0.0,0.001937,49.58,0.4958,49.9111,0.499111
2018-11-02 06:00:00,3.06,3.0936,2.9272,7.5571,2.9272,3.0936,7.5571,0.0,0.0,0.0,0.001937,50.07,0.5007,50.1784,0.501784
2018-11-02 06:15:00,3.31,3.3616,3.1718,7.6391,3.1718,3.3616,7.6391,0.0,0.0,0.0,0.001937,49.37,0.4937,49.9375,0.499375
2018-11-02 06:30:00,3.6,3.6077,3.3315,7.8948,3.3315,3.6077,7.8948,0.0,0.0,0.0,0.001975,44.92,0.4492,50.4134,0.504134
2018-11-02 06:45:00,3.17,3.2181,2.983,7.703,2.983,3.2181,7.703,0.0,0.0,0.0,0.001937,48.93,0.4893,48.5021,0.485021
2018-11-02 07:00:00,2.99,3.0542,2.9234,7.5853,2.9234,3.0542,7.5853,0.0,0.0,0.0,0.001937,50.21,0.5021,49.9315,0.499315
2018-11-02 07:15:00,2.95,2.977,2.8351,7.516,2.8351,2.977,7.516,0.0,0.0,0.0,0.001937,50.81,0.5081,50.5963,0.505963
2018-11-02 07:30:00,3.28,3.2978,3.1864,7.5933,3.1864,3.2978,7.5933,0.0,0.0,0.0,0.001937,52.2,0.522,51.2985,0.512985
2018-11-02 07:45:00,5.0,4.8223,4.3334,8.36,4.3334,4.8223,8.36,0.0,0.0,0.0,0.001972,57.25,0.5725,60.7609,0.607609
2018-11-02 08:00:00,5.15,4.7939,4.4436,8.7157,4.4436,4.7939,8.7157,0.0,0.002132,0.0,0.002531,60.15,0.6015,64.535,0.64535
2018-11-02 08:15:00,24.37,27.4788,21.9197,32.34,21.9197,27.4788,32.34,0.01,0.012183,0.008816,0.013921,78.06,0.7806,75.0541,0.750541
2018-11-02 08:30:00,44.53,39.3372,37.697,49.311,37.697,39.3372,49.311,0.02,0.021688,0.012721,0.022934,79.21,0.7921,76.0417,0.760417
2018-11-02 08:45:00,51.37,51.4596,47.3438,57.8526,47.3438,51.4596,57.8526,0.02,0.025235,0.01869,0.026276,80.49,0.8049,75.8549,0.758549
2018-11-02 09:00:00,54.65,53.5204,50.0568,55.4742,50.0568,53.5204,55.4742,0.03,0.023067,0.019306,0.029243,90.12,0.9012,89.5894,0.895894
2018-11-02 09:15:00,64.44,62.8307,56.9826,64.1412,56.9826,62.8307,64.1412,0.03,0.029534,0.024454,0.032119,89.48,0.8948,87.9215,0.879215
2018-11-02 09:30:00,66.28,65.0201,59.5122,65.7977,59.5122,65.0201,65.7977,0.03,0.029273,0.023269,0.031424,89.36,0.8936,87.8075,0.878075
2018-11-02 09:45:00,63.54,60.5466,53.6744,62.5467,53.6744,60.5466,62.5467,0.03,0.029294,0.021383,0.031235,92.07,0.9207,89.9184,0.899184
2018-11-02 10:00:00,59.0,57.1463,51.4915,58.3086,51.4915,57.1463,58.3086,0.03,0.027582,0.020665,0.029799,91.72,0.9172,90.0897,0.900897
2018-11-02 10:15:00,53.32,51.8287,47.2603,54.9056,47.2603,51.8287,54.9056,0.02,0.021248,0.019556,0.028067,93.2,0.932,91.6768,0.916768
2018-11-02 10:30:00,56.77,56.1699,51.5632,57.2956,51.5632,56.1699,57.2956,0.03,0.024906,0.020495,0.029609,91.61,0.9161,89.8701,0.898701
2018-11-02 10:45:00,60.26,58.0272,53.0806,59.94,53.0806,58.0272,59.94,0.03,0.026445,0.02196,0.029783,92.47,0.9247,90.2006,0.902006
2018-11-02 11:00:00,62.06,60.2339,55.0948,62.229,55.0948,60.2339,62.229,0.03,0.025331,0.022121,0.030261,90.3,0.903,88.3516,0.883516
2018-11-02 11:15:00,63.58,61.3626,55.8423,62.4833,55.8423,61.3626,62.4833,0.03,0.025661,0.022135,0.030306,90.84,0.9084,88.5597,0.885597
2018-11-02 11:30:00,62.53,61.6771,54.6109,62.1403,54.6109,61.6771,62.1403,0.03,0.028065,0.021374,0.030617,91.13,0.9113,88.7916,0.887916
2018-11-02 11:45:00,66.06,62.7466,57.7488,64.6856,57.7488,62.7466,64.6856,0.03,0.026779,0.023317,0.030565,90.24,0.9024,88.1,0.881
2018-11-02 12:00:00,52.6,51.3867,44.52,55.0438,44.52,51.3867,55.0438,0.02,0.022307,0.01941,0.027875,92.08,0.9208,89.0404,0.890404
2018-11-02 12:15:00,7.88,7.8618,5.8352,14.9516,5.8352,7.8618,14.9516,0.0,0.005084,0.0,0.006006,100.0,1.0,99.8965,0.998965
2018-11-02 12:30:00,5.87,5.761,4.6436,10.0741,4.6436,5.761,10.0741,0.0,0.0,0.0,0.002031,100.0,1.0,99.9631,0.999631
2018-11-02 12:45:00,5.94,5.7468,5.3965,9.7911,5.3965,5.7468,9.7911,0.0,1.1e-05,0.0,0.001994,100.0,1.0,99.9651,0.999651
2018-11-02 13:00:00,5.98,5.8546,5.5181,9.6194,5.5181,5.8546,9.6194,0.0,1.1e-05,0.0,0.002007,100.0,1.0,100.0019,1.000019
2018-11-02 13:15:00,44.68,45.7457,41.8056,47.4291,41.8056,45.7457,47.4291,0.02,0.020037,0.018305,0.021985,88.44,0.8844,91.041,0.91041
2018-11-02 13:30:00,57.13,58.7989,53.71,62.6773,53.71,58.7989,62.6773,0.03,0.029032,0.021854,0.030561,85.54,0.8554,86.2169,0.862169
2018-11-02 13:45:00,57.35,56.81,52.843,61.1794,52.843,56.81,61.1794,0.03,0.028874,0.021108,0.030601,86.33,0.8633,86.4476,0.864476
2018-11-02 14:00:00,62.32,62.7522,58.7113,66.3676,58.7113,62.7522,66.3676,0.03,0.029504,0.023985,0.031228,85.65,0.8565,85.6431,0.856431
2018-11-02 14:15:00,54.97,53.0387,49.5752,56.1725,49.5752,53.0387,56.1725,0.03,0.026116,0.0196,0.029107,87.66,0.8766,87.3004,0.873004
2018-11-02 14:30:00,79.27,78.1953,75.3068,80.5944,75.3068,78.1953,80.5944,0.04,0.035203,0.028374,0.040284,83.95,0.8395,84.0318,0.840318
2018-11-02 14:45:00,55.76,57.7194,52.0828,67.127,52.0828,57.7194,67.127,0.03,0.028619,0.022709,0.033713,85.29,0.8529,87.9526,0.879526
2018-11-02 15:00:00,62.75,62.7383,58.2734,67.3917,58.2734,62.7383,67.3917,0.03,0.029316,0.025756,0.032859,86.76,0.8676,86.8572,0.868572
2018-11-02 15:15:00,68.76,67.4259,63.2077,71.7795,63.2077,67.4259,71.7795,0.03,0.030927,0.02642,0.033991,83.31,0.8331,83.7939,0.837939
2018-11-02 15:30:00,58.68,57.8836,52.8732,63.3981,52.8732,57.8836,63.3981,0.03,0.027167,0.021388,0.031691,88.2,0.882,88.2743,0.882743
2018-11-02 15:45:00,65.81,66.2744,61.233,67.7258,61.233,66.2744,67.7258,0.03,0.030748,0.026195,0.032387,84.71,0.8471,84.7728,0.847728
2018-11-02 16:00:00,82.98,84.6134,75.4711,86.7929,75.4711,84.6134,86.7929,0.04,0.037672,0.029703,0.040734,82.98,0.8298,84.1236,0.841236
2018-11-02 16:15:00,61.63,63.698,60.5912,74.6255,60.5912,63.698,74.6255,0.03,0.030894,0.02561,0.03764,84.51,0.8451,87.2792,0.872792
2018-11-02 16:30:00,63.54,63.9319,61.4475,72.5297,61.4475,63.9319,72.5297,0.03,0.030169,0.025575,0.033972,85.36,0.8536,86.0159,0.860159
2018-11-02 16:45:00,60.23,60.633,56.1004,68.4041,56.1004,60.633,68.4041,0.03,0.029278,0.022819,0.033559,86.85,0.8685,87.3233,0.873233
2018-11-02 17:00:00,53.53,52.4869,49.3801,59.9296,49.3801,52.4869,59.9296,0.02,0.021447,0.020646,0.030452,88.46,0.8846,88.5098,0.885098
2018-11-02 17:15:00,68.0,67.7345,64.1456,70.8072,64.1456,67.7345,70.8072,0.03,0.030766,0.026039,0.036018,84.06,0.8406,84.0452,0.840452
2018-11-02 17:30:00,72.72,70.6062,66.2427,75.8626,66.2427,70.6062,75.8626,0.03,0.032028,0.026814,0.035036,85.84,0.8584,85.4857,0.854857
2018-11-02 17:45:00,31.72,38.1882,27.0906,46.1914,27.0906,38.1882,46.1914,0.01,0.0192,0.00918,0.022045,99.86,0.9986,99.5248,0.995248
2018-11-02 18:00:00,30.02,30.6283,29.5981,37.6651,29.5981,30.6283,37.6651,0.01,0.01802,0.009105,0.01898,98.1,0.981,97.7121,0.977121
2018-11-02 18:15:00,47.66,50.3833,46.5622,53.9564,46.5622,50.3833,53.9564,0.02,0.025383,0.019857,0.027709,80.17,0.8017,85.3953,0.853953
2018-11-02 18:30:00,51.8,53.9866,50.88,59.1461,50.88,53.9866,59.1461,0.02,0.025784,0.020164,0.028285,78.81,0.7881,80.9033,0.809033
2018-11-02 18:45:00,58.82,59.8945,55.2313,61.6174,55.2313,59.8945,61.6174,0.03,0.028929,0.02232,0.030517,85.03,0.8503,85.2561,0.852561
2018-11-02 19:00:00,56.3,55.9757,52.5604,58.7887,52.5604,55.9757,58.7887,0.03,0.029035,0.020175,0.030096,86.0,0.86,86.5658,0.865658
2018-11-02 19:15:00,58.46,58.1334,55.3742,61.8926,55.3742,58.1334,61.8926,0.03,0.029221,0.022197,0.030555,84.73,0.8473,85.6593,0.856593
2018-11-02 19:30:00,74.77,75.7682,69.8603,76.5261,69.8603,75.7682,76.5261,0.03,0.031449,0.026282,0.038093,84.36,0.8436,83.8845,0.838845
2018-11-02 19:45:00,62.14,58.5478,55.5911,65.6574,55.5911,58.5478,65.6574,0.03,0.025976,0.023893,0.033392,85.08,0.8508,85.8561,0.858561
2018-11-02 20:00:00,76.93,78.7729,72.5093,79.6625,72.5093,78.7729,79.6625,0.04,0.035233,0.027678,0.038292,80.91,0.8091,82.0272,0.820272
2018-11-02 20:15:00,79.13,82.7115,76.5377,86.8572,76.5377,86.8572,82.7115,0.04,0.037959,0.030456,0.040544,82.69,0.8269,83.7957,0.837957
2018-11-02 20:30:00,72.0,76.5849,67.5771,77.0894,67.5771,76.5849,77.0894,0.03,0.033988,0.027322,0.039138,85.12,0.8512,85.4813,0.854813
2018-11-02 20:45:00,64.08,64.4067,56.8481,67.4485,56.8481,64.4067,67.4485,0.03,0.027932,0.023834,0.035611,87.02,0.8702,86.9065,0.869065
2018-11-02 21:00:00,48.02,48.557,46.6882,55.6283,46.6882,48.557,55.6283,0.02,0.021187,0.018024,0.026423,89.89,0.8989,93.9411,0.939411
2018-11-02 21:15:00,6.23,7.3847,4.9398,16.13,4.9398,7.3847,16.13,0.0,0.0,0.0,0.00546,100.0,1.0,100.0637,1.000637
2018-11-02 21:30:00,4.25,4.5541,4.0337,9.5392,4.0337,4.5541,9.5392,0.0,0.0,0.0,0.002005,100.0,1.0,100.0135,1.000135
2018-11-02 21:45:00,4.18,4.1286,3.933,8.8128,3.933,4.1286,8.8128,0.0,0.0,0.0,0.001966,100.0,1.0,99.9969,0.999969
2018-11-02 22:00:00,4.14,4.0932,3.9508,8.5259,3.9508,4.0932,8.5259,0.0,0.0,0.0,0.001938,100.0,1.0,99.9687,0.999687
2018-11-02 22:15:00,3.92,6.0296,3.8248,9.2289,3.8248,6.0296,9.2289,0.0,0.002434,0.0,0.013181,49.34,0.4934,66.5521,0.665521
2018-11-02 22:30:00,3.92,3.8964,3.7157,8.7566,3.7157,3.8964,8.7566,0.0,0.000616,0.0,0.002149,45.7,0.457,51.881,0.51881
2018-11-02 22:45:00,3.96,3.9444,3.7307,8.5523,3.7307,3.9444,8.5523,0.0,0.0,0.0,0.002135,46.21,0.4621,50.3338,0.503338
2018-11-02 23:00:00,3.92,3.8438,3.7014,8.1944,3.7014,3.8438,8.1944,0.0,0.0,0.0,0.001945,48.39,0.4839,49.9062,0.499062
2018-11-02 23:15:00,3.85,3.76,3.6667,7.9811,3.6667,3.76,7.9811,0.0,0.0,0.0,0.001942,50.67,0.5067,50.3901,0.503901
2018-11-02 23:30:00,3.82,3.7211,3.6143,7.9655,3.6143,3.7211,7.9655,0.0,0.0,0.0,0.001937,52.52,0.5252,49.641,0.49641
2018-11-02 23:45:00,3.85,3.774,3.6155,7.932,3.6155,3.774,7.932,0.0,2e-05,0.0,0.001937,53.0,0.53,49.9057,0.499057
2018-11-03 00:00:00,2.88,3.2301,3.1844,7.9465,3.1844,3.2301,7.9465,0.0,0.0,0.0,0.00202,54.25,0.5425,58.5062,0.585062
2018-11-03 00:15:00,4.93,4.8125,4.229,8.648,4.229,4.8125,8.648,0.0,0.0,0.0,0.002405,60.14,0.6014,56.9969,0.569969
2018-11-03 00:30:00,4.43,3.9834,3.6437,8.5937,3.6437,3.9834,8.5937,0.0,0.001989,0.0,0.002523,56.02,0.5602,59.6931,0.596931
2018-11-03 00:45:00,3.82,3.5467,3.1365,8.2195,3.1365,3.5467,8.2195,0.0,0.001984,0.0,0.002475,51.02,0.5102,56.8455,0.568455
2018-11-03 01:00:00,3.82,3.5818,3.2823,7.783,3.2823,3.5818,7.783,0.0,0.0,0.0,0.001989,49.98,0.4998,55.8541,0.558541
2018-11-03 01:15:00,3.78,3.7845,3.5687,7.9788,3.5687,3.7845,7.9788,0.0,0.0,0.0,0.001978,50.39,0.5039,54.5022,0.545022
2018-11-03 01:30:00,3.85,3.7862,3.5669,7.94,3.5669,3.7862,7.94,0.0,0.0,0.0,0.001942,49.43,0.4943,52.8067,0.528067
2018-11-03 01:45:00,3.82,3.7101,3.5337,7.9445,3.5337,3.7101,7.9445,0.0,0.0,0.0,0.001942,50.38,0.5038,52.2772,0.522772
2018-11-03 02:00:00,3.78,3.7036,3.5017,7.9143,3.5017,3.7036,7.9143,0.0,0.0,0.0,0.001942,49.76,0.4976,50.9606,0.509606
2018-11-03 02:15:00,3.82,3.7405,3.545,7.9143,3.545,3.7405,7.9143,0.0,0.0,0.0,0.001942,49.53,0.4953,51.1121,0.511121
2018-11-03 02:30:00,3.82,3.7309,3.5271,7.9143,3.5271,3.7309,7.9143,0.0,0.0,0.0,0.001942,49.36,0.4936,51.2223,0.512223
2018-11-03 02:45:00,3.56,3.5437,3.3632,7.8912,3.3632,3.5437,7.8912,0.0,0.0,0.0,0.001937,53.31,0.5331,52.8275,0.528275
2018-11-03 03:00:00,3.17,3.2281,3.106,7.7872,3.106,3.2281,7.7872,0.0,0.0,0.0,0.001937,54.63,0.5463,53.6078,0.536078
2018-11-03 03:15:00,3.2,3.2118,3.0252,7.6256,3.0252,3.2118,7.6256,0.0,0.0,0.0,0.001937,54.45,0.5445,53.3847,0.533847
2018-11-03 03:30:00,3.2,3.1972,3.0305,7.6044,3.0305,3.1972,7.6044,0.0,0.0,0.0,0.001937,54.45,0.5445,52.1929,0.521929
2018-11-03 03:45:00,3.2,3.1972,3.0291,7.6044,3.0291,3.1972,7.6044,0.0,0.0,0.0,0.001937,54.99,0.5499,53.0028,0.530028
2018-11-03 04:00:00,3.28,3.285,3.0803,7.6078,3.0803,3.285,7.6078,0.0,0.0,0.0,0.001937,55.39,0.5539,53.4372,0.534372
2018-11-03 04:15:00,3.31,3.291,3.1241,7.6344,3.1241,3.291,7.6344,0.0,0.0,0.0,0.001937,54.37,0.5437,52.3057,0.523057
2018-11-03 04:30:00,3.85,3.7891,3.4646,7.8328,3.4646,3.7891,7.8328,0.0,0.0,0.0,0.001942,49.43,0.4943,51.6759,0.516759
2018-11-03 04:45:00,3.46,3.3841,3.1231,7.7971,3.1231,3.3841,7.7971,0.0,0.0,0.0,0.001937,52.7,0.527,51.322,0.51322
2018-11-03 05:00:00,3.17,3.1948,2.9966,7.6556,2.9966,3.1948,7.6556,0.0,0.0,0.0,0.001937,55.51,0.5551,53.4174,0.534174
2018-11-03 05:15:00,3.6,3.6094,3.3407,7.7103,3.3407,3.6094,7.7103,0.0,0.0,0.0,0.001937,53.47,0.5347,53.0003,0.530003
2018-11-03 05:30:00,3.78,3.7567,3.4089,7.7926,3.4089,3.7567,7.7926,0.0,0.0,0.0,0.001942,49.59,0.4959,50.2626,0.502626
2018-11-03 05:45:00,3.24,3.2137,2.9751,7.7548,2.9751,3.2137,7.7548,0.0,0.0,0.0,0.001937,54.38,0.5438,52.8202,0.528202
2018-11-03 06:00:00,3.24,3.2263,3.0565,7.6222,3.0565,3.2263,7.6222,0.0,0.0,0.0,0.001937,53.77,0.5377,51.6904,0.516904
2018-11-03 06:15:00,3.17,3.1732,3.0244,7.6479,3.0244,3.1732,7.6479,0.0,0.0,0.0,0.001937,54.95,0.5495,53.6064,0.536064
2018-11-03 06:30:00,3.24,3.2471,3.0516,7.599,3.0516,3.2471,7.599,0.0,0.0,0.0,0.001937,54.38,0.5438,52.786,0.52786
2018-11-03 06:45:00,3.13,3.1537,3.0086,7.6222,3.0086,3.1537,7.6222,0.0,0.0,0.0,0.001937,52.23,0.5223,50.4243,0.504243
2018-11-03 07:00:00,3.17,3.1625,2.9842,7.5744,2.9842,3.1625,7.5744,0.0,0.0,0.0,0.001937,52.72,0.5272,50.677,0.50677
2018-11-03 07:15:00,3.24,3.2471,3.0468,7.5935,3.0468,3.2471,7.5935,0.0,0.0,0.0,0.001937,53.03,0.5303,51.3314,0.513314
2018-11-03 07:30:00,3.17,3.166,3.0081,7.6168,3.0081,3.166,7.6168,0.0,0.0,0.0,0.001937,54.32,0.5432,52.438,0.52438
2018-11-03 07:45:00,3.31,3.3674,3.1206,7.6063,3.1206,3.3674,7.6063,0.0,0.0,0.0,0.001937,55.98,0.5598,55.2948,0.552948
2018-11-03 08:00:00,3.28,3.4298,3.0754,7.6279,3.0754,3.4298,7.6279,0.0,0.0,0.0,0.002055,55.63,0.5563,55.1472,0.551472
2018-11-03 08:15:00,22.14,25.2088,20.9194,31.7953,20.9194,25.2088,31.7953,0.01,0.010679,0.009109,0.01328,74.24,0.7424,72.8658,0.728658
2018-11-03 08:30:00,41.04,37.5383,36.9982,47.0518,36.9982,37.5383,47.0518,0.02,0.021664,0.014374,0.022522,77.19,0.7719,75.8625,0.758625
2018-11-03 08:45:00,40.9,40.0743,34.6344,43.5828,34.6344,40.0743,43.5828,0.02,0.019999,0.015265,0.021689,84.36,0.8436,75.8757,0.758757
2018-11-03 09:00:00,43.52,41.8161,37.6392,45.4551,37.6392,41.8161,45.4551,0.02,0.019991,0.016543,0.021517,96.67,0.9667,94.9423,0.949423
2018-11-03 09:15:00,40.07,40.0601,34.8841,43.8631,34.8841,40.0601,43.8631,0.02,0.019993,0.014975,0.021109,96.4,0.964,95.0674,0.950674
2018-11-03 09:30:00,38.12,37.1917,34.864,41.2682,34.864,37.1917,41.2682,0.02,0.019988,0.014939,0.020164,97.84,0.9784,95.0691,0.950691
2018-11-03 09:45:00,57.24,54.8754,46.4232,56.8919,46.4232,54.8754,56.8919,0.03,0.021357,0.018467,0.029196,96.76,0.9676,93.8506,0.938506
2018-11-03 10:00:00,73.87,71.8209,62.6329,72.2107,62.6329,72.2107,71.8209,0.03,0.028293,0.027129,0.03638,95.09,0.9509,92.7143,0.927143
2018-11-03 10:15:00,92.41,90.4141,80.093,91.1553,80.093,90.4141,91.1553,0.04,0.035857,0.034371,0.041423,94.72,0.9472,92.1768,0.921768
2018-11-03 10:30:00,88.88,85.0423,71.8366,87.7248,71.8366,85.0423,87.7248,0.04,0.03903,0.030421,0.040252,95.33,0.9533,93.3633,0.933633
2018-11-03 10:45:00,68.62,66.2958,58.5762,73.6236,58.5762,66.2958,73.6236,0.03,0.029824,0.025276,0.037666,96.73,0.9673,94.8659,0.948659
2018-11-03 11:00:00,92.59,92.041,82.4449,93.8226,82.4449,92.041,93.8226,0.04,0.040356,0.035915,0.041731,96.37,0.9637,94.8301,0.948301
2018-11-03 11:15:00,71.39,67.6292,58.932,74.5836,58.932,67.6292,74.5836,0.03,0.031771,0.025701,0.037856,97.0,0.97,94.7133,0.947133
2018-11-03 11:30:00,92.02,89.9337,80.7571,92.8575,80.7571,89.9337,92.8575,0.04,0.03947,0.034212,0.042125,96.42,0.9642,94.9168,0.949168
2018-11-03 11:45:00,74.92,68.5454,62.839,78.5111,62.839,68.5454,78.5111,0.03,0.032238,0.026787,0.038386,96.69,0.9669,94.1252,0.941252
2018-11-03 12:00:00,59.18,51.5091,45.1049,62.65,45.1049,51.5091,62.65,0.03,0.021954,0.019034,0.031664,96.84,0.9684,94.5056,0.945056
2018-11-03 12:15:00,3.85,4.4294,3.9961,15.2201,3.9961,4.4294,15.2201,0.0,0.0,0.0,0.005168,100.0,1.0,99.8781,0.998781
2018-11-03 12:30:00,3.6,3.8984,3.6097,8.6316,3.6097,3.8984,8.6316,0.0,0.0,0.0,0.002231,100.0,1.0,99.9631,0.999631
2018-11-03 12:45:00,3.6,3.9329,3.451,8.5258,3.451,3.9329,8.5258,0.0,0.0,0.0,0.002111,100.0,1.0,99.9651,0.999651
2018-11-03 13:00:00,3.67,3.9596,3.5019,8.2775,3.5019,3.9596,8.2775,0.0,0.0,0.0,0.002005,100.0,1.0,100.0019,1.000019
2018-11-03 13:15:00,26.46,22.9329,18.9268,28.3169,18.9268,22.9329,28.3169,0.01,0.008902,0.008345,0.011533,98.38,0.9838,97.1891,0.971891
2018-11-03 13:30:00,91.55,81.2125,62.3229,97.8707,62.3229,81.2125,97.8707,0.04,0.033053,0.026877,0.042677,96.57,0.9657,92.1844,0.921844
2018-11-03 13:45:00,71.53,65.3813,58.4798,73.5956,58.4798,65.3813,73.5956,0.03,0.032564,0.024342,0.03781,97.15,0.9715,94.4204,0.944204
2018-11-03 14:00:00,92.23,90.5388,80.112,93.2683,80.112,90.5388,93.2683,0.04,0.037643,0.033153,0.042561,96.66,0.9666,93.9191,0.939191
2018-11-03 14:15:00,61.27,57.7924,47.9044,69.3144,47.9044,57.7924,69.3144,0.03,0.025207,0.019693,0.034664,97.26,0.9726,95.7124,0.957124
2018-11-03 14:30:00,32.54,34.8934,27.6186,46.2043,27.6186,34.8934,46.2043,0.01,0.020208,0.010351,0.020995,99.91,0.9991,99.5494,0.995494
2018-11-03 14:45:00,32.18,32.0967,30.1632,39.1767,30.1632,32.0967,39.1767,0.01,0.018663,0.010112,0.019791,99.94,0.9994,99.8515,0.998515
2018-11-03 15:00:00,32.04,32.2479,30.2157,38.4452,30.2157,32.2479,38.4452,0.01,0.018674,0.010201,0.019789,99.94,0.9994,99.8592,0.998592
2018-11-03 15:15:00,29.59,30.2499,29.5244,34.946,29.5244,30.2499,34.946,0.01,0.016782,0.009523,0.018849,99.97,0.9997,100.0658,1.000658
2018-11-03 15:30:00,30.35,30.9703,29.2275,34.8642,29.2275,30.9703,34.8642,0.01,0.012391,0.00979,0.014039,99.99,0.9999,100.0964,1.000964
2018-11-03 15:45:00,30.96,31.2131,30.3163,35.1659,30.3163,31.2131,35.1659,0.01,0.013137,0.009897,0.01475,99.99,0.9999,100.1084,1.001084
2018-11-03 16:00:00,30.2,30.3336,29.4685,34.7935,29.4685,30.3336,34.7935,0.01,0.013608,0.009841,0.014442,99.99,0.9999,100.0405,1.000405
2018-11-03 16:15:00,30.38,31.1239,29.8591,35.4989,29.8591,31.1239,35.4989,0.01,0.012762,0.009875,0.01442,99.57,0.9957,98.3414,0.983414
2018-11-03 16:30:00,29.34,30.0158,29.1186,35.3572,29.1186,30.0158,35.3572,0.01,0.012744,0.009934,0.014042,99.38,0.9938,96.3846,0.963846
2018-11-03 16:45:00,28.15,28.9424,27.7207,33.3837,27.7207,28.9424,33.3837,0.01,0.011188,0.009696,0.012975,99.99,0.9999,99.8728,0.998728
2018-11-03 17:00:00,26.14,26.9744,26.4532,32.6371,26.4532,26.9744,32.6371,0.01,0.013131,0.009561,0.013786,99.99,0.9999,99.8905,0.998905
2018-11-03 17:15:00,5.29,6.1135,4.7715,11.7673,4.7715,6.1135,11.7673,0.0,0.0,0.0,0.002762,100.0,1.0,99.9924,0.999924
2018-11-03 17:30:00,3.85,4.0197,3.6255,9.3427,3.6255,4.0197,9.3427,0.0,3e-06,0.0,0.00204,100.0,1.0,99.998,0.99998
2018-11-03 17:45:00,3.89,3.9853,3.6595,8.4199,3.6595,3.9853,8.4199,0.0,0.0,0.0,0.001945,100.0,1.0,99.998,0.99998
2018-11-03 18:00:00,3.74,3.8606,3.5753,8.3997,3.5753,3.8606,8.3997,0.0,0.0,0.0,0.001948,100.0,1.0,99.9745,0.999745
2018-11-03 18:15:00,4.03,4.4718,3.6646,8.0545,3.6646,4.4718,8.0545,0.0,0.0,0.0,0.001963,100.0,1.0,99.9698,0.999698
2018-11-03 18:30:00,4.82,4.5845,4.1394,8.3756,4.1394,4.5845,8.3756,0.0,2.5e-05,0.0,0.001964,100.0,1.0,99.9637,0.999638
2018-11-03 18:45:00,4.46,4.264,3.8564,8.614,3.8564,4.264,8.614,0.0,0.0,0.0,0.001963,100.0,1.0,99.9733,0.999733
2018-11-03 19:00:00,3.71,3.7459,3.3514,8.4331,3.3514,3.7459,8.4331,0.0,0.0,0.0,0.001963,100.0,1.0,99.9969,0.999969
2018-11-03 19:15:00,3.71,3.7205,3.518,7.9753,3.518,3.7205,7.9753,0.0,0.000168,0.0,0.001963,100.0,1.0,99.9969,0.999969
2018-11-03 19:30:00,3.67,3.6931,3.4922,7.9753,3.4922,3.6931,7.9753,0.0,0.00017,0.0,0.001963,100.0,1.0,99.9969,0.999969
2018-11-03 19:45:00,3.71,3.6769,3.5238,7.8935,3.5238,3.6769,7.8935,0.0,0.000175,0.0,0.001964,100.0,1.0,99.9969,0.999969
2018-11-03 20:00:00,3.74,3.6715,3.5238,7.8974,3.5238,3.6715,7.8974,0.0,4e-06,0.0,0.001964,100.0,1.0,99.9969,0.999969
2018-11-03 20:15:00,3.74,3.6385,3.5165,7.8974,3.5165,3.6385,7.8974,0.0,4e-06,0.0,0.001964,100.0,1.0,99.9969,0.999969
2018-11-03 20:30:00,3.74,3.6385,3.5165,7.8974,3.5165,3.6385,7.8974,0.0,4e-06,0.0,0.001964,100.0,1.0,99.9969,0.999969
2018-11-03 20:45:00,3.74,3.6385,3.5247,7.9107,3.5247,3.6385,7.9107,0.0,4e-06,0.0,0.001964,100.0,1.0,99.9969,0.999969
2018-11-03 21:00:00,3.71,3.6579,3.52,7.9107,3.52,3.6579,7.9107,0.0,4e-06,0.0,0.001964,100.0,1.0,99.9969,0.999969
2018-11-03 21:15:00,3.78,3.7357,3.5533,7.9065,3.5533,3.7357,7.9065,0.0,0.0,0.0,0.001937,100.0,1.0,99.9969,0.999969
2018-11-03 21:30:00,3.71,3.5918,3.4776,7.9065,3.4776,3.5918,7.9065,0.0,1e-06,0.0,0.001937,100.0,1.0,99.9969,0.999969
2018-11-03 21:45:00,3.67,3.6169,3.4846,7.9065,3.4846,3.6169,7.9065,0.0,1e-06,0.0,0.001937,100.0,1.0,99.9969,0.999969
2018-11-03 22:00:00,3.67,3.6274,3.5017,7.8802,3.5017,3.6274,7.8802,0.0,1e-06,0.0,0.001937,100.0,1.0,99.9687,0.999687
2018-11-03 22:15:00,3.42,3.4412,3.3525,7.8705,3.3525,3.4412,7.8705,0.0,0.0,0.0,0.001937,53.22,0.5322,63.1706,0.631706
2018-11-03 22:30:00,3.49,3.4958,3.2945,7.73,3.2945,3.4958,7.73,0.0,0.0,0.0,0.001937,53.3,0.533,48.6284,0.486284
2018-11-03 22:45:00,3.46,3.3941,3.2248,7.7249,3.2248,3.3941,7.7249,0.0,0.0,0.0,0.001937,52.7,0.527,48.1355,0.481355
2018-11-03 23:00:00,3.89,3.8433,3.489,7.8465,3.489,3.8433,7.8465,0.0,0.0,0.0,0.001937,57.95,0.5795,50.5741,0.505741
2018-11-03 23:15:00,4.54,4.2754,3.798,8.1544,3.798,4.2754,8.1544,0.0,0.0,0.0,0.001937,65.34,0.6534,53.4957,0.534957
2018-11-03 23:30:00,3.85,3.6703,3.3101,8.4636,3.3101,3.6703,8.4636,0.0,0.001973,0.0,0.00226,53.25,0.5325,51.2895,0.512895
2018-11-03 23:45:00,3.28,3.2734,3.1112,7.8803,3.1112,3.2734,7.8803,0.0,0.0,0.0,0.001973,52.41,0.5241,49.3913,0.493913
2018-11-04 00:00:00,2.92,3.0499,2.8704,7.697,2.8704,3.0499,7.697,0.0,0.0,0.0,0.002055,57.27,0.5727,56.6935,0.566935
2018-11-04 00:15:00,2.88,2.9075,2.764,7.5014,2.764,2.9075,7.5014,0.0,0.0,0.0,0.001973,53.32,0.5332,53.9722,0.539722
2018-11-04 00:30:00,2.92,2.9137,2.7607,7.4747,2.7607,2.9137,7.4747,0.0,0.0,0.0,0.001973,51.19,0.5119,50.439,0.50439
2018-11-04 00:45:00,2.95,2.9417,2.7862,7.4728,2.7862,2.9417,7.4728,0.0,0.0,0.0,0.001937,52.2,0.522,51.7534,0.517534
2018-11-04 01:00:00,2.92,2.9093,2.7723,7.4761,2.7723,2.9093,7.4761,0.0,0.0,0.0,0.001937,51.19,0.5119,50.7025,0.507025
2018-11-04 01:15:00,2.99,2.9716,2.814,7.4728,2.814,2.9716,7.4728,0.0,0.0,0.0,0.001937,51.55,0.5155,51.2286,0.512286
2018-11-04 01:30:00,2.95,2.9483,2.7893,7.4859,2.7893,2.9483,7.4859,0.0,0.0,0.0,0.001937,51.35,0.5135,50.6126,0.506126
2018-11-04 01:45:00,2.95,2.9451,2.7929,7.4761,2.7929,2.9451,7.4761,0.0,0.0,0.0,0.001937,50.22,0.5022,50.0151,0.500151
2018-11-04 02:00:00,2.92,2.9227,2.7768,7.4761,2.7768,2.9227,7.4761,0.0,0.0,0.0,0.001937,50.96,0.5096,50.7025,0.507025
2018-11-04 02:15:00,3.13,3.0978,2.9477,7.5036,2.9477,3.0978,7.5036,0.0,0.0,0.0,0.001937,49.39,0.4939,49.0286,0.490286
2018-11-04 02:30:00,3.67,3.5523,3.3221,7.8228,3.3221,3.5523,7.8228,0.0,0.0,0.0,0.001945,46.33,0.4633,50.0295,0.500295
2018-11-04 02:45:00,3.28,3.2293,2.9891,7.678,2.9891,3.2293,7.678,0.0,0.0,0.0,0.001937,48.78,0.4878,47.0721,0.470721
2018-11-04 03:00:00,2.92,2.9461,2.7671,7.5369,2.7671,2.9461,7.5369,0.0,0.0,0.0,0.001937,50.43,0.5043,50.645,0.50645
2018-11-04 03:15:00,2.95,2.955,2.7906,7.4747,2.7906,2.955,7.4747,0.0,0.0,0.0,0.001937,49.7,0.497,49.2065,0.492065
2018-11-04 03:30:00,3.28,3.2763,3.1543,7.5707,3.1543,3.2763,7.5707,0.0,0.0,0.0,0.001937,47.24,0.4724,47.457,0.47457
2018-11-04 03:45:00,3.64,3.5629,3.288,7.7837,3.288,3.5629,7.7837,0.0,0.0,0.0,0.001945,45.83,0.4583,50.8847,0.508847
2018-11-04 04:00:00,3.31,3.2421,2.9532,7.6709,2.9532,3.2421,7.6709,0.0,0.0,0.0,0.001937,46.74,0.4674,45.9429,0.459429
2018-11-04 04:15:00,2.95,2.9672,2.8021,7.5456,2.8021,2.9672,7.5456,0.0,0.0,0.0,0.001937,50.51,0.5051,50.5752,0.505752
2018-11-04 04:30:00,2.99,2.9911,2.8288,7.481,2.8288,2.9911,7.481,0.0,0.0,0.0,0.001937,49.99,0.4999,49.7892,0.497892
2018-11-04 04:45:00,2.95,2.966,2.809,7.4908,2.809,2.966,7.4908,0.0,0.0,0.0,0.001937,50.81,0.5081,50.0288,0.500288
2018-11-04 05:00:00,2.99,2.9911,2.8288,7.4791,2.8288,2.9911,7.4791,0.0,0.0,0.0,0.001937,51.86,0.5186,50.9183,0.509183
2018-11-04 05:15:00,2.92,2.9495,2.8007,7.4889,2.8007,2.9495,7.4889,0.0,0.0,0.0,0.001937,50.43,0.5043,49.726,0.49726
2018-11-04 05:30:00,2.95,2.955,2.7906,7.4728,2.7906,2.955,7.4728,0.0,0.0,0.0,0.001937,51.04,0.5104,50.6637,0.506637
2018-11-04 05:45:00,2.99,2.9735,2.8091,7.4761,2.8091,2.9735,7.4761,0.0,0.0,0.0,0.001937,50.5,0.505,49.5733,0.495733
2018-11-04 06:00:00,2.99,2.9734,2.8054,7.4859,2.8054,2.9734,7.4859,0.0,0.0,0.0,0.001937,51.32,0.5132,50.2806,0.502806
2018-11-04 06:15:00,2.92,2.9318,2.781,7.4859,2.781,2.9318,7.4859,0.0,0.0,0.0,0.001937,50.66,0.5066,50.114,0.50114
2018-11-04 06:30:00,3.49,3.4553,3.2625,7.6498,3.2625,3.4553,7.6498,0.0,0.0,0.0,0.001942,45.45,0.4545,48.1667,0.481667
2018-11-04 06:45:00,3.46,3.258,3.0543,7.7267,3.0543,3.258,7.7267,0.0,0.0,0.0,0.001945,44.77,0.4477,46.5063,0.465063
2018-11-04 07:00:00,2.95,2.9289,2.7549,7.5539,2.7549,2.9289,7.5539,0.0,0.0,0.0,0.001937,48.22,0.4822,47.997,0.47997
2018-11-04 07:15:00,2.95,2.9451,2.7929,7.478,2.7929,2.9451,7.478,0.0,0.0,0.0,0.001937,47.67,0.4767,47.573,0.47573
2018-11-04 07:30:00,2.92,2.9403,2.7965,7.4791,2.7965,2.9403,7.4791,0.0,0.0,0.0,0.001937,46.83,0.4683,46.8047,0.468047
2018-11-04 07:45:00,3.13,3.1025,2.9477,7.5036,2.9477,3.1025,7.5036,0.0,0.0,0.0,0.001937,48.92,0.4892,48.9473,0.489473
2018-11-04 08:00:00,3.17,3.0948,2.8888,7.5143,2.8888,3.0948,7.5143,0.0,0.0,0.0,0.002055,47.96,0.4796,48.2973,0.482973
2018-11-04 08:15:00,26.53,26.0275,23.9622,33.4339,23.9622,26.0275,33.4339,0.01,0.010017,0.008978,0.013776,73.59,0.7359,71.5402,0.715402
2018-11-04 08:30:00,29.3,31.0668,27.0575,38.5322,27.0575,31.0668,38.5322,0.01,0.012725,0.010363,0.019119,71.05,0.7105,74.7352,0.747352
2018-11-04 08:45:00,33.73,36.9527,28.0347,39.6152,28.0347,36.9527,39.6152,0.02,0.01948,0.01151,0.019957,82.41,0.8241,75.4605,0.754605
2018-11-04 09:00:00,36.4,36.0309,30.2504,38.9434,30.2504,36.0309,38.9434,0.02,0.019816,0.009813,0.019982,97.53,0.9753,94.4977,0.944977
2018-11-04 09:15:00,40.93,39.1186,35.831,42.7407,35.831,39.1186,42.7407,0.02,0.019943,0.014158,0.02071,98.46,0.9846,94.8233,0.948233
2018-11-04 09:30:00,47.88,44.8978,39.9621,48.2088,39.9621,44.8978,48.2088,0.02,0.020022,0.016388,0.022542,97.49,0.9749,95.1381,0.951381
2018-11-04 09:45:00,83.12,75.8766,66.6495,83.768,66.6495,75.8766,83.768,0.04,0.032613,0.027023,0.038582,96.66,0.9666,93.595,0.93595
2018-11-04 10:00:00,69.34,60.5126,57.0715,70.7684,57.0715,60.5126,70.7684,0.03,0.028931,0.023837,0.037109,96.52,0.9652,93.8819,0.938819
2018-11-04 10:15:00,60.05,55.6701,51.9222,64.3486,51.9222,55.6701,64.3486,0.03,0.028459,0.020769,0.032495,97.31,0.9731,94.8791,0.948791
2018-11-04 10:30:00,86.69,84.2116,73.3264,85.89,73.3264,84.2116,85.89,0.04,0.038611,0.031828,0.040023,96.78,0.9678,94.5363,0.945363
2018-11-04 10:45:00,91.73,87.7304,77.869,90.1387,77.869,87.7304,90.1387,0.04,0.039589,0.033933,0.041568,96.49,0.9649,95.0518,0.950518
2018-11-04 11:00:00,75.17,69.2517,63.2414,77.7041,63.2414,69.2517,77.7041,0.03,0.030761,0.026098,0.038709,96.76,0.9676,93.9931,0.939931
2018-11-04 11:15:00,93.31,89.0098,81.0328,94.9907,81.0328,89.0098,94.9907,0.04,0.03928,0.036122,0.042718,96.37,0.9637,95.1918,0.951918
2018-11-04 11:30:00,63.79,58.6199,49.1814,71.8467,49.1814,58.6199,71.8467,0.03,0.026061,0.020589,0.036744,97.23,0.9723,95.1881,0.951881
2018-11-04 11:45:00,93.31,88.7684,80.0544,91.8322,80.0544,88.7684,91.8322,0.04,0.042639,0.035613,0.043351,96.22,0.9622,95.0561,0.950561
2018-11-04 12:00:00,61.34,56.7464,47.4382,67.5551,47.4382,56.7464,67.5551,0.03,0.025545,0.021173,0.034211,96.78,0.9678,93.7624,0.937624
2018-11-04 12:15:00,6.01,7.2357,5.519,17.0981,5.519,7.2357,17.0981,0.0,0.00802,0.0,0.010585,99.99,0.9999,99.7632,0.997632
2018-11-04 12:30:00,3.46,4.6871,4.1781,9.7797,4.1781,4.6871,9.7797,0.0,0.000667,0.0,0.002223,100.0,1.0,99.9631,0.999631
2018-11-04 12:45:00,3.38,3.7777,3.2585,8.4785,3.2585,3.7777,8.4785,0.0,0.0,0.0,0.002109,100.0,1.0,99.9651,0.999651
2018-11-04 13:00:00,3.35,3.8007,3.1707,8.3216,3.1707,3.8007,8.3216,0.0,0.0,0.0,0.002142,100.0,1.0,100.0019,1.000019
2018-11-04 13:15:00,37.69,37.9606,26.8177,38.8554,26.8177,37.9606,38.8554,0.02,0.01946,0.01653,0.021118,96.76,0.9676,95.9875,0.959875
2018-11-04 13:30:00,92.05,82.9208,61.5456,89.6823,61.5456,82.9208,89.6823,0.04,0.038992,0.028616,0.041053,96.2,0.962,91.71,0.9171
2018-11-04 13:45:00,66.96,61.3114,54.1883,71.8823,54.1883,61.3114,71.8823,0.03,0.029546,0.022174,0.035756,96.93,0.9693,94.6183,0.946183
2018-11-04 14:00:00,95.15,93.0779,80.3385,94.2744,80.3385,93.0779,94.2744,0.04,0.043218,0.035416,0.043428,96.31,0.9631,93.8987,0.938987
2018-11-04 14:15:00,71.93,66.4553,59.0592,74.9697,59.0592,66.4553,74.9697,0.03,0.031023,0.024894,0.037886,96.76,0.9676,94.4496,0.944496
2018-11-04 14:30:00,89.46,88.9541,78.8795,93.4658,78.8795,88.9541,93.4658,0.04,0.036472,0.0336,0.042421,96.39,0.9639,94.7497,0.947497
2018-11-04 14:45:00,81.58,77.4649,65.399,82.3286,65.399,77.4649,82.3286,0.04,0.0344,0.02779,0.040118,96.5,0.965,93.9625,0.939625
2018-11-04 15:00:00,75.89,70.2439,63.3358,79.487,63.3358,70.2439,79.487,0.03,0.033909,0.026567,0.039694,96.5,0.965,94.4017,0.944017
2018-11-04 15:15:00,93.6,91.2455,83.3443,93.9612,83.3443,91.2455,93.9612,0.04,0.040665,0.036394,0.043039,96.28,0.9628,95.7651,0.957651
2018-11-04 15:30:00,70.96,68.1913,60.0249,73.7358,60.0249,68.1913,73.7358,0.03,0.030882,0.026178,0.037813,96.73,0.9673,94.5796,0.945796
2018-11-04 15:45:00,91.66,91.1255,80.7507,93.0407,80.7507,91.1255,93.0407,0.04,0.03856,0.034477,0.04283,96.4,0.964,94.6999,0.946999
2018-11-04 16:00:00,71.28,69.9403,60.3982,74.7374,60.3982,69.9403,74.7374,0.03,0.031255,0.026378,0.038413,97.03,0.9703,94.9985,0.949985
2018-11-04 16:15:00,93.89,92.2705,83.3324,94.6094,83.3324,92.2705,94.6094,0.04,0.040577,0.035791,0.043072,96.35,0.9635,94.9844,0.949844
2018-11-04 16:30:00,71.53,68.3198,58.5743,73.9003,58.5743,68.3198,73.9003,0.03,0.030818,0.02606,0.037829,96.95,0.9695,95.1143,0.951143
2018-11-04 16:45:00,83.81,84.4919,75.0201,88.2359,75.0201,84.4919,88.2359,0.04,0.033023,0.031091,0.041391,96.57,0.9657,95.1375,0.951375
2018-11-04 17:00:00,9.47,11.0555,8.9401,20.5722,8.9401,11.0555,20.5722,0.0,0.008212,8.2e-05,0.011434,99.99,0.9999,100.031,1.00031
2018-11-04 17:15:00,3.89,4.0294,3.9904,9.8429,3.9904,4.0294,9.8429,0.0,0.0,0.0,0.00185,100.0,1.0,100.0146,1.000146
2018-11-04 17:30:00,3.89,3.8712,3.6812,8.7759,3.6812,3.8712,8.7759,0.0,0.0,0.0,0.002008,100.0,1.0,99.998,0.99998
2018-11-04 17:45:00,3.92,3.8853,3.6695,8.5943,3.6695,3.8853,8.5943,0.0,0.0,0.0,0.002046,100.0,1.0,99.998,0.99998
2018-11-04 18:00:00,4.72,4.7215,4.1547,8.7169,4.1547,4.7215,8.7169,0.0,0.0,0.0,0.00203,100.0,1.0,99.9649,0.999649
2018-11-04 18:15:00,4.39,4.2275,3.9591,8.7865,3.9591,4.2275,8.7865,0.0,0.002027,0.0,0.002433,100.0,1.0,99.9733,0.999733
2018-11-04 18:30:00,3.74,3.6555,3.3762,8.3271,3.3762,3.6555,8.3271,0.0,0.000166,0.0,0.001937,100.0,1.0,99.9733,0.999733
2018-11-04 18:45:00,3.78,3.8197,3.5532,7.9711,3.5532,3.8197,7.9711,0.0,0.000175,0.0,0.001937,100.0,1.0,99.9733,0.999733
2018-11-04 19:00:00,3.17,3.3559,3.1255,7.9449,3.1255,3.3559,7.9449,0.0,0.000187,0.0,0.001937,100.0,1.0,99.9969,0.999969
2018-11-04 19:15:00,3.13,3.146,2.988,7.6347,2.988,3.146,7.6347,0.0,0.000151,0.0,0.001937,100.0,1.0,99.9969,0.999969
2018-11-04 19:30:00,3.13,3.1363,2.9676,7.5744,2.9676,3.1363,7.5744,0.0,0.0,0.0,0.001937,100.0,1.0,99.9969,0.999969
2018-11-04 19:45:00,3.17,3.1755,2.9856,7.5744,2.9856,3.1755,7.5744,0.0,0.0,0.0,0.001937,100.0,1.0,99.9969,0.999969
2018-11-04 20:00:00,3.17,3.1656,3.0024,7.5935,3.0024,3.1656,7.5935,0.0,0.0,0.0,0.001937,100.0,1.0,99.9969,0.999969
2018-11-04 20:15:00,3.2,3.1989,3.019,7.5935,3.019,3.1989,7.5935,0.0,0.0,0.0,0.001937,100.0,1.0,99.9969,0.999969
2018-11-04 20:30:00,3.13,3.1369,2.9882,7.599,2.9882,3.1369,7.599,0.0,0.0,0.0,0.001937,100.0,1.0,99.9969,0.999969
2018-11-04 20:45:00,3.13,3.1234,2.9662,7.5744,2.9662,3.1234,7.5744,0.0,0.0,0.0,0.001937,100.0,1.0,99.9969,0.999969
2018-11-04 21:00:00,3.13,3.1234,2.9662,7.5744,2.9662,3.1234,7.5744,0.0,0.0,0.0,0.001937,100.0,1.0,99.9969,0.999969
2018-11-04 21:15:00,3.13,3.1234,2.9662,7.5744,2.9662,3.1234,7.5744,0.0,0.0,0.0,0.001937,100.0,1.0,99.9969,0.999969
2018-11-04 21:30:00,3.13,3.1234,2.9662,7.5744,2.9662,3.1234,7.5744,0.0,0.0,0.0,0.001937,100.0,1.0,99.9969,0.999969
2018-11-04 21:45:00,3.24,3.2468,3.0406,7.5778,3.0406,3.2468,7.5778,0.0,0.0,0.0,0.001937,100.0,1.0,99.9968,0.999968
2018-11-04 22:00:00,3.82,3.7414,3.4585,7.7933,3.4585,3.7414,7.7933,0.0,1e-06,0.0,0.001937,100.0,1.0,99.9628,0.999628
2018-11-04 22:15:00,3.1,3.222,2.9259,7.7493,2.9259,3.222,7.7493,0.0,0.0,0.0,0.001937,54.65,0.5465,58.7874,0.587874
2018-11-04 22:30:00,2.95,3.0482,2.8939,7.5611,2.8939,3.0482,7.5611,0.0,0.0,0.0,0.001937,54.23,0.5423,51.0865,0.510865
2018-11-04 22:45:00,3.46,3.4552,3.2776,7.6525,3.2776,3.4552,7.6525,0.0,0.0,0.0,0.001937,49.22,0.4922,48.9257,0.489257
2018-11-04 23:00:00,3.42,3.261,3.083,7.5785,3.083,3.261,7.5785,0.0,0.0,0.0,0.001937,51.78,0.5178,46.1852,0.461852
2018-11-04 23:15:00,2.92,2.9527,2.7923,7.5569,2.7923,2.9527,7.5569,0.0,0.0,0.0,0.001937,57.27,0.5727,54.0492,0.540492
2018-11-04 23:30:00,2.84,2.8812,2.7442,7.4747,2.7442,2.8812,7.4747,0.0,0.0,0.0,0.001937,57.22,0.5722,53.6027,0.536027
2018-11-04 23:45:00,2.92,2.9093,2.7753,7.4702,2.7753,2.9093,7.4702,0.0,0.0,0.0,0.001937,58.29,0.5829,53.9084,0.539084
2018-11-05 00:00:00,3.78,3.7826,3.5584,8.012,3.5584,3.7826,8.012,0.0,4e-06,0.0,0.002057,46.13,0.4613,50.3054,0.503054
2018-11-05 00:15:00,2.95,3.0223,2.8237,7.6885,2.8237,3.0223,7.6885,0.0,0.0,0.0,0.001973,56.75,0.5675,56.4643,0.564643
2018-11-05 00:30:00,2.95,2.9209,2.7715,7.4754,2.7715,2.9209,7.4754,0.0,0.0,0.0,0.001973,55.17,0.5517,54.6466,0.546466
2018-11-05 00:45:00,3.53,3.4604,3.2929,7.6531,3.2929,3.4604,7.6531,0.0,0.0,0.0,0.001973,48.88,0.4888,49.0223,0.490223
2018-11-05 01:00:00,3.38,3.2877,3.0871,7.6249,3.0871,3.2877,7.6249,0.0,0.0,0.0,0.001973,51.34,0.5134,49.2567,0.492567
2018-11-05 01:15:00,2.92,2.9895,2.772,7.5456,2.772,2.9895,7.5456,0.0,0.0,0.0,0.001937,55.03,0.5503,54.0241,0.540241
2018-11-05 01:30:00,2.95,2.955,2.7906,7.4747,2.7906,2.955,7.4747,0.0,0.0,0.0,0.001937,55.43,0.5543,54.436,0.54436
2018-11-05 01:45:00,2.95,2.9451,2.7929,7.4761,2.7929,2.9451,7.4761,0.0,0.0,0.0,0.001937,56.04,0.5604,54.8023,0.548023
2018-11-05 02:00:00,2.92,2.9227,2.7768,7.4761,2.7768,2.9227,7.4761,0.0,0.0,0.0,0.001937,54.78,0.5478,54.5033,0.545033
2018-11-05 02:15:00,2.99,2.9849,2.8185,7.4728,2.8185,2.9849,7.4728,0.0,0.0,0.0,0.001937,55.34,0.5534,54.8079,0.548079
2018-11-05 02:30:00,2.95,2.9483,2.7893,7.4859,2.7893,2.9483,7.4859,0.0,0.0,0.0,0.001937,54.23,0.5423,53.5693,0.535693
2018-11-05 02:45:00,3.56,3.5381,3.3481,7.7092,3.3481,3.5381,7.7092,0.0,0.0,0.0,0.001937,48.79,0.4879,49.0223,0.490223
2018-11-05 03:00:00,3.31,3.2135,2.9908,7.6244,2.9908,3.2135,7.6244,0.0,0.0,0.0,0.001937,53.04,0.5304,50.195,0.50195
2018-11-05 03:15:00,2.92,2.9463,2.7981,7.5456,2.7981,2.9463,7.5456,0.0,0.0,0.0,0.001937,54.09,0.5409,53.735,0.53735
2018-11-05 03:30:00,2.95,2.955,2.7906,7.4747,2.7906,2.955,7.4747,0.0,0.0,0.0,0.001937,55.17,0.5517,54.4394,0.544394
2018-11-05 03:45:00,2.92,2.9227,2.7768,7.4761,2.7768,2.9227,7.4761,0.0,0.0,0.0,0.001937,54.78,0.5478,54.511,0.54511
2018-11-05 04:00:00,3.02,2.9975,2.8404,7.4728,2.8404,2.9975,7.4728,0.0,0.0,0.0,0.001937,55.39,0.5539,54.5493,0.545493
2018-11-05 04:15:00,3.64,3.5751,3.4072,7.7427,3.4072,3.5751,7.7427,0.0,0.0,0.0,0.001937,50.27,0.5027,49.7228,0.497228
2018-11-05 04:30:00,3.35,3.251,2.9859,7.6683,2.9859,3.251,7.6683,0.0,0.0,0.0,0.001937,50.74,0.5074,47.9667,0.479667
2018-11-05 04:45:00,2.92,2.9307,2.7696,7.5426,2.7696,2.9307,7.5426,0.0,0.0,0.0,0.001937,56.0,0.56,54.7589,0.547588
2018-11-05 05:00:00,2.88,2.9075,2.7584,7.4747,2.7584,2.9075,7.4747,0.0,0.0,0.0,0.001937,56.74,0.5674,55.0935,0.550935
2018-11-05 05:15:00,2.95,2.9376,2.7885,7.4728,2.7885,2.9376,7.4728,0.0,0.0,0.0,0.001937,57.39,0.5739,55.3401,0.553401
2018-11-05 05:30:00,2.88,2.8902,2.764,7.4761,2.764,2.8902,7.4761,0.0,0.0,0.0,0.001937,57.11,0.5711,55.487,0.55487
2018-11-05 05:45:00,2.92,2.9137,2.7607,7.4728,2.7607,2.9137,7.4728,0.0,0.0,0.0,0.001937,58.96,0.5896,56.5538,0.565538
2018-11-05 06:00:00,2.88,2.8942,2.7539,7.4728,2.7539,2.8942,7.4728,0.0,0.0,0.0,0.001937,58.43,0.5843,56.3693,0.563693
2018-11-05 06:15:00,2.84,2.8602,2.7284,7.4728,2.7284,2.8602,7.4728,0.0,0.0,0.0,0.001937,59.36,0.5936,57.1391,0.571391
2018-11-05 06:30:00,2.92,2.9093,2.777,7.4702,2.777,2.9093,7.4702,0.0,0.0,0.0,0.001937,58.67,0.5867,57.1293,0.571293
2018-11-05 06:45:00,3.53,3.5014,3.295,7.6944,3.295,3.5014,7.6944,0.0,0.0,0.0,0.001937,54.43,0.5443,52.1138,0.521138
2018-11-05 07:00:00,3.31,3.2092,2.9828,7.6193,2.9828,3.2092,7.6193,0.0,0.0,0.0,0.001937,55.2,0.552,52.5104,0.525104
2018-11-05 07:15:00,3.31,3.1434,2.9686,7.5616,2.9686,3.1434,7.5616,0.0,0.0,0.0,0.001937,62.82,0.6282,59.0697,0.590697
2018-11-05 07:30:00,4.32,4.2115,3.8546,7.888,3.8546,4.2115,7.888,0.0,0.0,0.0,0.001937,66.44,0.6644,60.5719,0.605719
2018-11-05 07:45:00,5.22,5.1352,4.133,8.5319,4.133,5.1352,8.5319,0.0,0.001973,0.0,0.002119,70.44,0.7044,63.4269,0.634269
2018-11-05 08:00:00,5.22,5.1348,4.6128,8.872,4.6128,5.1348,8.872,0.0,0.002101,0.0,0.002946,72.42,0.7242,72.5776,0.725776
2018-11-05 08:15:00,37.69,36.4281,26.6423,40.3329,26.6423,36.4281,40.3329,0.02,0.018916,0.012786,0.019829,84.45,0.8445,75.7664,0.757664
2018-11-05 08:30:00,94.86,95.1049,83.3217,99.9391,83.3217,95.1049,99.9391,0.04,0.043675,0.035985,0.045707,83.64,0.8364,81.1439,0.811439
2018-11-05 08:45:00,59.47,64.5241,59.4013,78.7105,59.4013,64.5241,78.7105,0.03,0.030293,0.026507,0.037145,79.4,0.794,79.0517,0.790517
2018-11-05 09:00:00,78.62,81.185,74.2214,89.1576,74.2214,81.185,89.1576,0.04,0.033631,0.031479,0.043496,85.11,0.8511,86.5836,0.865836
2018-11-05 09:15:00,82.26,87.302,79.6176,93.4237,79.6176,87.302,93.4237,0.04,0.038798,0.035578,0.045056,85.08,0.8508,87.1253,0.871253
2018-11-05 09:30:00,73.48,73.4262,66.5942,83.6604,66.5942,73.4262,83.6604,0.03,0.033512,0.02784,0.041509,88.53,0.8853,89.6635,0.896635
2018-11-05 09:45:00,65.66,64.5411,58.6065,73.625,58.6065,64.5411,73.625,0.03,0.028237,0.023742,0.037014,87.72,0.8772,88.5488,0.885488
2018-11-05 10:00:00,83.23,84.7408,76.8154,92.0932,76.8154,84.7408,92.0932,0.04,0.037413,0.032723,0.042103,86.06,0.8606,86.7826,0.867826
2018-11-05 10:15:00,61.56,59.4957,56.1921,71.631,56.1921,59.4957,71.631,0.03,0.030597,0.024022,0.036143,89.0,0.89,90.0084,0.900084
2018-11-05 10:30:00,63.0,61.8639,57.814,69.9072,57.814,61.8639,69.9072,0.03,0.025685,0.025137,0.032638,89.73,0.8973,89.1575,0.891575
2018-11-05 10:45:00,61.96,62.103,58.7519,71.3982,58.7519,62.103,71.3982,0.03,0.028865,0.025079,0.034254,86.0,0.86,86.958,0.86958
2018-11-05 11:00:00,64.3,63.0771,61.0027,72.7052,61.0027,63.0771,72.7052,0.03,0.029901,0.026074,0.033747,85.66,0.8566,85.5352,0.855352
2018-11-05 11:15:00,68.94,66.9876,62.8005,69.2404,62.8005,66.9876,69.2404,0.03,0.030567,0.025891,0.032799,87.72,0.8772,86.0158,0.860158
2018-11-05 11:30:00,66.1,62.8677,58.9604,67.9916,58.9604,62.8677,67.9916,0.03,0.029293,0.024593,0.03297,86.95,0.8695,85.8814,0.858814
2018-11-05 11:45:00,73.8,70.7923,65.1256,76.591,65.1256,70.7923,76.591,0.03,0.031297,0.02798,0.035604,85.81,0.8581,84.7583,0.847583
2018-11-05 12:00:00,55.94,52.9231,48.7655,58.9194,48.7655,52.9231,58.9194,0.03,0.022731,0.019958,0.02995,88.4,0.884,90.1022,0.901022
2018-11-05 12:15:00,6.16,6.7886,4.4716,16.3553,4.4716,6.7886,16.3553,0.0,0.0,0.0,0.004812,100.0,1.0,99.871,0.99871
2018-11-05 12:30:00,6.62,6.8449,5.689,10.097,5.689,6.8449,10.097,0.0,3e-06,0.0,0.002038,100.0,1.0,99.9621,0.999621
2018-11-05 12:45:00,6.88,6.8119,5.7663,10.1918,5.7663,6.8119,10.1918,0.0,1.4e-05,0.0,0.002,100.0,1.0,99.968,0.99968
2018-11-05 13:00:00,6.84,6.4737,5.7253,10.4632,5.7253,6.4737,10.4632,0.0,9.5e-05,0.0,0.002194,99.99,0.9999,100.0019,1.000019
2018-11-05 13:15:00,48.31,51.5246,46.0436,54.6246,46.0436,51.5246,54.6246,0.02,0.020044,0.018706,0.023632,91.82,0.9182,92.3944,0.923944
2018-11-05 13:30:00,68.87,67.7275,64.7278,74.3634,64.7278,67.7275,74.3634,0.03,0.030208,0.027361,0.036035,84.79,0.8479,85.0388,0.850388
2018-11-05 13:45:00,69.26,67.0966,63.6745,73.7184,63.6745,67.0966,73.7184,0.03,0.031947,0.027026,0.033863,83.48,0.8348,83.3459,0.833459
2018-11-05 14:00:00,59.72,59.0928,53.76,63.7744,53.76,59.0928,63.7744,0.03,0.027754,0.021282,0.03126,87.16,0.8716,86.2646,0.862646
2018-11-05 14:15:00,52.74,51.4727,48.986,55.4552,48.986,51.4727,55.4552,0.02,0.020355,0.019917,0.028591,86.42,0.8642,86.8109,0.868109
2018-11-05 14:30:00,68.47,67.7963,64.1652,70.1673,64.1652,67.7963,70.1673,0.03,0.031004,0.027918,0.037116,83.97,0.8397,84.2406,0.842406
2018-11-05 14:45:00,45.68,47.2711,45.4847,53.4056,45.4847,47.2711,53.4056,0.02,0.020744,0.018795,0.026349,87.56,0.8756,89.7491,0.89749
2018-11-05 15:00:00,46.4,47.7184,47.5026,53.6322,47.5026,47.7184,53.6322,0.02,0.024258,0.020189,0.024262,79.49,0.7949,83.2302,0.832302
2018-11-05 15:15:00,64.15,66.8465,62.4892,68.154,62.4892,66.8465,68.154,0.03,0.029784,0.026851,0.034495,80.7,0.807,82.0217,0.820217
2018-11-05 15:30:00,73.44,73.0995,67.703,75.923,67.703,73.0995,75.923,0.03,0.033164,0.029351,0.035956,78.91,0.7891,79.7839,0.797839
2018-11-05 15:45:00,53.14,57.7705,54.3035,63.5431,54.3035,57.7705,63.5431,0.02,0.025955,0.022001,0.031221,74.89,0.7489,78.9122,0.789122
2018-11-05 16:00:00,55.58,57.2396,54.6025,60.7007,54.6025,57.2396,60.7007,0.03,0.02824,0.022125,0.031289,80.07,0.8007,82.1085,0.821085
2018-11-05 16:15:00,59.26,59.4376,56.1711,61.9952,56.1711,59.4376,61.9952,0.03,0.029536,0.023505,0.031052,84.96,0.8496,85.7709,0.857709
2018-11-05 16:30:00,67.43,70.0388,64.5148,71.3942,64.5148,70.0388,71.3942,0.03,0.031839,0.02774,0.034411,75.87,0.7587,79.1124,0.791124
2018-11-05 16:45:00,54.65,55.1285,51.8116,57.3092,51.8116,55.1285,57.3092,0.03,0.024054,0.020307,0.029111,85.94,0.8594,86.5175,0.865175
2018-11-05 17:00:00,51.7,52.0252,48.6442,54.9717,48.6442,52.0252,54.9717,0.02,0.020563,0.02026,0.029557,88.23,0.8823,88.8346,0.888346
2018-11-05 17:15:00,43.99,45.0611,43.3358,50.8307,43.3358,45.0611,50.8307,0.02,0.019966,0.018705,0.025222,89.73,0.8973,90.9843,0.909843
2018-11-05 17:30:00,62.75,64.1706,57.0558,65.7307,57.0558,65.7307,64.1706,0.03,0.029848,0.022881,0.033176,88.77,0.8877,89.0032,0.890032
2018-11-05 17:45:00,31.54,34.2959,26.685,40.7938,26.685,34.2959,40.7938,0.01,0.019167,0.007833,0.020293,99.96,0.9996,100.1349,1.001349
2018-11-05 18:00:00,32.22,32.0836,30.3593,36.5483,30.3593,32.0836,36.5483,0.01,0.017785,0.00956,0.019058,98.27,0.9827,97.6494,0.976494
2018-11-05 18:15:00,40.5,42.007,38.9172,46.3279,38.9172,42.007,46.3279,0.02,0.020001,0.01676,0.023031,85.88,0.8588,89.3128,0.893128
2018-11-05 18:30:00,56.66,58.0997,54.397,61.1253,54.397,58.0997,61.1253,0.03,0.028038,0.022918,0.02948,82.67,0.8267,82.9365,0.829365
2018-11-05 18:45:00,44.39,44.5328,41.3674,49.6774,41.3674,44.5328,49.6774,0.02,0.019985,0.018075,0.02432,89.89,0.8989,91.0033,0.910033
2018-11-05 19:00:00,60.8,62.0609,55.3862,63.4803,55.3862,62.0609,63.4803,0.03,0.029336,0.02403,0.032224,87.02,0.8702,86.9186,0.869186
2018-11-05 19:15:00,58.1,57.1953,53.2675,60.5315,53.2675,57.1953,60.5315,0.03,0.028943,0.022028,0.030332,86.57,0.8657,86.1537,0.861537
2018-11-05 19:30:00,52.16,50.806,48.2436,54.9142,48.2436,50.806,54.9142,0.02,0.020268,0.019381,0.028511,87.88,0.8788,88.0415,0.880415
2018-11-05 19:45:00,64.26,64.2336,59.4386,66.464,59.4386,64.2336,66.464,0.03,0.030841,0.026418,0.034321,84.15,0.8415,84.8529,0.848529
2018-11-05 20:00:00,59.9,58.8288,54.8481,61.6176,54.8481,58.8288,61.6176,0.03,0.029683,0.022949,0.030554,85.53,0.8553,85.1796,0.851796
2018-11-05 20:15:00,51.01,49.9033,47.3137,53.4625,47.3137,49.9033,53.4625,0.02,0.020225,0.019312,0.027413,89.63,0.8963,89.6022,0.896022
2018-11-05 20:30:00,56.45,55.9435,52.4238,59.4267,52.4238,55.9435,59.4267,0.03,0.024727,0.02294,0.030197,87.44,0.8744,87.4845,0.874845
2018-11-05 20:45:00,55.33,57.7557,55.2221,61.0989,55.2221,57.7557,61.0989,0.03,0.029177,0.022933,0.031404,78.82,0.7882,80.8581,0.808581
2018-11-05 21:00:00,45.22,46.3664,44.4808,51.57,44.4808,46.3664,51.57,0.02,0.020018,0.018724,0.025832,87.61,0.8761,89.3001,0.893001
2018-11-05 21:15:00,42.59,42.9177,41.0836,47.9603,41.0836,42.9177,47.9603,0.02,0.019995,0.018634,0.022388,90.57,0.9057,91.8929,0.918929
2018-11-05 21:30:00,59.33,59.3909,51.7783,59.4207,51.7783,59.4207,59.3909,0.03,0.022785,0.021697,0.030336,94.08,0.9408,92.031,0.92031
2018-11-05 21:45:00,74.88,72.2639,65.3788,72.4891,65.3788,72.2639,72.4891,0.03,0.029405,0.0273,0.036353,93.9,0.939,90.596,0.90596
2018-11-05 22:00:00,61.38,56.9532,51.0265,61.9645,51.0265,56.9532,61.9645,0.03,0.023597,0.021016,0.032166,93.53,0.9353,90.6556,0.906556
2018-11-05 22:15:00,73.87,73.8938,70.3349,78.2429,70.3349,73.8938,78.2429,0.03,0.032654,0.029663,0.037353,82.47,0.8247,81.6035,0.816035
2018-11-05 22:30:00,24.44,38.0651,35.8915,53.3469,35.8915,38.0651,53.3469,0.01,0.020044,0.016261,0.027696,69.31,0.6931,78.0762,0.780762
2018-11-05 22:45:00,4.39,10.8056,7.116,26.4583,7.116,10.8056,26.4583,0.0,0.01054,0.000673,0.015587,50.92,0.5092,74.596,0.74596
2018-11-05 23:00:00,4.86,10.4248,4.5031,15.5379,4.5031,10.4248,15.5379,0.0,0.004451,7.5e-05,0.015552,51.97,0.5197,59.5765,0.595765
2018-11-05 23:15:00,3.82,6.2888,3.6886,12.1295,3.6886,6.2888,12.1295,0.0,0.003895,0.0,0.015894,45.63,0.4563,58.6415,0.586415
2018-11-05 23:30:00,3.78,5.6863,3.5721,8.8933,3.5721,5.6863,8.8933,0.0,0.00268,0.0,0.009582,48.37,0.4837,55.9671,0.559671
2018-11-05 23:45:00,3.74,3.7417,3.5075,8.6126,3.5075,3.7417,8.6126,0.0,0.002012,0.0,0.005168,48.36,0.4836,52.061,0.52061
2018-11-06 00:00:00,3.49,3.5859,3.3717,7.9813,3.3717,3.5859,7.9813,0.0,0.0,0.0,0.002276,50.66,0.5066,57.0482,0.570482
2018-11-06 00:15:00,3.74,3.7219,3.4528,7.9663,3.4528,3.7219,7.9663,0.0,0.0,0.0,0.001975,45.9,0.459,57.567,0.57567
2018-11-06 00:30:00,3.71,3.6232,3.4133,7.9828,3.4133,3.6232,7.9828,0.0,0.0,0.0,0.001945,46.36,0.4636,54.3401,0.543401
2018-11-06 00:45:00,3.74,3.6774,3.4519,8.0301,3.4519,3.6774,8.0301,0.0,0.0,0.0,0.001975,46.1,0.461,54.7586,0.547586
2018-11-06 01:00:00,3.64,3.5653,3.3947,8.0301,3.3947,3.5653,8.0301,0.0,0.0,0.0,0.001975,44.92,0.4492,51.4158,0.514158
2018-11-06 01:15:00,3.71,3.6729,3.4663,8.0275,3.4663,3.6729,8.0275,0.0,0.0,0.0,0.001975,44.91,0.4491,51.1048,0.511048
2018-11-06 01:30:00,3.71,3.6453,3.4653,8.0503,3.4653,3.6453,8.0503,0.0,0.0,0.0,0.001975,44.91,0.4491,48.9017,0.489017
2018-11-06 01:45:00,3.67,3.618,3.4399,8.003,3.4399,3.618,8.003,0.0,0.0,0.0,0.001945,46.33,0.4633,48.856,0.48856
2018-11-06 02:00:00,3.71,3.6827,3.4832,7.99,3.4832,3.6827,7.99,0.0,0.0,0.0,0.001945,46.16,0.4616,49.3568,0.493568
2018-11-06 02:15:00,4.75,4.6433,4.1819,8.7567,4.1819,4.6433,8.7567,0.0,0.0,0.0,0.002135,51.43,0.5143,55.8196,0.558196
2018-11-06 02:30:00,4.14,3.8425,3.5782,8.86,3.5782,3.8425,8.86,0.0,0.00201,0.0,0.002641,48.72,0.4872,53.5566,0.535566
2018-11-06 02:45:00,3.67,3.5789,3.3353,8.3791,3.3353,3.5789,8.3791,0.0,0.00104,0.0,0.00198,46.91,0.4691,54.1602,0.541602
2018-11-06 03:00:00,3.64,3.6847,3.4615,8.1072,3.4615,3.6847,8.1072,0.0,0.0,0.0,0.00201,45.12,0.4512,50.6948,0.506948
2018-11-06 03:15:00,3.71,3.7539,3.4663,8.0917,3.4663,3.7539,8.0917,0.0,0.0,0.0,0.00201,44.72,0.4472,50.9587,0.509587
2018-11-06 03:30:00,3.38,3.4326,3.2321,7.8695,3.2321,3.4326,7.8695,0.0,4e-06,0.0,0.001937,47.69,0.4769,47.9775,0.479775
2018-11-06 03:45:00,3.13,3.2227,3.0376,7.7091,3.0376,3.2227,7.7091,0.0,0.0,0.0,0.001937,49.39,0.4939,50.2902,0.502902
2018-11-06 04:00:00,3.06,3.0719,2.9338,7.5744,2.9338,3.0719,7.5744,0.0,0.0,0.0,0.001937,49.79,0.4979,48.6723,0.486723
2018-11-06 04:15:00,3.1,3.1078,2.9295,7.5384,2.9295,3.1078,7.5384,0.0,0.0,0.0,0.001937,50.28,0.5028,49.6216,0.496216
2018-11-06 04:30:00,3.06,3.0716,2.9129,7.5475,2.9129,3.0716,7.5475,0.0,0.0,0.0,0.001937,50.86,0.5086,49.4993,0.494993
2018-11-06 04:45:00,3.1,3.1078,2.9295,7.5384,2.9295,3.1078,7.5384,0.0,0.0,0.0,0.001937,51.35,0.5135,50.3643,0.503643
2018-11-06 05:00:00,3.1,3.0967,2.9289,7.5475,2.9289,3.0967,7.5475,0.0,0.0,0.0,0.001937,50.07,0.5007,48.4914,0.484914
2018-11-06 05:15:00,3.06,3.0716,2.9129,7.5475,2.9129,3.0716,7.5475,0.0,0.0,0.0,0.001937,50.28,0.5028,48.7974,0.487974
2018-11-06 05:30:00,3.17,3.1737,2.986,7.5418,2.986,3.1737,7.5418,0.0,0.0,0.0,0.001937,49.87,0.4987,49.1461,0.491461
2018-11-06 05:45:00,3.71,3.6549,3.3923,7.9494,3.3923,3.6549,7.9494,0.0,0.0,0.0,0.001975,45.26,0.4526,50.4078,0.504078
2018-11-06 06:00:00,3.31,3.3006,3.0485,7.7224,3.0485,3.3006,7.7224,0.0,0.0,0.0,0.001937,50.09,0.5009,48.4692,0.484692
2018-11-06 06:15:00,3.02,3.048,2.8913,7.5739,2.8913,3.048,7.5739,0.0,0.0,0.0,0.001937,52.24,0.5224,51.5761,0.515761
2018-11-06 06:30:00,3.38,3.3791,3.2448,7.629,3.2448,3.3791,7.629,0.0,0.0,0.0,0.001942,46.25,0.4625,48.1069,0.481069
2018-11-06 06:45:00,3.53,3.4828,3.2504,7.7706,3.2504,3.4828,7.7706,0.0,0.0,0.0,0.001945,44.92,0.4492,48.8339,0.488339
2018-11-06 07:00:00,2.99,3.0479,2.8393,7.634,2.8393,3.0479,7.634,0.0,0.0,0.0,0.001937,51.02,0.5102,50.7576,0.507576
2018-11-06 07:15:00,3.02,3.0245,2.8674,7.516,2.8674,3.0245,7.516,0.0,0.0,0.0,0.001937,51.93,0.5193,51.5347,0.515347
2018-11-06 07:30:00,3.31,3.3299,3.1768,7.627,3.1768,3.3299,7.627,0.0,0.0,0.0,0.001937,54.59,0.5459,54.4704,0.544704
2018-11-06 07:45:00,4.39,4.3004,3.897,7.9024,3.897,4.3004,7.9024,0.0,0.0,0.0,0.001942,54.63,0.5463,57.4276,0.574276
2018-11-06 08:00:00,4.07,3.8457,3.6487,8.1362,3.6487,3.8457,8.1362,0.0,0.002093,0.0,0.002424,55.13,0.5513,54.1114,0.541114
2018-11-06 08:15:00,35.03,35.3295,27.241,38.4106,27.241,35.3295,38.4106,0.02,0.019682,0.013314,0.019893,75.16,0.7516,72.5352,0.725352
2018-11-06 08:30:00,54.94,54.2989,50.5817,61.6084,50.5817,54.2989,61.6084,0.03,0.025291,0.020291,0.032558,72.71,0.7271,73.6698,0.736698
2018-11-06 08:45:00,60.37,59.9805,58.0467,66.6454,58.0467,59.9805,66.6454,0.03,0.030056,0.024542,0.033974,76.7,0.767,76.5438,0.765438
2018-11-06 09:00:00,76.1,73.8464,69.7981,78.8852,69.7981,73.8464,78.8852,0.03,0.032584,0.029548,0.038934,86.5,0.865,85.5305,0.855305
2018-11-06 09:15:00,70.96,71.3888,62.8672,73.1818,62.8672,71.3888,73.1818,0.03,0.033537,0.02611,0.036779,87.13,0.8713,86.1902,0.861902
2018-11-06 09:30:00,76.54,72.6666,66.6792,79.1505,66.6792,72.6666,79.1505,0.04,0.031371,0.028161,0.037975,85.94,0.8594,86.1369,0.861369
2018-11-06 09:45:00,76.0,77.6091,69.9243,78.5727,69.9243,78.5727,77.6091,0.03,0.032751,0.029143,0.038176,87.22,0.8722,87.0,0.87
2018-11-06 10:00:00,66.67,69.758,60.2786,70.2124,60.2786,69.758,70.2124,0.03,0.031033,0.024829,0.037002,87.33,0.8733,88.0068,0.880068
2018-11-06 10:15:00,63.32,64.0918,56.5672,65.2053,56.5672,64.0918,65.2053,0.03,0.03031,0.023897,0.032937,89.19,0.8919,88.4387,0.884387
2018-11-06 10:30:00,56.52,57.5753,51.7814,59.6124,51.7814,57.5753,59.6124,0.03,0.026479,0.02177,0.031025,87.61,0.8761,88.1115,0.881115
2018-11-06 10:45:00,60.23,59.8588,56.6704,62.6923,56.6704,59.8588,62.6923,0.03,0.029752,0.023978,0.031365,86.51,0.8651,86.7781,0.867781
2018-11-06 11:00:00,74.77,71.0874,67.9314,75.5528,67.9314,71.0874,75.5528,0.03,0.033308,0.029045,0.036938,87.95,0.8795,86.135,0.86135
2018-11-06 11:15:00,85.75,79.2193,74.9469,87.2123,74.9469,79.2193,87.2123,0.04,0.034263,0.031404,0.040631,88.47,0.8847,87.6873,0.876873
2018-11-06 11:30:00,64.12,65.0264,59.7028,76.091,59.7028,65.0264,76.091,0.03,0.031046,0.025635,0.038044,85.38,0.8538,87.4312,0.874312
2018-11-06 11:45:00,60.62,60.3975,55.4242,69.9492,55.4242,60.3975,69.9492,0.03,0.028883,0.023864,0.03393,85.69,0.8569,86.6799,0.866798
2018-11-06 12:00:00,52.99,51.3623,46.6372,59.6498,46.6372,51.3623,59.6498,0.02,0.023009,0.019503,0.030105,89.47,0.8947,89.2333,0.892333
2018-11-06 12:15:00,6.05,5.6592,4.3637,15.6322,4.3637,5.6592,15.6322,0.0,0.0,0.0,0.004738,100.0,1.0,99.8965,0.998965
2018-11-06 12:30:00,5.9,5.9471,5.4979,9.8782,5.4979,5.9471,9.8782,0.0,0.0,0.0,0.002038,100.0,1.0,99.9631,0.999631
2018-11-06 12:45:00,5.76,5.9739,5.4483,9.8032,5.4483,5.9739,9.8032,0.0,0.0,0.0,0.002009,100.0,1.0,99.9651,0.999651
2018-11-06 13:00:00,4.93,4.86,4.6856,9.365,4.6856,4.86,9.365,0.0,0.0,0.0,0.002007,100.0,1.0,100.0019,1.000019
2018-11-06 13:15:00,44.39,44.6154,40.4808,46.2953,40.4808,44.6154,46.2953,0.02,0.019959,0.017786,0.022716,89.58,0.8958,91.3673,0.913673
2018-11-06 13:30:00,53.03,55.0951,50.3865,57.4901,50.3865,55.0951,57.4901,0.02,0.026652,0.020853,0.028465,85.2,0.852,86.4411,0.86441
2018-11-06 13:45:00,60.34,60.547,56.646,63.6532,56.646,60.547,63.6532,0.03,0.029063,0.024797,0.031103,86.73,0.8673,86.626,0.86626
2018-11-06 14:00:00,59.65,58.8379,55.0502,63.1619,55.0502,58.8379,63.1619,0.03,0.02988,0.023605,0.030917,86.66,0.8666,86.361,0.86361
2018-11-06 14:15:00,51.19,50.0902,47.7254,54.006,47.7254,50.0902,54.006,0.02,0.02029,0.019182,0.027913,87.73,0.8773,88.176,0.88176
2018-11-06 14:30:00,50.9,51.0741,48.9346,54.0962,48.9346,51.0741,54.0962,0.02,0.020054,0.019292,0.02782,88.78,0.8878,89.1669,0.891669
2018-11-06 14:45:00,49.9,50.135,47.9718,53.4749,47.9718,50.135,53.4749,0.02,0.02004,0.018933,0.027091,87.65,0.8765,88.7649,0.887649
2018-11-06 15:00:00,50.69,51.1687,49.0178,54.4343,49.0178,51.1687,54.4343,0.02,0.020044,0.01916,0.027022,86.73,0.8673,87.6811,0.876811
2018-11-06 15:15:00,50.62,50.2191,48.2237,53.2191,48.2237,50.2191,53.2191,0.02,0.020027,0.01889,0.026978,87.05,0.8705,88.0848,0.880848
2018-11-06 15:30:00,51.91,51.279,49.1094,54.1173,49.1094,51.279,54.1173,0.02,0.020031,0.019212,0.026864,88.42,0.8842,88.7516,0.887516
2018-11-06 15:45:00,49.97,49.2866,47.3611,52.8883,47.3611,49.2866,52.8883,0.02,0.020048,0.019078,0.02735,88.43,0.8843,89.1594,0.891594
2018-11-06 16:00:00,49.18,49.068,47.5625,53.1408,47.5625,49.068,53.1408,0.02,0.020024,0.01889,0.026379,86.48,0.8648,88.0848,0.880848
2018-11-06 16:15:00,58.64,58.6881,54.9034,61.3112,54.9034,58.6881,61.3112,0.03,0.028258,0.022568,0.03086,85.31,0.8531,85.7825,0.857825
2018-11-06 16:30:00,55.58,55.7105,52.2289,58.465,52.2289,55.7105,58.465,0.03,0.029127,0.020714,0.030296,85.51,0.8551,85.9613,0.859613
2018-11-06 16:45:00,55.84,55.8654,52.7985,58.7735,52.7985,55.8654,58.7735,0.03,0.028305,0.021446,0.030504,85.64,0.8564,86.1172,0.861172
2018-11-06 17:00:00,48.71,49.4036,46.9646,53.7926,46.9646,49.4036,53.7926,0.02,0.020099,0.019274,0.028166,85.35,0.8535,86.9822,0.869822
2018-11-06 17:15:00,42.52,44.0305,42.1747,49.5404,42.1747,44.0305,49.5404,0.02,0.019973,0.018062,0.023104,89.85,0.8985,91.5426,0.915426
2018-11-06 17:30:00,60.77,62.1423,55.8131,63.0933,55.8131,62.1423,63.0933,0.03,0.02857,0.023801,0.03202,86.37,0.8637,87.9082,0.879082
2018-11-06 17:45:00,31.03,33.4601,27.601,39.0954,27.601,33.4601,39.0954,0.01,0.019528,0.009838,0.01973,99.9,0.999,99.5804,0.995805
2018-11-06 18:00:00,31.32,31.4619,29.7492,36.0514,29.7492,31.4619,36.0514,0.01,0.013854,0.009791,0.01556,98.41,0.9841,97.7025,0.977025
2018-11-06 18:15:00,43.92,44.5732,41.1928,47.8976,41.1928,44.5732,47.8976,0.02,0.020013,0.017639,0.024812,84.69,0.8469,87.7629,0.877629
2018-11-06 18:30:00,51.52,54.2784,49.5597,57.8701,49.5597,54.2784,57.8701,0.02,0.025479,0.020282,0.027566,82.86,0.8286,84.2385,0.842385
2018-11-06 18:45:00,52.81,51.8405,49.2979,54.5752,49.2979,51.8405,54.5752,0.02,0.02007,0.01953,0.027829,88.2,0.882,87.7466,0.877466
2018-11-06 19:00:00,66.46,65.9025,61.1246,66.5345,61.1246,65.9025,66.5345,0.03,0.030787,0.027349,0.035154,85.31,0.8531,85.0162,0.850162
2018-11-06 19:15:00,48.35,48.1394,45.6757,53.3282,45.6757,48.1394,53.3282,0.02,0.020809,0.01894,0.026509,87.59,0.8759,89.1596,0.891596
2018-11-06 19:30:00,46.51,46.5969,44.4451,51.8447,44.4451,46.5969,51.8447,0.02,0.019998,0.018278,0.023837,89.58,0.8958,90.3208,0.903208
2018-11-06 19:45:00,73.62,76.4618,70.2527,78.4338,70.2527,76.4618,78.4338,0.03,0.032071,0.028276,0.036687,82.36,0.8236,83.0337,0.830337
2018-11-06 20:00:00,50.98,51.6235,48.8969,57.311,48.8969,51.6235,57.311,0.02,0.021707,0.019695,0.029178,85.69,0.8569,88.3552,0.883552
2018-11-06 20:15:00,49.25,48.7303,46.8007,53.8229,46.8007,48.7303,53.8229,0.02,0.020036,0.019229,0.027671,86.98,0.8698,88.6546,0.886546
2018-11-06 20:30:00,42.66,43.5479,41.7243,50.7128,41.7243,43.5479,50.7128,0.02,0.01997,0.018159,0.025547,91.99,0.9199,93.0026,0.930026
2018-11-06 20:45:00,30.35,31.0366,29.2973,35.7076,29.2973,31.0366,35.7076,0.01,0.017605,0.01062,0.019835,99.92,0.9992,99.9504,0.999504
2018-11-06 21:00:00,8.28,8.6715,5.6778,13.1984,5.6778,8.6715,13.1984,0.0,0.006026,6.4e-05,0.007465,100.0,1.0,99.9356,0.999356
2018-11-06 21:15:00,7.6,7.1965,5.2207,11.1158,5.2207,7.1965,11.1158,0.0,0.000857,0.0,0.002432,100.0,1.0,99.9969,0.999969
2018-11-06 21:30:00,4.21,4.6922,3.9315,9.6766,3.9315,4.6922,9.6766,0.0,0.0,0.0,0.001984,100.0,1.0,99.9969,0.999969
2018-11-06 21:45:00,3.85,3.8753,3.7318,8.7262,3.7318,3.8753,8.7262,0.0,5e-06,0.0,0.001945,100.0,1.0,99.9969,0.999969
2018-11-06 22:00:00,3.85,3.9455,3.6544,8.1878,3.6544,3.9455,8.1878,0.0,0.0,0.0,0.001956,100.0,1.0,99.9687,0.999687
2018-11-06 22:15:00,3.67,3.7947,3.5438,8.1224,3.5438,3.7947,8.1224,0.0,0.000254,0.0,0.002016,48.88,0.4888,60.9166,0.609166
2018-11-06 22:30:00,3.64,3.7349,3.4813,7.9547,3.4813,3.7349,7.9547,0.0,0.000113,0.0,0.001977,47.19,0.4719,48.2644,0.482644
2018-11-06 22:45:00,3.64,3.5899,3.4347,7.8935,3.4347,3.5899,7.8935,0.0,0.0,0.0,0.001942,47.19,0.4719,47.5672,0.475672
2018-11-06 23:00:00,3.53,3.5072,3.3828,7.8844,3.3828,3.5072,7.8844,0.0,0.0,0.0,0.001942,47.84,0.4784,47.7749,0.477749
2018-11-06 23:15:00,3.53,3.5358,3.3693,7.8031,3.3693,3.5358,7.8031,0.0,0.0,0.0,0.001937,50.4,0.504,49.5666,0.495666
2018-11-06 23:30:00,3.6,3.6226,3.4197,7.8031,3.4197,3.6226,7.8031,0.0,0.0,0.0,0.001937,51.83,0.5183,49.5795,0.495795
2018-11-06 23:45:00,3.53,3.5299,3.3574,7.856,3.3574,3.5299,7.856,0.0,0.0,0.0,0.001937,51.99,0.5199,49.5078,0.495078
2018-11-07 00:00:00,0.0,2.5363,2.2435,7.7891,2.5363,2.2435,7.7891,0.0,0.0,0.0,0.00202,0.0,0.0,83.352,0.83352
2018-11-07 00:15:00,3.53,5.0997,4.8054,11.2691,5.0997,4.8054,11.2691,0.0,0.00037,0.0,0.006436,49.3,0.493,58.2674,0.582674
2018-11-07 00:30:00,3.56,3.3364,3.0468,7.6166,3.0468,3.3364,7.6166,0.0,9.7e-05,0.0,0.001984,49.86,0.4986,48.3688,0.483688
2018-11-07 00:45:00,3.64,3.4253,3.087,7.6305,3.087,3.4253,7.6305,0.0,9.7e-05,0.0,0.001984,50.03,0.5003,48.5276,0.485276
2018-11-07 01:00:00,3.74,3.4856,3.1511,7.6873,3.1511,3.4856,7.6873,0.0,9.7e-05,0.0,0.001984,52.39,0.5239,49.5535,0.495535
2018-11-07 01:15:00,4.68,4.6158,3.9827,8.2123,3.9827,4.6158,8.2123,0.0,0.0,0.0,0.001937,58.97,0.5897,55.4375,0.554375
2018-11-07 01:30:00,3.85,3.7356,3.4066,8.488,3.4066,3.7356,8.488,0.0,0.001973,0.0,0.002269,52.57,0.5257,52.9241,0.529241
2018-11-07 01:45:00,2.95,3.1856,3.0742,7.9229,3.0742,3.1856,7.9229,0.0,0.0,0.0,0.001973,53.9,0.539,57.3749,0.573749
2018-11-07 02:00:00,2.92,2.9387,2.7907,7.5134,2.7907,2.9387,7.5134,0.0,0.0,0.0,0.001973,54.43,0.5443,55.3376,0.553376
2018-11-07 02:15:00,2.95,2.942,2.7849,7.498,2.7849,2.942,7.498,0.0,0.0,0.0,0.001984,55.43,0.5543,55.4171,0.554171
2018-11-07 02:30:00,2.95,2.932,2.7871,7.4746,2.7871,2.932,7.4746,0.0,0.0,0.0,0.001973,54.83,0.5483,54.5215,0.545215
2018-11-07 02:45:00,2.95,2.932,2.7871,7.4727,2.7871,2.932,7.4727,0.0,0.0,0.0,0.001937,54.23,0.5423,53.8018,0.538018
2018-11-07 03:00:00,2.92,2.908,2.771,7.4727,2.771,2.908,7.4727,0.0,0.0,0.0,0.001937,54.09,0.5409,54.0375,0.540375
2018-11-07 03:15:00,2.95,2.942,2.7849,7.4694,2.7849,2.942,7.4694,0.0,0.0,0.0,0.001937,53.9,0.539,53.4301,0.534301
2018-11-07 03:30:00,2.99,2.9604,2.8033,7.4727,2.8033,2.9604,7.4727,0.0,0.0,0.0,0.001937,54.75,0.5475,54.1494,0.541494
2018-11-07 03:45:00,2.99,2.9603,2.7996,7.4825,2.7996,2.9603,7.4825,0.0,0.0,0.0,0.001937,53.51,0.5351,52.9467,0.529467
2018-11-07 04:00:00,2.95,2.9337,2.7836,7.4825,2.7836,2.9337,7.4825,0.0,0.0,0.0,0.001937,52.76,0.5276,52.2034,0.522034
2018-11-07 04:15:00,2.95,2.9497,2.8068,7.4757,2.8068,2.9497,7.4757,0.0,0.0,0.0,0.001937,53.0,0.53,52.8964,0.528964
2018-11-07 04:30:00,3.02,3.0098,2.8508,7.4757,2.8508,3.0098,7.4757,0.0,0.0,0.0,0.001937,53.33,0.5333,53.0403,0.530403
2018-11-07 04:45:00,3.42,3.4129,3.2326,7.5953,3.2326,3.4129,7.5953,0.0,0.0,0.0,0.001937,50.34,0.5034,50.0876,0.500876
2018-11-07 05:00:00,3.56,3.4498,3.2439,7.5851,3.2439,3.4498,7.5851,0.0,0.0,0.0,0.001937,49.61,0.4961,48.8532,0.488532
2018-11-07 05:15:00,3.06,3.0526,2.8282,7.6075,2.8282,3.0526,7.6075,0.0,0.0,0.0,0.001937,52.43,0.5243,50.7514,0.507514
2018-11-07 05:30:00,3.6,3.5131,3.3333,7.7033,3.3333,3.5131,7.7033,0.0,0.0,0.0,0.001937,48.79,0.4879,49.9457,0.499457
2018-11-07 05:45:00,3.1,3.1385,2.9274,7.6862,2.9274,3.1385,7.6862,0.0,0.0,0.0,0.001937,52.09,0.5209,49.9397,0.499397
2018-11-07 06:00:00,2.95,3.0155,2.8862,7.5441,2.8862,3.0155,7.5441,0.0,0.0,0.0,0.001937,54.23,0.5423,53.8173,0.538173
2018-11-07 06:15:00,2.95,2.9497,2.8068,7.4777,2.8068,2.9497,7.4777,0.0,0.0,0.0,0.001937,53.9,0.539,53.6455,0.536455
2018-11-07 06:30:00,2.88,2.9066,2.7824,7.4757,2.7824,2.9066,7.4757,0.0,0.0,0.0,0.001937,54.51,0.5451,54.1825,0.541825
2018-11-07 06:45:00,2.88,2.8723,2.7387,7.4694,2.7387,2.8723,7.4694,0.0,0.0,0.0,0.001937,53.57,0.5357,53.261,0.53261
2018-11-07 07:00:00,2.88,2.8723,2.7387,7.4694,2.7387,2.8723,7.4694,0.0,0.0,0.0,0.001937,54.51,0.5451,53.8926,0.538926
2018-11-07 07:15:00,2.84,2.8456,2.7226,7.4694,2.7226,2.8456,7.4694,0.0,0.0,0.0,0.001937,55.29,0.5529,54.4613,0.544613
2018-11-07 07:30:00,3.24,3.2455,3.0978,7.5614,3.0978,3.2455,7.5614,0.0,0.0,0.0,0.001937,59.03,0.5903,57.7432,0.577432
2018-11-07 07:45:00,4.82,4.6918,4.1779,8.0739,4.1779,4.6918,8.0739,0.0,0.0,0.0,0.001935,66.59,0.6659,61.8751,0.618751
2018-11-07 08:00:00,5.72,5.3789,4.681,8.8716,4.681,5.3789,8.8716,0.0,0.002104,0.0,0.002531,75.49,0.7549,68.601,0.68601
2018-11-07 08:15:00,29.92,30.276,25.0702,37.0269,25.0702,30.276,37.0269,0.01,0.013203,0.009255,0.014759,78.63,0.7863,74.6737,0.746737
2018-11-07 08:30:00,54.94,53.94,45.1288,55.6406,45.1288,53.94,55.6406,0.03,0.024478,0.020668,0.027514,76.79,0.7679,74.5207,0.745207
2018-11-07 08:45:00,64.4,62.735,59.2463,68.9641,59.2463,62.735,68.9641,0.03,0.030081,0.026773,0.034681,81.0,0.81,76.6194,0.766194
2018-11-07 09:00:00,62.1,59.1231,52.7573,62.3206,52.7573,59.1231,62.3206,0.03,0.027515,0.02191,0.030905,89.74,0.8974,88.0222,0.880222
2018-11-07 09:15:00,54.79,53.4793,48.6056,56.0804,48.6056,53.4793,56.0804,0.03,0.023439,0.019638,0.02904,90.24,0.9024,89.8237,0.898237
2018-11-07 09:30:00,51.41,51.6475,47.3938,54.5856,47.3938,51.6475,54.5856,0.02,0.020484,0.018693,0.02921,90.31,0.9031,89.9368,0.899368
2018-11-07 09:45:00,44.35,45.4868,42.7032,50.1672,42.7032,45.4868,50.1672,0.02,0.019971,0.018191,0.025517,92.4,0.924,92.4196,0.924196
2018-11-07 10:00:00,48.02,48.2863,45.32,51.604,45.32,48.2863,51.604,0.02,0.020012,0.018153,0.023599,90.68,0.9068,91.0739,0.910739
2018-11-07 10:15:00,64.12,62.6535,57.5883,64.4745,57.5883,62.6535,64.4745,0.03,0.028458,0.024594,0.033362,88.85,0.8885,87.5327,0.875327
2018-11-07 10:30:00,52.52,50.4364,46.9899,54.8327,46.9899,50.4364,54.8327,0.02,0.021385,0.018448,0.026527,90.85,0.9085,90.682,0.90682
2018-11-07 10:45:00,70.52,68.6969,63.9248,70.9029,63.9248,68.6969,70.9029,0.03,0.030258,0.027085,0.037703,86.94,0.8694,85.9295,0.859295
2018-11-07 11:00:00,55.26,55.3144,50.4007,58.1057,50.4007,55.3144,58.1057,0.03,0.0238,0.02014,0.030095,86.02,0.8602,85.6906,0.856906
2018-11-07 11:15:00,49.0,49.0019,45.8804,53.822,45.8804,49.0019,53.822,0.02,0.020121,0.018824,0.028197,87.04,0.8704,88.16,0.8816
2018-11-07 11:30:00,43.27,44.3422,42.551,51.4643,42.551,44.3422,51.4643,0.02,0.019982,0.017459,0.025033,88.72,0.8872,90.6858,0.906858
2018-11-07 11:45:00,50.54,49.406,46.3348,55.059,46.3348,49.406,55.059,0.02,0.020075,0.018954,0.027524,86.78,0.8678,87.8147,0.878147
2018-11-07 12:00:00,47.63,44.8293,42.5396,50.2586,42.5396,44.8293,50.2586,0.02,0.020022,0.017524,0.0259,87.98,0.8798,88.0373,0.880373
2018-11-07 12:15:00,4.18,5.7694,4.2777,15.5589,4.2777,5.7694,15.5589,0.0,0.00132,0.0,0.00511,100.0,1.0,99.893,0.99893
2018-11-07 12:30:00,4.28,4.4433,4.0514,9.0693,4.0514,4.4433,9.0693,0.0,0.000578,0.0,0.002166,100.0,1.0,99.966,0.99966
2018-11-07 12:45:00,4.57,4.6,4.2124,8.8176,4.2124,4.6,8.8176,0.0,1.1e-05,0.0,0.001972,100.0,1.0,99.9665,0.999665
2018-11-07 13:00:00,4.75,4.7457,4.4692,8.8725,4.4692,4.7457,8.8725,0.0,1e-06,0.0,0.001966,100.0,1.0,99.9974,0.999974
2018-11-07 13:15:00,30.64,30.7365,24.6143,33.3227,24.6143,30.7365,33.3227,0.01,0.013961,0.007803,0.016352,96.19,0.9619,95.5657,0.955657
2018-11-07 13:30:00,58.28,51.9936,45.2077,58.1079,45.2077,51.9936,58.1079,0.03,0.024034,0.019627,0.030324,89.39,0.8939,88.1001,0.881001
2018-11-07 13:45:00,47.95,47.6118,44.1564,51.8299,44.1564,47.6118,51.8299,0.02,0.020007,0.018271,0.026215,91.48,0.9148,91.3767,0.913767
2018-11-07 14:00:00,66.49,64.5085,59.4578,68.1584,59.4578,64.5085,68.1584,0.03,0.029995,0.025727,0.034092,88.31,0.8831,87.1393,0.871393
2018-11-07 14:15:00,52.06,51.0558,45.7891,55.8696,45.7891,51.0558,55.8696,0.02,0.02107,0.018604,0.028476,90.85,0.9085,90.6197,0.906197
2018-11-07 14:30:00,61.2,61.1911,54.8241,62.6167,54.8241,61.1911,62.6167,0.03,0.02719,0.024824,0.031484,89.23,0.8923,87.9829,0.879829
2018-11-07 14:45:00,51.05,49.9879,46.8765,53.1857,46.8765,49.9879,53.1857,0.02,0.020755,0.018915,0.026693,90.39,0.9039,90.6792,0.906792
2018-11-07 15:00:00,43.06,44.3882,41.8118,49.7228,41.8118,44.3882,49.7228,0.02,0.019966,0.01829,0.024819,92.84,0.9284,93.0627,0.930627
2018-11-07 15:15:00,42.55,43.015,40.1842,47.045,40.1842,43.015,47.045,0.02,0.019996,0.018061,0.022242,92.73,0.9273,92.8963,0.928963
2018-11-07 15:30:00,64.58,66.1046,59.7998,66.3661,59.7998,66.1046,66.3661,0.03,0.030048,0.025549,0.033484,86.47,0.8647,86.4024,0.864024
2018-11-07 15:45:00,56.92,53.9675,49.5349,57.8398,49.5349,53.9675,57.8398,0.03,0.026758,0.020208,0.029216,89.46,0.8946,88.2911,0.882911
2018-11-07 16:00:00,55.91,56.6113,53.1668,59.6078,53.1668,56.6113,59.6078,0.03,0.028688,0.021927,0.030248,85.79,0.8579,86.2175,0.862175
2018-11-07 16:15:00,46.22,46.9701,45.2477,51.7308,45.2477,46.9701,51.7308,0.02,0.020065,0.019025,0.026325,87.42,0.8742,89.1607,0.891607
2018-11-07 16:30:00,50.76,52.425,49.868,55.9713,49.868,52.425,55.9713,0.02,0.020417,0.01941,0.025937,88.03,0.8803,89.0323,0.890323
2018-11-07 16:45:00,68.4,68.059,62.9092,69.7026,62.9092,68.059,69.7026,0.03,0.029949,0.027395,0.036239,85.05,0.8505,84.8884,0.848884
2018-11-07 17:00:00,62.06,60.1607,55.1073,64.2658,55.1073,60.1607,64.2658,0.03,0.029554,0.022631,0.032044,86.31,0.8631,85.7962,0.857962
2018-11-07 17:15:00,53.75,53.2024,49.8143,56.2847,49.8143,53.2024,56.2847,0.02,0.022098,0.020073,0.028416,86.23,0.8623,87.0688,0.870688
2018-11-07 17:30:00,60.19,59.8351,56.2729,62.4519,56.2729,59.8351,62.4519,0.03,0.029024,0.024337,0.03077,86.54,0.8654,86.366,0.86366
2018-11-07 17:45:00,32.0,34.4713,28.2379,42.0954,28.2379,34.4713,42.0954,0.01,0.018829,0.01011,0.020229,99.9,0.999,99.84,0.9984
2018-11-07 18:00:00,32.29,32.2404,29.7288,36.7493,29.7288,32.2404,36.7493,0.01,0.017895,0.010154,0.018816,97.8,0.978,97.1677,0.971677
2018-11-07 18:15:00,41.15,42.1061,39.5881,46.6427,39.5881,42.1061,46.6427,0.02,0.020026,0.017365,0.023208,84.41,0.8441,87.9278,0.879278
2018-11-07 18:30:00,52.63,56.9252,52.4344,57.8847,52.4344,56.9252,57.8847,0.02,0.026622,0.021088,0.028309,78.34,0.7834,80.6605,0.806605
2018-11-07 18:45:00,52.49,51.4588,48.7327,54.5535,48.7327,51.4588,54.5535,0.02,0.020072,0.019253,0.028625,87.26,0.8726,87.393,0.87393
2018-11-07 19:00:00,65.66,64.9222,60.1118,66.0207,60.1118,64.9222,66.0207,0.03,0.029685,0.027026,0.03354,86.17,0.8617,85.3246,0.853246
2018-11-07 19:15:00,61.85,61.1681,56.2771,64.033,56.2771,61.1681,64.033,0.03,0.02949,0.023283,0.031589,85.44,0.8544,85.0422,0.850422
2018-11-07 19:30:00,45.94,46.9354,44.5945,52.072,44.5945,46.9354,52.072,0.02,0.020078,0.018467,0.024547,90.41,0.9041,91.2131,0.912131
2018-11-07 19:45:00,59.33,61.1697,56.1003,62.69,56.1003,61.1697,62.69,0.03,0.029019,0.025036,0.030789,84.25,0.8425,84.9409,0.849409
2018-11-07 20:00:00,55.66,55.5712,52.4265,58.836,52.4265,55.5712,58.836,0.03,0.029393,0.021357,0.030063,85.37,0.8537,85.9766,0.859766
2018-11-07 20:15:00,63.29,63.5094,59.1584,65.3616,59.1584,63.5094,65.3616,0.03,0.029648,0.025872,0.031315,85.88,0.8588,85.7378,0.857378
2018-11-07 20:30:00,50.69,50.7684,47.7286,54.913,47.7286,50.7684,54.913,0.02,0.020338,0.019412,0.026724,87.0,0.87,87.853,0.87853
2018-11-07 20:45:00,33.08,32.2705,30.5792,37.9129,30.5792,32.2705,37.9129,0.02,0.019159,0.01061,0.019723,99.31,0.9931,98.4624,0.984624
2018-11-07 21:00:00,10.51,9.5976,7.7454,13.6549,7.7454,9.5976,13.6549,0.0,0.009112,9e-06,0.009371,99.99,0.9999,99.9595,0.999595
2018-11-07 21:15:00,5.26,5.8179,4.2127,10.0688,4.2127,5.8179,10.0688,0.0,0.000163,0.0,0.002154,100.0,1.0,100.0149,1.000149
2018-11-07 21:30:00,4.1,4.0338,3.7573,9.1601,3.7573,4.0338,9.1601,0.0,2.6e-05,0.0,0.002008,100.0,1.0,99.9969,0.999969
2018-11-07 21:45:00,4.0,3.9365,3.8639,8.4363,3.8639,3.9365,8.4363,0.0,2.1e-05,0.0,0.001935,100.0,1.0,99.9969,0.999969
2018-11-07 22:00:00,5.0,4.9131,4.3926,8.6348,4.3926,4.9131,8.6348,0.0,0.0,0.0,0.002001,100.0,1.0,99.953,0.99953
2018-11-07 22:15:00,4.5,4.2285,3.9928,8.8899,3.9928,4.2285,8.8899,0.0,0.001978,0.0,0.003495,56.8,0.568,64.5702,0.645702
2018-11-07 22:30:00,3.74,3.8225,3.528,8.8274,3.528,3.8225,8.8274,0.0,0.00198,0.0,0.00217,47.6,0.476,51.9563,0.519563
2018-11-07 22:45:00,3.74,3.76,3.5309,7.9754,3.5309,3.76,7.9754,0.0,0.0,0.0,0.001978,49.36,0.4936,48.6002,0.486002
2018-11-07 23:00:00,3.64,3.6759,3.4803,7.9754,3.4803,3.6759,7.9754,0.0,0.0,0.0,0.001973,49.38,0.4938,49.4301,0.494301
2018-11-07 23:15:00,3.56,3.4841,3.3655,7.8703,3.3655,3.4841,7.8703,0.0,0.0,0.0,0.001937,50.04,0.5004,47.179,0.47179
2018-11-07 23:30:00,3.6,3.566,3.3956,7.8001,3.3956,3.566,7.8001,0.0,0.0,0.0,0.001937,50.27,0.5027,47.0376,0.470376
2018-11-07 23:45:00,3.56,3.5319,3.3831,7.8513,3.3831,3.5319,7.8513,0.0,0.0,0.0,0.001937,51.66,0.5166,47.5308,0.475308
2018-11-08 00:00:00,3.53,3.4855,3.3313,7.8141,3.3313,3.4855,7.8141,0.0,4e-06,0.0,0.00202,48.47,0.4847,48.4818,0.484818
2018-11-08 00:15:00,3.64,3.6545,3.4149,7.7826,3.4149,3.6545,7.7826,0.0,0.0,0.0,0.001937,51.12,0.5112,50.6345,0.506345
2018-11-08 00:30:00,3.64,3.5789,3.3879,7.8533,3.3879,3.5789,7.8533,0.0,0.0,0.0,0.001937,49.61,0.4961,48.4379,0.484379
2018-11-08 00:45:00,3.67,3.6168,3.4084,7.8523,3.4084,3.6168,7.8523,0.0,0.0,0.0,0.001937,51.86,0.5186,50.3494,0.503494
2018-11-08 01:00:00,3.67,3.6284,3.4347,7.8621,3.4347,3.6284,7.8621,0.0,0.0,0.0,0.001937,51.18,0.5118,49.2457,0.492457
2018-11-08 01:15:00,3.6,3.5734,3.4283,7.8755,3.4283,3.5734,7.8755,0.0,0.0,0.0,0.001937,49.38,0.4938,48.476,0.48476
2018-11-08 01:30:00,3.74,3.7712,3.4977,7.8685,3.4977,3.7712,7.8685,0.0,0.0,0.0,0.001942,49.19,0.4919,50.2519,0.502519
2018-11-08 01:45:00,3.6,3.5595,3.4025,7.8867,3.4025,3.5595,7.8867,0.0,0.0,0.0,0.001937,50.27,0.5027,49.0119,0.490119
2018-11-08 02:00:00,3.64,3.6282,3.4364,7.8547,3.4364,3.6282,7.8547,0.0,0.0,0.0,0.001937,51.99,0.5199,50.1666,0.501666
2018-11-08 02:15:00,3.35,3.375,3.2078,7.8384,3.2078,3.375,7.8384,0.0,0.0,0.0,0.001937,51.47,0.5147,49.4251,0.494251
2018-11-08 02:30:00,3.17,3.1975,3.067,7.6972,3.067,3.1975,7.6972,0.0,0.0,0.0,0.001937,51.62,0.5162,50.9132,0.509132
2018-11-08 02:45:00,3.74,3.6807,3.4344,7.7765,3.4344,3.6807,7.7765,0.0,0.0,0.0,0.001937,51.05,0.5105,50.3717,0.503717
2018-11-08 03:00:00,3.38,3.3615,3.1034,7.7548,3.1034,3.3615,7.7548,0.0,0.0,0.0,0.001937,50.35,0.5035,48.5795,0.485795
2018-11-08 03:15:00,3.06,3.1527,2.9408,7.6063,2.9408,3.1527,7.6063,0.0,0.0,0.0,0.001937,51.6,0.516,50.5293,0.505293
2018-11-08 03:30:00,3.06,3.0826,2.9133,7.5384,2.9133,3.0826,7.5384,0.0,0.0,0.0,0.001937,52.43,0.5243,51.3603,0.513603
2018-11-08 03:45:00,3.06,3.0826,2.9133,7.5384,2.9133,3.0826,7.5384,0.0,0.0,0.0,0.001937,51.38,0.5138,49.7792,0.497792
2018-11-08 04:00:00,3.13,3.1317,2.9574,7.5384,2.9574,3.1317,7.5384,0.0,0.0,0.0,0.001937,51.14,0.5114,50.4405,0.504405
2018-11-08 04:15:00,3.17,3.1444,2.9604,7.5475,2.9604,3.1444,7.5475,0.0,0.0,0.0,0.001937,50.14,0.5014,48.8669,0.488669
2018-11-08 04:30:00,3.13,3.115,2.9594,7.5666,2.9594,3.115,7.5666,0.0,0.0,0.0,0.001937,51.14,0.5114,49.0428,0.490428
2018-11-08 04:45:00,3.06,3.0538,2.9101,7.5475,2.9101,3.0538,7.5475,0.0,0.0,0.0,0.001937,51.08,0.5108,49.2446,0.492446
2018-11-08 05:00:00,3.06,3.0826,2.9133,7.5384,2.9133,3.0826,7.5384,0.0,0.0,0.0,0.001937,51.9,0.519,50.9572,0.509572
2018-11-08 05:15:00,3.1,3.1078,2.9295,7.5384,2.9295,3.1078,7.5384,0.0,0.0,0.0,0.001937,51.87,0.5187,50.4769,0.504769
2018-11-08 05:30:00,3.13,3.1228,2.9469,7.5475,2.9469,3.1228,7.5475,0.0,0.0,0.0,0.001937,51.94,0.5194,50.6655,0.506655
2018-11-08 05:45:00,3.13,3.1053,2.9425,7.5475,2.9425,3.1053,7.5475,0.0,0.0,0.0,0.001937,50.92,0.5092,48.9938,0.489938
2018-11-08 06:00:00,3.67,3.6007,3.3703,7.7291,3.3703,3.6007,7.7291,0.0,0.0,0.0,0.001937,49.51,0.4951,50.0947,0.500947
2018-11-08 06:15:00,3.46,3.4337,3.2105,7.7437,3.2105,3.4337,7.7437,0.0,0.0,0.0,0.001937,48.37,0.4837,47.1004,0.471004
2018-11-08 06:30:00,3.02,3.0527,2.8852,7.6122,2.8852,3.0527,7.6122,0.0,0.0,0.0,0.001937,52.24,0.5224,50.7401,0.507401
2018-11-08 06:45:00,3.02,3.0288,2.882,7.5233,2.882,3.0288,7.5233,0.0,0.0,0.0,0.001937,53.65,0.5365,52.8478,0.528478
2018-11-08 07:00:00,2.99,3.0063,2.866,7.5233,2.866,3.0063,7.5233,0.0,0.0,0.0,0.001937,52.71,0.5271,52.0412,0.520412
2018-11-08 07:15:00,2.95,2.966,2.8212,7.4973,2.8212,2.966,7.4973,0.0,0.0,0.0,0.001937,54.49,0.5449,53.8884,0.538884
2018-11-08 07:30:00,3.2,3.2288,3.0852,7.5681,3.0852,3.2288,7.5681,0.0,0.0,0.0,0.001937,57.61,0.5761,57.5169,0.575169
2018-11-08 07:45:00,4.68,4.6733,4.1904,7.9868,4.1904,4.6733,7.9868,0.0,0.0,0.0,0.001932,61.89,0.6189,59.0586,0.590586
2018-11-08 08:00:00,5.0,4.7718,4.3374,8.4524,4.3374,4.7718,8.4524,0.0,0.002127,0.0,0.002375,65.81,0.6581,60.425,0.60425
2018-11-08 08:15:00,22.28,27.5407,22.4004,32.2532,22.4004,27.5407,32.2532,0.01,0.011663,0.009266,0.013944,72.38,0.7238,73.9722,0.739722
2018-11-08 08:30:00,46.84,43.329,42.2397,50.4176,42.2397,43.329,50.4176,0.02,0.022542,0.017926,0.024974,72.75,0.7275,74.6213,0.746213
2018-11-08 08:45:00,63.04,63.1906,59.4464,66.7351,59.4464,63.1906,66.7351,0.03,0.027578,0.024976,0.034118,79.85,0.7985,74.8452,0.748452
2018-11-08 09:00:00,66.85,65.2129,60.4653,67.3067,60.4653,65.2129,67.3067,0.03,0.029539,0.024613,0.031845,88.7,0.887,87.0344,0.870344
2018-11-08 09:15:00,54.65,53.0132,47.6126,56.9931,47.6126,53.0132,56.9931,0.03,0.021911,0.018633,0.028952,89.45,0.8945,89.0941,0.890941
2018-11-08 09:30:00,56.34,56.5725,51.8529,58.1276,51.8529,56.5725,58.1276,0.03,0.021738,0.021318,0.030113,89.61,0.8961,89.0135,0.890135
2018-11-08 09:45:00,55.98,55.2951,51.3536,57.2116,51.3536,55.2951,57.2116,0.03,0.02196,0.020653,0.029792,90.41,0.9041,89.5259,0.895259
2018-11-08 10:00:00,66.1,65.3127,59.7752,68.0904,59.7752,65.3127,68.0904,0.03,0.030236,0.027037,0.032265,89.4,0.894,87.8982,0.878982
2018-11-08 10:15:00,53.24,52.6745,48.4056,55.6204,48.4056,52.6745,55.6204,0.02,0.021586,0.01928,0.028139,89.6,0.896,89.5321,0.895321
2018-11-08 10:30:00,67.07,66.2499,61.137,67.786,61.137,66.2499,67.786,0.03,0.029906,0.02706,0.034449,88.03,0.8803,87.1659,0.871659
2018-11-08 10:45:00,62.93,60.298,56.5547,64.4773,56.5547,60.298,64.4773,0.03,0.029206,0.022726,0.032326,86.01,0.8601,85.8251,0.858251
2018-11-08 11:00:00,52.85,52.4644,48.8653,56.1343,48.8653,52.4644,56.1343,0.02,0.024662,0.019645,0.027908,88.01,0.8801,87.8825,0.878825
2018-11-08 11:15:00,52.13,52.1592,49.1043,54.8897,49.1043,52.1592,54.8897,0.02,0.020179,0.019352,0.029089,88.24,0.8824,88.2343,0.882343
2018-11-08 11:30:00,53.6,53.6809,50.0928,56.0219,50.0928,53.6809,56.0219,0.02,0.020106,0.019748,0.028862,88.12,0.8812,87.8259,0.878259
2018-11-08 11:45:00,58.25,58.0949,52.1354,59.4108,52.1354,58.0949,59.4108,0.03,0.028466,0.022827,0.030238,89.9,0.899,88.5699,0.885699
2018-11-08 12:00:00,48.49,46.9238,41.8427,50.4321,41.8427,46.9238,50.4321,0.02,0.020014,0.017317,0.02491,93.84,0.9384,91.5469,0.915469
2018-11-08 12:15:00,7.31,6.9806,5.5287,15.2429,5.5287,6.9806,15.2429,0.0,0.005055,0.0,0.0063,100.0,1.0,99.8965,0.998965
2018-11-08 12:30:00,7.63,7.8732,6.2295,10.9467,6.2295,7.8732,10.9467,0.0,0.002545,0.0,0.004978,100.0,1.0,99.966,0.99966
2018-11-08 12:45:00,7.88,7.1094,6.2804,10.9221,6.2804,7.1094,10.9221,0.0,0.002513,0.0,0.006551,100.0,1.0,99.9665,0.999665
2018-11-08 13:00:00,7.92,7.3681,6.1776,11.091,6.1776,7.3681,11.091,0.0,0.002473,0.0,0.006647,100.0,1.0,100.0019,1.000019
2018-11-08 13:15:00,45.18,45.8759,41.1558,47.7961,41.1558,45.8759,47.7961,0.02,0.020033,0.018661,0.022442,90.97,0.9097,92.3736,0.923736
2018-11-08 13:30:00,59.8,59.7462,54.7286,62.8704,54.7286,59.7462,62.8704,0.03,0.028658,0.024127,0.030624,87.12,0.8712,86.5261,0.865262
2018-11-08 13:45:00,59.0,56.824,51.9739,59.5866,51.9739,56.824,59.5866,0.03,0.022956,0.02193,0.03027,88.99,0.8899,87.5534,0.875534
2018-11-08 14:00:00,62.53,62.5418,58.3497,64.2411,58.3497,62.5418,64.2411,0.03,0.029909,0.02419,0.030619,88.26,0.8826,87.4102,0.874102
2018-11-08 14:15:00,60.26,57.9888,54.7786,60.5892,54.7786,57.9888,60.5892,0.03,0.02924,0.022802,0.030175,87.9,0.879,87.0413,0.870413
2018-11-08 14:30:00,54.61,52.1844,49.3817,55.8135,49.3817,52.1844,55.8135,0.03,0.021597,0.02013,0.028648,89.41,0.8941,89.0138,0.890138
2018-11-08 14:45:00,52.13,51.6583,48.5054,54.2381,48.5054,51.6583,54.2381,0.02,0.020241,0.019814,0.029233,88.7,0.887,88.87,0.8887
2018-11-08 15:00:00,59.76,60.2326,56.4686,62.5899,56.4686,60.2326,62.5899,0.03,0.02909,0.024032,0.031053,86.95,0.8695,86.6996,0.866996
2018-11-08 15:15:00,43.92,45.4226,42.618,49.9891,42.618,45.4226,49.9891,0.02,0.020035,0.018363,0.02407,91.67,0.9167,92.3974,0.923974
2018-11-08 15:30:00,48.6,48.8313,46.9247,53.7888,46.9247,48.8313,53.7888,0.02,0.020015,0.018752,0.024474,89.94,0.8994,90.5048,0.905048
2018-11-08 15:45:00,63.68,63.1424,58.6264,65.0005,58.6264,63.1424,65.0005,0.03,0.029977,0.025611,0.032023,86.03,0.8603,86.0436,0.860436
2018-11-08 16:00:00,54.04,53.0043,49.9617,56.7373,49.9617,53.0043,56.7373,0.02,0.024783,0.02013,0.028356,86.57,0.8657,87.3294,0.873294
2018-11-08 16:15:00,56.48,55.92,51.9234,58.0109,51.9234,55.92,58.0109,0.03,0.023158,0.021618,0.030098,89.61,0.8961,88.8537,0.888537
2018-11-08 16:30:00,109.08,105.7609,98.2521,109.4456,98.2521,109.4456,105.7609,0.05,0.0499,0.04069,0.050302,86.24,0.8624,86.8351,0.868351
2018-11-08 16:45:00,70.06,72.3805,65.4243,81.1998,65.4243,72.3805,81.1998,0.03,0.033179,0.029515,0.038987,86.54,0.8654,90.0974,0.900974
2018-11-08 17:00:00,62.96,63.3213,59.4794,78.3718,59.4794,63.3213,78.3718,0.03,0.032144,0.025373,0.039017,83.31,0.8331,86.8299,0.868299
2018-11-08 17:15:00,64.84,67.471,64.7856,79.8058,64.7856,67.471,79.8058,0.03,0.032295,0.028353,0.039329,78.38,0.7838,83.4191,0.834191
2018-11-08 17:30:00,71.57,73.2596,68.6107,87.3546,68.6107,73.2596,87.3546,0.03,0.032629,0.029852,0.041826,82.5,0.825,85.6393,0.856393
2018-11-08 17:45:00,32.36,36.5066,27.1308,45.6743,27.1308,36.5066,45.6743,0.01,0.019373,0.009434,0.022739,99.59,0.9959,98.838,0.98838
2018-11-08 18:00:00,32.26,32.7671,29.8571,39.7739,29.8571,32.7671,39.7739,0.01,0.019592,0.010154,0.019764,97.44,0.9744,96.8762,0.968762
2018-11-08 18:15:00,52.02,54.7722,51.2698,57.531,51.2698,54.7722,57.531,0.02,0.028536,0.021244,0.029758,80.53,0.8053,84.1995,0.841995
2018-11-08 18:30:00,46.94,47.2701,45.101,52.9563,45.101,47.2701,52.9563,0.02,0.02004,0.018879,0.02736,85.03,0.8503,86.9389,0.869389
2018-11-08 18:45:00,73.94,72.5283,63.8402,75.101,63.8402,72.5283,75.101,0.03,0.031831,0.025553,0.035087,91.74,0.9174,87.9948,0.879948
2018-11-08 19:00:00,74.3,70.9157,65.724,74.5025,65.724,70.9157,74.5025,0.03,0.030886,0.026722,0.036074,91.2,0.912,89.1051,0.891051
2018-11-08 19:15:00,80.17,78.8061,70.3585,82.9145,70.3585,78.8061,82.9145,0.04,0.032905,0.029839,0.038892,88.77,0.8877,87.9636,0.879636
2018-11-08 19:30:00,85.43,86.4409,75.8152,89.9036,75.8152,86.4409,89.9036,0.04,0.039919,0.033702,0.041946,92.38,0.9238,90.4664,0.904664
2018-11-08 19:45:00,94.21,93.4823,83.1666,98.1402,83.1666,93.4823,98.1402,0.04,0.041383,0.037421,0.04475,93.14,0.9314,91.6651,0.916651
2018-11-08 20:00:00,83.2,82.2921,72.8862,91.1482,72.8862,82.2921,91.1482,0.04,0.038172,0.033084,0.041933,92.39,0.9239,91.4364,0.914364
2018-11-08 20:15:00,70.7,69.9064,68.9004,83.3839,68.9004,69.9064,83.3839,0.03,0.032662,0.029636,0.041102,87.83,0.8783,89.9787,0.899787
2018-11-08 20:30:00,91.19,94.5934,87.9052,102.0278,87.9052,94.5934,102.0278,0.04,0.042706,0.03813,0.046686,85.72,0.8572,88.0744,0.880744
2018-11-08 20:45:00,80.14,78.2788,70.2909,86.8492,70.2909,78.2788,86.8492,0.04,0.038082,0.029632,0.04028,93.42,0.9342,91.6729,0.916729
2018-11-08 21:00:00,28.66,35.4955,28.1493,47.7834,28.1493,35.4955,47.7834,0.01,0.020222,0.008337,0.023462,99.52,0.9952,99.3182,0.993182
2018-11-08 21:15:00,19.76,23.5517,20.5487,27.5582,20.5487,23.5517,27.5582,0.01,0.008463,0.008126,0.01173,99.8,0.998,99.9474,0.999474
2018-11-08 21:30:00,4.1,5.4342,3.9112,10.1111,3.9112,5.4342,10.1111,0.0,0.0,0.0,0.002503,100.0,1.0,99.9932,0.999932
2018-11-08 21:45:00,4.1,4.1451,3.9312,8.8815,3.9312,4.1451,8.8815,0.0,0.0,0.0,0.002093,100.0,1.0,99.9969,0.999969
2018-11-08 22:00:00,4.07,4.1279,3.914,8.5692,3.914,4.1279,8.5692,0.0,0.0,0.0,0.001941,100.0,1.0,99.9687,0.999687
2018-11-08 22:15:00,3.92,5.962,3.7593,9.4622,3.7593,5.962,9.4622,0.0,0.002736,0.0,0.009596,45.51,0.4551,63.4864,0.634864
2018-11-08 22:30:00,3.78,3.8079,3.6294,8.5264,3.6294,3.8079,8.5264,0.0,0.001976,0.0,0.004932,48.59,0.4859,52.5001,0.525001
2018-11-08 22:45:00,3.96,3.9065,3.6566,8.2127,3.6566,3.9065,8.2127,0.0,0.0,0.0,0.001975,48.19,0.4819,49.8786,0.498786
2018-11-08 23:00:00,4.9,7.1808,5.2795,15.8087,5.2795,7.1808,15.8087,0.0,0.000293,0.0,0.008478,46.65,0.4665,53.035,0.53035
2018-11-08 23:15:00,4.25,6.0855,3.6646,11.2299,3.6646,6.0855,11.2299,0.0,0.002456,0.0,0.002521,46.96,0.4696,53.0832,0.530832
2018-11-08 23:30:00,3.56,3.611,3.3041,8.3626,3.3041,3.611,8.3626,0.0,0.001501,0.0,0.001973,50.04,0.5004,54.6264,0.546264
2018-11-08 23:45:00,3.53,3.5921,3.3754,7.8967,3.3754,3.5921,7.8967,0.0,0.0,0.0,0.001973,49.96,0.4996,50.8016,0.508016
2018-11-09 00:00:00,4.9,4.9047,4.2806,8.3672,4.2806,4.9047,8.3672,0.0,0.0,0.0,0.002062,57.84,0.5784,60.5551,0.60555
2018-11-09 00:15:00,3.56,3.5923,3.2448,8.7615,3.2448,3.5923,8.7615,0.0,0.001978,0.0,0.002559,46.76,0.4676,60.2292,0.602292
2018-11-09 00:30:00,3.64,3.6226,3.4215,7.8362,3.4215,3.6226,7.8362,0.0,0.0,0.0,0.001978,47.96,0.4796,52.7155,0.527155
2018-11-09 00:45:00,3.6,3.5625,3.3765,7.8801,3.3765,3.5625,7.8801,0.0,0.0,0.0,0.001973,50.46,0.5046,51.7571,0.517571
2018-11-09 01:00:00,3.38,3.431,3.2918,7.8779,3.2918,3.431,7.8779,0.0,0.0,0.0,0.001973,53.06,0.5306,52.8458,0.528458
2018-11-09 01:15:00,2.88,3.0365,2.9052,7.7008,2.9052,3.0365,7.7008,0.0,0.0,0.0,0.001937,56.74,0.5674,56.1828,0.561828
2018-11-09 01:30:00,2.84,2.8602,2.7284,7.4747,2.7284,2.8602,7.4747,0.0,0.0,0.0,0.001937,55.92,0.5592,55.1912,0.551912
2018-11-09 01:45:00,2.88,2.8847,2.739,7.4721,2.739,2.8847,7.4721,0.0,0.0,0.0,0.001937,56.74,0.5674,55.2623,0.552623
2018-11-09 02:00:00,2.88,2.8745,2.7276,7.4702,2.7276,2.8745,7.4702,0.0,0.0,0.0,0.001937,56.46,0.5646,55.1768,0.551768
2018-11-09 02:15:00,2.95,2.9267,2.7717,7.4702,2.7717,2.9267,7.4702,0.0,0.0,0.0,0.001937,54.83,0.5483,54.3221,0.543221
2018-11-09 02:30:00,2.92,2.8968,2.7555,7.4735,2.7555,2.8968,7.4735,0.0,0.0,0.0,0.001937,54.78,0.5478,54.6646,0.546646
2018-11-09 02:45:00,2.88,2.8942,2.7539,7.4728,2.7539,2.8942,7.4728,0.0,0.0,0.0,0.001937,54.51,0.5451,54.1242,0.541242
2018-11-09 03:00:00,2.92,2.9137,2.7607,7.4728,2.7607,2.9137,7.4728,0.0,0.0,0.0,0.001937,54.43,0.5443,53.9803,0.539803
2018-11-09 03:15:00,2.88,2.8942,2.7539,7.4728,2.7539,2.8942,7.4728,0.0,0.0,0.0,0.001937,53.32,0.5332,53.2533,0.532533
2018-11-09 03:30:00,2.99,2.9749,2.8322,7.4728,2.8322,2.9749,7.4728,0.0,0.0,0.0,0.001937,56.29,0.5629,54.8319,0.548319
2018-11-09 03:45:00,3.28,3.2682,3.0959,7.5805,3.0959,3.2682,7.5805,0.0,0.0,0.0,0.001937,53.2,0.532,51.522,0.51522
2018-11-09 04:00:00,3.53,3.4495,3.2576,7.6225,3.2576,3.4495,7.6225,0.0,0.0,0.0,0.001937,51.99,0.5199,51.2811,0.512811
2018-11-09 04:15:00,3.17,3.1395,2.87,7.6003,2.87,3.1395,7.6003,0.0,0.0,0.0,0.001937,53.78,0.5378,52.2465,0.522465
2018-11-09 04:30:00,3.49,3.4494,3.2389,7.6283,3.2389,3.4494,7.6283,0.0,0.0,0.0,0.001937,50.91,0.5091,50.261,0.50261
2018-11-09 04:45:00,3.24,3.1801,3.049,7.6341,3.049,3.1801,7.6341,0.0,0.0,0.0,0.001937,53.77,0.5377,51.8966,0.518966
2018-11-09 05:00:00,2.88,3.0175,2.8602,7.6006,2.8602,3.0175,7.6006,0.0,0.0,0.0,0.001937,56.1,0.561,55.4634,0.554634
2018-11-09 05:15:00,2.88,2.8853,2.7445,7.4747,2.7445,2.8853,7.4747,0.0,0.0,0.0,0.001937,56.74,0.5674,55.2786,0.552786
2018-11-09 05:30:00,2.88,2.8853,2.7445,7.4728,2.7445,2.8853,7.4728,0.0,0.0,0.0,0.001937,57.76,0.5776,56.1976,0.561976
2018-11-09 05:45:00,2.84,2.8602,2.7284,7.4728,2.7284,2.8602,7.4728,0.0,0.0,0.0,0.001937,56.94,0.5694,55.8312,0.558312
2018-11-09 06:00:00,2.84,2.8564,2.7228,7.4702,2.7228,2.8564,7.4702,0.0,0.0,0.0,0.001937,56.57,0.5657,55.1374,0.551374
2018-11-09 06:15:00,2.95,2.9403,2.8091,7.4702,2.8091,2.9403,7.4702,0.0,0.0,0.0,0.001937,57.02,0.5702,55.8712,0.558712
2018-11-09 06:30:00,2.84,2.8635,2.7429,7.4735,2.7429,2.8635,7.4735,0.0,0.0,0.0,0.001937,55.92,0.5592,55.226,0.55226
2018-11-09 06:45:00,2.88,2.8847,2.7376,7.4702,2.7376,2.8847,7.4702,0.0,0.0,0.0,0.001937,55.83,0.5583,54.7438,0.547438
2018-11-09 07:00:00,2.84,2.8478,2.7116,7.4702,2.7116,2.8478,7.4702,0.0,0.0,0.0,0.001937,53.97,0.5397,53.7764,0.537764
2018-11-09 07:15:00,2.84,2.8564,2.7228,7.4702,2.7228,2.8564,7.4702,0.0,0.0,0.0,0.001937,54.58,0.5458,53.9369,0.539369
2018-11-09 07:30:00,3.42,3.3614,3.2094,7.6383,3.2094,3.3614,7.6383,0.0,0.0,0.0,0.001937,55.1,0.551,53.8224,0.538224
2018-11-09 07:45:00,5.72,4.724,4.4531,10.435,4.4531,4.724,10.435,0.0,0.0,0.0,0.002431,69.36,0.6936,63.7427,0.637427
2018-11-09 08:00:00,6.05,6.1871,5.1702,10.5742,5.1702,6.1871,10.5742,0.0,0.00232,0.0,0.003334,76.83,0.7683,72.4259,0.724259
2018-11-09 08:15:00,35.96,36.0465,27.7297,39.9199,27.7297,36.0465,39.9199,0.02,0.019525,0.013226,0.020338,79.05,0.7905,76.646,0.76646
2018-11-09 08:30:00,90.18,87.5907,78.5819,92.1811,78.5819,87.5907,92.1811,0.04,0.040451,0.034509,0.043785,81.39,0.8139,80.5395,0.805395
2018-11-09 08:45:00,80.53,81.3031,74.9214,89.3914,74.9214,81.3031,89.3914,0.04,0.037128,0.031935,0.044242,82.66,0.8266,80.0516,0.800517
2018-11-09 09:00:00,108.5,107.2947,101.6961,111.7891,101.6961,107.2947,111.7891,0.05,0.047928,0.044033,0.051857,88.54,0.8854,88.9067,0.889067
2018-11-09 09:15:00,102.89,103.3225,94.4427,104.5068,94.4427,103.3225,104.5068,0.05,0.047782,0.040209,0.054197,87.44,0.8744,87.7601,0.877601
2018-11-09 09:30:00,108.47,109.0035,103.2836,111.173,103.2836,109.0035,111.173,0.05,0.049617,0.045393,0.053877,89.54,0.8954,89.3815,0.893815
2018-11-09 09:45:00,83.63,85.1086,80.3635,92.2767,80.3635,85.1086,92.2767,0.04,0.039954,0.034395,0.042535,88.28,0.8828,89.7985,0.897985
2018-11-09 10:00:00,76.57,81.0953,74.4926,90.0896,74.4926,81.0953,90.0896,0.04,0.034451,0.032455,0.044235,88.42,0.8842,90.0671,0.900671
2018-11-09 10:15:00,59.4,58.0869,55.0428,72.0575,55.0428,58.0869,72.0575,0.03,0.027674,0.023536,0.035056,89.31,0.8931,90.3066,0.903066
2018-11-09 10:30:00,56.81,56.4812,50.9633,65.5712,50.9633,56.4812,65.5712,0.03,0.023815,0.021489,0.033377,91.49,0.9149,90.8742,0.908742
2018-11-09 10:45:00,55.98,56.2039,51.8583,63.3329,51.8583,56.2039,63.3329,0.03,0.02234,0.021439,0.032221,88.92,0.8892,89.2782,0.892782
2018-11-09 11:00:00,61.6,60.9869,57.3145,63.3841,57.3145,60.9869,63.3841,0.03,0.029464,0.025593,0.031541,88.42,0.8842,87.7625,0.877625
2018-11-09 11:15:00,68.08,65.9574,60.7757,66.9849,60.7757,65.9574,66.9849,0.03,0.030044,0.025275,0.031361,87.39,0.8739,85.7283,0.857283
2018-11-09 11:30:00,64.19,61.3445,56.6734,66.3624,56.6734,61.3445,66.3624,0.03,0.029418,0.02301,0.032375,87.35,0.8735,85.7347,0.857347
2018-11-09 11:45:00,56.95,56.5912,51.7178,58.9619,51.7178,56.5912,58.9619,0.03,0.029302,0.02095,0.02998,87.18,0.8718,86.6486,0.866486
2018-11-09 12:00:00,51.44,50.1104,44.469,53.7049,44.469,50.1104,53.7049,0.02,0.02024,0.018408,0.027536,90.98,0.9098,89.2499,0.892499
2018-11-09 12:15:00,5.15,4.3668,4.1212,14.6317,4.3668,4.1212,14.6317,0.0,0.0,0.0,0.004804,100.0,1.0,99.8965,0.998965
2018-11-09 12:30:00,4.82,4.7049,4.6626,9.4008,4.6626,4.7049,9.4008,0.0,0.0,0.0,0.002042,100.0,1.0,99.9631,0.999631
2018-11-09 12:45:00,4.97,5.1126,4.6319,9.0649,4.6319,5.1126,9.0649,0.0,0.0,0.0,0.002007,100.0,1.0,99.9665,0.999665
2018-11-09 13:00:00,4.72,4.5552,4.4972,8.9879,4.5552,4.4972,8.9879,0.0,0.0,0.0,0.001976,100.0,1.0,100.0019,1.000019
2018-11-09 13:15:00,37.26,37.8422,34.8477,42.6991,34.8477,37.8422,42.6991,0.02,0.019756,0.017118,0.020372,89.14,0.8914,92.4729,0.924729
2018-11-09 13:30:00,68.62,68.7713,60.6052,78.4293,60.6052,68.7713,78.4293,0.03,0.03039,0.028345,0.035336,84.35,0.8435,85.9113,0.859113
2018-11-09 13:45:00,53.35,51.4586,47.7935,57.0267,47.7935,51.4586,57.0267,0.02,0.02104,0.018973,0.028579,89.35,0.8935,89.253,0.89253
2018-11-09 14:00:00,53.28,52.2781,48.9219,55.5739,48.9219,52.2781,55.5739,0.02,0.020082,0.019312,0.029639,89.0,0.89,88.812,0.88812
2018-11-09 14:15:00,54.97,54.85,51.0745,58.0905,51.0745,54.85,58.0905,0.03,0.021235,0.02059,0.029741,87.13,0.8713,87.4637,0.874637
2018-11-09 14:30:00,70.38,69.9637,65.9749,72.7614,65.9749,69.9637,72.7614,0.03,0.031215,0.028835,0.037341,84.72,0.8472,84.5128,0.845128
2018-11-09 14:45:00,60.12,58.6028,54.5931,63.7483,54.5931,58.6028,63.7483,0.03,0.026942,0.022519,0.033463,83.28,0.8328,82.9812,0.829812
2018-11-09 15:00:00,65.63,66.7808,62.1803,68.526,62.1803,66.7808,68.526,0.03,0.030512,0.026896,0.033167,80.89,0.8089,81.6746,0.816746
2018-11-09 15:15:00,51.59,52.7052,50.8688,56.7699,50.8688,52.7052,56.7699,0.02,0.023529,0.020327,0.0283,84.55,0.8455,85.5555,0.855555
2018-11-09 15:30:00,53.78,54.9534,51.4669,57.4316,51.4669,54.9534,57.4316,0.02,0.022448,0.020714,0.028984,86.06,0.8606,86.778,0.86778
2018-11-09 15:45:00,55.87,56.1448,53.5544,59.9198,53.5544,56.1448,59.9198,0.03,0.027384,0.021904,0.030301,84.77,0.8477,85.7458,0.857458
2018-11-09 16:00:00,57.38,57.7222,54.8601,60.6658,54.8601,57.7222,60.6658,0.03,0.029279,0.023205,0.030512,85.75,0.8575,86.2632,0.862632
2018-11-09 16:15:00,59.72,58.8808,56.0896,62.2211,56.0896,58.8808,62.2211,0.03,0.029586,0.023545,0.030543,85.6,0.856,85.9046,0.859046
2018-11-09 16:30:00,66.28,65.7985,60.5603,66.9105,60.5603,65.7985,66.9105,0.03,0.030617,0.026023,0.032173,84.44,0.8444,84.1858,0.841858
2018-11-09 16:45:00,59.72,58.9557,53.7021,60.9881,53.7021,58.9557,60.9881,0.03,0.02942,0.021943,0.031106,85.87,0.8587,85.2549,0.852549
2018-11-09 17:00:00,64.04,64.3472,59.6374,65.6602,59.6374,64.3472,65.6602,0.03,0.029857,0.025546,0.03164,84.88,0.8488,84.3995,0.843995
2018-11-09 17:15:00,69.48,67.5848,62.8378,69.3263,62.8378,67.5848,69.3263,0.03,0.030303,0.026271,0.032759,86.45,0.8645,85.0788,0.850788
2018-11-09 17:30:00,56.92,56.3392,51.54,58.5778,51.54,56.3392,58.5778,0.03,0.022625,0.020305,0.029441,91.14,0.9114,91.2685,0.912685
2018-11-09 17:45:00,28.8,30.35,25.8917,35.9304,25.8917,30.35,35.9304,0.01,0.018664,0.009892,0.018893,99.99,0.9999,100.0003,1.000003
2018-11-09 18:00:00,29.12,30.2964,28.1899,36.0936,28.1899,30.2964,36.0936,0.01,0.011688,0.009592,0.01451,98.73,0.9873,97.9319,0.979319
2018-11-09 18:15:00,53.5,50.8115,41.8777,54.9581,41.8777,50.8115,54.9581,0.02,0.020045,0.018138,0.028139,86.9,0.869,85.7566,0.857566
2018-11-09 18:30:00,58.79,58.2398,53.9781,61.4635,53.9781,58.2398,61.4635,0.03,0.027907,0.022895,0.030849,86.81,0.8681,85.6259,0.856259
2018-11-09 18:45:00,53.71,51.6541,46.4616,55.1986,46.4616,51.6541,55.1986,0.02,0.020209,0.01872,0.028455,92.67,0.9267,91.226,0.91226
2018-11-09 19:00:00,63.0,62.0064,54.8337,62.1495,54.8337,62.0064,62.1495,0.03,0.027717,0.025001,0.031937,91.22,0.9122,89.0898,0.890898
2018-11-09 19:15:00,53.14,51.7826,47.4109,55.2407,47.4109,51.7826,55.2407,0.02,0.024433,0.019301,0.027382,92.79,0.9279,91.7044,0.917044
2018-11-09 19:30:00,55.51,55.477,50.7746,57.0716,50.7746,55.477,57.0716,0.03,0.023809,0.020206,0.029304,91.54,0.9154,89.928,0.89928
2018-11-09 19:45:00,63.76,62.7402,55.9072,63.3265,55.9072,62.7402,63.3265,0.03,0.028717,0.025409,0.030896,91.19,0.9119,89.0959,0.890959
2018-11-09 20:00:00,52.45,51.3834,46.9879,54.7969,46.9879,51.3834,54.7969,0.02,0.023302,0.019244,0.027245,91.72,0.9172,91.1173,0.911173
2018-11-09 20:15:00,66.49,64.5452,60.2114,66.7515,60.2114,64.5452,66.7515,0.03,0.028396,0.02733,0.033983,90.33,0.9033,88.0161,0.880161
2018-11-09 20:30:00,51.73,50.929,46.3567,55.2043,46.3567,50.929,55.2043,0.02,0.020971,0.019105,0.028073,92.32,0.9232,91.7394,0.917394
2018-11-09 20:45:00,42.48,42.7474,40.8149,49.4822,40.8149,42.7474,49.4822,0.02,0.019967,0.017742,0.024579,95.46,0.9546,94.4341,0.944341
2018-11-09 21:00:00,29.27,31.6353,30.5236,37.1598,30.5236,31.6353,37.1598,0.01,0.017874,0.009931,0.019858,99.76,0.9976,99.2658,0.992658
2018-11-09 21:15:00,16.6,21.7403,18.6071,26.2974,18.6071,21.7403,26.2974,0.01,0.00818,0.004612,0.010087,99.95,0.9995,99.9128,0.999128
2018-11-09 21:30:00,6.55,6.5862,3.993,10.9702,3.993,6.5862,10.9702,0.0,0.0,0.0,0.002425,100.0,1.0,99.9969,0.999969
2018-11-09 21:45:00,6.44,6.2157,5.3572,9.9979,5.3572,6.2157,9.9979,0.0,0.0,0.0,0.002017,100.0,1.0,99.9969,0.999969
2018-11-09 22:00:00,5.9,5.6698,5.0555,9.9442,5.0555,5.6698,9.9442,0.0,7.6e-05,0.0,0.001936,100.0,1.0,99.9687,0.999687
2018-11-09 22:15:00,4.93,7.2858,4.7545,10.6667,4.7545,7.2858,10.6667,0.0,0.002831,0.0,0.016714,54.98,0.5498,66.2062,0.662062
2018-11-09 22:30:00,4.93,4.8686,4.4822,9.7882,4.4822,4.8686,9.7882,0.0,0.002213,0.0,0.005056,54.27,0.5427,56.908,0.56908
2018-11-09 22:45:00,4.97,4.8932,4.4728,9.1792,4.4728,4.8932,9.1792,0.0,0.002039,0.0,0.00294,55.5,0.555,55.3488,0.553488
2018-11-09 23:00:00,4.82,4.7565,4.4284,9.2037,4.4284,4.7565,9.2037,0.0,0.002039,0.0,0.002902,54.89,0.5489,54.8456,0.548456
2018-11-09 23:15:00,4.82,4.7857,4.3577,9.127,4.3577,4.7857,9.127,0.0,0.0,0.0,0.001945,57.21,0.5721,52.9118,0.529118
2018-11-09 23:30:00,4.82,4.7857,4.3577,8.9111,4.3577,4.7857,8.9111,0.0,0.0,0.0,0.001942,58.0,0.58,52.9328,0.529328
2018-11-09 23:45:00,4.82,4.7857,4.3577,8.9111,4.3577,4.7857,8.9111,0.0,0.0,0.0,0.001942,57.83,0.5783,52.9328,0.529328
2018-11-10 00:00:00,2.7,3.5619,3.2859,8.8022,3.2859,3.5619,8.8022,0.0,0.0,0.0,0.00224,60.0,0.6,70.5868,0.705868
2018-11-10 00:15:00,4.82,4.9438,4.1505,8.7956,4.1505,4.9438,8.7956,0.0,0.0,0.0,0.002398,56.6,0.566,59.3216,0.593216
2018-11-10 00:30:00,4.86,4.5798,3.8234,8.7968,3.8234,4.5798,8.7968,0.0,0.002021,0.0,0.002501,55.36,0.5536,62.0834,0.620834
2018-11-10 00:45:00,4.9,4.5798,3.8234,8.8079,3.8234,4.5798,8.8079,0.0,0.002021,0.0,0.002501,55.89,0.5589,61.885,0.61885
2018-11-10 01:00:00,4.86,4.504,3.881,8.8198,3.881,4.504,8.8198,0.0,0.002021,0.0,0.002536,54.43,0.5443,62.0989,0.620989
2018-11-10 01:15:00,4.9,4.8224,4.39,9.3313,4.39,4.8224,9.3313,0.0,0.000653,0.0,0.002135,54.59,0.5459,62.1391,0.621391
2018-11-10 01:30:00,4.97,4.8774,4.478,9.0584,4.478,4.8774,9.0584,0.0,0.0,0.0,0.001975,55.86,0.5586,63.2944,0.632944
2018-11-10 01:45:00,4.9,4.7546,4.4772,9.3644,4.4772,4.7546,9.3644,0.0,0.000652,0.0,0.002135,54.04,0.5404,64.3607,0.643607
2018-11-10 02:00:00,6.01,8.4047,5.0917,11.5768,5.0917,8.4047,11.5768,0.0,0.002146,0.0,0.002221,59.59,0.5959,68.8791,0.688791
2018-11-10 02:15:00,5.54,8.0485,5.1186,12.341,5.1186,8.0485,12.341,0.0,0.002565,0.0,0.00315,56.26,0.5626,65.5999,0.655999
2018-11-10 02:30:00,4.0,3.9802,3.955,10.1376,3.955,3.9802,10.1376,0.0,0.00234,0.0,0.003219,46.43,0.4643,65.6272,0.656272
2018-11-10 02:45:00,3.82,3.8983,3.6651,8.6075,3.6651,3.8983,8.6075,0.0,1.3e-05,0.0,0.00221,45.29,0.4529,60.0476,0.600476
2018-11-10 03:00:00,3.74,3.7297,3.5537,8.1508,3.5537,3.7297,8.1508,0.0,0.000124,0.0,0.002021,44.87,0.4487,58.6554,0.586554
2018-11-10 03:15:00,3.74,3.771,3.5316,8.4126,3.5316,3.771,8.4126,0.0,0.000124,0.0,0.002181,44.01,0.4401,54.1339,0.541339
2018-11-10 03:30:00,3.78,3.7288,3.5417,8.3575,3.5417,3.7288,8.3575,0.0,2.3e-05,0.0,0.002135,44.07,0.4407,51.847,0.51847
2018-11-10 03:45:00,3.74,3.653,3.4959,8.0727,3.4959,3.653,8.0727,0.0,0.0,0.0,0.001975,44.67,0.4467,50.9739,0.509739
2018-11-10 04:00:00,3.78,3.7288,3.5392,8.0727,3.5392,3.7288,8.0727,0.0,0.0,0.0,0.001975,45.39,0.4539,49.8065,0.498065
2018-11-10 04:15:00,3.78,3.6804,3.5213,8.0727,3.5213,3.6804,8.0727,0.0,0.0,0.0,0.001975,45.05,0.4505,50.316,0.50316
2018-11-10 04:30:00,3.78,3.6804,3.5239,8.3575,3.5239,3.6804,8.3575,0.0,0.0,0.0,0.002135,44.39,0.4439,50.316,0.50316
2018-11-10 04:45:00,3.74,3.653,3.4959,8.0727,3.4959,3.653,8.0727,0.0,0.0,0.0,0.001975,45.01,0.4501,50.0952,0.500952
2018-11-10 05:00:00,3.74,3.6804,3.5213,8.0727,3.5213,3.6804,8.0727,0.0,0.0,0.0,0.001975,45.4,0.454,48.6621,0.486621
2018-11-10 05:15:00,3.78,3.7288,3.5392,8.0727,3.5392,3.7288,8.0727,0.0,0.0,0.0,0.001975,45.39,0.4539,49.5987,0.495987
2018-11-10 05:30:00,3.78,3.6804,3.5213,8.0727,3.5213,3.6804,8.0727,0.0,0.0,0.0,0.001975,45.59,0.4559,50.1082,0.501082
2018-11-10 05:45:00,3.74,3.653,3.4959,8.0727,3.4959,3.653,8.0727,0.0,0.0,0.0,0.001975,45.75,0.4575,49.8874,0.498874
2018-11-10 06:00:00,5.51,5.1504,4.6567,8.6659,4.6567,5.1504,8.6659,0.0,0.0,0.0,0.001967,60.4,0.604,60.3009,0.603009
2018-11-10 06:15:00,5.69,5.322,4.7736,9.3601,4.7736,5.322,9.3601,0.0,0.002259,0.0,0.003457,60.34,0.6034,67.2351,0.672351
2018-11-10 06:30:00,4.07,3.8305,3.7874,10.0326,3.7874,3.8305,10.0326,0.0,0.002322,0.0,0.003334,47.06,0.4706,66.2896,0.662896
2018-11-10 06:45:00,3.74,3.6855,3.4871,8.2527,3.4871,3.6855,8.2527,0.0,0.000155,0.0,0.002021,44.87,0.4487,58.9973,0.589973
2018-11-10 07:00:00,3.71,3.774,3.5169,8.4356,3.5169,3.774,8.4356,0.0,8.5e-05,0.0,0.002181,44.06,0.4406,54.6729,0.546729
2018-11-10 07:15:00,3.71,3.7519,3.5087,8.4126,3.5087,3.7519,8.4126,0.0,0.000124,0.0,0.002181,43.87,0.4387,53.3321,0.533321
2018-11-10 07:30:00,3.78,3.7631,3.5318,8.3575,3.5318,3.7631,8.3575,0.0,0.0,0.0,0.002135,43.88,0.4388,51.6904,0.516904
2018-11-10 07:45:00,3.82,3.7123,3.5251,8.0727,3.5251,3.7123,8.0727,0.0,0.0,0.0,0.001975,45.63,0.4563,52.1564,0.521564
2018-11-10 08:00:00,4.14,4.2461,3.6348,8.1147,3.6348,4.2461,8.1147,0.0,0.0,0.0,0.002073,50.8,0.508,55.4651,0.554651
2018-11-10 08:15:00,26.17,27.5163,24.8069,33.9981,24.8069,27.5163,33.9981,0.01,0.011229,0.009211,0.0137,74.7,0.747,72.5048,0.725048
2018-11-10 08:30:00,42.16,40.6453,38.8461,48.8219,38.8461,40.6453,48.8219,0.02,0.021005,0.016585,0.022963,77.14,0.7714,75.8482,0.758482
2018-11-10 08:45:00,55.51,55.9222,51.4264,59.0758,51.4264,55.9222,59.0758,0.03,0.025701,0.022622,0.030137,80.76,0.8076,75.1306,0.751306
2018-11-10 09:00:00,57.78,55.996,50.3451,57.7987,50.3451,55.996,57.7987,0.03,0.024483,0.019924,0.029979,93.09,0.9309,91.7306,0.917306
2018-11-10 09:15:00,45.14,43.9382,39.6044,49.862,39.6044,43.9382,49.862,0.02,0.019986,0.016871,0.02443,96.44,0.9644,95.0154,0.950154
2018-11-10 09:30:00,56.09,56.0917,50.5716,57.2219,50.5716,56.0917,57.2219,0.03,0.022205,0.021216,0.029716,91.52,0.9152,90.3507,0.903507
2018-11-10 09:45:00,50.72,48.596,42.5162,52.5212,42.5162,48.596,52.5212,0.02,0.02006,0.017867,0.027224,95.8,0.958,94.0796,0.940796
2018-11-10 10:00:00,50.58,50.4657,46.462,52.2988,46.462,50.4657,52.2988,0.02,0.020005,0.018178,0.026691,92.94,0.9294,92.4309,0.924309
2018-11-10 10:15:00,58.61,57.8916,51.3046,58.4599,51.3046,57.8916,58.4599,0.03,0.024567,0.021673,0.029828,92.67,0.9267,91.4218,0.914218
2018-11-10 10:30:00,44.86,44.1844,40.4959,49.4343,40.4959,44.1844,49.4343,0.02,0.019992,0.017126,0.024171,96.25,0.9625,95.0329,0.950329
2018-11-10 10:45:00,58.54,58.6308,53.7064,59.1872,53.7064,58.6308,59.1872,0.03,0.023273,0.022798,0.030495,90.68,0.9068,89.9016,0.899016
2018-11-10 11:00:00,44.5,44.1129,39.7904,49.4127,39.7904,44.1129,49.4127,0.02,0.019988,0.016962,0.024245,94.52,0.9452,93.756,0.93756
2018-11-10 11:15:00,56.52,56.7291,50.7921,58.3865,50.7921,56.7291,58.3865,0.03,0.022311,0.021276,0.030227,91.29,0.9129,90.0436,0.900436
2018-11-10 11:30:00,53.14,51.7864,46.694,54.9094,46.694,51.7864,54.9094,0.02,0.021548,0.01796,0.029044,91.52,0.9152,90.7673,0.907673
2018-11-10 11:45:00,62.21,62.3213,55.7407,62.8327,55.7407,62.3213,62.8327,0.03,0.02855,0.024786,0.031827,88.33,0.8833,87.5544,0.875544
2018-11-10 12:00:00,30.1,32.8609,22.2294,44.5312,22.2294,32.8609,44.5312,0.01,0.019425,0.009541,0.021814,94.12,0.9412,96.1925,0.961925
2018-11-10 12:15:00,4.07,6.3399,4.5692,12.6618,4.5692,6.3399,12.6618,0.0,0.00026,0.0,0.002775,100.0,1.0,99.8207,0.998207
2018-11-10 12:30:00,4.57,4.6946,4.1552,8.9969,4.1552,4.6946,8.9969,0.0,0.0,0.0,0.00216,100.0,1.0,99.9641,0.999641
2018-11-10 12:45:00,5.08,5.1564,4.4417,9.1603,4.4417,5.1564,9.1603,0.0,0.0,0.0,0.002005,100.0,1.0,99.9627,0.999627
2018-11-10 13:00:00,5.08,4.9315,4.5942,8.9924,4.5942,4.9315,8.9924,0.0,2.2e-05,0.0,0.001966,100.0,1.0,100.0019,1.000019
2018-11-10 13:15:00,28.66,28.1856,22.3645,29.2194,22.3645,28.1856,29.2194,0.01,0.012135,0.008447,0.016248,95.87,0.9587,97.0736,0.970736
2018-11-10 13:30:00,49.97,48.8281,40.37,51.0874,40.37,48.8281,51.0874,0.02,0.019978,0.017093,0.027036,93.47,0.9347,92.7966,0.927966
2018-11-10 13:45:00,60.77,58.3892,53.6402,60.1423,53.6402,58.3892,60.1423,0.03,0.024745,0.023233,0.031102,91.11,0.9111,90.0648,0.900648
2018-11-10 14:00:00,63.43,62.6632,57.7053,65.3494,57.7053,62.6632,65.3494,0.03,0.029933,0.024149,0.030835,88.19,0.8819,87.4623,0.874623
2018-11-10 14:15:00,61.27,59.4554,53.0213,62.1158,53.0213,59.4554,62.1158,0.03,0.027673,0.02191,0.030664,89.99,0.8999,88.9039,0.889039
2018-11-10 14:30:00,52.52,51.5384,47.962,53.914,47.962,51.5384,53.914,0.02,0.021313,0.019051,0.027744,90.47,0.9047,90.243,0.90243
2018-11-10 14:45:00,50.36,49.8696,46.6108,53.241,46.6108,49.8696,53.241,0.02,0.020015,0.01855,0.028187,92.09,0.9209,92.0319,0.920319
2018-11-10 15:00:00,47.84,47.4105,44.7286,51.5988,44.7286,47.4105,51.5988,0.02,0.020005,0.018263,0.026146,92.06,0.9206,92.4125,0.924125
2018-11-10 15:15:00,67.68,66.6877,61.514,68.0556,61.514,66.6877,68.0556,0.03,0.030479,0.026053,0.034756,88.19,0.8819,87.4239,0.874239
2018-11-10 15:30:00,46.37,47.138,44.4009,53.5903,44.4009,47.138,53.5903,0.02,0.020567,0.018724,0.026365,93.75,0.9375,93.5983,0.935983
2018-11-10 15:45:00,55.15,56.1072,50.7452,57.754,50.7452,56.1072,57.754,0.03,0.021073,0.020608,0.029518,90.77,0.9077,90.2772,0.902772
2018-11-10 16:00:00,51.26,50.7356,46.7328,53.9786,46.7328,50.7356,53.9786,0.02,0.020376,0.018626,0.028731,91.52,0.9152,91.5983,0.915983
2018-11-10 16:15:00,37.15,37.9894,34.3928,45.8146,34.3928,37.9894,45.8146,0.02,0.019907,0.014536,0.022827,96.7,0.967,95.4021,0.954021
2018-11-10 16:30:00,48.82,50.0648,44.8607,52.364,44.8607,50.0648,52.364,0.02,0.020293,0.018114,0.025422,90.97,0.9097,91.5182,0.915182
2018-11-10 16:45:00,30.6,30.7651,28.8471,36.5451,28.8471,30.7651,36.5451,0.01,0.018636,0.011027,0.019852,97.97,0.9797,97.9952,0.979952
2018-11-10 17:00:00,5.87,6.4692,4.9088,12.2247,4.9088,6.4692,12.2247,0.0,0.0,0.0,0.002545,100.0,1.0,99.9339,0.999339
2018-11-10 17:15:00,5.0,4.8421,4.5442,9.6136,4.5442,4.8421,9.6136,0.0,0.0,0.0,0.002067,100.0,1.0,99.998,0.99998
2018-11-10 17:30:00,3.67,3.9482,3.5267,8.9786,3.5267,3.9482,8.9786,0.0,6e-06,0.0,0.001951,100.0,1.0,99.998,0.99998
2018-11-10 17:45:00,3.71,3.8988,3.5166,8.3694,3.5166,3.8988,8.3694,0.0,0.0,0.0,0.001945,100.0,1.0,99.998,0.99998
2018-11-10 18:00:00,4.5,4.6384,3.9926,8.3794,3.9926,4.6384,8.3794,0.0,2.9e-05,0.0,0.001949,100.0,1.0,99.9649,0.999649
2018-11-10 18:15:00,4.61,4.795,3.9852,8.5593,3.9852,4.795,8.5593,0.0,9.1e-05,0.0,0.001963,100.0,1.0,99.9698,0.999698
2018-11-10 18:30:00,3.64,4.1628,3.4146,8.5434,3.4146,4.1628,8.5434,0.0,3.3e-05,0.0,0.001963,100.0,1.0,99.9745,0.999745
2018-11-10 18:45:00,3.67,3.6784,3.4404,7.9296,3.4404,3.6784,7.9296,0.0,0.000175,0.0,0.001963,100.0,1.0,99.9733,0.999733
2018-11-10 19:00:00,3.74,3.7911,3.5171,7.9394,3.5171,3.7911,7.9394,0.0,0.000175,0.0,0.001963,100.0,1.0,99.9969,0.999969
2018-11-10 19:15:00,3.82,3.7297,3.5284,7.9007,3.5284,3.7297,7.9007,0.0,0.000184,0.0,0.001963,100.0,1.0,99.9969,0.999969
2018-11-10 19:30:00,3.71,3.5866,3.4252,7.8883,3.4252,3.5866,7.8883,0.0,4e-06,0.0,0.001964,100.0,1.0,99.9969,0.999969
2018-11-10 19:45:00,3.67,3.6004,3.4656,7.9031,3.4656,3.6004,7.9031,0.0,4e-06,0.0,0.001964,100.0,1.0,99.9969,0.999969
2018-11-10 20:00:00,3.71,3.6652,3.5088,7.8901,3.5088,3.6652,7.8901,0.0,4e-06,0.0,0.001964,100.0,1.0,99.9969,0.999969
2018-11-10 20:15:00,3.74,3.6562,3.5081,7.9031,3.5081,3.6562,7.9031,0.0,4e-06,0.0,0.001964,100.0,1.0,99.9969,0.999969
2018-11-10 20:30:00,3.71,3.602,3.4761,7.894,3.4761,3.602,7.894,0.0,4e-06,0.0,0.001964,100.0,1.0,99.9969,0.999969
2018-11-10 20:45:00,3.71,3.6241,3.4902,7.894,3.4902,3.6241,7.894,0.0,4e-06,0.0,0.001964,100.0,1.0,99.9969,0.999969
2018-11-10 21:00:00,3.67,3.5968,3.4731,7.8982,3.4731,3.5968,7.8982,0.0,4e-06,0.0,0.001964,100.0,1.0,99.9969,0.999969
2018-11-10 21:15:00,3.74,3.7065,3.5301,7.881,3.5301,3.7065,7.881,0.0,4e-06,0.0,0.001963,100.0,1.0,99.9969,0.999969
2018-11-10 21:30:00,3.67,3.5801,3.4578,7.8898,3.4578,3.5801,7.8898,0.0,0.0,0.0,0.001937,100.0,1.0,99.9969,0.999969
2018-11-10 21:45:00,3.71,3.6699,3.5081,7.8768,3.5081,3.6699,7.8768,0.0,0.0,0.0,0.001937,100.0,1.0,99.9969,0.999969
2018-11-10 22:00:00,3.78,3.7318,3.5286,7.8898,3.5286,3.7318,7.8898,0.0,0.0,0.0,0.001937,100.0,1.0,99.9687,0.999687
2018-11-10 22:15:00,4.21,4.0793,3.6544,8.016,3.6544,4.0793,8.016,0.0,0.0,0.0,0.001937,57.12,0.5712,64.5862,0.645862
2018-11-10 22:30:00,4.43,4.2247,3.8095,8.2682,3.8095,4.2247,8.2682,0.0,0.001363,0.0,0.001937,58.2,0.582,52.0283,0.520283
2018-11-10 22:45:00,3.46,3.4997,3.279,8.3547,3.279,3.4997,8.3547,0.0,0.001937,0.0,0.002152,48.79,0.4879,51.2189,0.512189
2018-11-10 23:00:00,3.42,3.3798,3.2628,7.7606,3.2628,3.3798,7.7606,0.0,0.0,0.0,0.001973,48.36,0.4836,47.1918,0.471918
2018-11-10 23:15:00,3.49,3.4919,3.2887,7.7357,3.2887,3.4919,7.7357,0.0,0.0,0.0,0.001973,52.55,0.5255,48.505,0.48505
2018-11-10 23:30:00,3.35,3.3186,3.1703,7.7266,3.1703,3.3186,7.7266,0.0,0.0,0.0,0.001973,54.3,0.543,49.3912,0.493912
2018-11-10 23:45:00,2.74,2.9496,2.7945,7.641,2.7945,2.9496,7.641,0.0,0.0,0.0,0.001937,60.99,0.6099,61.3128,0.613128
2018-11-11 00:00:00,2.7,2.747,2.6127,7.4687,2.6127,2.747,7.4687,0.0,4e-06,0.0,0.00202,64.02,0.6402,62.2562,0.622562
2018-11-11 00:15:00,2.7,2.7314,2.5984,7.4668,2.5984,2.7314,7.4668,0.0,0.0,0.0,0.001973,59.26,0.5926,57.1189,0.571189
2018-11-11 00:30:00,2.81,2.8103,2.6848,7.4668,2.6848,2.8103,7.4668,0.0,0.0,0.0,0.001937,58.26,0.5826,57.2096,0.572096
2018-11-11 00:45:00,2.77,2.7846,2.6345,7.4668,2.6345,2.7846,7.4668,0.0,0.0,0.0,0.001937,57.32,0.5732,55.4642,0.554642
2018-11-11 01:00:00,2.77,2.7754,2.6348,7.4668,2.6348,2.7754,7.4668,0.0,0.0,0.0,0.001937,56.26,0.5626,55.2752,0.552752
2018-11-11 01:15:00,2.77,2.7647,2.6348,7.4668,2.6348,2.7647,7.4668,0.0,0.0,0.0,0.001937,55.98,0.5598,55.1715,0.551715
2018-11-11 01:30:00,2.81,2.7926,2.6713,7.4668,2.6713,2.7926,7.4668,0.0,0.0,0.0,0.001937,55.79,0.5579,54.4485,0.544485
2018-11-11 01:45:00,2.77,2.7708,2.6562,7.4668,2.6562,2.7708,7.4668,0.0,0.0,0.0,0.001937,55.98,0.5598,55.1445,0.551445
2018-11-11 02:00:00,2.84,2.8243,2.6992,7.4668,2.6992,2.8243,7.4668,0.0,0.0,0.0,0.001937,56.57,0.5657,54.8502,0.548502
2018-11-11 02:15:00,2.81,2.8001,2.6678,7.4668,2.6678,2.8001,7.4668,0.0,0.0,0.0,0.001937,54.88,0.5488,54.3892,0.543892
2018-11-11 02:30:00,4.21,4.3821,3.9861,7.874,3.9861,4.3821,7.874,0.0,0.0,0.0,0.001933,58.54,0.5854,53.5415,0.535415
2018-11-11 02:45:00,4.28,3.9358,3.4933,8.039,3.4933,3.9358,8.039,0.0,0.001504,0.0,0.001973,57.31,0.5731,53.695,0.53695
2018-11-11 03:00:00,2.84,3.0261,2.7665,8.0534,2.7665,3.0261,8.0534,0.0,0.001637,0.0,0.001984,53.03,0.5303,56.4872,0.564872
2018-11-11 03:15:00,2.92,2.9054,2.7531,7.4937,2.7531,2.9054,7.4937,0.0,3e-06,0.0,0.001984,54.78,0.5478,54.651,0.54651
2018-11-11 03:30:00,2.81,2.8428,2.7187,7.4903,2.7187,2.8428,7.4903,0.0,2e-06,0.0,0.001984,53.56,0.5356,53.7649,0.537649
2018-11-11 03:45:00,2.88,2.873,2.7264,7.4668,2.7264,2.873,7.4668,0.0,2e-06,0.0,0.001973,52.98,0.5298,52.6472,0.526472
2018-11-11 04:00:00,2.88,2.8628,2.6989,7.4668,2.6989,2.8628,7.4668,0.0,0.0,0.0,0.001937,52.09,0.5209,52.0461,0.520461
2018-11-11 04:15:00,2.84,2.836,2.6828,7.4668,2.6828,2.836,7.4668,0.0,0.0,0.0,0.001937,53.37,0.5337,53.4601,0.534601
2018-11-11 04:30:00,2.84,2.8447,2.694,7.4668,2.694,2.8447,7.4668,0.0,0.0,0.0,0.001937,53.97,0.5397,53.7577,0.537577
2018-11-11 04:45:00,2.84,2.8447,2.717,7.4668,2.717,2.8447,7.4668,0.0,0.0,0.0,0.001937,53.97,0.5397,53.7064,0.537064
2018-11-11 05:00:00,2.81,2.8206,2.7009,7.4668,2.7009,2.8206,7.4668,0.0,0.0,0.0,0.001937,53.56,0.5356,53.5225,0.535225
2018-11-11 05:15:00,2.84,2.8296,2.6971,7.4668,2.6971,2.8296,7.4668,0.0,0.0,0.0,0.001937,53.37,0.5337,53.2083,0.532083
2018-11-11 05:30:00,2.84,2.839,2.694,7.4668,2.694,2.839,7.4668,0.0,0.0,0.0,0.001937,54.32,0.5432,53.8725,0.538725
2018-11-11 05:45:00,2.95,2.9306,2.7803,7.4668,2.7803,2.9306,7.4668,0.0,0.0,0.0,0.001937,53.9,0.539,53.624,0.53624
2018-11-11 06:00:00,3.49,3.4079,3.2235,7.6408,3.2235,3.4079,7.6408,0.0,0.0,0.0,0.001937,48.87,0.4887,49.2326,0.492326
2018-11-11 06:15:00,3.38,3.1522,3.007,7.5695,3.007,3.1522,7.5695,0.0,0.0,0.0,0.001937,49.21,0.4921,48.3404,0.483404
2018-11-11 06:30:00,2.99,2.9901,2.7579,7.5366,2.7579,2.9901,7.5366,0.0,0.0,0.0,0.001937,51.02,0.5102,51.3983,0.513983
2018-11-11 06:45:00,3.46,3.4421,3.2715,7.6679,3.2715,3.4421,7.6679,0.0,0.0,0.0,0.001937,47.33,0.4733,48.8137,0.488137
2018-11-11 07:00:00,3.13,3.088,2.8955,7.56,2.8955,3.088,7.56,0.0,0.0,0.0,0.001937,48.46,0.4846,47.4447,0.474447
2018-11-11 07:15:00,2.84,2.9207,2.792,7.5119,2.792,2.9207,7.5119,0.0,0.0,0.0,0.001937,53.37,0.5337,54.2341,0.542341
2018-11-11 07:30:00,2.81,2.8222,2.7009,7.4668,2.7009,2.8222,7.4668,0.0,0.0,0.0,0.001937,52.97,0.5297,53.538,0.53538
2018-11-11 07:45:00,2.77,2.7929,2.6663,7.4668,2.6663,2.7929,7.4668,0.0,0.0,0.0,0.001937,51.5,0.515,52.0857,0.520857
2018-11-11 08:00:00,2.81,2.8574,2.6713,7.4668,2.6713,2.8574,7.4668,0.0,0.0,0.0,0.002055,52.05,0.5205,52.9268,0.529268
2018-11-11 08:15:00,2.81,2.9477,2.6722,7.5154,2.6722,2.9477,7.5154,0.0,9.8e-05,0.0,0.002089,51.15,0.5115,52.0853,0.520853
2018-11-11 08:30:00,2.84,2.9644,2.687,7.5154,2.687,2.9644,7.5154,0.0,4.7e-05,0.0,0.002105,51.32,0.5132,51.559,0.515589
2018-11-11 08:45:00,2.95,3.1005,2.7702,7.5154,2.7702,3.1005,7.5154,0.0,0.000146,0.0,0.002105,80.68,0.8068,76.3398,0.763398
2018-11-11 09:00:00,2.92,2.8925,2.7285,7.4818,2.7285,2.8925,7.4818,0.0,4e-06,0.0,0.001975,100.0,1.0,99.91,0.9991
2018-11-11 09:15:00,2.95,2.9265,2.7423,7.4785,2.7423,2.9265,7.4785,0.0,4e-06,0.0,0.001975,100.0,1.0,99.988,0.99988
2018-11-11 09:30:00,3.53,3.435,3.2679,7.6434,3.2679,3.435,7.6434,0.0,5e-06,0.0,0.001975,100.0,1.0,99.9828,0.999828
2018-11-11 09:45:00,3.6,3.4508,3.2027,7.6302,3.2027,3.4508,7.6302,0.0,7e-06,0.0,0.001975,100.0,1.0,99.988,0.99988
2018-11-11 10:00:00,3.2,3.1632,2.9115,7.6781,2.9115,3.1632,7.6781,0.0,4e-06,0.0,0.001976,100.0,1.0,99.9971,0.999971
2018-11-11 10:15:00,2.99,2.9923,2.848,7.5551,2.848,2.9923,7.5551,0.0,4e-06,0.0,0.001976,100.0,1.0,99.9971,0.999971
2018-11-11 10:30:00,2.99,2.9867,2.8332,7.5086,2.8332,2.9867,7.5086,0.0,4e-06,0.0,0.001976,100.0,1.0,99.9971,0.999971
2018-11-11 10:45:00,2.95,2.9616,2.8172,7.5086,2.8172,2.9616,7.5086,0.0,4e-06,0.0,0.001976,100.0,1.0,99.9971,0.999971
2018-11-11 11:00:00,2.95,3.0074,2.8086,7.5419,2.8086,3.0074,7.5419,0.0,7e-06,0.0,0.001997,100.0,1.0,100.0027,1.000027
2018-11-11 11:15:00,2.95,2.9954,2.8086,7.5419,2.8086,2.9954,7.5419,0.0,7e-06,0.0,0.001997,100.0,1.0,99.976,0.99976
2018-11-11 11:30:00,3.02,3.0627,2.8526,7.5419,2.8526,3.0627,7.5419,0.0,7e-06,0.0,0.001997,100.0,1.0,99.9808,0.999808
2018-11-11 11:45:00,2.95,3.0301,2.833,7.5669,2.833,3.0301,7.5669,0.0,7e-06,0.0,0.001997,100.0,1.0,99.9808,0.999808
2018-11-11 12:00:00,3.35,3.4236,3.203,7.63,3.203,3.4236,7.63,0.0,8e-06,0.0,0.001997,100.0,1.0,99.9068,0.999068
2018-11-11 12:15:00,3.64,3.6752,3.3218,7.7161,3.3218,3.6752,7.7161,0.0,5e-06,0.0,0.001971,100.0,1.0,99.9297,0.999297
2018-11-11 12:30:00,3.02,3.1814,2.8203,7.739,2.8203,3.1814,7.739,0.0,3e-06,0.0,0.001971,100.0,1.0,99.9636,0.999636
2018-11-11 12:45:00,2.99,3.0294,2.8413,7.5646,2.8413,3.0294,7.5646,0.0,1e-06,0.0,0.001971,100.0,1.0,99.9636,0.999636
2018-11-11 13:00:00,3.02,3.0815,2.8494,7.5559,2.8494,3.0815,7.5559,0.0,1e-06,0.0,0.001971,100.0,1.0,100.0019,1.000019
2018-11-11 13:15:00,3.42,3.527,3.24,7.6815,3.24,3.527,7.6815,0.0,8e-06,0.0,0.002006,100.0,1.0,99.9973,0.999973
2018-11-11 13:30:00,3.56,3.5983,3.2762,7.682,3.2762,3.5983,7.682,0.0,1e-05,0.0,0.002006,100.0,1.0,99.9974,0.999974
2018-11-11 13:45:00,3.28,3.3003,3.0285,7.7179,3.0285,3.3003,7.7179,0.0,7e-06,0.0,0.002006,100.0,1.0,100.0019,1.000019
2018-11-11 14:00:00,2.88,2.9454,2.8114,7.5685,2.8114,2.9454,7.5685,0.0,4e-06,0.0,0.001976,100.0,1.0,99.9847,0.999847
2018-11-11 14:15:00,2.84,2.8713,2.7244,7.4891,2.7244,2.8713,7.4891,0.0,4e-06,0.0,0.001976,100.0,1.0,99.9847,0.999847
2018-11-11 14:30:00,2.95,2.9638,2.8065,7.4846,2.8065,2.9638,7.4846,0.0,4e-06,0.0,0.001976,100.0,1.0,99.9802,0.999802
2018-11-11 14:45:00,2.88,2.875,2.7432,7.4879,2.7432,2.875,7.4879,0.0,4e-06,0.0,0.001976,100.0,1.0,99.9847,0.999847
2018-11-11 15:00:00,2.92,2.9139,2.7398,7.4785,2.7398,2.9139,7.4785,0.0,4e-06,0.0,0.001975,100.0,1.0,100.0038,1.000038
2018-11-11 15:15:00,2.88,2.879,2.7331,7.4785,2.7331,2.879,7.4785,0.0,4e-06,0.0,0.001975,100.0,1.0,100.0038,1.000038
2018-11-11 15:30:00,2.92,2.9247,2.7567,7.4811,2.7567,2.9247,7.4811,0.0,4e-06,0.0,0.001975,100.0,1.0,100.0038,1.000038
2018-11-11 15:45:00,2.95,2.9373,2.7822,7.4811,2.7822,2.9373,7.4811,0.0,4e-06,0.0,0.001975,100.0,1.0,100.0038,1.000038
2018-11-11 16:00:00,2.99,2.9558,2.7988,7.48,2.7988,2.9558,7.48,0.0,4e-06,0.0,0.001964,100.0,1.0,100.0001,1.000001
2018-11-11 16:15:00,2.95,2.9306,2.7791,7.4898,2.7791,2.9306,7.4898,0.0,4e-06,0.0,0.001964,100.0,1.0,100.0001,1.000001
2018-11-11 16:30:00,3.46,3.4261,3.2584,7.6416,3.2584,3.4261,7.6416,0.0,5e-06,0.0,0.001964,100.0,1.0,100.0017,1.000017
2018-11-11 16:45:00,4.03,3.7969,3.5021,7.733,3.5021,3.7969,7.733,0.0,7e-06,0.0,0.001964,100.0,1.0,100.0017,1.000017
2018-11-11 17:00:00,3.85,3.5942,3.3038,7.8378,3.3038,3.5942,7.8378,0.0,0.0,0.0,0.001937,100.0,1.0,99.998,0.99998
2018-11-11 17:15:00,3.49,3.3521,3.1021,7.7424,3.1021,3.3521,7.7424,0.0,7e-06,0.0,0.001937,100.0,1.0,99.998,0.99998
2018-11-11 17:30:00,2.95,3.0124,2.9335,7.7004,2.9335,3.0124,7.7004,0.0,0.0,0.0,0.001937,100.0,1.0,99.998,0.99998
2018-11-11 17:45:00,2.92,2.9286,2.7907,7.4992,2.7907,2.9286,7.4992,0.0,0.0,0.0,0.001937,100.0,1.0,99.998,0.99998
2018-11-11 18:00:00,2.88,2.894,2.7526,7.4713,2.7526,2.894,7.4713,0.0,0.0,0.0,0.001937,100.0,1.0,99.9757,0.999757
2018-11-11 18:15:00,2.84,2.8467,2.7226,7.4694,2.7226,2.8467,7.4694,0.0,0.0,0.0,0.001937,100.0,1.0,99.9026,0.999026
2018-11-11 18:30:00,2.88,2.8712,2.7332,7.4668,2.7332,2.8712,7.4668,0.0,0.0,0.0,0.001937,100.0,1.0,99.9745,0.999745
2018-11-11 18:45:00,3.02,3.0061,2.8501,7.4708,2.8501,3.0061,7.4708,0.0,0.0,0.0,0.001937,100.0,1.0,99.9698,0.999698
2018-11-11 19:00:00,2.92,2.9024,2.7859,7.4951,2.7859,2.9024,7.4951,0.0,0.0,0.0,0.001937,100.0,1.0,99.9969,0.999969
2018-11-11 19:15:00,2.95,2.9191,2.7635,7.4668,2.7635,2.9191,7.4668,0.0,0.0,0.0,0.001937,100.0,1.0,99.9969,0.999969
2018-11-11 19:30:00,2.95,2.92,2.7826,7.4727,2.7826,2.92,7.4727,0.0,0.0,0.0,0.001937,100.0,1.0,99.9969,0.999969
2018-11-11 19:45:00,2.99,2.9617,2.8033,7.4727,2.8033,2.9617,7.4727,0.0,0.0,0.0,0.001937,100.0,1.0,99.9969,0.999969
2018-11-11 20:00:00,2.95,2.9366,2.7836,7.4825,2.7836,2.9366,7.4825,0.0,0.0,0.0,0.001937,100.0,1.0,99.9969,0.999969
2018-11-11 20:15:00,2.99,2.9794,2.823,7.4757,2.823,2.9794,7.4757,0.0,0.0,0.0,0.001937,100.0,1.0,99.9969,0.999969
2018-11-11 20:30:00,3.2,3.1523,3.0315,7.5163,3.0315,3.1523,7.5163,0.0,0.0,0.0,0.001937,100.0,1.0,99.9968,0.999968
2018-11-11 20:45:00,3.56,3.5008,3.2851,7.6217,3.2851,3.5008,7.6217,0.0,1e-06,0.0,0.001937,100.0,1.0,99.9968,0.999968
2018-11-11 21:00:00,3.49,3.3275,3.1205,7.6291,3.1205,3.3275,7.6291,0.0,1e-06,0.0,0.001937,100.0,1.0,99.9969,0.999969
2018-11-11 21:15:00,2.95,2.9292,2.7683,7.56,2.7683,2.9292,7.56,0.0,0.0,0.0,0.001937,100.0,1.0,99.9969,0.999969
2018-11-11 21:30:00,2.99,2.9794,2.823,7.4777,2.823,2.9794,7.4777,0.0,0.0,0.0,0.001937,100.0,1.0,99.9969,0.999969
2018-11-11 21:45:00,2.95,2.9542,2.8032,7.4875,2.8032,2.9542,7.4875,0.0,0.0,0.0,0.001937,100.0,1.0,99.9969,0.999969
2018-11-11 22:00:00,2.92,2.9286,2.7897,7.4757,2.7897,2.9286,7.4757,0.0,0.0,0.0,0.001937,100.0,1.0,99.7993,0.997993
2018-11-11 22:15:00,3.35,3.3443,3.16,7.5725,3.16,3.3443,7.5725,0.0,0.0,0.0,0.001937,57.63,0.5763,54.2948,0.542948
2018-11-11 22:30:00,3.24,3.0814,2.9655,7.5608,2.9655,3.0814,7.5608,0.0,0.0,0.0,0.001937,57.5,0.575,50.1602,0.501602
2018-11-11 22:45:00,2.74,2.8559,2.6958,7.5335,2.6958,2.8559,7.5335,0.0,0.0,0.0,0.001937,62.97,0.6297,58.6274,0.586274
2018-11-11 23:00:00,2.74,2.767,2.6275,7.4668,2.6275,2.767,7.4668,0.0,0.0,0.0,0.001937,65.39,0.6539,59.2198,0.592198
2018-11-11 23:15:00,2.63,2.7238,2.6004,7.4668,2.6004,2.7238,7.4668,0.0,0.0,0.0,0.001937,68.33,0.6833,62.7593,0.627593
2018-11-11 23:30:00,2.66,2.6601,2.5452,7.4668,2.5452,2.6601,7.4668,0.0,0.0,0.0,0.001937,67.34,0.6734,62.9612,0.629612
2018-11-11 23:45:00,2.66,2.6732,2.5406,7.4668,2.5406,2.6732,7.4668,0.0,0.0,0.0,0.001937,66.97,0.6697,62.8474,0.628474
2018-11-12 00:00:00,4.82,4.6487,4.0443,8.5999,4.0443,4.6487,8.5999,0.0,0.0,0.0,0.002423,61.01,0.6101,55.3694,0.553694
2018-11-12 00:15:00,3.24,3.5927,2.857,8.4845,2.857,3.5927,8.4845,0.0,0.001984,0.0,0.002379,58.09,0.5809,58.0754,0.580754
2018-11-12 00:30:00,3.42,3.2989,3.07,7.5736,3.07,3.2989,7.5736,0.0,0.0,0.0,0.001984,58.67,0.5867,57.6707,0.576707
2018-11-12 00:45:00,2.88,2.8814,2.6266,7.5694,2.6266,2.8814,7.5694,0.0,0.0,0.0,0.001984,59.5,0.595,57.7643,0.577643
2018-11-12 01:00:00,2.77,2.8175,2.71,7.498,2.71,2.8175,7.498,0.0,0.0,0.0,0.001984,58.4,0.584,57.2438,0.572438
2018-11-12 01:15:00,2.77,2.7913,2.6565,7.4668,2.6565,2.7913,7.4668,0.0,0.0,0.0,0.001937,58.4,0.584,56.5024,0.565024
2018-11-12 01:30:00,2.77,2.7913,2.6565,7.4668,2.6565,2.7913,7.4668,0.0,0.0,0.0,0.001937,57.32,0.5732,55.3488,0.553488
2018-11-12 01:45:00,2.84,2.8441,2.6992,7.4668,2.6992,2.8441,7.4668,0.0,0.0,0.0,0.001937,57.22,0.5722,55.5998,0.555998
2018-11-12 02:00:00,2.84,2.844,2.6839,7.4668,2.6839,2.844,7.4668,0.0,0.0,0.0,0.001937,56.2,0.562,54.8538,0.548538
2018-11-12 02:15:00,2.77,2.7946,2.661,7.4668,2.661,2.7946,7.4668,0.0,0.0,0.0,0.001937,56.26,0.5626,55.2728,0.552728
2018-11-12 02:30:00,2.81,2.8026,2.6713,7.4668,2.6713,2.8026,7.4668,0.0,0.0,0.0,0.001937,57.2,0.572,55.5004,0.555004
2018-11-12 02:45:00,2.77,2.7792,2.6562,7.4668,2.6562,2.7792,7.4668,0.0,0.0,0.0,0.001937,57.32,0.5732,55.2655,0.552655
2018-11-12 03:00:00,2.81,2.7919,2.6713,7.4668,2.6713,2.7919,7.4668,0.0,0.0,0.0,0.001937,57.2,0.572,55.508,0.55508
2018-11-12 03:15:00,3.38,3.3093,3.1637,7.6349,3.1637,3.3093,7.6349,0.0,0.0,0.0,0.001937,53.06,0.5306,51.0447,0.510447
2018-11-12 03:30:00,3.49,3.3574,3.0434,7.5563,3.0434,3.3574,7.5563,0.0,0.0,0.0,0.001937,52.55,0.5255,49.987,0.49987
2018-11-12 03:45:00,3.38,3.1499,2.9667,7.5695,2.9667,3.1499,7.5695,0.0,0.0,0.0,0.001937,53.06,0.5306,50.301,0.50301
2018-11-12 04:00:00,3.31,3.1517,2.926,7.5582,2.926,3.1517,7.5582,0.0,0.0,0.0,0.001937,54.89,0.5489,51.8146,0.518146
2018-11-12 04:15:00,2.74,2.9287,2.788,7.641,2.788,2.9287,7.641,0.0,0.0,0.0,0.001937,58.69,0.5869,57.6145,0.576145
2018-11-12 04:30:00,2.74,2.7663,2.6287,7.4668,2.6287,2.7663,7.4668,0.0,0.0,0.0,0.001937,60.56,0.6056,57.8957,0.578957
2018-11-12 04:45:00,2.74,2.7663,2.6287,7.4668,2.6287,2.7663,7.4668,0.0,0.0,0.0,0.001937,61.32,0.6132,58.4539,0.584539
2018-11-12 05:00:00,2.74,2.7663,2.6287,7.4668,2.6287,2.7663,7.4668,0.0,0.0,0.0,0.001937,62.97,0.6297,59.9168,0.599168
2018-11-12 05:15:00,2.7,2.7226,2.6127,7.4668,2.6127,2.7226,7.4668,0.0,0.0,0.0,0.001937,63.55,0.6355,60.756,0.60756
2018-11-12 05:30:00,2.66,2.687,2.5824,7.4668,2.5824,2.687,7.4668,0.0,0.0,0.0,0.001937,63.92,0.6392,61.4642,0.614642
2018-11-12 05:45:00,2.66,2.6741,2.5598,7.4668,2.5598,2.6741,7.4668,0.0,0.0,0.0,0.001937,64.76,0.6476,62.7177,0.627177
2018-11-12 06:00:00,2.7,2.6897,2.5746,7.4668,2.5746,2.6897,7.4668,0.0,0.0,0.0,0.001937,65.32,0.6532,62.7886,0.627886
2018-11-12 06:15:00,2.74,2.7246,2.5885,7.4668,2.5885,2.7246,7.4668,0.0,0.0,0.0,0.001937,66.23,0.6623,63.3681,0.633681
2018-11-12 06:30:00,2.59,2.6934,2.5522,7.4668,2.5522,2.6934,7.4668,0.0,0.0,0.0,0.001937,64.61,0.6461,62.8803,0.628803
2018-11-12 06:45:00,2.59,2.6168,2.5051,7.4668,2.5051,2.6168,7.4668,0.0,0.0,0.0,0.001937,65.1,0.651,62.1834,0.621834
2018-11-12 07:00:00,2.63,2.6324,2.5199,7.4668,2.5199,2.6324,7.4668,0.0,0.0,0.0,0.001937,64.69,0.6469,62.1987,0.621987
2018-11-12 07:15:00,3.53,3.5648,3.3552,7.7847,3.3552,3.5648,7.7847,0.0,0.0,0.0,0.001937,69.32,0.6932,60.6659,0.606659
2018-11-12 07:30:00,5.72,5.0778,4.3248,8.7204,4.3248,5.0778,8.7204,0.0,0.0,0.0,0.002376,82.22,0.8222,71.3349,0.713349
2018-11-12 07:45:00,5.08,4.5992,4.1336,9.6933,4.1336,4.5992,9.6933,0.0,0.002157,0.0,0.003288,73.04,0.7304,66.6634,0.666634
2018-11-12 08:00:00,5.0,4.8576,4.3451,8.7384,4.3451,4.8576,8.7384,0.0,0.002101,0.0,0.00327,74.63,0.7463,75.0094,0.750095
2018-11-12 08:15:00,15.05,21.0962,15.2974,30.2662,15.2974,21.0962,30.2662,0.01,0.011068,0.007976,0.012379,77.68,0.7768,74.4594,0.744594
2018-11-12 08:30:00,50.58,49.1058,45.9857,56.5547,45.9857,49.1058,56.5547,0.02,0.020884,0.020612,0.027954,77.76,0.7776,75.2913,0.752913
2018-11-12 08:45:00,61.16,58.0366,54.7231,64.4693,54.7231,58.0366,64.4693,0.03,0.027656,0.023951,0.031512,84.59,0.8459,75.1387,0.751387
2018-11-12 09:00:00,55.01,52.3991,46.4341,55.4059,46.4341,52.3991,55.4059,0.03,0.022719,0.018427,0.028767,92.85,0.9285,91.1643,0.911643
2018-11-12 09:15:00,62.14,61.3358,54.0454,61.9022,54.0454,61.3358,61.9022,0.03,0.028203,0.024716,0.030916,91.54,0.9154,89.7226,0.897226
2018-11-12 09:30:00,62.5,59.3736,55.6231,61.762,55.6231,59.3736,61.762,0.03,0.024228,0.023405,0.030338,89.44,0.8944,88.0718,0.880718
2018-11-12 09:45:00,67.07,64.9967,61.5631,66.3764,61.5631,64.9967,66.3764,0.03,0.029406,0.025819,0.031315,88.72,0.8872,87.1055,0.871055
2018-11-12 10:00:00,57.89,56.1876,50.4318,58.8666,50.4318,56.1876,58.8666,0.03,0.028297,0.020356,0.030732,91.31,0.9131,89.8085,0.898085
2018-11-12 10:15:00,51.98,50.9361,46.6092,53.5334,46.6092,50.9361,53.5334,0.02,0.020586,0.018954,0.027849,93.56,0.9356,92.1805,0.921805
2018-11-12 10:30:00,70.02,68.4167,63.6976,70.5602,63.6976,68.4167,70.5602,0.03,0.030653,0.026355,0.036305,87.86,0.8786,86.4948,0.864948
2018-11-12 10:45:00,60.08,57.7554,52.3198,61.1302,52.3198,57.7554,61.1302,0.03,0.027622,0.021006,0.031086,90.05,0.9005,88.3936,0.883936
2018-11-12 11:00:00,57.71,56.1093,51.0298,58.4095,51.0298,56.1093,58.4095,0.03,0.023537,0.021814,0.02968,90.44,0.9044,88.882,0.88882
2018-11-12 11:15:00,52.06,50.8929,46.7914,54.5754,46.7914,50.8929,54.5754,0.02,0.020175,0.018568,0.028009,90.78,0.9078,90.214,0.90214
2018-11-12 11:30:00,57.17,57.6221,52.3965,59.3132,52.3965,57.6221,59.3132,0.03,0.028189,0.023007,0.030286,88.17,0.8817,87.346,0.87346
2018-11-12 11:45:00,78.19,77.0112,70.2386,79.0459,70.2386,77.0112,79.0459,0.04,0.032049,0.029121,0.039638,85.52,0.8552,84.2491,0.842491
2018-11-12 12:00:00,59.9,59.3345,51.7807,66.637,51.7807,59.3345,66.637,0.03,0.02912,0.022241,0.034796,87.09,0.8709,85.6715,0.856715
2018-11-12 12:15:00,4.93,4.5939,4.2301,16.4022,4.2301,4.5939,16.4022,0.0,0.0,0.0,0.004973,100.0,1.0,99.696,0.99696
2018-11-12 12:30:00,5.0,4.9918,4.686,9.3225,4.686,4.9918,9.3225,0.0,9e-06,0.0,0.002107,100.0,1.0,99.9631,0.999631
2018-11-12 12:45:00,4.97,5.0565,4.6046,9.1435,4.6046,5.0565,9.1435,0.0,2.1e-05,0.0,0.002069,100.0,1.0,99.9651,0.999651
2018-11-12 13:00:00,5.87,5.7978,5.114,9.4051,5.114,5.7978,9.4051,0.0,2.1e-05,0.0,0.002001,100.0,1.0,99.9875,0.999875
2018-11-12 13:15:00,43.81,43.0673,39.0725,45.7556,39.0725,43.0673,45.7556,0.02,0.019931,0.017509,0.021766,89.93,0.8993,91.682,0.91682
2018-11-12 13:30:00,78.73,84.0007,76.4244,88.1635,76.4244,84.0007,88.1635,0.04,0.034456,0.031481,0.04151,83.08,0.8308,86.0659,0.860659
2018-11-12 13:45:00,69.05,70.6165,63.4909,74.0396,63.4909,70.6165,74.0396,0.03,0.034151,0.026433,0.037982,87.14,0.8714,86.7179,0.867179
2018-11-12 14:00:00,70.06,67.2642,64.2348,74.9064,64.2348,67.2642,74.9064,0.03,0.031802,0.027392,0.034634,86.58,0.8658,86.3717,0.863717
2018-11-12 14:15:00,55.08,53.32,49.6937,59.3236,49.6937,53.32,59.3236,0.03,0.021709,0.020552,0.030347,89.44,0.8944,89.2601,0.892601
2018-11-12 14:30:00,59.29,59.939,56.5288,63.1717,56.5288,59.939,63.1717,0.03,0.029374,0.024736,0.031727,86.62,0.8662,86.8643,0.868643
2018-11-12 14:45:00,73.4,72.0745,68.3453,75.8066,68.3453,72.0745,75.8066,0.03,0.031362,0.0288,0.037203,84.6,0.846,84.1464,0.841463
2018-11-12 15:00:00,68.18,66.4884,61.3099,70.2456,61.3099,66.4884,70.2456,0.03,0.031031,0.026051,0.03529,84.97,0.8497,84.3905,0.843905
2018-11-12 15:15:00,75.35,76.2963,69.2896,79.7604,69.2896,76.2963,79.7604,0.03,0.032235,0.029774,0.037167,83.65,0.8365,84.6667,0.846667
2018-11-12 15:30:00,61.96,60.423,55.6009,67.362,55.6009,60.423,67.362,0.03,0.029569,0.022984,0.034859,86.22,0.8622,87.046,0.87046
2018-11-12 15:45:00,82.04,81.5591,75.0218,82.1295,75.0218,81.5591,82.1295,0.04,0.035882,0.030692,0.039991,88.67,0.8867,87.051,0.87051
2018-11-12 16:00:00,115.13,112.5907,103.6664,116.6902,103.6664,112.5907,116.6902,0.05,0.050406,0.043988,0.054387,91.22,0.9122,89.9594,0.899594
2018-11-12 16:15:00,105.7,103.539,94.0926,105.1506,94.0926,103.539,105.1506,0.05,0.046809,0.039949,0.051431,89.27,0.8927,89.3857,0.893857
2018-11-12 16:30:00,104.4,108.0396,100.2636,108.0417,100.2636,108.0417,108.0396,0.05,0.048985,0.042674,0.053145,88.0,0.88,88.8728,0.888728
2018-11-12 16:45:00,107.5,104.6429,100.6378,108.762,100.6378,104.6429,108.762,0.05,0.049189,0.04287,0.051741,92.07,0.9207,90.577,0.90577
2018-11-12 17:00:00,96.26,97.4115,88.6782,99.5874,88.6782,97.4115,99.5874,0.04,0.043415,0.038942,0.048669,91.39,0.9139,90.8441,0.908441
2018-11-12 17:15:00,86.83,87.5035,80.8204,94.3098,80.8204,87.5035,94.3098,0.04,0.038538,0.036316,0.045709,89.43,0.8943,90.2592,0.902592
2018-11-12 17:30:00,108.97,107.1184,100.9469,109.6369,100.9469,107.1184,109.6369,0.05,0.050385,0.043656,0.052162,92.5,0.925,92.3611,0.92361
2018-11-12 17:45:00,33.05,41.5756,31.518,48.112,31.518,41.5756,48.112,0.02,0.019225,0.008249,0.024097,99.94,0.9994,100.7077,1.007077
2018-11-12 18:00:00,32.26,32.6494,29.6566,40.3669,29.6566,32.6494,40.3669,0.01,0.019161,0.00894,0.020492,98.57,0.9857,98.0204,0.980204
2018-11-12 18:15:00,90.86,87.9689,79.6016,93.5921,79.6016,87.9689,93.5921,0.04,0.043516,0.03531,0.045568,89.57,0.8957,88.0849,0.880849
2018-11-12 18:30:00,96.34,96.0066,87.832,101.7874,87.832,96.0066,101.7874,0.04,0.046162,0.038633,0.046227,92.41,0.9241,90.8144,0.908144
2018-11-12 18:45:00,108.61,104.1458,96.6083,105.7354,96.6083,104.1458,105.7354,0.05,0.047142,0.041493,0.05269,94.6,0.946,92.7788,0.927788
2018-11-12 19:00:00,109.37,107.3559,100.7941,108.3672,100.7941,108.3672,107.3559,0.05,0.051175,0.042285,0.055632,91.22,0.9122,90.1153,0.901153
2018-11-12 19:15:00,108.5,104.9689,95.9288,105.8348,95.9288,104.9689,105.8348,0.05,0.049025,0.040952,0.050633,94.35,0.9435,92.2947,0.922947
2018-11-12 19:30:00,90.25,86.4899,79.6448,94.0855,79.6448,86.4899,94.0855,0.04,0.039149,0.034094,0.042554,94.14,0.9414,92.4996,0.924996
2018-11-12 19:45:00,108.0,105.9702,99.474,108.8862,99.474,105.9702,108.8862,0.05,0.048767,0.044048,0.055337,93.53,0.9353,92.6535,0.926535
2018-11-12 20:00:00,123.73,120.1226,110.5782,120.9875,110.5782,120.1226,120.9875,0.06,0.053992,0.047043,0.058696,92.28,0.9228,90.4929,0.904929
2018-11-12 20:15:00,86.83,79.4493,72.9709,87.7467,72.9709,79.4493,87.7467,0.04,0.036277,0.027934,0.040745,94.17,0.9417,91.4007,0.914007
2018-11-12 20:30:00,111.35,110.5751,102.5396,113.4812,102.5396,110.5751,113.4812,0.05,0.050922,0.04415,0.052425,93.5,0.935,92.2578,0.922578
2018-11-12 20:45:00,100.19,98.6509,90.0828,101.7052,90.0828,98.6509,101.7052,0.05,0.04417,0.038424,0.048938,92.95,0.9295,91.188,0.91188
2018-11-12 21:00:00,23.62,27.0029,16.1611,34.4325,16.1611,27.0029,34.4325,0.01,0.008684,0.005027,0.015658,99.05,0.9905,97.9861,0.979861
2018-11-12 21:15:00,6.84,7.3488,4.5336,13.7959,4.5336,7.3488,13.7959,0.0,0.001129,0.0,0.006141,100.0,1.0,100.0626,1.000626
2018-11-12 21:30:00,5.36,5.2044,4.6897,10.7722,4.6897,5.2044,10.7722,0.0,0.0,0.0,0.001996,100.0,1.0,99.9958,0.999958
2018-11-12 21:45:00,5.33,5.3846,4.72,9.2334,4.72,5.3846,9.2334,0.0,0.0,0.0,0.001934,100.0,1.0,99.9958,0.999958
2018-11-12 22:00:00,5.4,5.4707,4.7565,9.0344,4.7565,5.4707,9.0344,0.0,9.2e-05,0.0,0.001935,100.0,1.0,99.9677,0.999677
2018-11-12 22:15:00,5.15,8.8614,4.7024,12.2722,4.7024,8.8614,12.2722,0.0,0.003243,0.0,0.016591,51.82,0.5182,64.0214,0.640214
2018-11-12 22:30:00,4.97,7.0011,4.6598,12.5313,4.6598,7.0011,12.5313,0.0,0.005835,0.0,0.009898,49.69,0.4969,56.9361,0.569361
2018-11-12 22:45:00,5.0,7.0034,4.4892,12.2898,4.4892,7.0034,12.2898,0.0,0.001068,0.0,0.005711,50.39,0.5039,55.8615,0.558615
2018-11-12 23:00:00,5.04,6.8475,4.4892,11.585,4.4892,6.8475,11.585,0.0,0.002077,0.0,0.002347,50.87,0.5087,55.2572,0.552572
2018-11-12 23:15:00,4.9,4.949,4.4197,9.5347,4.4197,4.949,9.5347,0.0,0.000206,0.0,0.002196,52.95,0.5295,53.2774,0.532774
2018-11-12 23:30:00,5.44,5.3557,4.6137,9.6698,4.6137,5.3557,9.6698,0.0,0.000397,0.0,0.002196,58.61,0.5861,54.2238,0.542238
2018-11-12 23:45:00,6.01,6.1815,4.9656,9.4319,4.9656,6.1815,9.4319,0.0,0.002041,0.0,0.003411,64.66,0.6466,55.8043,0.558043
2018-11-13 00:00:00,31.5,32.5454,30.018,40.0138,30.018,32.5454,40.0138,0.01,0.015567,0.010515,0.017673,72.01,0.7201,75.8032,0.758032
2018-11-13 00:15:00,4.79,9.7431,6.3601,26.8478,6.3601,9.7431,26.8478,0.0,0.014558,0.00192,0.017641,59.86,0.5986,72.0025,0.720025
2018-11-13 00:30:00,4.79,6.6137,4.4409,10.7684,4.4409,6.6137,10.7684,0.0,0.003196,6.2e-05,0.015447,59.03,0.5903,63.8243,0.638243
2018-11-13 00:45:00,4.86,4.8235,4.3991,9.1962,4.3991,4.8235,9.1962,0.0,0.00213,0.0,0.005564,60.24,0.6024,64.084,0.64084
2018-11-13 01:00:00,4.79,4.7661,4.3345,9.0107,4.3345,4.7661,9.0107,0.0,0.002094,0.0,0.002955,60.28,0.6028,64.6682,0.646682
2018-11-13 01:15:00,4.82,4.7589,4.3874,8.876,4.3874,4.7589,8.876,0.0,0.0,0.0,0.001937,61.19,0.6119,61.1487,0.611487
2018-11-13 01:30:00,4.36,4.3003,4.0382,8.8381,4.0382,4.3003,8.8381,0.0,0.0,0.0,0.001942,55.59,0.5559,60.9833,0.609833
2018-11-13 01:45:00,3.67,3.7529,3.5262,8.4009,3.5262,3.7529,8.4009,0.0,0.001937,0.0,0.002468,50.1,0.501,58.4555,0.584555
2018-11-13 02:00:00,3.78,3.8339,3.5592,7.9745,3.5592,3.8339,7.9745,0.0,0.0,0.0,0.001978,50.16,0.5016,56.4402,0.564402
2018-11-13 02:15:00,3.67,3.6317,3.4404,7.9645,3.4404,3.6317,7.9645,0.0,0.0,0.0,0.001978,49.05,0.4905,54.8105,0.548105
2018-11-13 02:30:00,3.67,3.6154,3.4811,7.8869,3.4811,3.6154,7.8869,0.0,0.0,0.0,0.001937,49.69,0.4969,51.1052,0.511052
2018-11-13 02:45:00,3.67,3.6154,3.4811,7.8778,3.4811,3.6154,7.8778,0.0,0.0,0.0,0.001942,48.88,0.4888,50.1564,0.501564
2018-11-13 03:00:00,3.74,3.7172,3.521,7.8778,3.521,3.7172,7.8778,0.0,0.0,0.0,0.001937,50.4,0.504,50.5121,0.505121
2018-11-13 03:15:00,3.74,3.6349,3.4924,7.8909,3.4924,3.6349,7.8909,0.0,0.0,0.0,0.001942,49.76,0.4976,49.3059,0.493059
2018-11-13 03:30:00,4.36,4.2065,3.8126,8.1479,3.8126,4.2065,8.1479,0.0,0.0,0.0,0.001942,55.59,0.5559,53.0493,0.530493
2018-11-13 03:45:00,4.82,4.5146,3.8692,8.4356,3.8692,4.5146,8.4356,0.0,0.001937,0.0,0.002394,60.76,0.6076,57.9855,0.579855
2018-11-13 04:00:00,4.75,4.6433,4.0428,8.7983,4.0428,4.6433,8.7983,0.0,0.001978,0.0,0.002637,58.71,0.5871,61.4858,0.614858
2018-11-13 04:15:00,4.79,4.5731,4.1232,8.8136,4.1232,4.5731,8.8136,0.0,0.001978,0.0,0.002548,59.44,0.5944,60.3974,0.603974
2018-11-13 04:30:00,3.96,4.0299,3.7151,8.8285,3.7151,4.0299,8.8285,0.0,0.001937,0.0,0.002574,53.64,0.5364,58.8518,0.588518
2018-11-13 04:45:00,3.67,3.6848,3.5748,8.0263,3.5748,3.6848,8.0263,0.0,0.0,0.0,0.001973,51.0,0.51,57.4594,0.574594
2018-11-13 05:00:00,3.71,3.7506,3.5067,7.9496,3.5067,3.7506,7.9496,0.0,0.0,0.0,0.001973,51.17,0.5117,53.8518,0.538518
2018-11-13 05:15:00,3.67,3.6197,3.4558,7.9239,3.4558,3.6197,7.9239,0.0,0.0,0.0,0.001973,50.76,0.5076,50.9986,0.509986
2018-11-13 05:30:00,3.67,3.6154,3.4811,7.8869,3.4811,3.6154,7.8869,0.0,0.0,0.0,0.001942,49.28,0.4928,48.8323,0.488323
2018-11-13 05:45:00,3.71,3.6697,3.499,7.8778,3.499,3.6697,7.8778,0.0,0.0,0.0,0.001937,50.09,0.5009,49.8284,0.498284
2018-11-13 06:00:00,3.74,3.6643,3.499,7.889,3.499,3.6643,7.889,0.0,0.0,0.0,0.001937,51.29,0.5129,50.4193,0.504193
2018-11-13 06:15:00,3.67,3.5783,3.4487,7.8898,3.4487,3.5783,7.8898,0.0,0.0,0.0,0.001937,53.27,0.5327,50.8966,0.508966
2018-11-13 06:30:00,3.6,3.5588,3.4375,7.8768,3.4375,3.5588,7.8768,0.0,0.0,0.0,0.001937,50.95,0.5095,49.2818,0.492818
2018-11-13 06:45:00,3.64,3.6151,3.4306,7.8513,3.4306,3.6151,7.8513,0.0,0.0,0.0,0.001937,53.16,0.5316,51.5167,0.515167
2018-11-13 07:00:00,3.64,3.5941,3.4127,7.8612,3.4127,3.5941,7.8612,0.0,0.0,0.0,0.001937,52.7,0.527,50.4368,0.504367
2018-11-13 07:15:00,3.6,3.5976,3.4425,7.8916,3.4425,3.5976,7.8916,0.0,0.0,0.0,0.001937,53.27,0.5327,51.189,0.51189
2018-11-13 07:30:00,4.54,4.577,4.0069,8.2234,4.0069,4.577,8.2234,0.0,0.0,0.0,0.001937,65.91,0.6591,60.7208,0.607208
2018-11-13 07:45:00,6.91,5.9336,5.1285,11.2942,5.1285,5.9336,11.2942,0.0,0.002333,0.0,0.002467,80.18,0.8018,70.5871,0.705871
2018-11-13 08:00:00,7.27,7.2154,5.9736,11.1579,5.9736,7.2154,11.1579,0.0,0.00237,0.0,0.003535,83.13,0.8313,78.8121,0.788121
2018-11-13 08:15:00,62.17,62.1573,60.3295,70.3695,60.3295,62.1573,70.3695,0.03,0.030108,0.027402,0.035514,81.7,0.817,81.2743,0.812743
2018-11-13 08:30:00,103.1,102.7753,95.6342,108.3989,95.6342,102.7753,108.3989,0.05,0.047459,0.040024,0.054318,81.93,0.8193,81.1878,0.811878
2018-11-13 08:45:00,105.7,104.4663,99.499,111.0031,99.499,104.4663,111.0031,0.05,0.048411,0.042506,0.053335,84.33,0.8433,81.5992,0.815992
2018-11-13 09:00:00,130.46,126.7642,112.0626,127.6819,112.0626,127.6819,126.7642,0.06,0.057077,0.049104,0.06092,91.41,0.9141,90.0672,0.900672
2018-11-13 09:15:00,92.16,93.4003,83.8,98.5854,83.8,93.4003,98.5854,0.04,0.043533,0.034903,0.047403,89.35,0.8935,89.4113,0.894113
2018-11-13 09:30:00,72.14,74.2911,67.6624,84.484,67.6624,74.2911,84.484,0.03,0.035501,0.030158,0.040695,89.81,0.8981,90.9773,0.909773
2018-11-13 09:45:00,115.34,112.988,104.9026,116.886,104.9026,112.988,116.886,0.05,0.049988,0.044563,0.056724,92.32,0.9232,90.8004,0.908004
2018-11-13 10:00:00,106.42,106.4087,96.3976,107.0661,96.3976,107.0661,106.4087,0.05,0.047852,0.041162,0.053421,90.57,0.9057,90.2111,0.902111
2018-11-13 10:15:00,87.55,86.3321,80.0338,93.5007,80.0338,86.3321,93.5007,0.04,0.041001,0.036012,0.043128,92.33,0.9233,92.0693,0.920693
2018-11-13 10:30:00,102.42,102.1416,94.5953,104.4054,94.5953,102.1416,104.4054,0.05,0.046179,0.041211,0.048346,93.61,0.9361,93.0462,0.930462
2018-11-13 10:45:00,104.0,102.684,96.5073,102.7173,96.5073,102.684,102.7173,0.05,0.047248,0.042846,0.049395,93.83,0.9383,92.4366,0.924366
2018-11-13 11:00:00,83.38,80.2055,72.9507,89.9392,72.9507,80.2055,89.9392,0.04,0.03899,0.034325,0.042215,92.81,0.9281,91.3114,0.913114
2018-11-13 11:15:00,107.75,101.5672,95.8465,108.7032,95.8465,101.5672,108.7032,0.05,0.047615,0.042449,0.050188,94.88,0.9488,93.2845,0.932845
2018-11-13 11:30:00,84.17,79.5026,75.0119,89.7102,75.0119,79.5026,89.7102,0.04,0.037107,0.032398,0.041639,92.24,0.9224,91.1511,0.911511
2018-11-13 11:45:00,100.15,101.3291,93.6682,105.8131,93.6682,101.3291,105.8131,0.05,0.046102,0.041527,0.050441,91.88,0.9188,91.1811,0.911811
2018-11-13 12:00:00,95.94,95.723,87.8818,99.8166,87.8818,95.723,99.8166,0.04,0.044334,0.039833,0.047375,91.73,0.9173,90.1796,0.901796
2018-11-13 12:15:00,36.72,41.6365,25.3675,52.7804,25.3675,41.6365,52.7804,0.02,0.02122,0.008732,0.024679,98.79,0.9879,97.4506,0.974506
2018-11-13 12:30:00,31.14,31.3059,28.2663,39.025,28.2663,31.3059,39.025,0.01,0.019722,0.009395,0.019724,99.86,0.9986,98.3594,0.983594
2018-11-13 12:45:00,32.69,31.6688,28.795,40.4177,28.795,31.6688,40.4177,0.01,0.01339,0.009525,0.016252,98.43,0.9843,96.2614,0.962615
2018-11-13 13:00:00,31.43,31.3724,29.7229,39.1828,29.7229,31.3724,39.1828,0.01,0.018238,0.009211,0.019694,99.87,0.9987,99.6315,0.996315
2018-11-13 13:15:00,44.1,44.1515,38.5786,46.0024,38.5786,44.1515,46.0024,0.02,0.019982,0.016377,0.023944,94.02,0.9402,93.2611,0.932611
2018-11-13 13:30:00,82.26,75.394,65.048,82.061,65.048,75.394,82.061,0.04,0.033492,0.027218,0.038553,95.15,0.9515,90.801,0.90801
2018-11-13 13:45:00,78.84,72.0442,63.1764,78.5156,63.1764,72.0442,78.5156,0.04,0.03511,0.0268,0.039303,96.06,0.9606,92.9924,0.929924
2018-11-13 14:00:00,100.33,101.5279,92.5231,102.9819,92.5231,101.5279,102.9819,0.05,0.048355,0.039934,0.050265,93.22,0.9322,92.1244,0.921244
2018-11-13 14:15:00,66.38,66.6305,61.7952,75.7355,61.7952,66.6305,75.7355,0.03,0.0309,0.026673,0.036376,91.26,0.9126,91.6773,0.916773
2018-11-13 14:30:00,85.79,86.1736,76.5048,94.4038,76.5048,86.1736,94.4038,0.04,0.037718,0.034127,0.044386,92.11,0.9211,90.6363,0.906363
2018-11-13 14:45:00,112.03,109.6233,101.6017,112.3599,101.6017,109.6233,112.3599,0.05,0.050772,0.045141,0.051405,93.27,0.9327,92.3096,0.923095
2018-11-13 15:00:00,70.31,65.7794,60.4547,75.8753,60.4547,65.7794,75.8753,0.03,0.030416,0.025994,0.037309,92.47,0.9247,92.0086,0.920086
2018-11-13 15:15:00,88.88,89.0008,83.6342,99.7494,83.6342,89.0008,99.7494,0.04,0.038465,0.036582,0.047116,91.32,0.9132,90.7553,0.907553
2018-11-13 15:30:00,77.29,74.1102,67.7136,83.7531,67.7136,74.1102,83.7531,0.04,0.033247,0.029033,0.039931,93.89,0.9389,92.3125,0.923125
2018-11-13 15:45:00,107.89,107.9493,101.4227,111.1794,101.4227,107.9493,111.1794,0.05,0.04966,0.045235,0.052927,93.28,0.9328,92.4374,0.924374
2018-11-13 16:00:00,60.08,61.983,57.0078,71.8141,57.0078,61.983,71.8141,0.03,0.029575,0.024918,0.034421,90.7,0.907,91.9863,0.919863
2018-11-13 16:15:00,56.95,56.6224,53.002,68.8963,53.002,56.6224,68.8963,0.03,0.024738,0.022538,0.033889,88.98,0.8898,89.3176,0.893176
2018-11-13 16:30:00,53.06,54.3085,50.6204,65.3828,50.6204,54.3085,65.3828,0.02,0.022014,0.02042,0.033114,87.61,0.8761,89.1698,0.891698
2018-11-13 16:45:00,92.7,92.7423,85.5064,95.7451,85.5064,92.7423,95.7451,0.04,0.039848,0.03684,0.04774,92.74,0.9274,90.9734,0.909734
2018-11-13 17:00:00,114.91,111.2384,104.0315,112.5342,104.0315,111.2384,112.5342,0.05,0.054066,0.046818,0.054269,91.7,0.917,90.6072,0.906072
2018-11-13 17:15:00,92.56,89.5859,81.7742,94.1209,81.7742,89.5859,94.1209,0.04,0.042837,0.036643,0.044097,91.37,0.9137,90.7874,0.907874
2018-11-13 17:30:00,90.79,94.9432,86.7595,98.5339,86.7595,94.9432,98.5339,0.04,0.040124,0.037365,0.045739,90.26,0.9026,90.3844,0.903844
2018-11-13 17:45:00,39.38,41.7313,32.9911,54.7654,32.9911,41.7313,54.7654,0.02,0.020812,0.011717,0.025431,98.88,0.9888,98.3588,0.983588
2018-11-13 18:00:00,35.35,36.3608,33.1394,44.2421,33.1394,36.3608,44.2421,0.02,0.019956,0.01288,0.021514,98.05,0.9805,97.7589,0.977589
2018-11-13 18:15:00,71.17,66.8524,55.4803,76.0091,55.4803,66.8524,76.0091,0.03,0.030076,0.025057,0.035419,91.53,0.9153,88.4691,0.884691
2018-11-13 18:30:00,107.17,104.2833,98.9237,107.4962,98.9237,104.2833,107.4962,0.05,0.045396,0.041797,0.049853,92.06,0.9206,89.8728,0.898728
2018-11-13 18:45:00,76.36,70.7914,65.6682,78.0376,65.6682,70.7914,78.0376,0.04,0.030741,0.027143,0.038819,95.8,0.958,93.0664,0.930664
2018-11-13 19:00:00,93.92,96.8643,85.2673,99.5551,85.2673,96.8643,99.5551,0.04,0.041869,0.03735,0.045708,93.77,0.9377,92.6991,0.926991
2018-11-13 19:15:00,74.45,71.5324,65.3346,81.1854,65.3346,71.5324,81.1854,0.03,0.032747,0.028198,0.039359,93.55,0.9355,92.3031,0.923031
2018-11-13 19:30:00,104.26,101.3763,99.1292,109.408,99.1292,101.3763,109.408,0.05,0.045144,0.043079,0.050535,92.33,0.9233,92.0774,0.920774
2018-11-13 19:45:00,62.64,62.5691,55.375,71.9965,55.375,62.5691,71.9965,0.03,0.029912,0.025191,0.035613,92.81,0.9281,92.3424,0.923424
2018-11-13 20:00:00,90.14,91.6438,84.1432,95.6318,84.1432,91.6438,95.6318,0.04,0.0396,0.037684,0.044082,91.87,0.9187,90.3319,0.903319
2018-11-13 20:15:00,70.38,70.0897,64.1267,80.0014,64.1267,70.0897,80.0014,0.03,0.032507,0.027249,0.039104,91.52,0.9152,91.3619,0.913619
2018-11-13 20:30:00,100.73,101.5853,94.4071,106.6183,94.4071,101.5853,106.6183,0.05,0.044707,0.041658,0.049464,91.45,0.9145,90.8981,0.908981
2018-11-13 20:45:00,68.98,70.7699,62.9846,78.8644,62.9846,70.7699,78.8644,0.03,0.032172,0.027647,0.037898,90.08,0.9008,91.3101,0.913101
2018-11-13 21:00:00,49.61,52.052,48.4036,61.6417,48.4036,52.052,61.6417,0.02,0.021717,0.020366,0.030488,93.72,0.9372,93.2665,0.932665
2018-11-13 21:15:00,32.15,36.4293,30.3682,49.6789,30.3682,36.4293,49.6789,0.01,0.019936,0.012229,0.025688,96.07,0.9607,95.3492,0.953492
2018-11-13 21:30:00,31.14,32.8084,29.7858,41.5393,29.7858,32.8084,41.5393,0.01,0.019739,0.009433,0.021101,96.3,0.963,94.2087,0.942087
2018-11-13 21:45:00,32.26,34.0592,30.3483,37.8878,30.3483,34.0592,37.8878,0.01,0.013886,0.009736,0.01801,96.35,0.9635,93.8747,0.938747
2018-11-13 22:00:00,32.11,32.9523,29.3942,37.4188,29.3942,32.9523,37.4188,0.01,0.019491,0.009283,0.019813,95.95,0.9595,92.8885,0.928885
2018-11-13 22:15:00,32.22,37.2293,36.5877,40.4786,37.2293,36.5877,40.4786,0.01,0.019293,0.013899,0.021194,69.73,0.6973,84.1474,0.841474
2018-11-13 22:30:00,32.54,35.8966,34.5479,39.8596,34.5479,35.8966,39.8596,0.01,0.019813,0.013099,0.020547,71.65,0.7165,77.0365,0.770365
2018-11-13 22:45:00,33.48,36.3186,34.7378,40.194,34.7378,36.3186,40.194,0.02,0.019261,0.013435,0.020577,72.44,0.7244,77.659,0.77659
2018-11-13 23:00:00,33.34,34.1197,34.0474,40.9955,34.1197,34.0474,40.9955,0.02,0.019704,0.013328,0.021359,72.69,0.7269,77.0684,0.770684
2018-11-13 23:15:00,31.75,33.0834,32.3763,39.4085,33.0834,32.3763,39.4085,0.01,0.019698,0.012661,0.021046,72.05,0.7205,77.4856,0.774856
2018-11-13 23:30:00,31.5,32.8718,32.3476,38.8115,32.8718,32.3476,38.8115,0.01,0.018833,0.011523,0.019024,72.71,0.7271,77.4005,0.774005
2018-11-13 23:45:00,32.26,34.1922,33.6972,39.1829,33.6972,34.1922,39.1829,0.01,0.019096,0.011836,0.019408,72.71,0.7271,78.4209,0.784209
2018-11-14 00:00:00,4.75,11.0604,6.8034,29.815,6.8034,11.0604,29.815,0.0,0.015793,2.8e-05,0.017793,62.45,0.6245,75.0225,0.750225
2018-11-14 00:15:00,31.64,34.7124,34.2918,50.6449,34.7124,34.2918,50.6449,0.01,0.018677,0.01508,0.024294,71.72,0.7172,75.57,0.7557
2018-11-14 00:30:00,32.47,34.1479,30.6642,38.9025,30.6642,34.1479,38.9025,0.01,0.019318,0.010965,0.019369,75.18,0.7518,76.4343,0.764343
2018-11-14 00:45:00,29.3,29.8367,27.7929,36.4795,27.7929,29.8367,36.4795,0.01,0.019056,0.009233,0.019468,76.19,0.7619,75.5684,0.755684
2018-11-14 01:00:00,26.93,27.6892,25.7012,35.6963,25.7012,27.6892,35.6963,0.01,0.012464,0.008914,0.017302,75.68,0.7568,75.6548,0.756548
2018-11-14 01:15:00,32.29,34.9156,32.3361,40.2954,32.3361,34.9156,40.2954,0.01,0.019815,0.012666,0.02016,72.74,0.7274,77.1317,0.771317
2018-11-14 01:30:00,3.82,10.9122,6.8285,29.5978,6.8285,10.9122,29.5978,0.0,0.015913,0.001268,0.01713,54.54,0.5454,74.502,0.74502
2018-11-14 01:45:00,3.74,5.642,3.6903,10.3986,3.6903,5.642,10.3986,0.0,0.003303,3.2e-05,0.008825,50.63,0.5063,62.3603,0.623603
2018-11-14 02:00:00,3.71,5.4714,3.5697,8.7909,3.5697,5.4714,8.7909,0.0,0.002518,0.0,0.008839,49.69,0.4969,58.6783,0.586783
2018-11-14 02:15:00,3.6,3.6416,3.5046,8.64,3.5046,3.6416,8.64,0.0,0.002102,0.0,0.004476,48.97,0.4897,58.8534,0.588534
2018-11-14 02:30:00,3.67,3.6791,3.5157,7.8827,3.5157,3.6791,7.8827,0.0,1.5e-05,0.0,0.001942,49.05,0.4905,56.0867,0.560867
2018-11-14 02:45:00,3.64,3.6221,3.4894,7.9006,3.4894,3.6221,7.9006,0.0,0.0,0.0,0.001937,50.27,0.5027,54.8754,0.548754
2018-11-14 03:00:00,3.67,3.6352,3.4858,7.8927,3.4858,3.6352,7.8927,0.0,0.0,0.0,0.001942,48.65,0.4865,55.6784,0.556784
2018-11-14 03:15:00,3.67,3.6469,3.5147,7.9014,3.5147,3.6469,7.9014,0.0,0.0,0.0,0.001937,51.18,0.5118,55.0325,0.550325
2018-11-14 03:30:00,3.64,3.6221,3.4925,7.9006,3.4925,3.6221,7.9006,0.0,0.0,0.0,0.001937,50.27,0.5027,52.0992,0.520992
2018-11-14 03:45:00,3.13,3.2028,3.1291,7.8601,3.1291,3.2028,7.8601,0.0,0.0,0.0,0.001937,53.29,0.5329,54.3154,0.543154
2018-11-14 04:00:00,3.02,3.0835,2.9464,7.6147,2.9464,3.0835,7.6147,0.0,0.0,0.0,0.001937,55.13,0.5513,55.397,0.55397
2018-11-14 04:15:00,3.35,3.3638,3.2393,7.6431,3.2393,3.3638,7.6431,0.0,0.0,0.0,0.001937,51.95,0.5195,52.14,0.5214
2018-11-14 04:30:00,3.67,3.5932,3.3647,7.6922,3.3647,3.5932,7.6922,0.0,0.0,0.0,0.001937,50.58,0.5058,51.8274,0.518274
2018-11-14 04:45:00,3.06,3.1646,2.9168,7.7117,2.9168,3.1646,7.7117,0.0,0.0,0.0,0.001937,55.64,0.5564,54.1409,0.541409
2018-11-14 05:00:00,3.02,3.0231,2.8799,7.5461,2.8799,3.0231,7.5461,0.0,0.0,0.0,0.001937,55.13,0.5513,55.1322,0.551322
2018-11-14 05:15:00,3.02,3.0398,2.8959,7.542,2.8959,3.0398,7.542,0.0,0.0,0.0,0.001937,56.33,0.5633,55.8628,0.558628
2018-11-14 05:30:00,3.02,3.0398,2.8959,7.542,2.8959,3.0398,7.542,0.0,0.0,0.0,0.001937,55.73,0.5573,55.6139,0.556139
2018-11-14 05:45:00,3.02,3.0398,2.8959,7.542,2.8959,3.0398,7.542,0.0,0.0,0.0,0.001937,56.33,0.5633,55.8433,0.558433
2018-11-14 06:00:00,3.35,3.3638,3.2358,7.6378,3.2358,3.3638,7.6378,0.0,0.0,0.0,0.001937,54.01,0.5401,52.2272,0.522272
2018-11-14 06:15:00,3.64,3.5794,3.3485,7.693,3.3485,3.5794,7.693,0.0,0.0,0.0,0.001937,52.25,0.5225,51.8986,0.518986
2018-11-14 06:30:00,3.13,3.1223,2.9094,7.7019,2.9094,3.1223,7.7019,0.0,0.0,0.0,0.001937,53.83,0.5383,51.5985,0.515985
2018-11-14 06:45:00,2.95,2.9708,2.8624,7.5552,2.8624,2.9708,7.5552,0.0,0.0,0.0,0.001937,56.04,0.5604,55.1791,0.551791
2018-11-14 07:00:00,2.92,2.9513,2.8104,7.4998,2.8104,2.9513,7.4998,0.0,0.0,0.0,0.001937,56.36,0.5636,56.0187,0.560187
2018-11-14 07:15:00,2.99,2.9849,2.8241,7.4728,2.8241,2.9849,7.4728,0.0,0.0,0.0,0.001937,57.27,0.5727,55.7799,0.557799
2018-11-14 07:30:00,3.13,3.1154,2.9628,7.4899,2.9628,3.1154,7.4899,0.0,0.0,0.0,0.001937,59.94,0.5994,58.0227,0.580227
2018-11-14 07:45:00,4.61,4.5694,4.1371,7.991,4.1371,4.5694,7.991,0.0,0.0,0.0,0.001941,65.42,0.6542,61.0647,0.610647
2018-11-14 08:00:00,4.79,4.6362,4.0992,8.3693,4.0992,4.6362,8.3693,0.0,0.002138,0.0,0.002375,67.12,0.6712,60.9629,0.609629
2018-11-14 08:15:00,51.23,48.6492,46.0024,52.0532,46.0024,48.6492,52.0532,0.02,0.020136,0.019335,0.024626,82.22,0.8222,78.0728,0.780728
2018-11-14 08:30:00,103.03,102.8865,90.7265,109.9428,90.7265,102.8865,109.9428,0.05,0.047062,0.038407,0.052142,81.3,0.813,81.8812,0.818812
2018-11-14 08:45:00,123.77,121.2498,109.1645,125.3573,109.1645,121.2498,125.3573,0.06,0.054779,0.046888,0.060211,84.1,0.841,82.3845,0.823845
2018-11-14 09:00:00,95.18,93.8585,87.617,100.6433,87.617,93.8585,100.6433,0.04,0.042908,0.036581,0.046999,90.55,0.9055,89.8455,0.898455
2018-11-14 09:15:00,97.78,99.5289,97.1712,104.4031,97.1712,99.5289,104.4031,0.04,0.045878,0.041169,0.050696,88.1,0.881,88.8075,0.888075
2018-11-14 09:30:00,82.04,87.698,82.8084,94.7084,82.8084,87.698,94.7084,0.04,0.04032,0.036214,0.046111,84.42,0.8442,87.9749,0.879749
2018-11-14 09:45:00,71.89,74.6475,69.5814,84.7132,69.5814,74.6475,84.7132,0.03,0.033285,0.029955,0.043584,86.0,0.86,88.7876,0.887876
2018-11-14 10:00:00,76.43,75.9796,72.7174,90.5167,72.7174,75.9796,90.5167,0.04,0.033381,0.03024,0.042597,87.2,0.872,88.1884,0.881884
2018-11-14 10:15:00,78.41,83.4971,78.6933,90.5539,78.6933,83.4971,90.5539,0.04,0.035346,0.03334,0.043853,84.1,0.841,87.4793,0.874793
2018-11-14 10:30:00,58.97,57.241,54.5322,70.0319,54.5322,57.241,70.0319,0.03,0.030119,0.023425,0.035444,89.46,0.8946,90.2394,0.902394
2018-11-14 10:45:00,58.1,58.2489,53.8156,62.1685,53.8156,58.2489,62.1685,0.03,0.024095,0.023017,0.031316,89.11,0.8911,88.8539,0.888539
2018-11-14 11:00:00,75.2,73.9371,69.3524,77.4883,69.3524,73.9371,77.4883,0.03,0.031862,0.029174,0.038393,86.98,0.8698,85.4225,0.854225
2018-11-14 11:15:00,71.93,68.3498,63.5115,76.5898,63.5115,68.3498,76.5898,0.03,0.030443,0.026236,0.03687,85.63,0.8563,84.9137,0.849137
2018-11-14 11:30:00,59.47,58.8489,52.7392,64.0181,52.7392,58.8489,64.0181,0.03,0.024352,0.020982,0.033371,86.23,0.8623,85.5636,0.855636
2018-11-14 11:45:00,60.48,58.8974,56.3523,63.0891,56.3523,58.8974,63.0891,0.03,0.029872,0.024197,0.031472,85.75,0.8575,85.8847,0.858847
2018-11-14 12:00:00,52.02,49.1557,44.8004,53.4905,44.8004,49.1557,53.4905,0.02,0.02167,0.018359,0.027651,90.75,0.9075,90.9002,0.909002
2018-11-14 12:15:00,6.19,6.3732,4.5357,14.7938,4.5357,6.3732,14.7938,0.0,0.000389,0.000236,0.004927,100.0,1.0,99.8959,0.998959
2018-11-14 12:30:00,6.91,7.3165,5.91,10.3587,5.91,7.3165,10.3587,0.0,0.0,0.0,0.002076,100.0,1.0,99.9616,0.999616
2018-11-14 12:45:00,7.13,7.0042,5.9658,10.6182,5.9658,7.0042,10.6182,0.0,2e-06,0.0,0.002068,100.0,1.0,99.967,0.99967
2018-11-14 13:00:00,7.06,6.7596,5.7068,10.6107,5.7068,6.7596,10.6107,0.0,2e-06,0.0,0.002045,100.0,1.0,100.0009,1.000009
2018-11-14 13:15:00,42.95,42.4462,38.7427,45.236,38.7427,42.4462,45.236,0.02,0.02004,0.017815,0.022334,92.64,0.9264,93.1214,0.931214
2018-11-14 13:30:00,62.17,61.6422,56.2734,65.7646,56.2734,61.6422,65.7646,0.03,0.029675,0.024149,0.032806,87.7,0.877,86.8595,0.868595
2018-11-14 13:45:00,68.72,66.9153,61.9765,68.7292,61.9765,66.9153,68.7292,0.03,0.030389,0.026334,0.031674,88.14,0.8814,86.4954,0.864954
2018-11-14 14:00:00,81.65,79.0927,72.8894,84.374,72.8894,79.0927,84.374,0.04,0.035151,0.031802,0.04012,88.61,0.8861,86.9063,0.869063
2018-11-14 14:15:00,116.6,114.348,103.3703,117.7182,103.3703,114.348,117.7182,0.05,0.05071,0.044674,0.054742,91.09,0.9109,89.5167,0.895167
2018-11-14 14:30:00,120.64,116.6052,108.8509,120.3218,108.8509,116.6052,120.3218,0.06,0.053465,0.046286,0.059204,91.31,0.9131,89.7402,0.897402
2018-11-14 14:45:00,87.26,86.0764,81.694,92.1137,81.694,86.0764,92.1137,0.04,0.039533,0.034317,0.044079,88.74,0.8874,89.2285,0.892285
2018-11-14 15:00:00,107.06,106.1482,100.0481,109.1753,100.0481,106.1482,109.1753,0.05,0.048965,0.043536,0.0524,92.12,0.9212,90.9937,0.909937
2018-11-14 15:15:00,61.78,68.0226,61.3522,77.0658,61.3522,68.0226,77.0658,0.03,0.031639,0.026724,0.03707,87.7,0.877,91.1712,0.911712
2018-11-14 15:30:00,68.58,70.8252,68.402,83.8578,68.402,70.8252,83.8578,0.03,0.031779,0.029225,0.039276,86.3,0.863,87.3012,0.873012
2018-11-14 15:45:00,69.95,70.4891,67.8361,85.4322,67.8361,70.4891,85.4322,0.03,0.032952,0.029788,0.040761,82.95,0.8295,86.2203,0.862203
2018-11-14 16:00:00,74.63,74.5428,71.2494,89.2348,71.2494,74.5428,89.2348,0.03,0.03345,0.030712,0.042091,84.52,0.8452,87.1493,0.871493
2018-11-14 16:15:00,69.41,67.5514,62.2538,72.4881,62.2538,67.5514,72.4881,0.03,0.031975,0.026686,0.035668,84.7,0.847,84.6286,0.846286
2018-11-14 16:30:00,65.27,64.8778,59.8579,67.9,59.8579,64.8778,67.9,0.03,0.029708,0.024807,0.033375,86.14,0.8614,86.3012,0.863012
2018-11-14 16:45:00,120.85,123.5928,105.564,124.7894,105.564,123.5928,124.7894,0.06,0.056189,0.043131,0.060937,89.78,0.8978,88.6387,0.886387
2018-11-14 17:00:00,97.45,93.0274,86.8862,98.5447,86.8862,93.0274,98.5447,0.04,0.044124,0.036287,0.046081,91.69,0.9169,90.0325,0.900325
2018-11-14 17:15:00,119.59,119.1548,108.7941,120.5932,108.7941,119.1548,120.5932,0.05,0.054126,0.048954,0.059313,91.53,0.9153,90.3628,0.903628
2018-11-14 17:30:00,108.97,101.653,88.8142,104.9161,88.8142,101.653,104.9161,0.05,0.046125,0.038669,0.049958,94.82,0.9482,92.235,0.92235
2018-11-14 17:45:00,68.15,65.0641,58.6619,72.9827,58.6619,65.0641,72.9827,0.03,0.02923,0.024555,0.036649,96.0,0.96,94.1296,0.941296
2018-11-14 18:00:00,30.64,35.9252,27.2185,45.352,27.2185,35.9252,45.352,0.01,0.018461,0.010244,0.022932,98.99,0.9899,98.3604,0.983604
2018-11-14 18:15:00,19.01,24.2701,23.3553,32.2141,23.3553,24.2701,32.2141,0.01,0.013194,0.008654,0.013892,96.75,0.9675,97.6448,0.976448
2018-11-14 18:30:00,5.18,6.0185,3.9628,12.5121,3.9628,6.0185,12.5121,0.0,0.006002,0.0,0.006418,100.0,1.0,99.9687,0.999687
2018-11-14 18:45:00,5.18,5.0801,4.6455,9.3824,4.6455,5.0801,9.3824,0.0,0.0,0.0,0.002025,100.0,1.0,99.9723,0.999723
2018-11-14 19:00:00,5.18,5.1106,4.6968,9.0922,4.6968,5.1106,9.0922,0.0,1.8e-05,0.0,0.002028,100.0,1.0,99.9958,0.999958
2018-11-14 19:15:00,5.15,5.0011,4.6302,8.9699,4.6302,5.0011,8.9699,0.0,4.2e-05,0.0,0.001945,100.0,1.0,99.9958,0.999958
2018-11-14 19:30:00,5.11,4.9841,4.6302,8.9458,4.6302,4.9841,8.9458,0.0,0.00026,0.0,0.001955,100.0,1.0,99.9958,0.999958
2018-11-14 19:45:00,5.08,4.9548,4.6256,8.8495,4.6256,4.9548,8.8495,0.0,0.000235,0.0,0.001964,100.0,1.0,99.9958,0.999958
2018-11-14 20:00:00,5.08,4.9245,4.5266,8.8236,4.5266,4.9245,8.8236,0.0,0.000235,0.0,0.001964,100.0,1.0,99.9958,0.999958
2018-11-14 20:15:00,5.15,5.0031,4.5936,8.8236,4.5936,5.0031,8.8236,0.0,0.000248,0.0,0.001964,100.0,1.0,99.9958,0.999958
2018-11-14 20:30:00,5.11,4.9353,4.666,8.8592,4.666,4.9353,8.8592,0.0,0.000272,0.0,0.001967,100.0,1.0,99.9958,0.999958
2018-11-14 20:45:00,5.15,4.9923,4.6973,8.8495,4.6973,4.9923,8.8495,0.0,0.000273,0.0,0.001964,100.0,1.0,99.9958,0.999958
2018-11-14 21:00:00,5.08,4.9111,4.6554,8.8495,4.6554,4.9111,8.8495,0.0,0.000273,0.0,0.001964,100.0,1.0,99.9958,0.999958
2018-11-14 21:15:00,5.08,4.9424,4.5266,8.8203,4.5266,4.9424,8.8203,0.0,0.000273,0.0,0.001964,100.0,1.0,99.9958,0.999958
2018-11-14 21:30:00,5.11,4.961,4.5391,8.8203,4.5391,4.961,8.8203,0.0,0.000273,0.0,0.001964,100.0,1.0,99.9958,0.999958
2018-11-14 21:45:00,4.97,4.9117,4.5917,8.8462,4.5917,4.9117,8.8462,0.0,0.000273,0.0,0.001964,100.0,1.0,99.9958,0.999958
2018-11-14 22:00:00,5.65,5.3707,4.8147,9.0284,4.8147,5.3707,9.0284,0.0,0.000264,0.0,0.001964,100.0,1.0,99.9618,0.999618
2018-11-14 22:15:00,5.83,5.5264,5.2186,10.0983,5.2186,5.5264,10.0983,0.0,0.002173,0.0,0.004551,74.25,0.7425,70.1469,0.701469
2018-11-14 22:30:00,4.93,5.1171,4.6167,10.248,4.6167,5.1171,10.248,0.0,0.002208,0.0,0.003682,60.31,0.6031,60.3127,0.603127
2018-11-14 22:45:00,4.82,4.9052,4.4364,9.0611,4.4364,4.9052,9.0611,0.0,0.002028,0.0,0.003085,59.27,0.5927,56.9954,0.569954
2018-11-14 23:00:00,4.79,4.9315,4.3488,9.0124,4.3488,4.9315,9.0124,0.0,0.002023,0.0,0.003085,59.86,0.5986,57.0895,0.570895
2018-11-14 23:15:00,4.75,4.8568,4.3488,8.941,4.3488,4.8568,8.941,0.0,0.002023,0.0,0.003005,63.36,0.6336,57.894,0.57894
2018-11-14 23:30:00,4.64,4.6708,4.3277,8.875,4.3277,4.6708,8.875,0.0,0.0,0.0,0.001987,65.17,0.6517,57.0073,0.570073
2018-11-14 23:45:00,4.72,4.8116,4.3179,8.6922,4.3179,4.8116,8.6922,0.0,0.0,0.0,0.001987,64.58,0.6458,56.6338,0.566338
2018-11-15 00:00:00,3.92,3.9398,3.7306,8.8426,3.7306,3.9398,8.8426,0.0,0.0,0.0,0.00224,53.69,0.5369,58.435,0.58435
2018-11-15 00:15:00,4.75,5.2126,4.2293,8.4159,4.2293,5.2126,8.4159,0.0,0.0,0.0,0.001987,62.01,0.6201,63.1708,0.631708
2018-11-15 00:30:00,3.67,4.3873,3.5626,8.8515,3.5626,4.3873,8.8515,0.0,0.001987,0.0,0.002519,50.76,0.5076,57.8644,0.578644
2018-11-15 00:45:00,3.64,4.2166,3.4804,7.9986,3.4804,4.2166,7.9986,0.0,0.0,0.0,0.002023,50.27,0.5027,53.2765,0.532765
2018-11-15 01:00:00,3.6,4.0834,3.4054,7.945,3.4054,4.0834,7.945,0.0,0.0,0.0,0.002023,52.28,0.5228,53.0686,0.530686
2018-11-15 01:15:00,3.56,4.0784,3.4054,7.9094,3.4054,4.0784,7.9094,0.0,0.0,0.0,0.002023,59.97,0.5997,57.7738,0.577738
2018-11-15 01:30:00,3.56,3.5248,3.3931,7.8043,3.3931,3.5248,7.8043,0.0,0.0,0.0,0.001937,59.97,0.5997,57.1659,0.571659
2018-11-15 01:45:00,3.53,3.5001,3.3646,7.8043,3.3646,3.5001,7.8043,0.0,0.0,0.0,0.001937,59.33,0.5933,56.4251,0.564251
2018-11-15 02:00:00,3.56,3.5627,3.3802,7.7792,3.3802,3.5627,7.7792,0.0,0.0,0.0,0.001937,58.23,0.5823,56.485,0.56485
2018-11-15 02:15:00,3.6,3.5791,3.3833,7.7868,3.3833,3.5791,7.7868,0.0,0.0,0.0,0.001937,59.21,0.5921,56.1067,0.561067
2018-11-15 02:30:00,3.56,3.5465,3.3682,7.8372,3.3682,3.5465,7.8372,0.0,0.0,0.0,0.001937,57.39,0.5739,53.7401,0.537401
2018-11-15 02:45:00,4.75,4.5643,4.2627,8.1658,4.2627,4.5643,8.1658,0.0,0.0,0.0,0.001937,67.8,0.678,60.2079,0.602079
2018-11-15 03:00:00,4.39,4.0381,3.8122,8.6466,3.8122,4.0381,8.6466,0.0,0.001973,0.0,0.002547,65.16,0.6516,58.9778,0.589778
2018-11-15 03:15:00,3.56,3.592,3.2321,8.3034,3.2321,3.592,8.3034,0.0,0.001973,0.0,0.002413,56.86,0.5686,58.785,0.58785
2018-11-15 03:30:00,4.07,4.0888,3.6308,8.039,3.6308,4.0888,8.039,0.0,0.0,0.0,0.001973,62.0,0.62,60.148,0.60148
2018-11-15 03:45:00,4.43,4.2527,3.7161,8.1882,3.7161,4.2527,8.1882,0.0,0.0,0.0,0.001973,64.99,0.6499,61.6191,0.616191
2018-11-15 04:00:00,3.6,3.592,3.259,8.3327,3.259,3.592,8.3327,0.0,0.001937,0.0,0.002419,58.66,0.5866,59.4788,0.594788
2018-11-15 04:15:00,3.6,3.5739,3.4207,7.8638,3.4207,3.5739,7.8638,0.0,0.0,0.0,0.001973,58.43,0.5843,56.4023,0.564023
2018-11-15 04:30:00,3.6,3.5739,3.4241,7.8638,3.4241,3.5739,7.8638,0.0,0.0,0.0,0.001973,56.48,0.5648,53.5467,0.535467
2018-11-15 04:45:00,3.6,3.5739,3.4241,7.8638,3.4241,3.5739,7.8638,0.0,0.0,0.0,0.001973,58.12,0.5812,54.5011,0.545011
2018-11-15 05:00:00,3.56,3.5465,3.3988,7.8547,3.3988,3.5465,7.8547,0.0,0.0,0.0,0.001937,57.69,0.5769,53.8472,0.538472
2018-11-15 05:15:00,3.53,3.5001,3.3646,7.8043,3.3646,3.5001,7.8043,0.0,0.0,0.0,0.001937,59.65,0.5965,56.3006,0.563006
2018-11-15 05:30:00,3.6,3.6189,3.4062,7.7792,3.4062,3.6189,7.7792,0.0,0.0,0.0,0.001937,59.21,0.5921,56.4925,0.564925
2018-11-15 05:45:00,3.53,3.5188,3.3459,7.8372,3.3459,3.5188,7.8372,0.0,0.0,0.0,0.001937,59.33,0.5933,55.7297,0.557297
2018-11-15 06:00:00,3.56,3.5627,3.3802,7.7792,3.3802,3.5627,7.7792,0.0,0.0,0.0,0.001937,60.54,0.6054,57.791,0.57791
2018-11-15 06:15:00,3.92,3.8839,3.5182,7.9,3.5182,3.8839,7.9,0.0,0.0,0.0,0.001937,65.35,0.6535,60.5324,0.605324
2018-11-15 06:30:00,4.54,4.321,3.8237,8.1761,3.8237,4.321,8.1761,0.0,0.0,0.0,0.001937,67.96,0.6796,61.0654,0.610654
2018-11-15 06:45:00,3.6,3.6353,3.2915,8.4327,3.2915,3.6353,8.4327,0.0,0.001973,0.0,0.002319,59.52,0.5952,58.0481,0.580481
2018-11-15 07:00:00,3.49,3.519,3.3653,7.8638,3.3653,3.519,7.8638,0.0,0.0,0.0,0.001973,59.45,0.5945,56.8723,0.568723
2018-11-15 07:15:00,4.18,4.1493,3.7592,8.0478,3.7592,4.1493,8.0478,0.0,0.0,0.0,0.001973,59.2,0.592,56.4905,0.564905
2018-11-15 07:30:00,4.9,4.6958,4.1128,8.5857,4.1128,4.6958,8.5857,0.0,0.001046,0.0,0.001973,64.34,0.6434,59.769,0.59769
2018-11-15 07:45:00,5.36,5.1837,4.2465,8.8878,4.2465,5.1837,8.8878,0.0,0.001973,0.0,0.002636,70.91,0.7091,72.1205,0.721206
2018-11-15 08:00:00,5.76,5.7625,4.9536,9.0525,4.9536,5.7625,9.0525,0.0,0.002283,0.0,0.002867,77.61,0.7761,79.2616,0.792616
2018-11-15 08:15:00,52.13,49.7307,46.749,52.1896,46.749,49.7307,52.1896,0.02,0.020255,0.018245,0.024926,85.22,0.8522,78.6785,0.786785
2018-11-15 08:30:00,115.31,116.0321,93.3005,124.912,93.3005,116.0321,124.912,0.05,0.052968,0.039067,0.056646,85.5,0.855,82.2779,0.822779
2018-11-15 08:45:00,119.12,115.0168,106.5731,119.6803,106.5731,115.0168,119.6803,0.05,0.052161,0.043624,0.058308,85.22,0.8522,81.1969,0.811969
2018-11-15 09:00:00,87.3,85.8155,78.7086,90.3956,78.7086,85.8155,90.3956,0.04,0.039297,0.032637,0.043597,90.21,0.9021,90.5658,0.905658
2018-11-15 09:15:00,107.24,105.3172,99.0762,108.0937,99.0762,105.3172,108.0937,0.05,0.049074,0.042887,0.051726,93.3,0.933,92.4328,0.924328
2018-11-15 09:30:00,123.48,121.967,112.1568,123.261,112.1568,123.261,121.967,0.06,0.054061,0.048416,0.061306,91.65,0.9165,90.4998,0.904998
2018-11-15 09:45:00,113.15,111.4681,100.126,113.2156,100.126,111.4681,113.2156,0.05,0.050894,0.043727,0.055042,89.95,0.8995,89.7263,0.897263
2018-11-15 10:00:00,117.43,114.9368,107.4406,118.4814,107.4406,114.9368,118.4814,0.05,0.052554,0.046133,0.055142,92.78,0.9278,90.8245,0.908245
2018-11-15 10:15:00,108.5,111.4593,100.4759,112.2624,100.4759,111.4593,112.2624,0.05,0.051105,0.04337,0.055363,88.37,0.8837,89.1466,0.891466
2018-11-15 10:30:00,88.42,90.6438,81.7412,93.865,81.7412,90.6438,93.865,0.04,0.04322,0.036708,0.044308,92.57,0.9257,91.8882,0.918883
2018-11-15 10:45:00,99.76,99.917,93.7706,106.1642,93.7706,99.917,106.1642,0.05,0.043208,0.04273,0.050626,91.02,0.9102,90.844,0.90844
2018-11-15 11:00:00,112.82,112.3693,106.4388,116.5093,106.4388,112.3693,116.5093,0.05,0.050582,0.047442,0.056616,91.25,0.9125,89.8645,0.898645
2018-11-15 11:15:00,123.98,121.6673,112.9405,122.0192,112.9405,121.6673,122.0192,0.06,0.054529,0.048243,0.059993,89.28,0.8928,88.3737,0.883737
2018-11-15 11:30:00,115.56,111.458,97.4598,113.8293,97.4598,111.458,113.8293,0.05,0.050622,0.043083,0.053846,92.72,0.9272,89.8313,0.898313
2018-11-15 11:45:00,121.64,122.1602,113.3954,124.6062,113.3954,122.1602,124.6062,0.06,0.054888,0.048263,0.062055,88.25,0.8825,88.0159,0.880159
2018-11-15 12:00:00,97.24,91.3384,87.158,97.7669,87.158,91.3384,97.7669,0.04,0.042422,0.035555,0.046006,93.04,0.9304,91.2713,0.912713
2018-11-15 12:15:00,4.46,5.8789,5.4407,20.4466,5.4407,5.8789,20.4466,0.0,0.0,0.0,0.006113,100.0,1.0,99.7978,0.997978
2018-11-15 12:30:00,4.54,4.8071,4.4505,10.3845,4.4505,4.8071,10.3845,0.0,0.0,0.0,0.002059,100.0,1.0,100.0039,1.000039
2018-11-15 12:45:00,4.43,4.5598,4.4109,9.9703,4.4109,4.5598,9.9703,0.0,0.0,0.0,0.001972,100.0,1.0,99.9712,0.999712
2018-11-15 13:00:00,4.54,4.6322,4.2983,8.8857,4.2983,4.6322,8.8857,0.0,0.0,0.0,0.001992,100.0,1.0,100.0013,1.000013
2018-11-15 13:15:00,54.0,54.5816,50.7804,60.8652,50.7804,54.5816,60.8652,0.02,0.024254,0.022158,0.032037,94.29,0.9429,93.5915,0.935915
2018-11-15 13:30:00,85.97,88.7874,78.9067,90.027,78.9067,88.7874,90.027,0.04,0.036711,0.035735,0.042255,90.45,0.9045,88.5834,0.885834
2018-11-15 13:45:00,125.71,121.5892,109.1688,127.997,109.1688,121.5892,127.997,0.06,0.056747,0.047983,0.059282,90.86,0.9086,89.2907,0.892907
2018-11-15 14:00:00,111.74,108.1878,94.4432,110.4915,94.4432,108.1878,110.4915,0.05,0.047196,0.041776,0.05138,92.27,0.9227,90.1216,0.901216
2018-11-15 14:15:00,54.86,61.6868,54.0464,73.168,54.0464,61.6868,73.168,0.03,0.024685,0.022184,0.035524,87.14,0.8714,91.4516,0.914516
2018-11-15 14:30:00,58.1,57.2994,53.8843,68.3905,53.8843,57.2994,68.3905,0.03,0.025117,0.02394,0.033905,88.41,0.8841,88.9446,0.889446
2018-11-15 14:45:00,49.54,49.5826,46.5489,60.5612,46.5489,49.5826,60.5612,0.02,0.020101,0.019374,0.030598,91.45,0.9145,91.7756,0.917756
2018-11-15 15:00:00,49.43,50.0834,47.7572,59.829,47.7572,50.0834,59.829,0.02,0.020092,0.019327,0.02964,90.28,0.9028,90.8362,0.908362
2018-11-15 15:15:00,50.29,50.645,48.4365,54.1746,48.4365,50.645,54.1746,0.02,0.020067,0.019552,0.026528,91.91,0.9191,91.8291,0.918291
2018-11-15 15:30:00,61.67,61.5659,55.9176,62.6145,55.9176,61.5659,62.6145,0.03,0.02564,0.024068,0.032122,90.47,0.9047,88.5935,0.885935
2018-11-15 15:45:00,45.47,46.9913,42.7325,51.645,42.7325,46.9913,51.645,0.02,0.020052,0.018689,0.02446,93.26,0.9326,93.2507,0.932507
2018-11-15 16:00:00,48.64,48.5157,46.5544,52.6988,46.5544,48.5157,52.6988,0.02,0.020013,0.018905,0.024452,90.63,0.9063,91.2482,0.912482
2018-11-15 16:15:00,51.59,53.4122,48.5178,54.9689,48.5178,53.4122,54.9689,0.02,0.020015,0.019011,0.025219,90.15,0.9015,89.8767,0.898767
2018-11-15 16:30:00,55.87,55.9642,50.8673,57.6069,50.8673,55.9642,57.6069,0.03,0.023883,0.021597,0.029467,91.24,0.9124,89.9302,0.899302
2018-11-15 16:45:00,49.54,49.6733,45.0489,53.1563,45.0489,49.6733,53.1563,0.02,0.020054,0.018855,0.0278,91.83,0.9183,91.8258,0.918258
2018-11-15 17:00:00,49.21,49.5993,45.8581,52.3985,45.8581,49.5993,52.3985,0.02,0.020005,0.018637,0.02625,93.6,0.936,92.6655,0.926655
2018-11-15 17:15:00,56.48,55.917,51.4698,58.3106,51.4698,55.917,58.3106,0.03,0.024016,0.021578,0.029628,91.56,0.9156,90.1231,0.901231
2018-11-15 17:30:00,50.69,50.2661,45.3002,53.7644,45.3002,50.2661,53.7644,0.02,0.020064,0.018847,0.027904,91.47,0.9147,91.2983,0.912983
2018-11-15 17:45:00,33.52,32.8932,30.7954,38.28,30.7954,32.8932,38.28,0.02,0.019215,0.011149,0.01983,99.29,0.9929,98.2628,0.982628
2018-11-15 18:00:00,30.13,32.0013,30.7151,36.5909,30.7151,32.0013,36.5909,0.01,0.019606,0.010178,0.01994,98.83,0.9883,97.9832,0.979832
2018-11-15 18:15:00,38.45,40.1022,35.1819,43.2711,35.1819,40.1022,43.2711,0.02,0.01993,0.016227,0.021708,90.57,0.9057,91.7986,0.917986
2018-11-15 18:30:00,57.46,56.7987,50.6524,58.9022,50.6524,56.7987,58.9022,0.03,0.027197,0.020592,0.030274,87.08,0.8708,85.54,0.8554
2018-11-15 18:45:00,55.37,54.5384,48.2773,56.0662,48.2773,54.5384,56.0662,0.03,0.022158,0.019645,0.029328,92.41,0.9241,91.2717,0.912717
2018-11-15 19:00:00,56.59,55.8057,50.1516,57.4237,50.1516,55.8057,57.4237,0.03,0.020906,0.020504,0.029944,91.5,0.915,90.0435,0.900435
2018-11-15 19:15:00,58.75,57.259,52.1113,59.4048,52.1113,57.259,59.4048,0.03,0.024493,0.022094,0.029954,91.31,0.9131,90.1647,0.901647
2018-11-15 19:30:00,58.14,58.117,52.6271,58.5277,52.6271,58.117,58.5277,0.03,0.0227,0.021853,0.029899,90.67,0.9067,89.5594,0.895594
2018-11-15 19:45:00,55.04,54.4424,49.4168,56.0924,49.4168,54.4424,56.0924,0.03,0.022341,0.019767,0.02955,91.22,0.9122,89.989,0.89989
2018-11-15 20:00:00,51.26,51.0473,47.0871,54.2872,47.0871,51.0473,54.2872,0.02,0.020459,0.018893,0.028952,91.52,0.9152,91.3692,0.913692
2018-11-15 20:15:00,55.37,55.8181,51.263,57.156,51.263,55.8181,57.156,0.03,0.021175,0.020939,0.029514,90.07,0.9007,89.4077,0.894077
2018-11-15 20:30:00,46.04,46.575,42.8385,50.7827,42.8385,46.575,50.7827,0.02,0.020047,0.01845,0.026032,92.38,0.9238,92.6287,0.926287
2018-11-15 20:45:00,42.7,42.8533,40.3044,48.6401,40.3044,42.8533,48.6401,0.02,0.019996,0.017703,0.022658,94.14,0.9414,93.7454,0.937454
2018-11-15 21:00:00,28.37,31.0988,30.3256,37.0947,30.3256,31.0988,37.0947,0.01,0.017976,0.009858,0.019698,99.93,0.9993,100.0539,1.000539
2018-11-15 21:15:00,19.66,24.775,21.0125,27.9495,21.0125,24.775,27.9495,0.01,0.009305,0.008062,0.011459,99.94,0.9994,99.9461,0.999461
2018-11-15 21:30:00,4.07,5.2461,4.063,10.1026,4.063,5.2461,10.1026,0.0,0.0,0.0,0.002429,100.0,1.0,99.9949,0.999949
2018-11-15 21:45:00,4.03,4.0464,3.8888,8.6791,3.8888,4.0464,8.6791,0.0,0.0,0.0,0.002016,100.0,1.0,99.9985,0.999985
2018-11-15 22:00:00,4.07,4.0296,3.8626,8.2727,3.8626,4.0296,8.2727,0.0,0.0,0.0,0.001935,100.0,1.0,99.9738,0.999738
2018-11-15 22:15:00,3.89,3.8846,3.767,9.1889,3.767,3.8846,9.1889,0.0,0.002239,0.0,0.005764,47.33,0.4733,63.2809,0.632809
2018-11-15 22:30:00,3.85,3.7422,3.6851,8.5281,3.6851,3.7422,8.5281,0.0,0.0,0.0,0.002168,45.57,0.4557,50.963,0.50963
2018-11-15 22:45:00,3.74,3.6706,3.6347,8.2433,3.6347,3.6706,8.2433,0.0,0.0,0.0,0.001975,46.3,0.463,48.8786,0.488786
2018-11-15 23:00:00,3.78,3.7589,3.6002,8.1832,3.6002,3.7589,8.1832,0.0,2.1e-05,0.0,0.001975,45.39,0.4539,48.8747,0.488747
2018-11-15 23:15:00,3.67,3.6279,3.5269,7.9413,3.5269,3.6279,7.9413,0.0,0.0,0.0,0.001942,48.88,0.4888,49.8553,0.498553
2018-11-15 23:30:00,3.78,3.7693,3.6,7.9236,3.6,3.7693,7.9236,0.0,0.0,0.0,0.001937,51.69,0.5169,50.1381,0.501381
2018-11-15 23:45:00,3.67,3.5837,3.498,7.9285,3.498,3.5837,7.9285,0.0,0.0,0.0,0.001937,50.58,0.5058,50.5773,0.505773
2018-11-16 00:00:00,4.25,4.134,3.766,8.2307,3.766,4.134,8.2307,0.0,5e-06,0.0,0.002027,51.41,0.5141,54.2927,0.542927
2018-11-16 00:15:00,4.79,4.4926,3.9549,8.5032,3.9549,4.4926,8.5032,0.0,0.001942,0.0,0.00195,58.62,0.5862,57.3078,0.573078
2018-11-16 00:30:00,4.0,3.9617,3.5797,8.769,3.5797,3.9617,8.769,0.0,0.001978,0.0,0.00258,51.26,0.5126,57.479,0.57479
2018-11-16 00:45:00,3.78,3.804,3.528,8.0897,3.528,3.804,8.0897,0.0,0.0,0.0,0.001978,49.59,0.4959,55.3845,0.553845
2018-11-16 01:00:00,3.71,3.7364,3.5363,8.0058,3.5363,3.7364,8.0058,0.0,0.0,0.0,0.001978,47.89,0.4789,53.084,0.53084
2018-11-16 01:15:00,3.67,3.7174,3.5192,8.1215,3.5192,3.7174,8.1215,0.0,0.0,0.0,0.00198,46.54,0.4654,51.2968,0.512968
2018-11-16 01:30:00,3.74,3.7337,3.5762,7.9173,3.5762,3.7337,7.9173,0.0,0.0,0.0,0.001942,48.58,0.4858,50.292,0.50292
2018-11-16 01:45:00,3.82,3.7532,3.5985,8.0499,3.5985,3.7532,8.0499,0.0,0.0,0.0,0.001945,47.43,0.4743,50.6266,0.506266
2018-11-16 02:00:00,3.74,3.6251,3.5012,8.0555,3.5012,3.6251,8.0555,0.0,0.0,0.0,0.001945,47.39,0.4739,51.1463,0.511463
2018-11-16 02:15:00,3.74,3.6664,3.5476,8.0555,3.5476,3.6664,8.0555,0.0,0.0,0.0,0.001945,47.39,0.4739,49.2218,0.492218
2018-11-16 02:30:00,3.67,3.6555,3.5329,8.0664,3.5329,3.6555,8.0664,0.0,0.0,0.0,0.001945,46.91,0.4691,49.0403,0.490403
2018-11-16 02:45:00,3.1,3.2321,3.1715,7.8847,3.1715,3.2321,7.8847,0.0,0.0,0.0,0.001937,52.92,0.5292,52.6992,0.526992
2018-11-16 03:00:00,3.1,3.1387,2.9523,7.6013,2.9523,3.1387,7.6013,0.0,0.0,0.0,0.001937,51.35,0.5135,51.3684,0.513684
2018-11-16 03:15:00,3.1,3.1258,2.9509,7.5798,2.9509,3.1258,7.5798,0.0,0.0,0.0,0.001937,51.06,0.5106,49.7994,0.497994
2018-11-16 03:30:00,3.17,3.1812,2.9967,7.5798,2.9967,3.1812,7.5798,0.0,0.0,0.0,0.001937,52.42,0.5242,52.0568,0.520568
2018-11-16 03:45:00,3.1,3.1209,2.9631,7.5989,2.9631,3.1209,7.5989,0.0,0.0,0.0,0.001937,52.09,0.5209,51.2823,0.512823
2018-11-16 04:00:00,3.13,3.1519,2.9688,7.5798,2.9688,3.1519,7.5798,0.0,0.0,0.0,0.001937,51.43,0.5143,50.632,0.50632
2018-11-16 04:15:00,3.67,3.6345,3.3923,7.7578,3.3923,3.6345,7.7578,0.0,0.0,0.0,0.001942,47.28,0.4728,50.1479,0.501479
2018-11-16 04:30:00,3.53,3.4995,3.2756,7.7643,3.2756,3.4995,7.7643,0.0,0.0,0.0,0.001942,47.84,0.4784,47.5447,0.475447
2018-11-16 04:45:00,3.2,3.2609,3.0037,7.6639,3.0037,3.2609,7.6639,0.0,0.0,0.0,0.001937,54.14,0.5414,52.7154,0.527154
2018-11-16 05:00:00,3.1,3.1356,3.0008,7.6177,3.0008,3.1356,7.6177,0.0,0.0,0.0,0.001937,51.87,0.5187,50.7615,0.507615
2018-11-16 05:15:00,3.1,3.1258,2.9509,7.5798,2.9509,3.1258,7.5798,0.0,0.0,0.0,0.001937,51.57,0.5157,50.2697,0.502697
2018-11-16 05:30:00,3.24,3.3015,3.0819,7.5979,3.0819,3.3015,7.5979,0.0,0.0,0.0,0.001937,49.95,0.4995,49.2869,0.492869
2018-11-16 05:45:00,3.82,3.7571,3.4675,8.0099,3.4675,3.7571,8.0099,0.0,0.0,0.0,0.001975,47.07,0.4707,51.7223,0.517223
2018-11-16 06:00:00,3.2,3.2566,2.9661,7.7494,2.9661,3.2566,7.7494,0.0,0.0,0.0,0.001937,54.68,0.5468,53.5558,0.535558
2018-11-16 06:15:00,3.1,3.1356,2.9821,7.6044,2.9821,3.1356,7.6044,0.0,0.0,0.0,0.001937,53.78,0.5378,53.7788,0.537788
2018-11-16 06:30:00,3.02,3.0676,2.9237,7.5798,2.9237,3.0676,7.5798,0.0,0.0,0.0,0.001937,53.65,0.5365,53.7959,0.537959
2018-11-16 06:45:00,3.06,3.0682,2.9121,7.542,2.9121,3.0682,7.542,0.0,0.0,0.0,0.001937,52.97,0.5297,52.1135,0.521135
2018-11-16 07:00:00,3.13,3.09,2.94,7.5461,2.94,3.09,7.5461,0.0,0.0,0.0,0.001937,51.43,0.5143,51.1359,0.511359
2018-11-16 07:15:00,3.1,3.0452,2.9091,7.5552,2.9091,3.0452,7.5552,0.0,0.0,0.0,0.001937,53.23,0.5323,52.1847,0.521847
2018-11-16 07:30:00,3.35,3.3346,3.1754,7.6311,3.1754,3.3346,7.6311,0.0,0.0,0.0,0.001937,57.31,0.5731,56.8358,0.568358
2018-11-16 07:45:00,4.46,4.3358,3.959,7.9578,3.959,4.3358,7.9578,0.0,0.0,0.0,0.001937,63.68,0.6368,61.2828,0.612828
2018-11-16 08:00:00,5.8,5.639,4.8404,8.6873,4.8404,5.639,8.6873,0.0,0.002116,0.0,0.002375,69.44,0.6944,62.5872,0.625872
2018-11-16 08:15:00,28.94,29.8807,25.1044,36.0313,25.1044,29.8807,36.0313,0.01,0.012757,0.009447,0.015177,76.02,0.7602,76.1854,0.761854
2018-11-16 08:30:00,50.65,52.8037,45.2545,53.6801,45.2545,52.8037,53.6801,0.02,0.023409,0.019699,0.026367,73.81,0.7381,76.1426,0.761426
2018-11-16 08:45:00,58.72,58.5079,55.0404,63.786,55.0404,58.5079,63.786,0.03,0.027182,0.023483,0.0329,78.13,0.7813,76.7325,0.767325
2018-11-16 09:00:00,60.16,60.2968,54.7376,62.467,54.7376,60.2968,62.467,0.03,0.028967,0.022537,0.03066,87.45,0.8745,87.0897,0.870898
2018-11-16 09:15:00,65.3,64.4756,58.5811,66.4085,58.5811,64.4756,66.4085,0.03,0.029033,0.025167,0.031273,87.75,0.8775,86.4642,0.864642
2018-11-16 09:30:00,69.23,66.1543,61.5315,70.2825,61.5315,66.1543,70.2825,0.03,0.031049,0.02601,0.03349,85.47,0.8547,84.0244,0.840244
2018-11-16 09:45:00,71.32,67.6593,64.5407,73.7275,64.5407,67.6593,73.7275,0.03,0.031306,0.027185,0.034327,84.45,0.8445,83.7968,0.837968
2018-11-16 10:00:00,65.23,63.6175,57.7619,67.2512,57.7619,63.6175,67.2512,0.03,0.030265,0.023691,0.034421,84.79,0.8479,83.9592,0.839592
2018-11-16 10:15:00,67.68,66.6506,61.772,69.0477,61.772,66.6506,69.0477,0.03,0.03129,0.02616,0.033128,85.71,0.8571,84.5412,0.845412
2018-11-16 10:30:00,64.51,63.9754,59.4097,67.5903,59.4097,63.9754,67.5903,0.03,0.029309,0.02437,0.03308,85.83,0.8583,85.2959,0.852959
2018-11-16 10:45:00,63.18,65.0596,58.8482,65.2401,58.8482,65.2401,65.0596,0.03,0.029401,0.024963,0.031666,86.05,0.8605,85.3432,0.853432
2018-11-16 11:00:00,60.52,59.6833,55.6694,62.1527,55.6694,59.6833,62.1527,0.03,0.029731,0.023886,0.031003,87.35,0.8735,86.0426,0.860426
2018-11-16 11:15:00,58.39,55.9852,52.0767,60.5704,52.0767,55.9852,60.5704,0.03,0.025972,0.022499,0.030247,88.35,0.8835,87.2642,0.872642
2018-11-16 11:30:00,58.25,56.9462,52.9422,59.8658,52.9422,56.9462,59.8658,0.03,0.023479,0.022,0.030312,88.23,0.8823,87.2458,0.872458
2018-11-16 11:45:00,62.1,61.8208,57.7849,63.4929,57.7849,61.8208,63.4929,0.03,0.029837,0.02396,0.030899,85.94,0.8594,85.269,0.85269
2018-11-16 12:00:00,68.26,66.2499,60.6851,67.8993,60.6851,66.2499,67.8993,0.03,0.029929,0.02593,0.032658,83.25,0.8325,80.2881,0.802881
2018-11-16 12:15:00,9.29,8.9561,7.5645,18.9681,7.5645,8.9561,18.9681,0.0,0.008371,0.0,0.010414,99.28,0.9928,99.4149,0.994149
2018-11-16 12:30:00,5.47,5.4391,4.4145,10.1288,4.4145,5.4391,10.1288,0.0,0.0,0.0,0.001923,100.0,1.0,99.9625,0.999625
2018-11-16 12:45:00,6.23,6.4103,5.3491,9.747,5.3491,6.4103,9.747,0.0,0.0,0.0,0.001981,100.0,1.0,99.9506,0.999506
2018-11-16 13:00:00,5.83,5.4935,5.2921,9.6238,5.2921,5.4935,9.6238,0.0,0.0,0.0,0.002007,100.0,1.0,100.0009,1.000009
2018-11-16 13:15:00,32.08,33.1683,32.6243,42.5681,32.6243,33.1683,42.5681,0.01,0.01876,0.012587,0.019547,91.61,0.9161,94.1615,0.941615
2018-11-16 13:30:00,73.22,75.9755,71.0349,78.5547,71.0349,75.9755,78.5547,0.03,0.033378,0.029261,0.038359,84.07,0.8407,85.5807,0.855807
2018-11-16 13:45:00,72.18,71.7868,67.4316,76.4195,67.4316,71.7868,76.4195,0.03,0.031141,0.028051,0.036481,83.49,0.8349,84.2143,0.842143
2018-11-16 14:00:00,59.15,58.6576,53.8832,64.0067,53.8832,58.6576,64.0067,0.03,0.024891,0.021281,0.033045,86.3,0.863,86.026,0.86026
2018-11-16 14:15:00,51.37,50.5449,47.0908,55.3452,47.0908,50.5449,55.3452,0.02,0.020227,0.018955,0.028334,90.32,0.9032,90.0973,0.900973
2018-11-16 14:30:00,59.26,59.6565,55.8606,62.8249,55.8606,59.6565,62.8249,0.03,0.029231,0.024227,0.031715,86.45,0.8645,86.9528,0.869528
2018-11-16 14:45:00,96.19,96.7735,90.7157,99.9178,90.7157,99.9178,96.7735,0.04,0.041931,0.038342,0.048157,88.85,0.8885,87.7767,0.877767
2018-11-16 15:00:00,98.86,96.1043,92.3744,101.3753,92.3744,96.1043,101.3753,0.05,0.044474,0.039893,0.047175,90.3,0.903,88.9542,0.889542
2018-11-16 15:15:00,101.77,98.5691,97.1808,104.7973,97.1808,98.5691,104.7973,0.05,0.048337,0.041735,0.049475,90.72,0.9072,90.1204,0.901204
2018-11-16 15:30:00,105.84,104.687,100.341,107.8052,100.341,104.687,107.8052,0.05,0.049096,0.044205,0.051325,91.08,0.9108,90.1492,0.901492
2018-11-16 15:45:00,55.22,58.3896,53.0592,69.862,53.0592,58.3896,69.862,0.03,0.026447,0.021241,0.034012,90.75,0.9075,92.1431,0.921431
2018-11-16 16:00:00,54.94,56.0377,53.1317,64.6032,53.1317,56.0377,64.6032,0.03,0.021747,0.020787,0.033632,89.04,0.8904,89.6584,0.896584
2018-11-16 16:15:00,60.16,59.9011,56.6101,69.2455,56.6101,59.9011,69.2455,0.03,0.028501,0.025269,0.033938,88.52,0.8852,88.8814,0.888814
2018-11-16 16:30:00,58.79,59.727,55.4519,70.6565,55.4519,59.727,70.6565,0.03,0.029313,0.023563,0.03341,87.44,0.8744,87.5668,0.875668
2018-11-16 16:45:00,56.34,56.7847,53.6463,58.4873,53.6463,56.7847,58.4873,0.03,0.029463,0.021814,0.030193,86.69,0.8669,87.0757,0.870757
2018-11-16 17:00:00,57.24,56.8665,52.7642,59.4275,52.7642,56.8665,59.4275,0.03,0.022567,0.022078,0.030191,88.83,0.8883,88.2011,0.882011
2018-11-16 17:15:00,64.8,63.5638,60.2064,66.467,60.2064,63.5638,66.467,0.03,0.029898,0.026644,0.031503,88.07,0.8807,87.3415,0.873414
2018-11-16 17:30:00,59.62,59.7362,54.0346,61.7303,54.0346,59.7362,61.7303,0.03,0.030171,0.022277,0.030474,87.53,0.8753,86.9856,0.869856
2018-11-16 17:45:00,36.29,40.7216,38.7801,47.5706,38.7801,40.7216,47.5706,0.02,0.020031,0.016308,0.022951,94.98,0.9498,94.8141,0.948141
2018-11-16 18:00:00,32.08,35.107,33.154,41.8706,33.154,35.107,41.8706,0.01,0.019986,0.013023,0.021683,93.84,0.9384,94.0286,0.940286
2018-11-16 18:15:00,40.21,41.7803,38.1872,45.4465,38.1872,41.7803,45.4465,0.02,0.019966,0.016529,0.022672,88.06,0.8806,90.0061,0.900061
2018-11-16 18:30:00,47.56,46.3805,43.2962,51.1307,43.2962,46.3805,51.1307,0.02,0.020047,0.018472,0.023711,87.5,0.875,87.9147,0.879147
2018-11-16 18:45:00,49.07,48.5001,46.6725,52.1863,46.6725,48.5001,52.1863,0.02,0.020004,0.018317,0.02352,91.03,0.9103,90.9288,0.909288
2018-11-16 19:00:00,53.64,53.6948,50.2256,55.9946,50.2256,53.6948,55.9946,0.02,0.02355,0.019633,0.027386,90.13,0.9013,89.7115,0.897115
2018-11-16 19:15:00,50.4,48.929,45.9084,52.6391,45.9084,48.929,52.6391,0.02,0.020012,0.018655,0.028275,92.01,0.9201,91.5528,0.915528
2018-11-16 19:30:00,59.04,58.4951,52.2574,59.4104,52.2574,58.4951,59.4104,0.03,0.024551,0.023266,0.030192,91.36,0.9136,89.8894,0.898894
2018-11-16 19:45:00,95.18,93.8969,88.4587,96.0993,88.4587,96.0993,93.8969,0.04,0.039785,0.037065,0.04464,91.02,0.9102,89.0126,0.890126
2018-11-16 20:00:00,94.72,92.8114,82.5341,96.5878,82.5341,92.8114,96.5878,0.04,0.042873,0.035241,0.044453,93.73,0.9373,91.8647,0.918646
2018-11-16 20:15:00,122.8,119.2169,110.4085,123.1766,110.4085,119.2169,123.1766,0.06,0.05567,0.048974,0.057562,91.49,0.9149,89.8876,0.898876
2018-11-16 20:30:00,80.35,66.6221,66.2248,83.0376,66.2248,66.6221,83.0376,0.04,0.032792,0.026819,0.039363,93.96,0.9396,91.554,0.91554
2018-11-16 20:45:00,119.34,118.7066,108.9572,119.0763,108.9572,118.7066,119.0763,0.05,0.05576,0.048029,0.059451,91.25,0.9125,90.2308,0.902308
2018-11-16 21:00:00,23.0,30.0634,23.3362,41.3746,23.3362,30.0634,41.3746,0.01,0.019183,0.008932,0.020599,97.62,0.9762,98.1434,0.981434
2018-11-16 21:15:00,4.61,5.5183,3.9869,13.2128,3.9869,5.5183,13.2128,0.0,1.3e-05,0.0,0.00243,100.0,1.0,100.0626,1.000626
2018-11-16 21:30:00,4.36,4.4006,4.2131,10.0663,4.2131,4.4006,10.0663,0.0,0.0,0.0,0.001994,100.0,1.0,99.9958,0.999958
2018-11-16 21:45:00,4.36,4.2691,4.0181,9.6001,4.0181,4.2691,9.6001,0.0,0.0,0.0,0.001951,100.0,1.0,99.9958,0.999958
2018-11-16 22:00:00,4.36,4.2948,4.0103,8.6188,4.0103,4.2948,8.6188,0.0,7.1e-05,0.0,0.001941,100.0,1.0,99.7983,0.997983
2018-11-16 22:15:00,4.18,5.987,3.9007,9.0986,3.9007,5.987,9.0986,0.0,0.002345,0.0,0.014897,56.65,0.5665,62.6834,0.626834
2018-11-16 22:30:00,4.07,4.1106,3.9201,8.8724,3.9201,4.1106,8.8724,0.0,0.001976,0.0,0.008374,52.78,0.5278,55.2165,0.552165
2018-11-16 22:45:00,4.07,4.0391,3.8256,8.379,3.8256,4.0391,8.379,0.0,0.0,0.0,0.001945,50.75,0.5075,53.1638,0.531638
2018-11-16 23:00:00,4.03,4.0118,3.792,8.379,3.792,4.0118,8.379,0.0,0.0,0.0,0.001945,50.38,0.5038,51.7836,0.517836
2018-11-16 23:15:00,3.92,3.9565,3.7255,8.1498,3.7255,3.9565,8.1498,0.0,4.2e-05,0.0,0.001937,53.5,0.535,53.4285,0.534285
2018-11-16 23:30:00,3.89,3.8067,3.6881,8.0058,3.6881,3.8067,8.0058,0.0,1.9e-05,0.0,0.001937,53.39,0.5339,52.0155,0.520155
2018-11-16 23:45:00,3.92,3.7779,3.6696,7.9931,3.6696,3.7779,7.9931,0.0,0.0,0.0,0.001942,50.33,0.5033,51.0557,0.510557
2018-11-17 00:00:00,3.24,3.3317,3.2493,7.9645,3.2493,3.3317,7.9645,0.0,0.0,0.0,0.00224,56.03,0.5603,57.4673,0.574673
2018-11-17 00:15:00,5.0,4.8581,4.3694,8.8251,4.3694,4.8581,8.8251,0.0,0.0,0.0,0.00216,54.96,0.5496,59.4612,0.594612
2018-11-17 00:30:00,4.03,3.9134,3.3819,8.7157,3.3819,3.9134,8.7157,0.0,0.001978,0.0,0.002545,52.4,0.524,62.2598,0.622598
2018-11-17 00:45:00,3.96,3.8794,3.4294,8.0501,3.4294,3.8794,8.0501,0.0,0.0,0.0,0.001978,51.34,0.5134,57.1466,0.571466
2018-11-17 01:00:00,4.0,3.925,3.4548,7.9601,3.4548,3.925,7.9601,0.0,0.0,0.0,0.001978,50.48,0.5048,58.1072,0.581072
2018-11-17 01:15:00,3.96,3.9673,3.7483,8.1147,3.7483,3.9673,8.1147,0.0,0.0,0.0,0.001973,53.22,0.5322,55.9697,0.559697
2018-11-17 01:30:00,3.96,3.8712,3.7445,8.0221,3.7445,3.8712,8.0221,0.0,2.2e-05,0.0,0.001937,53.46,0.5346,54.1169,0.541169
2018-11-17 01:45:00,3.89,3.8161,3.7041,8.0239,3.7041,3.8161,8.0239,0.0,2.2e-05,0.0,0.001937,52.12,0.5212,53.7933,0.537933
2018-11-17 02:00:00,4.0,3.8683,3.7165,8.177,3.7165,3.8683,8.177,0.0,2.2e-05,0.0,0.001975,48.77,0.4877,54.2392,0.542392
2018-11-17 02:15:00,3.49,3.3902,3.3766,8.0297,3.3766,3.3902,8.0297,0.0,1.4e-05,0.0,0.001937,51.1,0.511,52.7337,0.527337
2018-11-17 02:30:00,3.31,3.276,3.2184,7.7578,3.2184,3.276,7.7578,0.0,3.1e-05,0.0,0.001937,52.26,0.5226,52.6246,0.526246
2018-11-17 02:45:00,3.35,3.3607,3.1509,7.7159,3.1509,3.3607,7.7159,0.0,0.0,0.0,0.001937,50.74,0.5074,51.2894,0.512894
2018-11-17 03:00:00,3.42,3.4067,3.2163,7.7108,3.2163,3.4067,7.7108,0.0,0.0,0.0,0.001937,50.79,0.5079,50.7589,0.507589
2018-11-17 03:15:00,3.35,3.3375,3.1786,7.7006,3.1786,3.3375,7.7006,0.0,0.0,0.0,0.001937,50.54,0.5054,49.0791,0.490791
2018-11-17 03:30:00,3.38,3.3449,3.1864,7.6893,3.1864,3.3449,7.6893,0.0,0.0,0.0,0.001937,52.29,0.5229,51.5564,0.515564
2018-11-17 03:45:00,3.56,3.6061,3.3163,7.7165,3.3163,3.6061,7.7165,0.0,0.0,0.0,0.001937,53.04,0.5304,51.9802,0.519802
2018-11-17 04:00:00,3.85,3.8549,3.4779,7.8538,3.4779,3.8549,7.8538,0.0,0.0,0.0,0.001942,50.44,0.5044,50.6074,0.506074
2018-11-17 04:15:00,3.2,3.2562,3.0062,7.8579,3.0062,3.2562,7.8579,0.0,0.0,0.0,0.001937,56.12,0.5612,55.8293,0.558293
2018-11-17 04:30:00,3.24,3.2675,3.0739,7.6353,3.0739,3.2675,7.6353,0.0,0.0,0.0,0.001937,57.5,0.575,56.6309,0.566309
2018-11-17 04:45:00,3.6,3.6157,3.3588,7.7722,3.3588,3.6157,7.7722,0.0,0.0,0.0,0.001937,55.97,0.5597,54.8861,0.548861
2018-11-17 05:00:00,3.64,3.6078,3.3284,7.7745,3.3284,3.6078,7.7745,0.0,0.0,0.0,0.001937,54.91,0.5491,52.2723,0.522723
2018-11-17 05:15:00,3.17,3.2332,2.9737,7.7575,2.9737,3.2332,7.7575,0.0,0.0,0.0,0.001937,59.52,0.5952,56.936,0.56936
2018-11-17 05:30:00,3.17,3.1767,3.0211,7.6177,3.0211,3.1767,7.6177,0.0,0.0,0.0,0.001937,59.16,0.5916,56.7778,0.567778
2018-11-17 05:45:00,3.13,3.1441,3.0019,7.6177,3.0019,3.1441,7.6177,0.0,0.0,0.0,0.001937,59.94,0.5994,57.7911,0.577911
2018-11-17 06:00:00,3.28,3.3289,3.117,7.6159,3.117,3.3289,7.6159,0.0,0.0,0.0,0.001937,61.46,0.6146,58.8882,0.588882
2018-11-17 06:15:00,3.2,3.1865,3.0561,7.6355,3.0561,3.1865,7.6355,0.0,0.0,0.0,0.001937,60.51,0.6051,58.3198,0.583198
2018-11-17 06:30:00,3.13,3.148,3.0021,7.6177,3.0021,3.148,7.6177,0.0,0.0,0.0,0.001937,57.7,0.577,55.6721,0.556721
2018-11-17 06:45:00,3.13,3.1344,2.9801,7.5932,2.9801,3.1344,7.5932,0.0,0.0,0.0,0.001937,56.17,0.5617,54.6144,0.546144
2018-11-17 07:00:00,3.17,3.1736,3.0011,7.5932,3.0011,3.1736,7.5932,0.0,0.0,0.0,0.001937,55.75,0.5575,54.8219,0.548219
2018-11-17 07:15:00,3.2,3.2099,3.0359,7.6123,3.0359,3.2099,7.6123,0.0,0.0,0.0,0.001937,55.55,0.5555,54.5662,0.545662
2018-11-17 07:30:00,3.31,3.3244,3.1156,7.6258,3.1156,3.3244,7.6258,0.0,0.0,0.0,0.001937,57.74,0.5774,56.5793,0.565793
2018-11-17 07:45:00,4.57,4.5489,4.1394,8.0171,4.1394,4.5489,8.0171,0.0,0.0,0.0,0.001937,58.96,0.5896,58.41,0.5841
2018-11-17 08:00:00,4.9,4.7852,4.1818,8.5399,4.1818,4.7852,8.5399,0.0,0.002121,0.0,0.002375,59.49,0.5949,58.0431,0.580431
2018-11-17 08:15:00,45.65,42.0389,34.3897,45.1363,34.3897,42.0389,45.1363,0.02,0.019879,0.014974,0.022747,82.37,0.8237,75.1529,0.751529
2018-11-17 08:30:00,82.62,84.4226,74.6876,90.175,74.6876,84.4226,90.175,0.04,0.035418,0.030627,0.043187,84.85,0.8485,78.9832,0.789832
2018-11-17 08:45:00,102.71,100.2504,95.3121,106.0139,95.3121,100.2504,106.0139,0.05,0.045471,0.039413,0.050339,88.58,0.8858,82.654,0.82654
2018-11-17 09:00:00,105.59,103.8152,97.4266,108.0488,97.4266,103.8152,108.0488,0.05,0.048553,0.041295,0.051986,92.25,0.9225,91.4619,0.914619
2018-11-17 09:15:00,115.45,110.6164,103.453,111.1464,103.453,110.6164,111.1464,0.05,0.051372,0.044302,0.055153,93.91,0.9391,92.5756,0.925756
2018-11-17 09:30:00,104.04,103.0606,94.3266,106.6925,94.3266,103.0606,106.6925,0.05,0.04723,0.040148,0.050821,91.0,0.91,90.7238,0.907238
2018-11-17 09:45:00,123.62,122.2501,110.8345,122.6397,110.8345,122.2501,122.6397,0.06,0.055556,0.048855,0.059688,93.03,0.9303,91.7858,0.917858
2018-11-17 10:00:00,105.01,102.6812,93.3575,106.3148,93.3575,102.6812,106.3148,0.05,0.047833,0.040588,0.050458,93.32,0.9332,91.9382,0.919382
2018-11-17 10:15:00,113.0,113.5251,107.421,114.4435,107.421,114.4435,113.5251,0.05,0.053026,0.046672,0.058023,91.39,0.9139,91.2303,0.912303
2018-11-17 10:30:00,117.72,114.2369,106.1179,117.7074,106.1179,114.2369,117.7074,0.05,0.053613,0.045676,0.054328,93.93,0.9393,92.3924,0.923924
2018-11-17 10:45:00,100.87,100.8568,92.7472,107.0868,92.7472,100.8568,107.0868,0.05,0.047177,0.040462,0.051211,91.01,0.9101,90.8312,0.908312
2018-11-17 11:00:00,106.49,103.2542,95.3253,107.2301,95.3253,103.2542,107.2301,0.05,0.047409,0.042656,0.04868,94.72,0.9472,93.3711,0.933711
2018-11-17 11:15:00,92.81,86.6639,79.9955,94.7054,79.9955,86.6639,94.7054,0.04,0.041113,0.035225,0.042702,94.54,0.9454,92.7787,0.927787
2018-11-17 11:30:00,93.82,95.5071,85.2921,97.3623,85.2921,95.5071,97.3623,0.04,0.043268,0.036574,0.045991,94.22,0.9422,92.4242,0.924242
2018-11-17 11:45:00,127.98,125.004,113.3192,129.361,113.3192,125.004,129.361,0.06,0.056529,0.050061,0.060058,90.97,0.9097,89.6105,0.896105
2018-11-17 12:00:00,78.73,65.4834,63.5705,84.6697,63.5705,65.4834,84.6697,0.04,0.033477,0.028656,0.040718,90.76,0.9076,91.1748,0.911748
2018-11-17 12:15:00,4.0,6.0494,4.8166,17.737,4.8166,6.0494,17.737,0.0,0.000978,0.0,0.006016,100.0,1.0,99.7791,0.997791
2018-11-17 12:30:00,4.14,4.2639,3.976,9.7598,3.976,4.2639,9.7598,0.0,0.000526,0.0,0.002209,100.0,1.0,99.969,0.99969
2018-11-17 12:45:00,4.5,4.6659,4.1378,9.7985,4.1378,4.6659,9.7985,0.0,0.0,0.0,0.001966,100.0,1.0,99.9705,0.999705
2018-11-17 13:00:00,4.79,4.8425,4.3477,9.1333,4.3477,4.8425,9.1333,0.0,0.0,0.0,0.002069,100.0,1.0,99.9999,0.999999
2018-11-17 13:15:00,46.33,48.1498,44.2891,55.435,44.2891,48.1498,55.435,0.02,0.020002,0.017532,0.026964,88.93,0.8893,92.8418,0.928418
2018-11-17 13:30:00,107.1,103.5135,87.1942,106.8493,87.1942,103.5135,106.8493,0.05,0.046717,0.037128,0.048071,93.52,0.9352,90.4527,0.904527
2018-11-17 13:45:00,75.02,71.4878,65.1672,78.5375,65.1672,71.4878,78.5375,0.03,0.031445,0.027137,0.03785,92.89,0.9289,91.4892,0.914892
2018-11-17 14:00:00,121.43,121.7932,107.3752,124.0455,107.3752,121.7932,124.0455,0.06,0.052542,0.046541,0.058451,90.63,0.9063,90.5007,0.905007
2018-11-17 14:15:00,103.0,104.7445,95.157,105.7895,95.157,104.7445,105.7895,0.05,0.046665,0.041125,0.05188,87.89,0.8789,89.613,0.89613
2018-11-17 14:30:00,105.08,104.1858,97.7103,104.331,97.7103,104.331,104.1858,0.05,0.048211,0.042799,0.05091,93.51,0.9351,92.5033,0.925033
2018-11-17 14:45:00,100.01,103.2326,92.8935,104.11,92.8935,103.2326,104.11,0.05,0.046497,0.04129,0.053212,90.12,0.9012,90.693,0.90693
2018-11-17 15:00:00,133.42,133.1284,116.0148,136.0232,116.0148,133.1284,136.0232,0.06,0.058676,0.051902,0.062891,88.4,0.884,89.3482,0.893482
2018-11-17 15:15:00,101.2,96.6434,84.1043,97.8486,84.1043,96.6434,97.8486,0.05,0.041775,0.035309,0.04471,93.65,0.9365,91.687,0.91687
2018-11-17 15:30:00,95.18,98.8817,91.7336,104.4134,91.7336,98.8817,104.4134,0.04,0.04682,0.041092,0.050969,89.87,0.8987,91.0021,0.910021
2018-11-17 15:45:00,132.3,133.454,116.4205,136.2633,116.4205,133.454,136.2633,0.06,0.060312,0.052187,0.062385,88.37,0.8837,89.3288,0.893288
2018-11-17 16:00:00,81.5,78.1838,65.9682,84.2594,65.9682,78.1838,84.2594,0.04,0.034974,0.025298,0.039772,93.05,0.9305,92.214,0.92214
2018-11-17 16:15:00,110.34,112.8551,106.376,116.6855,106.376,112.8551,116.6855,0.05,0.051126,0.046382,0.055478,91.56,0.9156,91.7135,0.917135
2018-11-17 16:30:00,128.16,128.9744,115.4995,131.2859,115.4995,128.9744,131.2859,0.06,0.058234,0.050011,0.064554,87.91,0.8791,89.2739,0.892739
2018-11-17 16:45:00,74.74,77.8188,65.663,84.242,65.663,77.8188,84.242,0.03,0.033334,0.026174,0.041416,91.26,0.9126,92.0868,0.920868
2018-11-17 17:00:00,23.11,26.629,23.5118,37.1943,23.5118,26.629,37.1943,0.01,0.018454,0.010249,0.019313,95.39,0.9539,97.8874,0.978874
2018-11-17 17:15:00,4.54,5.6955,4.1557,13.2688,4.1557,5.6955,13.2688,0.0,0.0,0.0,0.00255,100.0,1.0,100.0653,1.000653
2018-11-17 17:30:00,4.9,5.0695,4.4852,10.5141,4.4852,5.0695,10.5141,0.0,0.0,0.0,0.002013,100.0,1.0,99.9986,0.999986
2018-11-17 17:45:00,5.0,5.0064,4.501,9.0396,4.501,5.0064,9.0396,0.0,8e-06,0.0,0.001985,100.0,1.0,99.9986,0.999986
2018-11-17 18:00:00,4.03,4.3865,3.8221,8.987,3.8221,4.3865,8.987,0.0,0.000511,0.0,0.002068,100.0,1.0,99.9751,0.999751
2018-11-17 18:15:00,4.03,4.5769,3.8141,8.5406,3.8141,4.5769,8.5406,0.0,0.002255,0.0,0.002652,100.0,1.0,99.9043,0.999043
2018-11-17 18:30:00,4.03,4.5055,3.8125,8.5269,3.8125,4.5055,8.5269,0.0,0.001027,0.0,0.00207,100.0,1.0,99.9762,0.999762
2018-11-17 18:45:00,4.14,4.1833,3.8762,8.1567,3.8762,4.1833,8.1567,0.0,0.000162,0.0,0.001963,100.0,1.0,99.9715,0.999715
2018-11-17 19:00:00,4.14,4.1261,3.864,8.3317,3.864,4.1261,8.3317,0.0,7.5e-05,0.0,0.001964,100.0,1.0,99.9986,0.999986
2018-11-17 19:15:00,4.14,4.1261,3.864,8.3317,3.864,4.1261,8.3317,0.0,7.7e-05,0.0,0.001964,100.0,1.0,99.9986,0.999986
2018-11-17 19:30:00,4.14,4.1261,3.864,8.3317,3.864,4.1261,8.3317,0.0,7.7e-05,0.0,0.001964,100.0,1.0,99.9986,0.999986
2018-11-17 19:45:00,4.1,4.0987,3.9283,8.3556,3.9283,4.0987,8.3556,0.0,0.000111,0.0,0.001967,100.0,1.0,99.9986,0.999986
2018-11-17 20:00:00,4.18,4.2129,3.9773,8.3381,3.9773,4.2129,8.3381,0.0,0.000122,0.0,0.001967,100.0,1.0,99.9986,0.999986
2018-11-17 20:15:00,4.07,4.1077,3.912,8.3414,3.912,4.1077,8.3414,0.0,0.000115,0.0,0.001967,100.0,1.0,99.9986,0.999986
2018-11-17 20:30:00,4.07,4.0591,3.8307,8.1391,3.8307,4.0591,8.1391,0.0,0.000102,0.0,0.001964,100.0,1.0,99.9986,0.999986
2018-11-17 20:45:00,4.07,4.0591,3.8307,8.1488,3.8307,4.0591,8.1488,0.0,0.000102,0.0,0.001967,100.0,1.0,99.9986,0.999986
2018-11-17 21:00:00,4.1,4.0911,3.8456,8.1327,3.8456,4.0911,8.1327,0.0,0.000102,0.0,0.001963,100.0,1.0,99.9986,0.999986
2018-11-17 21:15:00,4.36,4.3364,4.0267,8.401,4.0267,4.3364,8.401,0.0,0.000102,0.0,0.001937,100.0,1.0,99.9986,0.999986
2018-11-17 21:30:00,5.26,4.9935,4.4248,8.6709,4.4248,4.9935,8.6709,0.0,0.0,0.0,0.001937,100.0,1.0,99.9917,0.999917
2018-11-17 21:45:00,4.28,4.1701,3.8895,8.7264,3.8895,4.1701,8.7264,0.0,0.0,0.0,0.001937,100.0,1.0,99.9986,0.999986
2018-11-17 22:00:00,4.03,3.8956,3.8377,8.3753,3.8377,3.8956,8.3753,0.0,0.0,0.0,0.001937,100.0,1.0,99.9724,0.999724
2018-11-17 22:15:00,3.85,3.8852,3.6995,8.1841,3.6995,3.8852,8.1841,0.0,0.0,0.0,0.001978,50.05,0.5005,61.7239,0.617239
2018-11-17 22:30:00,3.78,3.7717,3.618,8.0319,3.618,3.7717,8.0319,0.0,0.0,0.0,0.001978,49.14,0.4914,50.5354,0.505354
2018-11-17 22:45:00,3.89,3.8256,3.6077,7.9668,3.6077,3.8256,7.9668,0.0,0.0,0.0,0.001942,49.66,0.4966,49.2554,0.492554
2018-11-17 23:00:00,3.78,3.6632,3.5378,8.1612,3.5378,3.6632,8.1612,0.0,2e-05,0.0,0.001945,47.78,0.4778,49.9534,0.499534
2018-11-17 23:15:00,3.82,3.7515,3.5642,7.933,3.5642,3.7515,7.933,0.0,2e-05,0.0,0.001942,49.14,0.4914,49.5631,0.495631
2018-11-17 23:30:00,3.35,3.3988,3.2213,7.8937,3.2213,3.3988,7.8937,0.0,0.0,0.0,0.001937,53.72,0.5372,51.6709,0.516709
2018-11-17 23:45:00,3.13,3.1979,3.0464,7.7113,3.0464,3.1979,7.7113,0.0,0.0,0.0,0.001937,55.27,0.5527,54.632,0.54632
2018-11-18 00:00:00,3.13,3.1344,2.9846,7.6374,2.9846,3.1344,7.6374,0.0,4e-06,0.0,0.00202,53.06,0.5306,51.9094,0.519094
2018-11-18 00:15:00,3.13,3.1344,2.9832,7.5932,2.9832,3.1344,7.5932,0.0,0.0,0.0,0.001937,53.83,0.5383,52.5837,0.525837
2018-11-18 00:30:00,3.2,3.2086,3.029,7.5932,3.029,3.2086,7.5932,0.0,0.0,0.0,0.001937,52.56,0.5256,52.0032,0.520032
2018-11-18 00:45:00,3.2,3.2082,3.0412,7.6177,3.0412,3.2082,7.6177,0.0,0.0,0.0,0.001937,53.07,0.5307,51.5563,0.515563
2018-11-18 01:00:00,3.2,3.2082,3.0412,7.6177,3.0412,3.2082,7.6177,0.0,0.0,0.0,0.001937,52.56,0.5256,51.3264,0.513264
2018-11-18 01:15:00,3.74,3.7083,3.4345,7.7961,3.4345,3.7083,7.7961,0.0,0.0,0.0,0.001942,48.74,0.4874,51.3658,0.513658
2018-11-18 01:30:00,3.56,3.4607,3.2714,7.8083,3.2714,3.4607,7.8083,0.0,0.0,0.0,0.001937,48.79,0.4879,48.6459,0.486459
2018-11-18 01:45:00,3.2,3.2496,3.0244,7.7025,3.0244,3.2496,7.7025,0.0,0.0,0.0,0.001937,50.02,0.5002,49.8008,0.498008
2018-11-18 02:00:00,3.31,3.3316,3.1355,7.6434,3.1355,3.3316,7.6434,0.0,0.0,0.0,0.001937,49.82,0.4982,50.3218,0.503218
2018-11-18 02:15:00,3.24,3.2221,3.0856,7.6588,3.0856,3.2221,7.6588,0.0,0.0,0.0,0.001937,50.48,0.5048,49.8847,0.498847
2018-11-18 02:30:00,3.35,3.3606,3.1605,7.6612,3.1605,3.3606,7.6612,0.0,0.0,0.0,0.001937,51.47,0.5147,50.5286,0.505286
2018-11-18 02:45:00,3.82,3.7512,3.4832,7.8524,3.4832,3.7512,7.8524,0.0,0.0,0.0,0.001942,50.78,0.5078,51.7078,0.517078
2018-11-18 03:00:00,3.42,3.3843,3.0966,7.7939,3.0966,3.3843,7.7939,0.0,0.0,0.0,0.001937,49.46,0.4946,49.6619,0.496619
2018-11-18 03:15:00,3.35,3.3263,3.1775,7.6836,3.1775,3.3263,7.6836,0.0,0.0,0.0,0.001937,49.38,0.4938,48.3072,0.483072
2018-11-18 03:30:00,3.28,3.2669,3.1293,7.6893,3.1293,3.2669,7.6893,0.0,0.0,0.0,0.001937,49.03,0.4903,48.9012,0.489012
2018-11-18 03:45:00,3.31,3.3132,3.1424,7.6836,3.1424,3.3132,7.6836,0.0,0.0,0.0,0.001937,49.57,0.4957,50.5607,0.505607
2018-11-18 04:00:00,3.28,3.2636,3.1039,7.6893,3.1039,3.2636,7.6893,0.0,0.0,0.0,0.001937,49.74,0.4974,50.4427,0.504427
2018-11-18 04:15:00,3.24,3.2474,3.0965,7.6836,3.0965,3.2474,7.6836,0.0,0.0,0.0,0.001937,50.69,0.5069,50.5618,0.505618
2018-11-18 04:30:00,3.24,3.2445,3.0836,7.6667,3.0836,3.2445,7.6667,0.0,0.0,0.0,0.001937,49.95,0.4995,49.0803,0.490803
2018-11-18 04:45:00,3.67,3.6828,3.3861,7.9313,3.3861,3.6828,7.9313,0.0,0.0,0.0,0.001945,45.97,0.4597,50.6552,0.506552
2018-11-18 05:00:00,3.82,3.8079,3.4448,8.0275,3.4448,3.8079,8.0275,0.0,0.0,0.0,0.001975,46.51,0.4651,50.2178,0.502178
2018-11-18 05:15:00,3.31,3.2841,3.0279,7.7939,3.0279,3.2841,7.7939,0.0,0.0,0.0,0.001937,48.93,0.4893,50.312,0.50312
2018-11-18 05:30:00,3.28,3.2654,3.0999,7.6939,3.0999,3.2654,7.6939,0.0,0.0,0.0,0.001937,50.95,0.5095,50.8235,0.508235
2018-11-18 05:45:00,3.42,3.4849,3.2393,7.7232,3.2393,3.4849,7.7232,0.0,0.0,0.0,0.001937,49.21,0.4921,50.1114,0.501114
2018-11-18 06:00:00,3.82,3.8252,3.4642,7.9518,3.4642,3.8252,7.9518,0.0,0.0,0.0,0.001945,47.43,0.4743,51.3231,0.513231
2018-11-18 06:15:00,3.35,3.356,3.0491,7.8062,3.0491,3.356,7.8062,0.0,0.0,0.0,0.001937,50.28,0.5028,51.514,0.51514
2018-11-18 06:30:00,3.24,3.232,3.1127,7.6893,3.1127,3.232,7.6893,0.0,0.0,0.0,0.001937,50.69,0.5069,50.3625,0.503625
2018-11-18 06:45:00,3.24,3.2445,3.085,7.6667,3.085,3.2445,7.6667,0.0,0.0,0.0,0.001937,49.29,0.4929,49.5544,0.495544
2018-11-18 07:00:00,3.17,3.1842,3.0414,7.6667,3.0414,3.1842,7.6667,0.0,0.0,0.0,0.001937,48.47,0.4847,48.7792,0.487792
2018-11-18 07:15:00,3.17,3.1767,3.0228,7.6177,3.0228,3.1767,7.6177,0.0,0.0,0.0,0.001937,48.47,0.4847,48.1738,0.481738
2018-11-18 07:30:00,3.17,3.1767,3.0228,7.6177,3.0228,3.1767,7.6177,0.0,0.0,0.0,0.001937,48.93,0.4893,48.3816,0.483816
2018-11-18 07:45:00,4.07,4.0469,3.7164,7.9426,3.7164,4.0469,7.9426,0.0,0.0,0.0,0.001942,51.36,0.5136,55.33,0.5533
2018-11-18 08:00:00,5.0,7.756,4.0914,10.4465,4.0914,7.756,10.4465,0.0,0.000511,0.0,0.002423,52.72,0.5272,59.4168,0.594168
2018-11-18 08:15:00,44.21,42.0121,32.8208,44.0847,32.8208,42.0121,44.0847,0.02,0.019885,0.013679,0.022258,83.79,0.8379,74.9779,0.749779
2018-11-18 08:30:00,86.22,83.629,78.0081,91.2226,78.0081,83.629,91.2226,0.04,0.034851,0.03148,0.0435,88.3,0.883,80.3214,0.803214
2018-11-18 08:45:00,69.16,66.2198,56.4064,77.5181,56.4064,66.2198,77.5181,0.03,0.030077,0.022455,0.038222,90.17,0.9017,80.2351,0.802352
2018-11-18 09:00:00,70.6,67.8565,58.8256,73.6588,58.8256,67.8565,73.6588,0.03,0.029216,0.024354,0.034814,97.17,0.9717,94.4661,0.944661
2018-11-18 09:15:00,34.74,39.0422,23.7341,50.0716,23.7341,39.0422,50.0716,0.02,0.018952,0.010748,0.024158,97.25,0.9725,95.6687,0.956687
2018-11-18 09:30:00,36.4,37.9085,34.2784,46.1521,34.2784,37.9085,46.1521,0.02,0.019959,0.012316,0.024323,96.85,0.9685,94.8186,0.948186
2018-11-18 09:45:00,38.2,38.9721,35.3418,45.5027,35.3418,38.9721,45.5027,0.02,0.019996,0.013803,0.022914,96.65,0.9665,94.8095,0.948095
2018-11-18 10:00:00,32.76,32.7201,30.6598,40.4051,30.6598,32.7201,40.4051,0.02,0.019936,0.010713,0.020898,98.79,0.9879,94.8939,0.948939
2018-11-18 10:15:00,32.58,33.9031,30.1043,37.1101,30.1043,33.9031,37.1101,0.01,0.01941,0.010481,0.019823,98.86,0.9886,94.779,0.94779
2018-11-18 10:30:00,31.72,32.1929,29.8022,36.4828,29.8022,32.1929,36.4828,0.01,0.018257,0.009938,0.019716,99.31,0.9931,96.7941,0.967941
2018-11-18 10:45:00,31.57,32.0035,29.7641,36.3737,29.7641,32.0035,36.3737,0.01,0.017223,0.010243,0.019083,99.51,0.9951,97.4926,0.974926
2018-11-18 11:00:00,32.54,32.9017,30.5014,36.3206,30.5014,32.9017,36.3206,0.01,0.017315,0.010403,0.018977,99.39,0.9939,94.7718,0.947718
2018-11-18 11:15:00,37.51,36.3138,32.9465,40.2321,32.9465,36.3138,40.2321,0.02,0.019974,0.012944,0.020654,97.53,0.9753,94.5594,0.945594
2018-11-18 11:30:00,37.22,36.7496,32.3945,40.1294,32.3945,36.7496,40.1294,0.02,0.01999,0.013752,0.020605,97.39,0.9739,94.6709,0.946709
2018-11-18 11:45:00,36.0,34.7683,32.4124,40.2777,32.4124,34.7683,40.2777,0.02,0.019963,0.013375,0.020048,98.48,0.9848,94.6665,0.946665
2018-11-18 12:00:00,34.52,32.2003,28.4992,36.3198,28.4992,32.2003,36.3198,0.02,0.019654,0.011623,0.019817,97.2,0.972,96.6691,0.966691
2018-11-18 12:15:00,3.82,4.6938,4.3553,12.444,4.3553,4.6938,12.444,0.0,0.0,0.0,0.002977,100.0,1.0,99.8126,0.998126
2018-11-18 12:30:00,3.71,3.905,3.5716,8.6488,3.5716,3.905,8.6488,0.0,0.0,0.0,0.002212,100.0,1.0,99.9686,0.999686
2018-11-18 12:45:00,4.18,4.3515,3.7768,8.3399,3.7768,4.3515,8.3399,0.0,0.0,0.0,0.001966,100.0,1.0,99.9652,0.999652
2018-11-18 13:00:00,4.25,4.283,3.8083,8.5561,3.8083,4.283,8.5561,0.0,3.2e-05,0.0,0.001973,100.0,1.0,100.0044,1.000044
2018-11-18 13:15:00,16.45,17.7142,16.2308,20.6522,16.2308,17.7142,20.6522,0.01,0.009877,0.008407,0.011108,99.83,0.9983,99.6422,0.996422
2018-11-18 13:30:00,36.29,34.7096,28.1183,39.1302,28.1183,34.7096,39.1302,0.02,0.019837,0.011107,0.020476,98.53,0.9853,96.5027,0.965027
2018-11-18 13:45:00,35.5,34.2978,29.0747,38.3352,29.0747,34.2978,38.3352,0.02,0.01988,0.011431,0.019947,98.83,0.9883,96.5844,0.965844
2018-11-18 14:00:00,35.1,33.6874,28.9128,36.5666,28.9128,33.6874,36.5666,0.02,0.019766,0.010918,0.019946,98.74,0.9874,96.7951,0.967951
2018-11-18 14:15:00,35.89,34.8697,30.001,38.357,30.001,34.8697,38.357,0.02,0.019837,0.011086,0.019944,98.49,0.9849,96.6658,0.966658
2018-11-18 14:30:00,34.34,33.7011,31.9254,38.1994,31.9254,33.7011,38.1994,0.02,0.019931,0.012165,0.019955,98.91,0.9891,96.9292,0.969292
2018-11-18 14:45:00,36.36,35.5115,33.7696,39.1048,33.7696,35.5115,39.1048,0.02,0.019961,0.012072,0.020229,98.38,0.9838,96.7858,0.967858
2018-11-18 15:00:00,34.34,34.0639,32.272,39.5762,32.272,34.0639,39.5762,0.02,0.019962,0.013019,0.020027,99.03,0.9903,97.7844,0.977844
2018-11-18 15:15:00,37.01,36.3986,34.1728,39.8685,34.1728,36.3986,39.8685,0.02,0.019963,0.012072,0.020318,98.14,0.9814,94.8468,0.948468
2018-11-18 15:30:00,33.52,33.7469,32.5906,39.4718,32.5906,33.7469,39.4718,0.02,0.019927,0.012465,0.019962,98.75,0.9875,97.4384,0.974384
2018-11-18 15:45:00,37.12,36.7125,34.5672,40.1564,34.5672,36.7125,40.1564,0.02,0.019964,0.011837,0.020618,97.84,0.9784,94.8469,0.948469
2018-11-18 16:00:00,34.49,34.0296,32.7005,39.4106,32.7005,34.0296,39.4106,0.02,0.019855,0.012423,0.019953,99.09,0.9909,97.5263,0.975263
2018-11-18 16:15:00,38.41,36.89,34.8041,40.3463,34.8041,36.89,40.3463,0.02,0.019964,0.01223,0.020646,98.1,0.981,94.8356,0.948356
2018-11-18 16:30:00,34.02,33.4917,31.2019,39.2272,31.2019,33.4917,39.2272,0.02,0.019901,0.012042,0.019949,98.95,0.9895,97.769,0.97769
2018-11-18 16:45:00,36.94,35.9465,34.5306,40.4879,34.5306,35.9465,40.4879,0.02,0.019963,0.011993,0.020004,98.41,0.9841,96.7819,0.967819
2018-11-18 17:00:00,7.16,7.2809,5.5052,13.9825,5.5052,7.2809,13.9825,0.0,0.001184,6e-06,0.005706,100.0,1.0,99.9611,0.999611
2018-11-18 17:15:00,4.03,4.5136,4.0073,9.6713,4.0073,4.5136,9.6713,0.0,1e-06,0.0,0.002005,100.0,1.0,100.0176,1.000176
2018-11-18 17:30:00,3.96,3.934,3.7773,8.7623,3.7773,3.934,8.7623,0.0,0.0,0.0,0.001938,100.0,1.0,99.9996,0.999996
2018-11-18 17:45:00,3.85,3.8339,3.7166,8.4571,3.7166,3.8339,8.4571,0.0,0.0,0.0,0.001941,100.0,1.0,99.9996,0.999996
2018-11-18 18:00:00,3.85,3.8266,3.6613,8.0472,3.6613,3.8266,8.0472,0.0,1e-04,0.0,0.001947,100.0,1.0,99.9761,0.999761
2018-11-18 18:15:00,3.74,3.6614,3.5996,7.9596,3.5996,3.6614,7.9596,0.0,8.1e-05,0.0,0.001937,100.0,1.0,99.9761,0.999761
2018-11-18 18:30:00,3.78,3.7497,3.5651,7.9252,3.5651,3.7497,7.9252,0.0,1e-05,0.0,0.001937,100.0,1.0,99.9773,0.999773
2018-11-18 18:45:00,3.89,3.8237,3.6117,7.9333,3.6117,3.8237,7.9333,0.0,1e-06,0.0,0.001937,100.0,1.0,99.9725,0.999725
2018-11-18 19:00:00,3.82,3.6933,3.5536,7.9554,3.5536,3.6933,7.9554,0.0,1e-06,0.0,0.001937,100.0,1.0,99.9996,0.999996
2018-11-18 19:15:00,3.78,3.7172,3.525,7.9252,3.525,3.7172,7.9252,0.0,1e-06,0.0,0.001937,100.0,1.0,99.9996,0.999996
2018-11-18 19:30:00,3.78,3.7057,3.5504,7.9252,3.5504,3.7057,7.9252,0.0,1e-06,0.0,0.001937,100.0,1.0,99.9996,0.999996
2018-11-18 19:45:00,3.82,3.7541,3.5682,7.9252,3.5682,3.7541,7.9252,0.0,1e-06,0.0,0.001937,100.0,1.0,99.9996,0.999996
2018-11-18 20:00:00,3.89,3.8287,3.5887,7.9252,3.5887,3.8287,7.9252,0.0,1e-06,0.0,0.001937,100.0,1.0,99.9996,0.999996
2018-11-18 20:15:00,3.74,3.629,3.5224,7.9554,3.5224,3.629,7.9554,0.0,0.0,0.0,0.001937,100.0,1.0,99.9996,0.999996
2018-11-18 20:30:00,3.78,3.7505,3.5675,7.9252,3.5675,3.7505,7.9252,0.0,1e-06,0.0,0.001937,100.0,1.0,99.9996,0.999996
2018-11-18 20:45:00,4.39,4.277,3.8454,8.1702,3.8454,4.277,8.1702,0.0,1e-06,0.0,0.001937,100.0,1.0,100.0012,1.000012
2018-11-18 21:00:00,3.82,3.5772,3.3641,8.2974,3.3641,3.5772,8.2974,0.0,0.0,0.0,0.001937,100.0,1.0,99.9996,0.999996
2018-11-18 21:15:00,3.24,3.3141,3.1554,7.8937,3.1554,3.3141,7.8937,0.0,0.000162,0.0,0.001937,100.0,1.0,99.9996,0.999996
2018-11-18 21:30:00,3.13,3.1812,3.0371,7.7024,3.0371,3.1812,7.7024,0.0,0.000134,0.0,0.001937,100.0,1.0,99.9996,0.999996
2018-11-18 21:45:00,3.1,3.1181,2.9671,7.6198,2.9671,3.1181,7.6198,0.0,0.000144,0.0,0.001937,100.0,1.0,99.9996,0.999996
2018-11-18 22:00:00,3.1,3.1258,2.9498,7.5798,2.9498,3.1258,7.5798,0.0,0.0,0.0,0.001937,100.0,1.0,99.804,0.99804
2018-11-18 22:15:00,2.95,3.0486,2.9108,7.5798,2.9108,3.0486,7.5798,0.0,0.0,0.0,0.001937,55.17,0.5517,53.4727,0.534727
2018-11-18 22:30:00,2.99,3.0022,2.8396,7.4998,2.8396,3.0022,7.4998,0.0,0.0,0.0,0.001937,54.17,0.5417,51.4196,0.514196
2018-11-18 22:45:00,2.92,2.9605,2.8115,7.5077,2.8115,2.9605,7.5077,0.0,0.0,0.0,0.001937,53.51,0.5351,51.1241,0.511241
2018-11-18 23:00:00,2.92,2.9326,2.777,7.4728,2.777,2.9326,7.4728,0.0,0.0,0.0,0.001937,54.09,0.5409,51.9057,0.519057
2018-11-18 23:15:00,2.88,2.9075,2.761,7.4728,2.761,2.9075,7.4728,0.0,0.0,0.0,0.001937,56.46,0.5646,54.1277,0.541277
2018-11-18 23:30:00,2.88,2.8853,2.7414,7.4728,2.7414,2.8853,7.4728,0.0,0.0,0.0,0.001937,56.74,0.5674,52.6738,0.526738
2018-11-18 23:45:00,2.92,2.9137,2.7576,7.4728,2.7576,2.9137,7.4728,0.0,0.0,0.0,0.001937,57.64,0.5764,53.1641,0.531641
2018-11-19 00:00:00,4.14,4.2416,3.968,7.8705,3.968,4.2416,7.8705,0.0,4e-06,0.0,0.00202,79.4,0.794,68.8181,0.688181
2018-11-19 00:15:00,3.42,3.4462,3.0383,8.0234,3.0383,3.4462,8.0234,0.0,0.00112,0.0,0.001973,51.05,0.5105,49.7033,0.497033
2018-11-19 00:30:00,3.31,3.1576,3.0163,7.5755,3.0163,3.1576,7.5755,0.0,7e-06,0.0,0.001973,51.5,0.515,49.9527,0.499527
2018-11-19 00:45:00,3.49,3.3886,3.1866,7.5852,3.1866,3.3886,7.5852,0.0,0.0,0.0,0.001973,49.78,0.4978,50.0969,0.500969
2018-11-19 01:00:00,2.95,2.9994,2.8569,7.6823,2.8569,2.9994,7.6823,0.0,4e-06,0.0,0.001937,54.49,0.5449,54.0108,0.540108
2018-11-19 01:15:00,2.92,2.9403,2.7965,7.481,2.7965,2.9403,7.481,0.0,0.0,0.0,0.001937,54.78,0.5478,54.5052,0.545052
2018-11-19 01:30:00,2.88,2.9075,2.7584,7.4747,2.7584,2.9075,7.4747,0.0,0.0,0.0,0.001937,53.57,0.5357,53.4962,0.534962
2018-11-19 01:45:00,2.92,2.9137,2.7607,7.4728,2.7607,2.9137,7.4728,0.0,0.0,0.0,0.001937,54.43,0.5443,53.9411,0.539411
2018-11-19 02:00:00,2.95,2.9417,2.7862,7.4728,2.7862,2.9417,7.4728,0.0,0.0,0.0,0.001937,54.49,0.5449,53.9582,0.539582
2018-11-19 02:15:00,2.95,2.9318,2.7884,7.4761,2.7884,2.9318,7.4761,0.0,0.0,0.0,0.001937,53.9,0.539,53.5486,0.535486
2018-11-19 02:30:00,2.92,2.9093,2.7723,7.4761,2.7723,2.9093,7.4761,0.0,0.0,0.0,0.001937,53.51,0.5351,53.3844,0.533844
2018-11-19 02:45:00,3.31,3.2917,3.1412,7.5674,3.1412,3.2917,7.5674,0.0,0.0,0.0,0.001937,50.28,0.5028,49.686,0.49686
2018-11-19 03:00:00,3.46,3.3539,3.1578,7.5851,3.1578,3.3539,7.5851,0.0,0.0,0.0,0.001937,47.9,0.479,48.4235,0.484235
2018-11-19 03:15:00,2.95,2.9289,2.7589,7.5539,2.7589,2.9289,7.5539,0.0,0.0,0.0,0.001937,53.0,0.53,52.3478,0.523478
2018-11-19 03:30:00,2.92,2.9227,2.7768,7.478,2.7768,2.9227,7.478,0.0,0.0,0.0,0.001937,53.51,0.5351,53.502,0.53502
2018-11-19 03:45:00,2.95,2.955,2.7906,7.4728,2.7906,2.955,7.4728,0.0,0.0,0.0,0.001937,53.32,0.5332,52.822,0.52822
2018-11-19 04:00:00,2.92,2.9227,2.7768,7.4761,2.7768,2.9227,7.4761,0.0,0.0,0.0,0.001937,53.84,0.5384,53.6141,0.536141
2018-11-19 04:15:00,2.92,2.9326,2.7745,7.4728,2.7745,2.9326,7.4728,0.0,0.0,0.0,0.001937,55.03,0.5503,54.1771,0.541771
2018-11-19 04:30:00,3.13,3.0978,2.9477,7.5036,2.9477,3.0978,7.5036,0.0,0.0,0.0,0.001937,51.94,0.5194,50.9713,0.509713
2018-11-19 04:45:00,3.64,3.5269,3.3131,7.6876,3.3131,3.5269,7.6876,0.0,0.0,0.0,0.001937,49.79,0.4979,50.2626,0.502626
2018-11-19 05:00:00,3.13,3.0889,2.8433,7.6683,2.8433,3.0889,7.6683,0.0,0.0,0.0,0.001937,54.15,0.5415,52.0718,0.520718
2018-11-19 05:15:00,2.92,2.9373,2.7938,7.5162,2.7938,2.9373,7.5162,0.0,0.0,0.0,0.001937,55.38,0.5538,54.4571,0.544571
2018-11-19 05:30:00,2.88,2.9075,2.7584,7.4747,2.7584,2.9075,7.4747,0.0,0.0,0.0,0.001937,55.83,0.5583,54.7737,0.547737
2018-11-19 05:45:00,2.92,2.9137,2.7607,7.4728,2.7607,2.9137,7.4728,0.0,0.0,0.0,0.001937,56.36,0.5636,54.8779,0.548779
2018-11-19 06:00:00,3.38,3.3695,3.1729,7.5997,3.1729,3.3695,7.5997,0.0,0.0,0.0,0.001937,52.78,0.5278,51.306,0.51306
2018-11-19 06:15:00,3.42,3.2911,3.0384,7.5642,3.0384,3.2911,7.5642,0.0,0.0,0.0,0.001937,53.79,0.5379,51.4577,0.514577
2018-11-19 06:30:00,2.77,2.9014,2.6737,7.5539,2.6737,2.9014,7.5539,0.0,0.0,0.0,0.001937,57.71,0.5771,57.7062,0.577062
2018-11-19 06:45:00,2.77,2.792,2.6602,7.4668,2.6602,2.792,7.4668,0.0,0.0,0.0,0.001937,56.93,0.5693,55.4829,0.554829
2018-11-19 07:00:00,2.81,2.8131,2.6764,7.4668,2.6764,2.8131,7.4668,0.0,0.0,0.0,0.001937,58.26,0.5826,56.2325,0.562325
2018-11-19 07:15:00,3.2,3.1741,3.0398,7.5614,3.0398,3.1741,7.5614,0.0,0.0,0.0,0.001937,62.85,0.6285,60.22,0.6022
2018-11-19 07:30:00,3.64,3.5243,3.2175,7.6323,3.2175,3.5243,7.6323,0.0,0.0,0.0,0.001937,61.07,0.6107,58.3995,0.583995
2018-11-19 07:45:00,4.07,3.856,3.3722,7.7835,3.3722,3.856,7.7835,0.0,0.0,0.0,0.001973,61.78,0.6178,58.061,0.58061
2018-11-19 08:00:00,5.76,5.444,4.5733,8.3921,4.5733,5.444,8.3921,0.0,0.0,0.0,0.002088,77.61,0.7761,67.8897,0.678897
2018-11-19 08:15:00,16.99,23.2144,15.3037,31.4646,15.3037,23.2144,31.4646,0.01,0.011424,0.008853,0.013485,81.39,0.8139,74.3603,0.743603
2018-11-19 08:30:00,57.02,54.8107,52.4062,59.72,52.4062,54.8107,59.72,0.03,0.025211,0.021693,0.031447,77.06,0.7706,76.8443,0.768443
2018-11-19 08:45:00,58.54,57.5362,54.2008,64.4202,54.2008,57.5362,64.4202,0.03,0.029753,0.023069,0.032389,80.73,0.8073,75.9871,0.759871
2018-11-19 09:00:00,58.86,57.1188,50.8843,58.4352,50.8843,57.1188,58.4352,0.03,0.022344,0.020438,0.029935,91.83,0.9183,89.8661,0.898661
2018-11-19 09:15:00,62.75,62.1631,57.459,62.9256,57.459,62.1631,62.9256,0.03,0.029528,0.023671,0.03066,88.48,0.8848,87.4018,0.874018
2018-11-19 09:30:00,68.83,65.8506,61.4412,67.2948,61.4412,65.8506,67.2948,0.03,0.030066,0.025874,0.03219,86.66,0.8666,84.9487,0.849487
2018-11-19 09:45:00,72.18,66.9497,64.9487,73.1584,64.9487,66.9497,73.1584,0.03,0.030875,0.026955,0.034253,88.11,0.8811,86.3632,0.863632
2018-11-19 10:00:00,67.5,65.2459,58.6832,68.4064,58.6832,65.2459,68.4064,0.03,0.029436,0.024107,0.035083,87.37,0.8737,86.1103,0.861103
2018-11-19 10:15:00,67.72,66.3018,61.1334,68.3692,61.1334,66.3018,68.3692,0.03,0.02956,0.025451,0.033883,88.2,0.882,86.9302,0.869302
2018-11-19 10:30:00,64.37,64.2354,58.7926,66.4806,58.7926,64.2354,66.4806,0.03,0.030465,0.024121,0.032697,89.52,0.8952,88.2372,0.882372
2018-11-19 10:45:00,61.31,60.3741,54.5874,62.3582,54.5874,60.3741,62.3582,0.03,0.028327,0.023284,0.031399,89.31,0.8931,87.9996,0.879996
2018-11-19 11:00:00,65.45,63.5672,60.0187,64.8182,60.0187,63.5672,64.8182,0.03,0.029653,0.02588,0.030807,89.33,0.8933,87.6524,0.876524
2018-11-19 11:15:00,59.18,56.4078,50.2351,60.71,50.2351,56.4078,60.71,0.03,0.028907,0.020741,0.030605,89.57,0.8957,88.0814,0.880814
2018-11-19 11:30:00,62.03,60.7347,55.7085,62.5229,55.7085,60.7347,62.5229,0.03,0.026831,0.024097,0.030364,89.06,0.8906,87.6229,0.876229
2018-11-19 11:45:00,60.34,58.9082,54.4622,61.1388,54.4622,58.9082,61.1388,0.03,0.029035,0.023287,0.030129,88.14,0.8814,87.0776,0.870777
2018-11-19 12:00:00,46.12,44.7202,40.5221,49.3737,40.5221,44.7202,49.3737,0.02,0.020179,0.017519,0.024315,91.84,0.9184,91.3251,0.913251
2018-11-19 12:15:00,5.94,4.4562,4.4035,13.9372,4.4562,4.4035,13.9372,0.0,0.0,0.0,0.004196,100.0,1.0,99.891,0.99891
2018-11-19 12:30:00,6.08,5.9603,5.5191,9.7359,5.5191,5.9603,9.7359,0.0,3e-06,0.0,0.002041,100.0,1.0,99.966,0.99966
2018-11-19 12:45:00,6.05,5.7838,5.5058,9.5578,5.5058,5.7838,9.5578,0.0,1.4e-05,0.0,0.002004,100.0,1.0,99.9636,0.999636
2018-11-19 13:00:00,5.11,5.001,4.7951,9.5029,4.7951,5.001,9.5029,0.0,1.2e-05,0.0,0.001972,100.0,1.0,100.0019,1.000019
2018-11-19 13:15:00,29.3,30.2866,27.3088,35.1092,27.3088,30.2866,35.1092,0.01,0.01473,0.009176,0.018072,94.34,0.9434,95.3682,0.953682
2018-11-19 13:30:00,69.52,66.5834,62.3391,70.7754,62.3391,66.5834,70.7754,0.03,0.02901,0.027317,0.034896,88.25,0.8825,87.0133,0.870133
2018-11-19 13:45:00,60.23,58.7129,51.8727,62.4559,51.8727,58.7129,62.4559,0.03,0.02863,0.020729,0.031788,89.0,0.89,87.9436,0.879436
2018-11-19 14:00:00,58.79,56.4667,51.9841,60.2286,51.9841,56.4667,60.2286,0.03,0.023474,0.021748,0.030199,89.28,0.8928,88.0368,0.880368
2018-11-19 14:15:00,58.21,57.1482,52.4384,59.9092,52.4384,57.1482,59.9092,0.03,0.022379,0.021311,0.030396,89.16,0.8916,88.1566,0.881565
2018-11-19 14:30:00,68.62,66.0972,62.7973,70.2282,62.7973,66.0972,70.2282,0.03,0.030971,0.027877,0.032902,89.25,0.8925,87.6933,0.876933
2018-11-19 14:45:00,60.66,59.1426,54.6068,61.44,54.6068,59.1426,61.44,0.03,0.027839,0.021607,0.031176,88.21,0.8821,87.5437,0.875437
2018-11-19 15:00:00,64.44,64.0772,60.0489,66.0256,60.0489,64.0772,66.0256,0.03,0.031005,0.025727,0.03191,84.35,0.8435,84.1501,0.841501
2018-11-19 15:15:00,63.36,62.914,58.8863,64.7326,58.8863,62.914,64.7326,0.03,0.03006,0.024799,0.030958,87.98,0.8798,86.7591,0.867591
2018-11-19 15:30:00,60.05,60.3525,56.0876,61.6408,56.0876,60.3525,61.6408,0.03,0.029171,0.023356,0.03082,85.06,0.8506,84.9994,0.849994
2018-11-19 15:45:00,65.52,64.1201,60.4254,66.6064,60.4254,64.1201,66.6064,0.03,0.030082,0.026507,0.031079,88.39,0.8839,87.1194,0.871194
2018-11-19 16:00:00,61.42,58.7032,53.5228,62.144,53.5228,58.7032,62.144,0.03,0.029206,0.022036,0.03098,90.11,0.9011,88.5751,0.885751
2018-11-19 16:15:00,61.42,60.752,57.664,62.1044,57.664,60.752,62.1044,0.03,0.02926,0.024445,0.030366,88.47,0.8847,87.6992,0.876992
2018-11-19 16:30:00,59.08,57.1055,53.5037,60.146,53.5037,57.1055,60.146,0.03,0.025505,0.022747,0.030031,89.26,0.8926,88.2983,0.882983
2018-11-19 16:45:00,62.89,62.1519,56.8458,62.6438,56.8458,62.1519,62.6438,0.03,0.027721,0.024564,0.030413,91.15,0.9115,88.9688,0.889688
2018-11-19 17:00:00,62.89,61.9508,56.5566,62.2215,56.5566,61.9508,62.2215,0.03,0.027701,0.023949,0.030672,91.33,0.9133,89.5427,0.895427
2018-11-19 17:15:00,56.05,54.6892,48.6583,56.7468,48.6583,54.6892,56.7468,0.03,0.026567,0.020365,0.029123,92.94,0.9294,91.2216,0.912216
2018-11-19 17:30:00,59.11,57.9007,52.872,59.6467,52.872,57.9007,59.6467,0.03,0.02638,0.023151,0.029653,92.98,0.9298,90.9049,0.909049
2018-11-19 17:45:00,30.89,30.4938,23.334,34.7491,23.334,30.4938,34.7491,0.01,0.018039,0.008333,0.018518,100.0,1.0,99.9819,0.999819
2018-11-19 18:00:00,31.61,31.1806,29.4366,34.6693,29.4366,31.1806,34.6693,0.01,0.014067,0.008897,0.015154,99.6,0.996,98.2399,0.982399
2018-11-19 18:15:00,34.99,36.4102,31.7643,40.5797,31.7643,36.4102,40.5797,0.02,0.019588,0.009455,0.02096,96.51,0.9651,93.1897,0.931897
2018-11-19 18:30:00,43.06,43.2466,37.9958,47.1443,37.9958,43.2466,47.1443,0.02,0.020015,0.016272,0.022773,95.38,0.9538,92.5836,0.925836
2018-11-19 18:45:00,43.49,38.7436,35.5357,42.4437,35.5357,38.7436,42.4437,0.02,0.019964,0.014085,0.020747,98.45,0.9845,94.646,0.94646
2018-11-19 19:00:00,63.32,61.2435,54.0878,62.4592,54.0878,61.2435,62.4592,0.03,0.022903,0.02217,0.031789,93.99,0.9399,91.1035,0.911035
2018-11-19 19:15:00,45.54,43.6363,37.5877,50.2119,37.5877,43.6363,50.2119,0.02,0.019849,0.01359,0.024129,97.25,0.9725,95.0066,0.950066
2018-11-19 19:30:00,45.79,44.2168,40.8054,48.9909,40.8054,44.2168,48.9909,0.02,0.019998,0.018199,0.022523,96.32,0.9632,94.633,0.94633
2018-11-19 19:45:00,53.21,53.0972,48.8512,56.0004,48.8512,53.0972,56.0004,0.02,0.020051,0.020029,0.027934,93.78,0.9378,92.329,0.92329
2018-11-19 20:00:00,44.78,44.3681,40.2535,50.049,40.2535,44.3681,50.049,0.02,0.019964,0.017553,0.025668,96.1,0.961,94.6033,0.946032
2018-11-19 20:15:00,44.17,43.3078,40.4068,47.7654,40.4068,43.3078,47.7654,0.02,0.019995,0.018239,0.021717,94.52,0.9452,93.5771,0.935771
2018-11-19 20:30:00,52.81,52.3908,48.0644,54.5343,48.0644,52.3908,54.5343,0.02,0.020236,0.020054,0.026917,92.6,0.926,91.6005,0.916005
2018-11-19 20:45:00,40.39,38.0591,34.7609,43.9143,34.7609,38.0591,43.9143,0.02,0.019907,0.012485,0.0231,97.44,0.9744,98.3467,0.983467
2018-11-19 21:00:00,26.64,25.3634,25.3058,31.9521,25.3058,25.3634,31.9521,0.01,0.014681,0.008874,0.016923,100.0,1.0,99.8937,0.998938
2018-11-19 21:15:00,13.43,13.6804,9.4342,15.1812,9.4342,13.6804,15.1812,0.01,0.008376,0.00435,0.009196,100.0,1.0,100.0112,1.000112
2018-11-19 21:30:00,3.82,4.4029,3.888,10.2023,3.888,4.4029,10.2023,0.0,0.0,0.0,0.002461,100.0,1.0,99.9969,0.999969
2018-11-19 21:45:00,3.89,3.9596,3.6794,8.4579,3.6794,3.9596,8.4579,0.0,0.0,0.0,0.002016,100.0,1.0,99.9969,0.999969
2018-11-19 22:00:00,3.78,3.7045,3.6369,8.1395,3.6369,3.7045,8.1395,0.0,0.0,0.0,0.001941,100.0,1.0,99.9687,0.999687
2018-11-19 22:15:00,3.67,3.6733,3.4796,8.3211,3.4796,3.6733,8.3211,0.0,0.001605,0.0,0.002074,70.71,0.7071,72.5858,0.725858
2018-11-19 22:30:00,3.64,3.592,3.4586,7.8859,3.4586,3.592,7.8859,0.0,1.4e-05,0.0,0.001937,68.7,0.687,60.0762,0.600762
2018-11-19 22:45:00,3.6,3.5398,3.3902,7.8703,3.3902,3.5398,7.8703,0.0,0.0,0.0,0.001937,67.92,0.6792,59.0365,0.590365
2018-11-19 23:00:00,3.56,3.5348,3.3902,7.8513,3.3902,3.5348,7.8513,0.0,0.0,0.0,0.001937,69.92,0.6992,61.0832,0.610832
2018-11-19 23:15:00,3.56,3.5131,3.3813,7.8009,3.3813,3.5131,7.8009,0.0,0.0,0.0,0.001937,73.54,0.7354,53.5973,0.535973
2018-11-19 23:30:00,3.64,3.6149,3.4292,7.8043,3.4292,3.6149,7.8043,0.0,0.0,0.0,0.001937,77.69,0.7769,54.9607,0.549607
2018-11-19 23:45:00,4.57,4.4634,3.9469,8.2102,3.9469,4.4634,8.2102,0.0,0.0,0.0,0.001937,83.43,0.8343,67.1192,0.671192
2018-11-20 00:00:00,4.61,4.4415,3.9302,8.4883,3.9302,4.4415,8.4883,0.0,0.002276,0.0,0.003587,92.38,0.9238,76.3982,0.763982
2018-11-20 00:15:00,3.53,3.7901,3.3432,8.505,3.3432,3.7901,8.505,0.0,0.001973,0.0,0.002413,74.4,0.744,71.4738,0.714738
2018-11-20 00:30:00,3.64,3.7315,3.4128,7.8485,3.4128,3.7315,7.8485,0.0,0.0,0.0,0.001973,71.49,0.7149,69.2379,0.692379
2018-11-20 00:45:00,3.71,3.75,3.4362,7.9131,3.4362,3.75,7.9131,0.0,0.0,0.0,0.001973,68.0,0.68,64.7029,0.647029
2018-11-20 01:00:00,3.6,3.551,3.3732,7.8808,3.3732,3.551,7.8808,0.0,0.0,0.0,0.001973,69.35,0.6935,64.9482,0.649482
2018-11-20 01:15:00,3.64,3.6164,3.4023,7.839,3.4023,3.6164,7.839,0.0,0.0,0.0,0.001937,72.88,0.7288,68.2085,0.682085
2018-11-20 01:30:00,3.53,3.4845,3.361,7.8612,3.361,3.4845,7.8612,0.0,0.0,0.0,0.001937,73.67,0.7367,68.5268,0.685268
2018-11-20 01:45:00,3.6,3.6149,3.3984,7.7809,3.3984,3.6149,7.7809,0.0,0.0,0.0,0.001937,71.8,0.718,67.7604,0.677604
2018-11-20 02:00:00,3.71,3.6997,3.4426,7.8424,3.4426,3.6997,7.8424,0.0,0.0,0.0,0.001937,68.74,0.6874,63.5026,0.635026
2018-11-20 02:15:00,3.56,3.527,3.3545,7.8717,3.3545,3.527,7.8717,0.0,0.0,0.0,0.001937,72.52,0.7252,66.9132,0.669132
2018-11-20 02:30:00,3.56,3.5131,3.351,7.7885,3.351,3.5131,7.7885,0.0,0.0,0.0,0.001937,71.41,0.7141,67.0792,0.670792
2018-11-20 02:45:00,3.02,3.1199,3.0034,7.7747,3.0034,3.1199,7.7747,0.0,0.0,0.0,0.001937,70.71,0.7071,68.2542,0.682542
2018-11-20 03:00:00,3.02,3.0171,2.8813,7.5199,2.8813,3.0171,7.5199,0.0,0.0,0.0,0.001937,71.06,0.7106,69.0512,0.690512
2018-11-20 03:15:00,3.13,3.1191,2.9587,7.5233,2.9587,3.1191,7.5233,0.0,0.0,0.0,0.001937,67.95,0.6795,64.0012,0.640012
2018-11-20 03:30:00,3.31,3.2619,3.0906,7.563,3.0906,3.2619,7.563,0.0,0.0,0.0,0.001937,71.03,0.7103,66.2452,0.662452
2018-11-20 03:45:00,3.67,3.5936,3.3316,7.67,3.3316,3.5936,7.67,0.0,0.0,0.0,0.001937,66.97,0.6697,62.5633,0.625633
2018-11-20 04:00:00,2.95,3.1542,2.8669,7.6949,2.8669,3.1542,7.6949,0.0,0.0,0.0,0.001937,78.86,0.7886,73.468,0.73468
2018-11-20 04:15:00,2.88,2.9095,2.7861,7.4777,2.7861,2.9095,7.4777,0.0,0.0,0.0,0.001937,80.93,0.8093,73.5388,0.735388
2018-11-20 04:30:00,2.95,2.9337,2.7864,7.4713,2.7864,2.9337,7.4713,0.0,0.0,0.0,0.001937,81.21,0.8121,73.1996,0.731996
2018-11-20 04:45:00,2.88,2.8785,2.7619,7.4727,2.7619,2.8785,7.4727,0.0,0.0,0.0,0.001937,80.53,0.8053,73.4155,0.734155
2018-11-20 05:00:00,2.84,2.8485,2.7263,7.4694,2.7263,2.8485,7.4694,0.0,0.0,0.0,0.001937,82.03,0.8203,73.5594,0.735594
2018-11-20 05:15:00,2.81,2.8206,2.7046,7.4668,2.7046,2.8206,7.4668,0.0,0.0,0.0,0.001937,82.7,0.827,73.4852,0.734852
2018-11-20 05:30:00,2.88,2.873,2.7286,7.4668,2.7286,2.873,7.4668,0.0,0.0,0.0,0.001937,82.94,0.8294,73.5497,0.735497
2018-11-20 05:45:00,3.17,3.1787,2.9701,7.5614,2.9701,3.1787,7.5614,0.0,0.0,0.0,0.001937,82.15,0.8215,75.1253,0.751253
2018-11-20 06:00:00,3.46,3.3898,3.1572,7.6106,3.1572,3.3898,7.6106,0.0,0.0,0.0,0.001937,82.83,0.8283,76.8708,0.768708
2018-11-20 06:15:00,3.42,3.2074,3.0104,7.5695,3.0104,3.2074,7.5695,0.0,0.0,0.0,0.001937,82.98,0.8298,76.1936,0.761936
2018-11-20 06:30:00,2.81,2.9044,2.6903,7.5505,2.6903,2.9044,7.5505,0.0,0.0,0.0,0.001937,84.21,0.8421,74.1098,0.741098
2018-11-20 06:45:00,2.77,2.7929,2.6699,7.4687,2.6699,2.7929,7.4687,0.0,0.0,0.0,0.001937,83.3,0.833,73.0903,0.730903
2018-11-20 07:00:00,2.84,2.8448,2.7042,7.4668,2.7042,2.8448,7.4668,0.0,0.0,0.0,0.001937,83.93,0.8393,73.4616,0.734616
2018-11-20 07:15:00,2.7,2.7868,2.6537,7.4668,2.6537,2.7868,7.4668,0.0,0.0,0.0,0.001937,85.19,0.8519,73.4951,0.734951
2018-11-20 07:30:00,3.71,3.7907,3.595,7.7986,3.595,3.7907,7.7986,0.0,0.0,0.0,0.001937,90.35,0.9035,76.6816,0.766816
2018-11-20 07:45:00,5.51,5.0669,4.435,8.3072,4.435,5.0669,8.3072,0.0,0.0,0.0,0.001965,94.85,0.9485,81.1734,0.811734
2018-11-20 08:00:00,5.33,4.9361,4.8693,8.6727,4.9361,4.8693,8.6727,0.0,0.002214,0.0,0.004495,94.36,0.9436,80.2509,0.802509
2018-11-20 08:15:00,25.88,28.1313,19.2692,32.5152,19.2692,28.1313,32.5152,0.01,0.013175,0.009438,0.013645,83.27,0.8327,75.6214,0.756214
2018-11-20 08:30:00,60.16,57.0386,48.976,61.0096,48.976,57.0386,61.0096,0.03,0.027296,0.023643,0.030662,77.83,0.7783,75.7484,0.757484
2018-11-20 08:45:00,67.54,66.6519,61.9267,70.9666,61.9267,66.6519,70.9666,0.03,0.03053,0.026873,0.03397,81.93,0.8193,76.5919,0.765919
2018-11-20 09:00:00,78.98,77.5247,71.2031,83.8444,71.2031,77.5247,83.8444,0.04,0.032719,0.030158,0.039147,86.51,0.8651,85.9184,0.859184
2018-11-20 09:15:00,70.24,71.2462,61.1209,74.4676,61.1209,71.2462,74.4676,0.03,0.033675,0.025834,0.038256,88.09,0.8809,87.766,0.87766
2018-11-20 09:30:00,77.47,76.2546,67.5803,82.3491,67.5803,76.2546,82.3491,0.04,0.031957,0.029438,0.039207,86.54,0.8654,86.4082,0.864082
2018-11-20 09:45:00,74.88,77.9124,69.3036,79.7144,69.3036,79.7144,77.9124,0.03,0.033459,0.029764,0.038678,87.45,0.8745,86.349,0.86349
2018-11-20 10:00:00,54.18,54.7526,50.4427,58.396,50.4427,54.7526,58.396,0.02,0.022907,0.020726,0.03028,92.93,0.9293,92.6023,0.926023
2018-11-20 10:15:00,54.79,54.7509,50.7108,57.102,50.7108,54.7509,57.102,0.03,0.020821,0.02045,0.030513,92.89,0.9289,91.6466,0.916466
2018-11-20 10:30:00,59.54,59.482,54.6012,61.5946,54.6012,59.482,61.5946,0.03,0.028681,0.024344,0.031377,90.1,0.901,89.1349,0.891349
2018-11-20 10:45:00,52.16,50.0114,44.5898,54.062,44.5898,50.0114,54.062,0.02,0.02016,0.018642,0.027852,95.99,0.9599,93.6586,0.936586
2018-11-20 11:00:00,61.81,61.4024,54.2221,61.4807,54.2221,61.4807,61.4024,0.03,0.028157,0.024851,0.03105,92.6,0.926,89.9975,0.899975
2018-11-20 11:15:00,52.2,50.8961,45.3045,53.241,45.3045,50.8961,53.241,0.02,0.021464,0.018656,0.026642,94.46,0.9446,92.7618,0.927618
2018-11-20 11:30:00,46.94,43.8053,37.1043,46.7245,37.1043,43.8053,46.7245,0.02,0.019988,0.0136,0.023597,98.56,0.9856,94.6748,0.946748
2018-11-20 11:45:00,48.56,46.0066,40.2042,50.002,40.2042,46.0066,50.002,0.02,0.020001,0.016072,0.0234,98.04,0.9804,94.7383,0.947383
2018-11-20 12:00:00,52.7,51.6178,43.409,51.9373,43.409,51.6178,51.9373,0.02,0.020011,0.016887,0.024256,94.53,0.9453,91.7389,0.917388
2018-11-20 12:15:00,6.12,4.6421,4.381,14.9896,4.381,4.6421,14.9896,0.0,0.0,0.0,0.004921,100.0,1.0,99.8965,0.998965
2018-11-20 12:30:00,5.44,5.3154,4.9156,9.6778,4.9156,5.3154,9.6778,0.0,0.0,0.0,0.002038,100.0,1.0,99.9631,0.999631
2018-11-20 12:45:00,5.4,5.2826,4.8261,9.3259,4.8261,5.2826,9.3259,0.0,0.0,0.0,0.001996,100.0,1.0,99.9636,0.999636
2018-11-20 13:00:00,5.58,5.3104,4.9664,9.0534,4.9664,5.3104,9.0534,0.0,0.0,0.0,0.001994,100.0,1.0,99.9974,0.999974
2018-11-20 13:15:00,28.15,27.8819,22.8019,29.2954,22.8019,27.8819,29.2954,0.01,0.012092,0.008191,0.018484,96.76,0.9676,96.009,0.96009
2018-11-20 13:30:00,53.24,49.7423,42.5651,54.1546,42.5651,49.7423,54.1546,0.02,0.022393,0.017402,0.027914,91.11,0.9111,90.6439,0.906439
2018-11-20 13:45:00,48.67,47.4476,43.48,51.6382,43.48,47.4476,51.6382,0.02,0.020085,0.018317,0.027553,92.43,0.9243,91.8527,0.918527
2018-11-20 14:00:00,57.85,56.7213,51.612,58.2503,51.612,56.7213,58.2503,0.03,0.023337,0.021863,0.03013,90.66,0.9066,89.7088,0.897088
2018-11-20 14:15:00,55.12,53.5386,46.9963,54.8858,46.9963,53.5386,54.8858,0.03,0.022248,0.019037,0.029207,94.63,0.9463,92.4985,0.924985
2018-11-20 14:30:00,52.63,52.3708,46.6726,53.8545,46.6726,52.3708,53.8545,0.02,0.020443,0.019183,0.028723,93.66,0.9366,92.2291,0.922291
2018-11-20 14:45:00,56.77,57.4938,50.9708,57.5374,50.9708,57.5374,57.4938,0.03,0.024018,0.021211,0.029533,92.17,0.9217,90.6942,0.906942
2018-11-20 15:00:00,47.41,45.6011,42.0501,50.7316,42.0501,45.6011,50.7316,0.02,0.020039,0.01777,0.025513,95.25,0.9525,93.5864,0.935864
2018-11-20 15:15:00,51.16,52.078,47.4327,53.5511,47.4327,52.078,53.5511,0.02,0.020015,0.018757,0.0249,93.72,0.9372,92.6176,0.926176
2018-11-20 15:30:00,46.51,46.563,42.6757,50.6099,42.6757,46.563,50.6099,0.02,0.019995,0.018622,0.025963,93.93,0.9393,93.1271,0.931271
2018-11-20 15:45:00,56.99,57.4861,52.8128,58.1932,52.8128,57.4861,58.1932,0.03,0.022351,0.021979,0.030329,89.34,0.8934,88.6139,0.886139
2018-11-20 16:00:00,44.57,44.6757,40.3082,49.3724,40.3082,44.6757,49.3724,0.02,0.019986,0.017721,0.02401,94.15,0.9415,93.3154,0.933154
2018-11-20 16:15:00,43.09,41.8874,38.0298,45.918,38.0298,41.8874,45.918,0.02,0.019995,0.016223,0.021759,97.32,0.9732,94.7508,0.947508
2018-11-20 16:30:00,67.32,66.1015,58.4339,68.4332,58.4339,66.1015,68.4332,0.03,0.029707,0.024322,0.034125,90.2,0.902,87.7644,0.877644
2018-11-20 16:45:00,45.47,42.1164,33.3821,50.7037,33.3821,42.1164,50.7037,0.02,0.020377,0.013892,0.02625,98.07,0.9807,95.0874,0.950874
2018-11-20 17:00:00,64.84,63.8954,57.7644,63.9665,57.7644,63.9665,63.8954,0.03,0.024265,0.023879,0.033441,92.98,0.9298,90.3336,0.903336
2018-11-20 17:15:00,41.15,38.4059,32.2911,46.6126,32.2911,38.4059,46.6126,0.02,0.019846,0.012347,0.022116,98.62,0.9862,97.7452,0.977452
2018-11-20 17:30:00,31.97,32.176,29.3627,36.5252,29.3627,32.176,36.5252,0.01,0.018424,0.010455,0.019896,99.95,0.9995,99.8666,0.998666
2018-11-20 17:45:00,27.83,28.7959,26.658,31.5962,26.658,28.7959,31.5962,0.01,0.014107,0.009194,0.016921,100.0,1.0,99.969,0.99969
2018-11-20 18:00:00,22.97,23.2991,18.5501,28.4394,18.5501,23.2991,28.4394,0.01,0.011774,0.008303,0.013466,99.86,0.9986,99.8016,0.998016
2018-11-20 18:15:00,8.14,6.7997,3.9774,13.5091,3.9774,6.7997,13.5091,0.0,0.006557,2e-06,0.007291,100.0,1.0,99.9709,0.999709
2018-11-20 18:30:00,8.17,7.5647,5.9156,11.2954,5.9156,7.5647,11.2954,0.0,0.00256,0.0,0.006369,100.0,1.0,99.9733,0.999733
2018-11-20 18:45:00,8.39,7.7421,6.1395,11.0444,6.1395,7.7421,11.0444,0.0,0.000631,0.0,0.00237,100.0,1.0,99.9698,0.999698
2018-11-20 19:00:00,8.32,7.6544,5.7575,11.0734,5.7575,7.6544,11.0734,0.0,0.0,0.0,0.001994,100.0,1.0,99.9969,0.999969
2018-11-20 19:15:00,8.71,8.4396,6.1579,11.2487,6.1579,8.4396,11.2487,0.0,0.001101,0.0,0.002282,100.0,1.0,99.9968,0.999968
2018-11-20 19:30:00,7.38,7.6023,4.7666,11.521,4.7666,7.6023,11.521,0.0,0.0,0.0,0.002112,100.0,1.0,99.9969,0.999969
2018-11-20 19:45:00,7.6,7.7095,6.0622,10.7324,6.0622,7.7095,10.7324,0.0,0.0,0.0,0.002102,100.0,1.0,99.9968,0.999968
2018-11-20 20:00:00,6.44,5.9974,4.807,10.329,4.807,5.9974,10.329,0.0,0.0,0.0,0.002056,100.0,1.0,99.9969,0.999969
2018-11-20 20:15:00,5.0,5.0968,4.507,9.6235,4.507,5.0968,9.6235,0.0,0.0,0.0,0.002014,100.0,1.0,99.9969,0.999969
2018-11-20 20:30:00,4.86,4.8463,4.4326,9.0509,4.4326,4.8463,9.0509,0.0,0.0,0.0,0.001951,100.0,1.0,99.9969,0.999969
2018-11-20 20:45:00,5.0,5.034,4.4679,8.7947,4.4679,5.034,8.7947,0.0,0.0,0.0,0.001951,100.0,1.0,99.9968,0.999968
2018-11-20 21:00:00,4.1,4.2381,3.8528,8.7244,3.8528,4.2381,8.7244,0.0,0.0,0.0,0.001963,100.0,1.0,99.9969,0.999969
2018-11-20 21:15:00,3.89,3.9982,3.8531,8.3488,3.8531,3.9982,8.3488,0.0,0.0,0.0,0.001963,100.0,1.0,99.9969,0.999969
2018-11-20 21:30:00,3.82,3.7857,3.6549,8.0251,3.6549,3.7857,8.0251,0.0,0.000141,0.0,0.001937,100.0,1.0,99.9969,0.999969
2018-11-20 21:45:00,3.85,3.8578,3.6526,7.9677,3.6526,3.8578,7.9677,0.0,0.000131,0.0,0.001937,100.0,1.0,99.9969,0.999969
2018-11-20 22:00:00,3.92,3.8213,3.6687,7.9333,3.6687,3.8213,7.9333,0.0,4e-05,0.0,0.001937,100.0,1.0,99.9687,0.999687
2018-11-20 22:15:00,3.71,3.649,3.5254,7.947,3.5254,3.649,7.947,0.0,0.0,0.0,0.001937,70.71,0.7071,70.1384,0.701384
2018-11-20 22:30:00,3.64,3.5785,3.4449,7.9031,3.4449,3.5785,7.9031,0.0,2.9e-05,0.0,0.001937,71.79,0.7179,62.2925,0.622925
2018-11-20 22:45:00,3.64,3.5671,3.4119,7.8703,3.4119,3.5671,7.8703,0.0,0.0,0.0,0.001937,71.49,0.7149,62.1677,0.621677
2018-11-20 23:00:00,3.64,3.5671,3.4119,7.8703,3.4119,3.5671,7.8703,0.0,0.0,0.0,0.001937,72.18,0.7218,62.634,0.62634
2018-11-20 23:15:00,3.6,3.5398,3.3865,7.8612,3.3865,3.5398,7.8612,0.0,0.0,0.0,0.001937,82.35,0.8235,68.0582,0.680582
2018-11-20 23:30:00,3.49,3.4795,3.3565,7.8513,3.3565,3.4795,7.8513,0.0,0.0,0.0,0.001937,85.79,0.8579,68.3321,0.683321
2018-11-20 23:45:00,3.56,3.509,3.3428,7.7266,3.3428,3.509,7.7266,0.0,0.0,0.0,0.001937,85.49,0.8549,68.4026,0.684026
2018-11-21 00:00:00,3.71,3.7182,3.4223,7.805,3.4223,3.7182,7.805,0.0,4e-06,0.0,0.00202,77.14,0.7714,71.159,0.71159
2018-11-21 00:15:00,4.0,3.9677,3.5347,7.9656,3.5347,3.9677,7.9656,0.0,0.0,0.0,0.001937,88.99,0.8899,76.791,0.76791
2018-11-21 00:30:00,3.64,3.4976,3.3026,7.937,3.3026,3.4976,7.937,0.0,0.0,0.0,0.001937,84.54,0.8454,73.5698,0.735698
2018-11-21 00:45:00,3.46,3.4239,3.3169,7.8703,3.3169,3.4239,7.8703,0.0,0.0,0.0,0.001937,82.39,0.8239,75.3462,0.753463
2018-11-21 01:00:00,3.46,3.4071,3.2869,7.7266,3.2869,3.4071,7.7266,0.0,0.0,0.0,0.001937,82.39,0.8239,75.9852,0.759852
2018-11-21 01:15:00,3.46,3.4071,3.2869,7.7266,3.2869,3.4071,7.7266,0.0,0.0,0.0,0.001937,82.83,0.8283,75.8706,0.758706
2018-11-21 01:30:00,3.13,3.1944,3.0608,7.6738,3.0608,3.1944,7.6738,0.0,0.0,0.0,0.001937,83.16,0.8316,74.3617,0.743617
2018-11-21 01:45:00,2.95,3.0222,2.8977,7.5711,2.8977,3.0222,7.5711,0.0,0.0,0.0,0.001937,84.46,0.8446,74.4823,0.744823
2018-11-21 02:00:00,2.77,2.8913,2.7592,7.4777,2.7592,2.8913,7.4777,0.0,0.0,0.0,0.001937,83.3,0.833,73.6833,0.736833
2018-11-21 02:15:00,2.88,2.8811,2.7443,7.4668,2.7443,2.8811,7.4668,0.0,0.0,0.0,0.001937,83.34,0.8334,73.4767,0.734767
2018-11-21 02:30:00,2.92,2.8911,2.7049,7.4668,2.7049,2.8911,7.4668,0.0,0.0,0.0,0.001937,79.87,0.7987,73.3378,0.733378
2018-11-21 02:45:00,2.88,2.87,2.6982,7.4668,2.6982,2.87,7.4668,0.0,0.0,0.0,0.001937,82.4,0.824,73.2089,0.732089
2018-11-21 03:00:00,2.95,2.9228,2.7328,7.4668,2.7328,2.9228,7.4668,0.0,0.0,0.0,0.001937,83.03,0.8303,73.3682,0.733682
2018-11-21 03:15:00,2.84,2.8643,2.7539,7.4727,2.7539,2.8643,7.4727,0.0,0.0,0.0,0.001937,81.49,0.8149,73.4435,0.734435
2018-11-21 03:30:00,2.88,2.873,2.7332,7.4668,2.7332,2.873,7.4668,0.0,0.0,0.0,0.001937,82.94,0.8294,73.2462,0.732462
2018-11-21 03:45:00,3.38,3.3481,3.1781,7.6349,3.1781,3.3481,7.6349,0.0,0.0,0.0,0.001937,81.42,0.8142,73.9254,0.739254
2018-11-21 04:00:00,3.74,3.6164,3.2773,7.6448,3.2773,3.6164,7.6448,0.0,0.0,0.0,0.001937,84.77,0.8477,76.7762,0.767762
2018-11-21 04:15:00,3.71,3.4392,3.2303,7.7067,3.2303,3.4392,7.7067,0.0,0.0,0.0,0.001973,79.72,0.7972,72.2212,0.722212
2018-11-21 04:30:00,3.49,3.3418,3.1212,7.7093,3.1212,3.3418,7.7093,0.0,0.0,0.0,0.001937,78.33,0.7833,71.2626,0.712626
2018-11-21 04:45:00,2.92,3.014,2.8609,7.6953,2.8609,3.014,7.6953,0.0,0.0,0.0,0.001937,80.39,0.8039,73.0781,0.730781
2018-11-21 05:00:00,2.95,2.9433,2.7849,7.4713,2.7849,2.9433,7.4713,0.0,0.0,0.0,0.001937,81.6,0.816,74.0485,0.740485
2018-11-21 05:15:00,2.92,2.9109,2.771,7.4746,2.771,2.9109,7.4746,0.0,0.0,0.0,0.001937,82.24,0.8224,74.3376,0.743376
2018-11-21 05:30:00,2.92,2.9209,2.7687,7.4694,2.7687,2.9209,7.4694,0.0,0.0,0.0,0.001937,82.24,0.8224,73.7484,0.737484
2018-11-21 05:45:00,2.88,2.8958,2.7526,7.4694,2.7526,2.8958,7.4694,0.0,0.0,0.0,0.001937,81.87,0.8187,73.6065,0.736065
2018-11-21 06:00:00,2.84,2.8485,2.7226,7.4694,2.7226,2.8485,7.4694,0.0,0.0,0.0,0.001937,82.03,0.8203,73.5162,0.735162
2018-11-21 06:15:00,2.92,2.9054,2.7726,7.4668,2.7726,2.9054,7.4668,0.0,0.0,0.0,0.001937,82.24,0.8224,73.7317,0.737317
2018-11-21 06:30:00,2.88,2.8716,2.7313,7.4668,2.7313,2.8716,7.4668,0.0,0.0,0.0,0.001937,82.94,0.8294,73.6065,0.736065
2018-11-21 06:45:00,2.84,2.836,2.7058,7.4668,2.7058,2.836,7.4668,0.0,0.0,0.0,0.001937,83.52,0.8352,73.4807,0.734807
2018-11-21 07:00:00,2.88,2.873,2.7318,7.4668,2.7318,2.873,7.4668,0.0,0.0,0.0,0.001937,83.87,0.8387,73.5939,0.735939
2018-11-21 07:15:00,2.77,2.8054,2.6932,7.4668,2.6932,2.8054,7.4668,0.0,0.0,0.0,0.001937,84.4,0.844,73.7497,0.737497
2018-11-21 07:30:00,3.56,3.5894,3.44,7.7847,3.44,3.5894,7.7847,0.0,0.0,0.0,0.001937,88.53,0.8853,76.7535,0.767535
2018-11-21 07:45:00,5.83,4.8056,4.5064,10.4699,4.5064,4.8056,10.4699,0.0,0.0,0.0,0.002451,94.49,0.9449,81.9162,0.819162
2018-11-21 08:00:00,6.26,6.2864,5.2154,10.4326,5.2154,6.2864,10.4326,0.0,0.002277,0.0,0.004522,97.21,0.9721,83.8611,0.838611
2018-11-21 08:15:00,24.98,28.3197,16.9497,33.6888,16.9497,28.3197,33.6888,0.01,0.012543,0.008581,0.014416,87.5,0.875,76.4171,0.764171
2018-11-21 08:30:00,50.08,43.2582,36.736,48.9096,36.736,43.2582,48.9096,0.02,0.021365,0.015575,0.023112,84.29,0.8429,75.5038,0.755038
2018-11-21 08:45:00,64.04,61.02,53.6722,62.6887,53.6722,61.02,62.6887,0.03,0.024872,0.023297,0.032567,90.15,0.9015,76.2663,0.762663
2018-11-21 09:00:00,77.9,74.4645,69.073,78.2948,69.073,74.4645,78.2948,0.04,0.033587,0.029384,0.03726,91.08,0.9108,88.4056,0.884056
2018-11-21 09:15:00,65.12,59.2956,55.7433,67.2801,55.7433,59.2956,67.2801,0.03,0.029965,0.022903,0.035662,91.79,0.9179,90.4241,0.904241
2018-11-21 09:30:00,67.43,64.6153,58.8485,68.0507,58.8485,64.6153,68.0507,0.03,0.027234,0.024962,0.032551,90.71,0.9071,88.8471,0.888471
2018-11-21 09:45:00,67.43,65.3605,59.2018,67.471,59.2018,65.3605,67.471,0.03,0.031041,0.024907,0.033206,90.75,0.9075,88.7958,0.887958
2018-11-21 10:00:00,75.67,73.6763,66.7405,76.6095,66.7405,73.6763,76.6095,0.03,0.031084,0.028228,0.037459,89.71,0.8971,88.196,0.88196
2018-11-21 10:15:00,69.66,65.331,58.4896,70.3198,58.4896,65.331,70.3198,0.03,0.03216,0.024643,0.035314,91.97,0.9197,90.3519,0.903519
2018-11-21 10:30:00,69.08,68.0118,61.8406,71.1784,61.8406,68.0118,71.1784,0.03,0.030062,0.025643,0.033902,91.04,0.9104,89.1357,0.891357
2018-11-21 10:45:00,69.66,69.0986,62.4263,70.995,62.4263,69.0986,70.995,0.03,0.030177,0.026332,0.033749,91.35,0.9135,89.2221,0.892221
2018-11-21 11:00:00,68.87,69.7533,62.2257,70.8533,62.2257,69.7533,70.8533,0.03,0.031121,0.025977,0.033905,90.61,0.9061,88.359,0.88359
2018-11-21 11:15:00,81.32,78.959,73.1186,83.3236,73.1186,78.959,83.3236,0.04,0.034638,0.031817,0.039457,89.62,0.8962,87.3642,0.873642
2018-11-21 11:30:00,96.26,93.7851,87.2965,99.4944,87.2965,93.7851,99.4944,0.04,0.041724,0.037752,0.046249,92.07,0.9207,90.8595,0.908595
2018-11-21 11:45:00,83.95,80.3892,76.7786,91.7858,76.7786,80.3892,91.7858,0.04,0.036994,0.034185,0.044009,89.1,0.891,88.9515,0.889515
2018-11-21 12:00:00,109.33,103.657,97.7627,108.7323,97.7627,103.657,108.7323,0.05,0.047509,0.043236,0.04945,94.4,0.944,91.6207,0.916207
2018-11-21 12:15:00,7.6,6.9607,6.2426,20.7618,6.2426,6.9607,20.7618,0.0,0.0,0.0,0.007581,100.0,1.0,99.979,0.99979
2018-11-21 12:30:00,6.66,6.1435,5.296,11.3023,5.296,6.1435,11.3023,0.0,1e-06,0.0,0.002011,100.0,1.0,99.9631,0.999631
2018-11-21 12:45:00,6.73,6.6044,5.9773,10.8794,5.9773,6.6044,10.8794,0.0,1.2e-05,0.0,0.001969,100.0,1.0,99.9651,0.999651
2018-11-21 13:00:00,6.66,6.5652,5.7897,10.8786,5.7897,6.5652,10.8786,0.0,1.1e-05,0.0,0.001988,100.0,1.0,100.0033,1.000033
2018-11-21 13:15:00,47.3,48.4069,43.1726,54.1965,43.1726,48.4069,54.1965,0.02,0.020192,0.018093,0.027778,91.94,0.9194,92.8916,0.928916
2018-11-21 13:30:00,74.52,73.1737,64.6172,77.3162,64.6172,73.1737,77.3162,0.03,0.033382,0.025809,0.03646,92.32,0.9232,88.9312,0.889312
2018-11-21 13:45:00,109.19,102.0831,95.8266,108.0467,95.8266,102.0831,108.0467,0.05,0.041521,0.040754,0.04974,94.0,0.94,91.3999,0.913999
2018-11-21 14:00:00,79.38,72.7749,67.6768,82.5183,67.6768,72.7749,82.5183,0.04,0.031607,0.028386,0.04013,96.37,0.9637,93.326,0.93326
2018-11-21 14:15:00,94.0,89.2582,81.5519,95.9806,81.5519,89.2582,95.9806,0.04,0.042585,0.036877,0.044419,96.34,0.9634,95.0191,0.950191
2018-11-21 14:30:00,85.14,79.7591,69.855,86.817,69.855,79.7591,86.817,0.04,0.036322,0.029832,0.040502,95.68,0.9568,92.9334,0.929334
2018-11-21 14:45:00,91.76,90.3809,80.7845,94.4429,80.7845,90.3809,94.4429,0.04,0.040294,0.03578,0.042339,95.94,0.9594,94.3635,0.943635
2018-11-21 15:00:00,127.33,121.7437,110.8485,125.1204,110.8485,121.7437,125.1204,0.06,0.055354,0.049021,0.05977,92.93,0.9293,90.4722,0.904722
2018-11-21 15:15:00,94.82,80.8553,74.1385,86.5773,74.1385,80.8553,86.5773,0.04,0.036657,0.030058,0.040852,96.21,0.9621,92.2341,0.922341
2018-11-21 15:30:00,122.98,119.0059,107.4884,121.0767,107.4884,119.0059,121.0767,0.06,0.0555,0.048921,0.057565,94.32,0.9432,92.4473,0.924473
2018-11-21 15:45:00,86.51,82.7355,74.3172,88.3401,74.3172,82.7355,88.3401,0.04,0.038107,0.029398,0.040579,93.45,0.9345,91.3879,0.913879
2018-11-21 16:00:00,79.16,74.3464,66.1979,82.2025,66.1979,74.3464,82.2025,0.04,0.033816,0.027449,0.040361,96.21,0.9621,93.5575,0.935575
2018-11-21 16:15:00,70.6,68.2658,62.1695,79.0477,62.1695,68.2658,79.0477,0.03,0.032686,0.026223,0.038901,93.8,0.938,91.9575,0.919575
2018-11-21 16:30:00,103.9,102.5622,94.4863,105.7874,94.4863,102.5622,105.7874,0.05,0.040464,0.039768,0.051032,95.17,0.9517,92.5264,0.925264
2018-11-21 16:45:00,106.13,101.5538,96.0154,105.3285,96.0154,101.5538,105.3285,0.05,0.047459,0.041002,0.049562,94.42,0.9442,92.6531,0.926531
2018-11-21 17:00:00,103.54,101.0089,94.4865,104.8252,94.4865,101.0089,104.8252,0.05,0.045899,0.040975,0.051073,93.39,0.9339,91.6225,0.916225
2018-11-21 17:15:00,126.22,120.2992,109.4502,122.4929,109.4502,120.2992,122.4929,0.06,0.054606,0.048521,0.057585,93.71,0.9371,91.337,0.91337
2018-11-21 17:30:00,115.49,111.6541,99.7847,115.0126,99.7847,111.6541,115.0126,0.05,0.049346,0.043386,0.054346,91.78,0.9178,89.927,0.89927
2018-11-21 17:45:00,44.6,53.2876,38.7395,66.6599,38.7395,53.2876,66.6599,0.02,0.02174,0.012332,0.034999,97.39,0.9739,97.2319,0.972319
2018-11-21 18:00:00,33.77,32.8932,32.6622,42.1982,32.8932,32.6622,42.1982,0.02,0.020079,0.010707,0.02107,99.11,0.9911,98.3288,0.983288
2018-11-21 18:15:00,74.27,73.0189,64.6026,77.9089,64.6026,73.0189,77.9089,0.03,0.029787,0.027839,0.037803,91.0,0.91,88.4033,0.884033
2018-11-21 18:30:00,127.4,121.0562,110.7922,125.9879,110.7922,121.0562,125.9879,0.06,0.05579,0.045798,0.058317,89.65,0.8965,88.0118,0.880118
2018-11-21 18:45:00,106.52,102.9325,91.5452,104.5042,91.5452,102.9325,104.5042,0.05,0.045864,0.039869,0.048735,91.45,0.9145,89.6656,0.896656
2018-11-21 19:00:00,119.59,120.1068,110.7612,121.4003,110.7612,120.1068,121.4003,0.05,0.054086,0.045934,0.059759,91.07,0.9107,90.0006,0.900006
2018-11-21 19:15:00,83.38,78.9736,71.8481,86.9064,71.8481,78.9736,86.9064,0.04,0.036126,0.02861,0.042331,92.29,0.9229,91.2019,0.912019
2018-11-21 19:30:00,93.53,95.3771,88.9156,101.7238,88.9156,95.3771,101.7238,0.04,0.041802,0.038462,0.047726,91.88,0.9188,91.4977,0.914977
2018-11-21 19:45:00,99.32,102.5592,96.8313,104.4895,96.8313,102.5592,104.4895,0.05,0.044852,0.041945,0.048155,90.79,0.9079,90.0668,0.900668
2018-11-21 20:00:00,119.45,118.2495,109.6814,120.2086,109.6814,118.2495,120.2086,0.05,0.05308,0.047223,0.059194,91.5,0.915,90.308,0.90308
2018-11-21 20:15:00,95.65,92.7391,84.6644,95.4348,84.6644,92.7391,95.4348,0.04,0.041008,0.035016,0.044767,93.08,0.9308,91.1123,0.911123
2018-11-21 20:30:00,98.6,96.3366,89.9715,99.3833,89.9715,96.3366,99.3833,0.05,0.044446,0.037251,0.046806,95.25,0.9525,93.5632,0.935632
2018-11-21 20:45:00,86.83,81.3689,73.6729,88.8399,73.6729,81.3689,88.8399,0.04,0.038669,0.031364,0.040795,95.67,0.9567,93.0456,0.930456
2018-11-21 21:00:00,47.63,40.2419,30.7026,51.3743,30.7026,40.2419,51.3743,0.02,0.019378,0.009295,0.026353,99.0,0.99,98.4219,0.984219
2018-11-21 21:15:00,24.73,26.0341,21.9279,32.3053,21.9279,26.0341,32.3053,0.01,0.015667,0.007955,0.016774,100.0,1.0,100.1191,1.001191
2018-11-21 21:30:00,5.4,5.5576,4.2204,11.8008,4.2204,5.5576,11.8008,0.0,0.0,0.0,0.002367,100.0,1.0,100.0074,1.000074
2018-11-21 21:45:00,5.36,5.0972,4.7004,9.3054,4.7004,5.0972,9.3054,0.0,0.0,0.0,0.002073,100.0,1.0,99.9958,0.999958
2018-11-21 22:00:00,4.1,4.1554,3.7779,8.9736,3.7779,4.1554,8.9736,0.0,0.0,0.0,0.001939,100.0,1.0,99.9677,0.999677
2018-11-21 22:15:00,3.89,5.8012,3.7991,9.27,3.7991,5.8012,9.27,0.0,0.002973,0.0,0.013062,78.6,0.786,72.8795,0.728795
2018-11-21 22:30:00,3.85,5.7058,3.6241,8.6588,3.6241,5.7058,8.6588,0.0,0.00233,0.0,0.009181,73.04,0.7304,64.2445,0.642445
2018-11-21 22:45:00,3.89,3.8525,3.6452,8.002,3.6452,3.8525,8.002,0.0,0.0,0.0,0.001973,73.77,0.7377,63.2033,0.632033
2018-11-21 23:00:00,3.92,3.7551,3.6535,7.9375,3.6535,3.7551,7.9375,0.0,3.2e-05,0.0,0.001937,77.76,0.7776,64.7124,0.647124
2018-11-21 23:15:00,3.74,3.649,3.5377,7.9512,3.5377,3.649,7.9512,0.0,2e-05,0.0,0.001937,78.82,0.7882,66.1705,0.661705
2018-11-21 23:30:00,3.71,3.6557,3.4988,7.9031,3.4988,3.6557,7.9031,0.0,2.9e-05,0.0,0.001937,78.27,0.7827,55.5933,0.555933
2018-11-21 23:45:00,3.71,3.6336,3.4922,7.9031,3.4922,3.6336,7.9031,0.0,0.0,0.0,0.001937,75.72,0.7572,53.9925,0.539925
2018-11-22 00:00:00,3.78,3.7354,3.511,7.9153,3.511,3.7354,7.9153,0.0,4e-06,0.0,0.00202,78.13,0.7813,73.6365,0.736365
2018-11-22 00:15:00,3.82,3.6846,3.5253,7.9031,3.5253,3.6846,7.9031,0.0,0.0,0.0,0.001937,78.75,0.7875,74.0999,0.740999
2018-11-22 00:30:00,3.71,3.5924,3.4489,7.9031,3.4489,3.5924,7.9031,0.0,0.0,0.0,0.001937,78.58,0.7858,73.0825,0.730825
2018-11-22 00:45:00,3.74,3.6656,3.5109,7.9031,3.5109,3.6656,7.9031,0.0,0.0,0.0,0.001937,74.88,0.7488,69.9331,0.699331
2018-11-22 01:00:00,3.74,3.6362,3.5043,7.9031,3.5043,3.6362,7.9031,0.0,0.0,0.0,0.001937,73.41,0.7341,68.2131,0.682131
2018-11-22 01:15:00,3.85,3.7737,3.5656,7.9065,3.5656,3.7737,7.9065,0.0,0.0,0.0,0.001937,76.9,0.769,70.2631,0.70263
2018-11-22 01:30:00,3.82,3.6542,3.5109,7.9333,3.5109,3.6542,7.9333,0.0,0.0,0.0,0.001937,76.95,0.7695,70.1864,0.701864
2018-11-22 01:45:00,3.74,3.6391,3.4786,7.9031,3.4786,3.6391,7.9031,0.0,0.0,0.0,0.001937,76.28,0.7628,70.0742,0.700742
2018-11-22 02:00:00,4.68,4.6715,4.0752,8.2521,4.0752,4.6715,8.2521,0.0,0.0,0.0,0.001937,76.66,0.7666,65.9782,0.659782
2018-11-22 02:15:00,4.32,4.0881,3.8463,8.4856,3.8463,4.0881,8.4856,0.0,0.001973,0.0,0.002477,76.21,0.7621,66.5313,0.665313
2018-11-22 02:30:00,3.71,3.7209,3.3089,8.2787,3.3089,3.7209,8.2787,0.0,0.001973,0.0,0.002192,76.43,0.7643,72.1399,0.721399
2018-11-22 02:45:00,3.46,3.5274,3.3564,7.9485,3.3564,3.5274,7.9485,0.0,0.0,0.0,0.001973,73.42,0.7342,70.5077,0.705077
2018-11-22 03:00:00,3.17,3.2843,3.081,7.7646,3.081,3.2843,7.7646,0.0,0.0,0.0,0.001973,72.4,0.724,69.5887,0.695887
2018-11-22 03:15:00,3.2,3.2001,3.023,7.6222,3.023,3.2001,7.6222,0.0,0.0,0.0,0.001973,71.49,0.7149,68.0889,0.680889
2018-11-22 03:30:00,3.17,3.1555,3.0091,7.601,3.0091,3.1555,7.601,0.0,0.0,0.0,0.001937,73.55,0.7355,69.6461,0.696461
2018-11-22 03:45:00,3.2,3.1871,3.0216,7.5956,3.0216,3.1871,7.5956,0.0,0.0,0.0,0.001937,71.49,0.7149,67.8559,0.678559
2018-11-22 04:00:00,3.2,3.1855,3.027,7.601,3.027,3.1855,7.601,0.0,0.0,0.0,0.001937,71.82,0.7182,67.5728,0.675728
2018-11-22 04:15:00,3.24,3.2247,3.0449,7.601,3.0449,3.2247,7.601,0.0,0.0,0.0,0.001937,72.7,0.727,68.0075,0.680075
2018-11-22 04:30:00,3.2,3.182,3.029,7.6188,3.029,3.182,7.6188,0.0,0.0,0.0,0.001937,71.49,0.7149,68.0921,0.680921
2018-11-22 04:45:00,3.2,3.1927,3.0385,7.6132,3.0385,3.1927,7.6132,0.0,0.0,0.0,0.001937,71.04,0.7104,65.5703,0.655703
2018-11-22 05:00:00,3.42,3.4596,3.2342,7.6515,3.2342,3.4596,7.6515,0.0,0.0,0.0,0.001937,74.09,0.7409,69.3772,0.693772
2018-11-22 05:15:00,3.78,3.7297,3.417,7.7662,3.417,3.7297,7.7662,0.0,0.0,0.0,0.001937,75.93,0.7593,69.8479,0.698479
2018-11-22 05:30:00,4.39,4.198,3.6895,8.0375,3.6895,4.198,8.0375,0.0,0.0,0.0,0.001937,71.28,0.7128,62.5716,0.625716
2018-11-22 05:45:00,3.49,3.5041,3.0991,8.1682,3.0991,3.5041,8.1682,0.0,0.001973,0.0,0.002308,72.87,0.7287,68.1485,0.681485
2018-11-22 06:00:00,3.1,3.1251,2.9857,7.7095,2.9857,3.1251,7.7095,0.0,0.0,0.0,0.001973,76.74,0.7674,71.2982,0.712982
2018-11-22 06:15:00,3.17,3.1864,2.9811,7.5843,2.9811,3.1864,7.5843,0.0,0.0,0.0,0.001973,76.6,0.766,72.4077,0.724076
2018-11-22 06:30:00,3.13,3.1213,2.9623,7.5983,2.9623,3.1213,7.5983,0.0,0.0,0.0,0.001973,74.89,0.7489,69.7308,0.697308
2018-11-22 06:45:00,3.17,3.1508,2.9633,7.5577,2.9633,3.1508,7.5577,0.0,0.0,0.0,0.001937,77.44,0.7744,74.8121,0.748121
2018-11-22 07:00:00,3.1,3.0981,2.944,7.5768,2.944,3.0981,7.5768,0.0,0.0,0.0,0.001937,73.26,0.7326,69.1697,0.691697
2018-11-22 07:15:00,3.06,3.0779,2.9157,7.5577,2.9157,3.0779,7.5577,0.0,0.0,0.0,0.001937,77.19,0.7719,71.9975,0.719975
2018-11-22 07:30:00,3.17,3.1774,2.9999,7.5652,2.9999,3.1774,7.5652,0.0,0.0,0.0,0.001937,81.3,0.813,76.9041,0.769041
2018-11-22 07:45:00,4.79,4.7399,4.2994,8.1435,4.2994,4.7399,8.1435,0.0,0.0,0.0,0.001935,84.83,0.8483,76.9508,0.769508
2018-11-22 08:00:00,6.3,6.1276,5.2735,9.0957,5.2735,6.1276,9.0957,0.0,0.00215,0.0,0.002869,93.4,0.934,82.5172,0.825172
2018-11-22 08:15:00,41.51,41.552,31.0731,43.5428,31.0731,41.552,43.5428,0.02,0.019717,0.013198,0.021687,83.49,0.8349,77.9122,0.779122
2018-11-22 08:30:00,101.48,98.2223,85.4599,101.4579,85.4599,98.2223,101.4579,0.05,0.04478,0.036424,0.045604,86.44,0.8644,82.5728,0.825728
2018-11-22 08:45:00,120.67,116.7644,107.7597,122.3029,107.7597,116.7644,122.3029,0.06,0.052532,0.046484,0.05739,87.84,0.8784,82.4423,0.824423
2018-11-22 09:00:00,124.49,120.7202,108.4593,121.9404,108.4593,120.7202,121.9404,0.06,0.052748,0.044845,0.059981,92.34,0.9234,90.0951,0.900951
2018-11-22 09:15:00,139.61,132.131,114.9414,132.3297,114.9414,132.131,132.3297,0.06,0.057771,0.048661,0.064667,92.92,0.9292,90.2757,0.902757
2018-11-22 09:30:00,120.82,112.7494,98.7202,113.1462,98.7202,113.1462,112.7494,0.06,0.050385,0.042504,0.055353,93.02,0.9302,90.338,0.90338
2018-11-22 09:45:00,157.18,146.8759,121.098,153.7811,121.098,146.8759,153.7811,0.07,0.066033,0.053745,0.072968,89.64,0.8964,88.8207,0.888207
2018-11-22 10:00:00,136.4,114.4016,99.3319,115.8269,99.3319,115.8269,114.4016,0.06,0.051334,0.043593,0.05719,91.56,0.9156,88.8547,0.888547
2018-11-22 10:15:00,139.57,131.6313,112.6057,133.7943,112.6057,131.6313,133.7943,0.06,0.062821,0.047578,0.067391,92.13,0.9213,89.7051,0.897051
2018-11-22 10:30:00,103.5,100.1773,84.624,101.3012,84.624,100.1773,101.3012,0.05,0.043046,0.036182,0.047882,93.47,0.9347,91.3528,0.913528
2018-11-22 10:45:00,113.87,114.9786,105.4683,117.1398,105.4683,114.9786,117.1398,0.05,0.054301,0.047235,0.057332,93.6,0.936,92.5692,0.925692
2018-11-22 11:00:00,133.13,129.9712,117.138,132.3212,117.138,129.9712,132.3212,0.06,0.059477,0.050045,0.066372,92.52,0.9252,89.7187,0.897187
2018-11-22 11:15:00,134.6,127.8874,110.8505,128.6148,110.8505,127.8874,128.6148,0.06,0.06,0.047505,0.06416,89.47,0.8947,87.3173,0.873173
2018-11-22 11:30:00,96.62,99.0006,89.4124,103.6067,89.4124,99.0006,103.6067,0.04,0.045527,0.03717,0.051502,86.62,0.8662,87.3732,0.873732
2018-11-22 11:45:00,70.63,75.1549,72.5048,88.8126,72.5048,75.1549,88.8126,0.03,0.034882,0.031195,0.042541,86.9,0.869,89.2274,0.892274
2018-11-22 12:00:00,55.69,54.8804,51.1472,66.6577,51.1472,54.8804,66.6577,0.03,0.021975,0.021139,0.035547,88.92,0.8892,89.911,0.89911
2018-11-22 12:15:00,5.22,5.5446,4.1684,15.1259,4.1684,5.5446,15.1259,0.0,0.000379,0.0,0.005212,100.0,1.0,99.9097,0.999097
2018-11-22 12:30:00,6.44,6.1376,6.0607,9.9622,6.0607,6.1376,9.9622,0.0,0.0,0.0,0.002129,100.0,1.0,99.9594,0.999594
2018-11-22 12:45:00,6.62,6.6536,5.7875,10.1162,5.7875,6.6536,10.1162,0.0,0.0,0.0,0.002072,100.0,1.0,99.9747,0.999747
2018-11-22 13:00:00,6.55,6.3032,5.7325,10.0292,5.7325,6.3032,10.0292,0.0,0.0,0.0,0.002095,100.0,1.0,100.0086,1.000086
2018-11-22 13:15:00,41.87,42.1094,38.3933,50.0112,38.3933,42.1094,50.0112,0.02,0.019679,0.017793,0.026031,94.16,0.9416,93.9689,0.939689
2018-11-22 13:30:00,75.35,71.8516,67.6021,82.1132,67.6021,71.8516,82.1132,0.03,0.031471,0.030157,0.037376,90.17,0.9017,87.5377,0.875377
2018-11-22 13:45:00,93.67,89.279,85.3459,97.3875,85.3459,89.279,97.3875,0.04,0.038617,0.03614,0.045261,86.61,0.8661,86.9653,0.869653
2018-11-22 14:00:00,83.63,83.9569,74.6056,93.1985,74.6056,83.9569,93.1985,0.04,0.038081,0.033009,0.044728,88.89,0.8889,89.4369,0.894369
2018-11-22 14:15:00,87.77,91.6002,84.2313,98.8854,84.2313,91.6002,98.8854,0.04,0.040618,0.038219,0.047588,87.21,0.8721,88.4758,0.884758
2018-11-22 14:30:00,89.06,89.8809,84.5341,98.6545,84.5341,89.8809,98.6545,0.04,0.040948,0.038819,0.047819,87.33,0.8733,88.0068,0.880069
2018-11-22 14:45:00,85.54,87.4075,81.1381,95.6161,81.1381,87.4075,95.6161,0.04,0.037249,0.036764,0.045822,87.87,0.8787,88.7722,0.887722
2018-11-22 15:00:00,70.52,71.6747,64.8358,79.5633,64.8358,71.6747,79.5633,0.03,0.032405,0.028347,0.042113,89.73,0.8973,90.5749,0.905749
2018-11-22 15:15:00,79.34,79.7651,72.3864,89.5046,72.3864,79.7651,89.5046,0.04,0.034638,0.032165,0.042573,88.11,0.8811,88.7156,0.887156
2018-11-22 15:30:00,80.24,83.4552,74.9859,87.9374,74.9859,83.4552,87.9374,0.04,0.040629,0.034116,0.043623,90.45,0.9045,89.6342,0.896342
2018-11-22 15:45:00,80.57,83.2397,77.6404,91.0693,77.6404,83.2397,91.0693,0.04,0.03932,0.034149,0.042996,87.57,0.8757,88.4244,0.884244
2018-11-22 16:00:00,79.6,83.0887,75.8262,86.4433,75.8262,83.0887,86.4433,0.04,0.037981,0.033135,0.040861,87.92,0.8792,87.813,0.87813
2018-11-22 16:15:00,81.07,83.9851,77.5282,86.6462,77.5282,83.9851,86.6462,0.04,0.038954,0.034357,0.041638,87.53,0.8753,87.4811,0.874811
2018-11-22 16:30:00,97.96,99.9515,94.8763,104.2775,94.8763,99.9515,104.2775,0.04,0.046523,0.040094,0.049885,85.62,0.8562,86.8273,0.868273
2018-11-22 16:45:00,95.04,97.5208,93.45,103.76,93.45,97.5208,103.76,0.04,0.044888,0.040737,0.04866,86.65,0.8665,87.9047,0.879047
2018-11-22 17:00:00,84.67,84.619,79.3662,95.3604,79.3662,84.619,95.3604,0.04,0.038501,0.036355,0.046497,87.31,0.8731,88.5737,0.885737
2018-11-22 17:15:00,58.07,56.7435,51.3138,69.5649,51.3138,56.7435,69.5649,0.03,0.023932,0.021982,0.035637,94.27,0.9427,93.2915,0.932915
2018-11-22 17:30:00,46.12,42.5301,40.5835,53.5,40.5835,42.5301,53.5,0.02,0.020095,0.013232,0.025285,98.33,0.9833,98.3357,0.983357
2018-11-22 17:45:00,32.94,31.3522,28.8962,38.0522,28.8962,31.3522,38.0522,0.02,0.018957,0.011039,0.01986,100.0,1.0,100.06,1.0006
2018-11-22 18:00:00,32.87,32.7719,29.8365,37.3934,29.8365,32.7719,37.3934,0.02,0.019369,0.008269,0.019789,99.27,0.9927,97.825,0.97825
2018-11-22 18:15:00,45.68,45.6155,40.6393,48.0324,40.6393,45.6155,48.0324,0.02,0.020087,0.017333,0.025289,92.79,0.9279,91.3814,0.913814
2018-11-22 18:30:00,70.16,67.5168,62.5142,71.5156,62.5142,67.5168,71.5156,0.03,0.031046,0.02641,0.034665,88.45,0.8845,85.7083,0.857083
2018-11-22 18:45:00,67.79,65.7218,57.3364,68.5512,57.3364,65.7218,68.5512,0.03,0.029497,0.023492,0.033806,93.07,0.9307,89.9206,0.899206
2018-11-22 19:00:00,82.37,80.4347,72.5667,84.5189,72.5667,80.4347,84.5189,0.04,0.035206,0.031432,0.040092,90.31,0.9031,88.3228,0.883228
2018-11-22 19:15:00,67.21,62.0073,58.564,73.5851,58.564,62.0073,73.5851,0.03,0.029276,0.023798,0.037506,92.38,0.9238,91.1368,0.911368
2018-11-22 19:30:00,71.71,71.5811,64.5182,77.6102,64.5182,71.5811,77.6102,0.03,0.030396,0.027791,0.036353,91.89,0.9189,89.9326,0.899326
2018-11-22 19:45:00,75.53,77.8251,68.5656,82.9324,68.5656,77.8251,82.9324,0.03,0.031201,0.028551,0.039331,91.56,0.9156,89.109,0.89109
2018-11-22 20:00:00,71.78,68.8218,61.4918,77.2383,61.4918,68.8218,77.2383,0.03,0.033097,0.025745,0.037219,92.27,0.9227,90.2088,0.902088
2018-11-22 20:15:00,72.86,74.3995,65.9088,75.9963,65.9088,75.9963,74.3995,0.03,0.031378,0.027062,0.036356,91.54,0.9154,89.1032,0.891032
2018-11-22 20:30:00,74.88,75.2874,68.8917,75.8604,68.8917,75.2874,75.8604,0.03,0.031887,0.028396,0.037789,91.09,0.9109,89.4349,0.894349
2018-11-22 20:45:00,68.98,65.165,58.3815,69.0378,58.3815,65.165,69.0378,0.03,0.029027,0.024197,0.034887,92.7,0.927,91.09,0.9109
2018-11-22 21:00:00,43.6,39.9866,34.4679,50.6291,34.4679,39.9866,50.6291,0.02,0.02086,0.012528,0.024202,98.37,0.9837,98.4042,0.984042
2018-11-22 21:15:00,18.65,20.3791,14.4911,25.3313,14.4911,20.3791,25.3313,0.01,0.010903,0.003568,0.012575,100.0,1.0,99.9333,0.999333
2018-11-22 21:30:00,4.97,4.9579,4.0781,10.144,4.0781,4.9579,10.144,0.0,0.0,0.0,0.002348,100.0,1.0,100.0102,1.000102
2018-11-22 21:45:00,4.07,4.2241,3.884,9.1677,3.884,4.2241,9.1677,0.0,0.0,0.0,0.002022,100.0,1.0,99.9958,0.999958
2018-11-22 22:00:00,4.07,4.0866,3.8746,8.392,3.8746,4.0866,8.392,0.0,0.0,0.0,0.001941,100.0,1.0,99.9677,0.999677
2018-11-22 22:15:00,3.74,5.5914,3.6242,8.8876,3.6242,5.5914,8.8876,0.0,0.002423,0.0,0.009681,79.64,0.7964,76.3676,0.763676
2018-11-22 22:30:00,3.82,3.8713,3.6009,8.4834,3.6009,3.8713,8.4834,0.0,0.002005,0.0,0.005816,77.65,0.7765,64.5803,0.645803
2018-11-22 22:45:00,3.78,3.7146,3.518,7.9252,3.518,3.7146,7.9252,0.0,0.0,0.0,0.001937,78.13,0.7813,65.0125,0.650125
2018-11-22 23:00:00,3.74,3.6758,3.518,7.9252,3.518,3.6758,7.9252,0.0,0.0,0.0,0.001937,80.67,0.8067,67.576,0.67576
2018-11-22 23:15:00,3.71,3.6784,3.5148,7.9252,3.5148,3.6784,7.9252,0.0,0.0,0.0,0.001937,79.72,0.7972,67.5537,0.675537
2018-11-22 23:30:00,3.67,3.629,3.4829,7.9252,3.4829,3.629,7.9252,0.0,0.0,0.0,0.001937,78.67,0.7867,67.5537,0.675537
2018-11-22 23:45:00,3.74,3.7263,3.5399,7.8989,3.5399,3.7263,7.8989,0.0,0.0,0.0,0.001937,77.8,0.778,56.65,0.5665
2018-11-23 00:00:00,3.53,3.505,3.3752,7.9346,3.3752,3.505,7.9346,0.0,0.0,0.0,0.00202,82.15,0.8215,74.377,0.74377
2018-11-23 00:15:00,3.78,3.8316,3.5138,7.8838,3.5138,3.8316,7.8838,0.0,0.0,0.0,0.001937,77.32,0.7732,71.9606,0.719606
2018-11-23 00:30:00,4.64,4.467,3.9712,8.2311,3.9712,4.467,8.2311,0.0,0.0,0.0,0.001937,88.74,0.8874,77.9348,0.779348
2018-11-23 00:45:00,4.18,3.9199,3.5807,8.4544,3.5807,3.9199,8.4544,0.0,0.001973,0.0,0.003507,86.27,0.8627,73.3651,0.733651
2018-11-23 01:00:00,3.67,3.5255,3.2999,8.2152,3.2999,3.5255,8.2152,0.0,0.001916,0.0,0.001973,82.86,0.8286,72.9302,0.729302
2018-11-23 01:15:00,3.67,3.7205,3.504,7.9631,3.504,3.7205,7.9631,0.0,0.0,0.0,0.001973,83.17,0.8317,75.0689,0.750689
2018-11-23 01:30:00,3.6,3.6654,3.4603,7.9631,3.4603,3.6654,7.9631,0.0,0.0,0.0,0.001973,82.67,0.8267,75.5296,0.755296
2018-11-23 01:45:00,3.64,3.6392,3.4503,7.8825,3.4503,3.6392,7.8825,0.0,0.0,0.0,0.001937,83.7,0.837,76.4579,0.764579
2018-11-23 02:00:00,3.67,3.6278,3.4569,7.8834,3.4569,3.6278,7.8834,0.0,0.0,0.0,0.001937,84.32,0.8432,76.1948,0.761948
2018-11-23 02:15:00,3.2,3.2964,3.1573,7.8616,3.1573,3.2964,7.8616,0.0,0.0,0.0,0.001937,85.87,0.8587,74.0688,0.740688
2018-11-23 02:30:00,3.06,3.1499,2.9954,7.6569,2.9954,3.1499,7.6569,0.0,0.0,0.0,0.001937,86.19,0.8619,74.8821,0.748821
2018-11-23 02:45:00,3.02,3.0685,2.9112,7.5571,2.9112,3.0685,7.5571,0.0,0.0,0.0,0.001937,85.02,0.8502,74.7691,0.747691
2018-11-23 03:00:00,3.02,3.0398,2.8959,7.542,2.8959,3.0398,7.542,0.0,0.0,0.0,0.001937,84.14,0.8414,74.5921,0.745921
2018-11-23 03:15:00,3.06,3.0682,2.9121,7.542,2.9121,3.0682,7.542,0.0,0.0,0.0,0.001937,83.96,0.8396,74.7022,0.747022
2018-11-23 03:30:00,3.02,3.0231,2.8799,7.5461,2.8799,3.0231,7.5461,0.0,0.0,0.0,0.001937,83.63,0.8363,74.7425,0.747425
2018-11-23 03:45:00,3.2,3.2024,3.0757,7.5675,3.0757,3.2024,7.5675,0.0,0.0,0.0,0.001937,83.72,0.8372,75.4772,0.754772
2018-11-23 04:00:00,3.67,3.6103,3.3822,7.743,3.3822,3.6103,7.743,0.0,0.0,0.0,0.001937,84.73,0.8473,76.3782,0.763782
2018-11-23 04:15:00,3.42,3.3507,3.1788,7.7336,3.1788,3.3507,7.7336,0.0,0.0,0.0,0.001937,84.1,0.841,74.4304,0.744304
2018-11-23 04:30:00,3.06,3.0802,2.8971,7.5929,2.8971,3.0802,7.5929,0.0,0.0,0.0,0.001937,84.46,0.8446,74.2857,0.742857
2018-11-23 04:45:00,3.56,3.536,3.3578,7.7378,3.3578,3.536,7.7378,0.0,0.0,0.0,0.001937,83.13,0.8313,76.065,0.76065
2018-11-23 05:00:00,3.56,3.4662,3.2411,7.6796,3.2411,3.4662,7.6796,0.0,0.0,0.0,0.001937,83.13,0.8313,76.2971,0.762971
2018-11-23 05:15:00,2.95,3.0693,2.8539,7.6526,2.8539,3.0693,7.6526,0.0,0.0,0.0,0.001937,86.77,0.8677,74.3657,0.743656
2018-11-23 05:30:00,2.99,3.0022,2.8427,7.4998,2.8427,3.0022,7.4998,0.0,0.0,0.0,0.001937,85.17,0.8517,74.6899,0.746899
2018-11-23 05:45:00,2.99,3.0021,2.839,7.5096,2.839,3.0021,7.5096,0.0,0.0,0.0,0.001937,86.18,0.8618,74.7747,0.747747
2018-11-23 06:00:00,2.95,2.977,2.8229,7.5096,2.8229,2.977,7.5096,0.0,0.0,0.0,0.001937,87.15,0.8715,74.8802,0.748802
2018-11-23 06:15:00,2.99,3.0022,2.8427,7.4979,2.8427,3.0022,7.4979,0.0,0.0,0.0,0.001937,87.43,0.8743,75.1197,0.751197
2018-11-23 06:30:00,2.92,2.9605,2.8146,7.5077,2.8146,2.9605,7.5077,0.0,0.0,0.0,0.001937,87.95,0.8795,74.9128,0.749128
2018-11-23 06:45:00,2.92,2.9326,2.7801,7.4728,2.7801,2.9326,7.4728,0.0,0.0,0.0,0.001937,86.55,0.8655,73.871,0.73871
2018-11-23 07:00:00,2.99,2.9849,2.8241,7.4728,2.8241,2.9849,7.4728,0.0,0.0,0.0,0.001937,82.48,0.8248,73.9518,0.739518
2018-11-23 07:15:00,3.02,2.9958,2.8272,7.4859,2.8272,2.9958,7.4859,0.0,0.0,0.0,0.001937,81.85,0.8185,74.672,0.74672
2018-11-23 07:30:00,3.53,3.4597,3.3012,7.6692,3.3012,3.4597,7.6692,0.0,0.0,0.0,0.001937,84.87,0.8487,76.6428,0.766428
2018-11-23 07:45:00,6.12,5.2363,4.7294,10.4307,4.7294,5.2363,10.4307,0.0,0.0,0.0,0.003051,91.71,0.9171,82.7863,0.827863
2018-11-23 08:00:00,6.59,6.5877,5.4791,10.8587,5.4791,6.5877,10.8587,0.0,0.002329,0.0,0.003339,93.4,0.934,84.0412,0.840412
2018-11-23 08:15:00,42.23,41.633,32.1028,44.5785,32.1028,41.633,44.5785,0.02,0.019617,0.01387,0.022074,80.91,0.8091,77.591,0.77591
2018-11-23 08:30:00,82.4,79.0898,77.1687,86.8794,77.1687,79.0898,86.8794,0.04,0.037197,0.031335,0.042822,77.97,0.7797,78.3079,0.783079
2018-11-23 08:45:00,90.9,93.4253,85.7191,99.3914,85.7191,93.4253,99.3914,0.04,0.041229,0.038193,0.045767,80.19,0.8019,80.2094,0.802094
2018-11-23 09:00:00,99.25,99.7736,94.8915,103.9067,94.8915,99.7736,103.9067,0.05,0.044561,0.041634,0.047742,86.95,0.8695,88.699,0.88699
2018-11-23 09:15:00,93.06,93.4239,85.5012,99.3663,85.5012,93.4239,99.3663,0.04,0.04361,0.037924,0.047872,87.56,0.8756,89.0833,0.890833
2018-11-23 09:30:00,73.69,74.4798,67.4356,84.8301,67.4356,74.4798,84.8301,0.03,0.035262,0.030305,0.040602,90.31,0.9031,91.0499,0.910499
2018-11-23 09:45:00,63.36,62.0835,56.6639,72.5732,56.6639,62.0835,72.5732,0.03,0.027431,0.023207,0.035391,91.75,0.9175,90.9825,0.909825
2018-11-23 10:00:00,75.67,74.7807,70.9615,87.074,70.9615,74.7807,87.074,0.03,0.033167,0.031546,0.039898,90.08,0.9008,89.4137,0.894137
2018-11-23 10:15:00,70.96,68.9722,61.7727,82.6739,61.7727,68.9722,82.6739,0.03,0.033997,0.026698,0.038531,89.4,0.894,89.4138,0.894138
2018-11-23 10:30:00,100.69,99.2694,93.3404,100.3011,93.3404,99.2694,100.3011,0.05,0.042991,0.039612,0.043883,86.05,0.8605,87.7781,0.877781
2018-11-23 10:45:00,83.66,85.5167,77.2566,92.4895,77.2566,85.5167,92.4895,0.04,0.04015,0.0363,0.044594,88.91,0.8891,89.7229,0.897229
2018-11-23 11:00:00,65.77,63.2508,59.8394,78.7165,59.8394,63.2508,78.7165,0.03,0.032056,0.025268,0.037561,89.86,0.8986,89.835,0.89835
2018-11-23 11:15:00,73.66,72.2699,66.7454,86.7527,66.7454,72.2699,86.7527,0.03,0.031756,0.029165,0.039622,89.67,0.8967,88.7356,0.887356
2018-11-23 11:30:00,67.03,62.742,56.766,74.5838,56.766,62.742,74.5838,0.03,0.028644,0.023645,0.036403,92.27,0.9227,90.6752,0.906752
2018-11-23 11:45:00,66.89,64.892,58.6457,73.4823,58.6457,64.892,73.4823,0.03,0.029985,0.02489,0.03451,90.6,0.906,89.0316,0.890316
2018-11-23 12:00:00,66.42,64.8208,55.8712,67.3861,55.8712,64.8208,67.3861,0.03,0.029989,0.024533,0.032782,91.45,0.9145,89.5362,0.895362
2018-11-23 12:15:00,24.8,24.0742,12.5622,30.3469,12.5622,24.0742,30.3469,0.01,0.009988,0.004631,0.012695,100.0,1.0,99.6337,0.996337
2018-11-23 12:30:00,10.12,7.6844,6.1388,12.7462,6.1388,7.6844,12.7462,0.0,0.006051,0.000484,0.007143,100.0,1.0,99.9594,0.999594
2018-11-23 12:45:00,6.52,5.9089,4.5424,10.6133,4.5424,5.9089,10.6133,0.0,5.3e-05,0.0,0.002975,100.0,1.0,99.9651,0.999651
2018-11-23 13:00:00,6.7,6.6697,5.9614,10.0572,5.9614,6.6697,10.0572,0.0,0.0,0.0,0.002062,100.0,1.0,99.9974,0.999974
2018-11-23 13:15:00,57.17,58.3765,53.6937,65.0108,53.6937,58.3765,65.0108,0.03,0.02907,0.02442,0.033458,92.73,0.9273,92.1842,0.921842
2018-11-23 13:30:00,80.35,79.5972,73.9319,84.2813,73.9319,79.5972,84.2813,0.04,0.035235,0.032568,0.041067,87.56,0.8756,87.1422,0.871422
2018-11-23 13:45:00,92.52,92.4873,86.9587,96.4227,86.9587,92.4873,96.4227,0.04,0.040439,0.038172,0.044382,87.11,0.8711,87.1834,0.871834
2018-11-23 14:00:00,85.9,85.2353,78.5908,92.5961,78.5908,85.2353,92.5961,0.04,0.038647,0.033943,0.044461,87.6,0.876,88.305,0.88305
2018-11-23 14:15:00,80.64,81.8248,73.3454,88.6441,73.3454,81.8248,88.6441,0.04,0.036187,0.032363,0.043368,88.21,0.8821,89.2385,0.892385
2018-11-23 14:30:00,87.95,91.3963,82.8716,97.7666,82.8716,91.3963,97.7666,0.04,0.039964,0.037986,0.045505,88.05,0.8805,89.3676,0.893676
2018-11-23 14:45:00,72.54,72.5918,69.5567,83.1068,69.5567,72.5918,83.1068,0.03,0.031805,0.030703,0.04196,86.81,0.8681,88.6515,0.886515
2018-11-23 15:00:00,74.3,73.1512,70.2004,83.1136,70.2004,73.1512,83.1136,0.03,0.032163,0.030084,0.040532,88.32,0.8832,88.9117,0.889117
2018-11-23 15:15:00,78.23,78.5324,73.6009,87.6827,73.6009,78.5324,87.6827,0.04,0.033985,0.031935,0.041763,85.61,0.8561,87.1605,0.871605
2018-11-23 15:30:00,110.48,112.3014,105.5579,116.981,105.5579,112.3014,116.981,0.05,0.052341,0.046511,0.055027,84.94,0.8494,86.8586,0.868586
2018-11-23 15:45:00,80.32,79.9635,76.1937,86.9272,76.1937,79.9635,86.9272,0.04,0.036665,0.032926,0.042096,87.27,0.8727,89.0012,0.890012
2018-11-23 16:00:00,89.39,95.9192,89.2904,101.8071,89.2904,95.9192,101.8071,0.04,0.041572,0.03962,0.04889,86.81,0.8681,89.269,0.89269
2018-11-23 16:15:00,86.04,90.5929,83.9174,95.2707,83.9174,90.5929,95.2707,0.04,0.037945,0.037393,0.046415,86.94,0.8694,88.2144,0.882144
2018-11-23 16:30:00,76.0,80.0898,72.9625,88.1116,72.9625,80.0898,88.1116,0.03,0.034645,0.031971,0.044478,86.73,0.8673,89.1226,0.891226
2018-11-23 16:45:00,104.29,108.5252,103.5196,109.2586,103.5196,108.5252,109.2586,0.05,0.047616,0.044343,0.049343,85.67,0.8567,87.7304,0.877304
2018-11-23 17:00:00,86.11,86.5443,81.3943,95.3703,81.3943,86.5443,95.3703,0.04,0.040717,0.037906,0.046332,87.06,0.8706,88.9253,0.889253
2018-11-23 17:15:00,86.98,88.2608,83.1897,95.1557,83.1897,88.2608,95.1557,0.04,0.040362,0.037703,0.046143,88.41,0.8841,88.8415,0.888415
2018-11-23 17:30:00,52.7,51.8926,43.4634,63.9131,43.4634,51.8926,63.9131,0.02,0.021664,0.019458,0.033487,95.1,0.951,95.3742,0.953742
2018-11-23 17:45:00,34.13,31.0252,27.5393,36.6793,27.5393,31.0252,36.6793,0.02,0.019271,0.010069,0.019862,100.0,1.0,100.0966,1.000966
2018-11-23 18:00:00,34.27,33.3535,30.983,37.693,30.983,33.3535,37.693,0.02,0.019824,0.011084,0.019931,99.3,0.993,97.8362,0.978362
2018-11-23 18:15:00,54.61,53.2104,45.8306,61.1727,45.8306,53.2104,61.1727,0.03,0.021483,0.018902,0.030674,88.19,0.8819,88.1684,0.881684
2018-11-23 18:30:00,63.9,61.5328,57.7578,64.5671,57.7578,61.5328,64.5671,0.03,0.029369,0.026384,0.032261,88.1,0.881,86.8585,0.868585
2018-11-23 18:45:00,56.02,53.833,47.6307,57.0677,47.6307,53.833,57.0677,0.03,0.026573,0.0196,0.029142,93.24,0.9324,91.3101,0.913101
2018-11-23 19:00:00,68.8,66.6201,60.5273,68.9369,60.5273,66.6201,68.9369,0.03,0.028738,0.028437,0.033785,91.51,0.9151,88.7236,0.887236
2018-11-23 19:15:00,65.23,62.226,55.6886,65.0866,55.6886,62.226,65.0866,0.03,0.029717,0.022632,0.031798,91.61,0.9161,89.1649,0.891649
2018-11-23 19:30:00,69.48,67.4679,61.1198,69.3956,61.1198,67.4679,69.3956,0.03,0.026709,0.026324,0.032826,90.92,0.9092,88.445,0.88445
2018-11-23 19:45:00,66.17,63.9724,56.7857,65.5861,56.7857,63.9724,65.5861,0.03,0.029892,0.023096,0.032286,92.12,0.9212,89.6767,0.896767
2018-11-23 20:00:00,72.94,72.5465,64.6296,73.5821,64.6296,72.5465,73.5821,0.03,0.031063,0.028514,0.034793,91.25,0.9125,88.5574,0.885574
2018-11-23 20:15:00,59.58,58.6029,53.8586,61.9847,53.8586,58.6029,61.9847,0.03,0.024372,0.021393,0.032627,92.59,0.9259,91.5017,0.915017
2018-11-23 20:30:00,53.39,52.7661,47.3544,55.9933,47.3544,52.7661,55.9933,0.02,0.020967,0.019592,0.028813,93.72,0.9372,92.2428,0.922428
2018-11-23 20:45:00,45.68,43.4558,39.5151,51.2866,39.5151,43.4558,51.2866,0.02,0.019959,0.015929,0.0264,97.26,0.9726,94.9696,0.949696
2018-11-23 21:00:00,23.36,23.0001,16.9125,28.3359,16.9125,23.0001,28.3359,0.01,0.009432,0.006534,0.013049,99.69,0.9969,98.7802,0.987802
2018-11-23 21:15:00,7.52,7.0179,4.3256,12.4941,4.3256,7.0179,12.4941,0.0,5.5e-05,0.0,0.002527,100.0,1.0,100.012,1.000119
2018-11-23 21:30:00,5.29,5.1395,4.0915,9.6232,4.0915,5.1395,9.6232,0.0,0.0,0.0,0.002016,100.0,1.0,99.9969,0.999969
2018-11-23 21:45:00,5.22,5.0049,4.6273,9.1832,4.6273,5.0049,9.1832,0.0,9e-06,0.0,0.001935,100.0,1.0,99.9969,0.999969
2018-11-23 22:00:00,5.26,4.9368,4.6647,8.9135,4.6647,4.9368,8.9135,0.0,3.1e-05,0.0,0.001935,100.0,1.0,99.9687,0.999687
2018-11-23 22:15:00,4.93,4.6595,4.5745,9.3617,4.5745,4.6595,9.3617,0.0,0.001994,0.0,0.012781,68.94,0.6894,73.5065,0.735065
2018-11-23 22:30:00,4.86,4.7755,4.4283,8.8859,4.4283,4.7755,8.8859,0.0,0.001937,0.0,0.002124,68.92,0.6892,60.5671,0.605671
2018-11-23 22:45:00,4.86,4.8079,4.3633,8.8773,4.3633,4.8079,8.8773,0.0,0.001937,0.0,0.002192,73.9,0.739,61.7844,0.617844
2018-11-23 23:00:00,4.75,4.6977,4.3169,8.8722,4.3169,4.6977,8.8722,0.0,0.001937,0.0,0.002191,80.83,0.8083,67.1546,0.671546
2018-11-23 23:15:00,4.68,4.55,4.3212,8.8192,4.3212,4.55,8.8192,0.0,0.0,0.0,0.001937,87.49,0.8749,70.8622,0.708622
2018-11-23 23:30:00,4.61,4.5365,4.3108,8.6141,4.3108,4.5365,8.6141,0.0,0.001937,0.0,0.002528,90.25,0.9025,58.9722,0.589722
2018-11-23 23:45:00,3.92,3.9596,3.7191,8.5785,3.7191,3.9596,8.5785,0.0,0.001937,0.0,0.003106,85.19,0.8519,68.7082,0.687082
2018-11-24 00:00:00,3.02,3.342,3.2773,8.0293,3.2773,3.342,8.0293,0.0,0.0,0.0,0.00224,79.56,0.7956,73.4997,0.734997
2018-11-24 00:15:00,3.49,3.5792,3.3292,7.7717,3.3292,3.5792,7.7717,0.0,0.0,0.0,0.001973,80.3,0.803,74.935,0.74935
2018-11-24 00:30:00,3.56,3.4108,3.1981,7.6315,3.1981,3.4108,7.6315,0.0,0.0,0.0,0.001973,79.25,0.7925,74.8033,0.748033
2018-11-24 00:45:00,3.56,3.4227,3.2046,7.6498,3.2046,3.4227,7.6498,0.0,0.0,0.0,0.001937,79.68,0.7968,74.8898,0.748898
2018-11-24 01:00:00,3.56,3.4227,3.2015,7.6498,3.2015,3.4227,7.6498,0.0,0.0,0.0,0.001937,78.49,0.7849,73.1623,0.731623
2018-11-24 01:15:00,3.6,3.5791,3.38,7.7789,3.38,3.5791,7.7789,0.0,0.0,0.0,0.001937,77.66,0.7766,73.8529,0.738529
2018-11-24 01:30:00,3.56,3.5465,3.3953,7.8496,3.3953,3.5465,7.8496,0.0,0.0,0.0,0.001937,78.49,0.7849,73.2646,0.732646
2018-11-24 01:45:00,3.49,3.4697,3.3463,7.7992,3.3463,3.4697,7.7992,0.0,0.0,0.0,0.001937,77.89,0.7789,73.2434,0.732434
2018-11-24 02:00:00,3.56,3.5129,3.353,7.7249,3.353,3.5129,7.7249,0.0,0.0,0.0,0.001937,78.17,0.7817,73.858,0.73858
2018-11-24 02:15:00,3.6,3.5791,3.376,7.7789,3.376,3.5791,7.7789,0.0,0.0,0.0,0.001937,74.33,0.7433,70.6457,0.706457
2018-11-24 02:30:00,3.6,3.5739,3.3862,7.8293,3.3862,3.5739,7.8293,0.0,0.0,0.0,0.001937,77.66,0.7766,72.9546,0.729546
2018-11-24 02:45:00,3.56,3.5465,3.3609,7.8293,3.3609,3.5465,7.8293,0.0,0.0,0.0,0.001937,79.68,0.7968,74.5131,0.745131
2018-11-24 03:00:00,3.56,3.5248,3.3899,7.7992,3.3899,3.5248,7.7992,0.0,0.0,0.0,0.001937,76.57,0.7657,73.3292,0.733292
2018-11-24 03:15:00,3.64,3.6189,3.4377,7.8026,3.4377,3.6189,7.8026,0.0,0.0,0.0,0.001937,74.7,0.747,70.9,0.709
2018-11-24 03:30:00,3.56,3.4987,3.3743,7.8646,3.3743,3.4987,7.8646,0.0,0.0,0.0,0.001937,75.1,0.751,70.1295,0.701295
2018-11-24 03:45:00,3.89,3.8649,3.5307,7.8965,3.5307,3.8649,7.8965,0.0,0.0,0.0,0.001937,75.1,0.751,68.3776,0.683776
2018-11-24 04:00:00,4.79,4.5564,4.0222,8.2572,4.0222,4.5564,8.2572,0.0,0.0,0.0,0.001937,78.5,0.785,68.1428,0.681428
2018-11-24 04:15:00,4.25,3.9719,3.6396,8.6723,3.6396,3.9719,8.6723,0.0,0.001973,0.0,0.00264,77.28,0.7728,69.0755,0.690755
2018-11-24 04:30:00,3.64,3.6192,3.2507,8.2722,3.2507,3.6192,8.2722,0.0,0.001773,0.0,0.001973,75.1,0.751,71.3529,0.713529
2018-11-24 04:45:00,3.6,3.6325,3.3988,7.9288,3.3988,3.6325,7.9288,0.0,0.0,0.0,0.001973,74.33,0.7433,71.1013,0.711013
2018-11-24 05:00:00,3.13,3.3187,3.0848,7.8927,3.0848,3.3187,7.8927,0.0,0.0,0.0,0.001973,73.59,0.7359,70.3769,0.703769
2018-11-24 05:15:00,3.02,3.0725,2.9351,7.6011,2.9351,3.0725,7.6011,0.0,8.4e-05,0.0,0.001973,73.7,0.737,69.1122,0.691122
2018-11-24 05:30:00,3.02,3.0288,2.8877,7.5233,2.8877,3.0288,7.5233,0.0,0.0,0.0,0.001937,72.85,0.7285,68.8639,0.688639
2018-11-24 05:45:00,3.1,3.0874,2.9433,7.5267,2.9433,3.0874,7.5267,0.0,0.0,0.0,0.001937,72.44,0.7244,69.366,0.69366
2018-11-24 06:00:00,3.02,2.9931,2.8761,7.5364,2.8761,2.9931,7.5364,0.0,0.0,0.0,0.001937,74.55,0.7455,71.8962,0.718962
2018-11-24 06:15:00,3.06,3.0571,2.9039,7.5233,2.9039,3.0571,7.5233,0.0,0.0,0.0,0.001937,75.47,0.7547,71.959,0.71959
2018-11-24 06:30:00,3.02,3.012,2.8716,7.5273,2.8716,3.012,7.5273,0.0,0.0,0.0,0.001937,74.55,0.7455,71.7603,0.717603
2018-11-24 06:45:00,3.02,3.0288,2.8877,7.5213,2.8877,3.0288,7.5213,0.0,0.0,0.0,0.001937,72.85,0.7285,68.6179,0.686179
2018-11-24 07:00:00,3.1,3.0912,2.9516,7.5401,2.9516,3.0912,7.5401,0.0,0.0,0.0,0.001937,71.17,0.7117,67.241,0.67241
2018-11-24 07:15:00,3.64,3.5498,3.3569,7.7208,3.3569,3.5498,7.7208,0.0,0.0,0.0,0.001937,71.49,0.7149,64.9323,0.649323
2018-11-24 07:30:00,3.71,3.5616,3.3105,7.7289,3.3105,3.5616,7.7289,0.0,0.0,0.0,0.001937,73.53,0.7353,67.3691,0.673691
2018-11-24 07:45:00,3.53,3.428,3.2122,7.7517,3.2122,3.428,7.7517,0.0,0.0,0.0,0.001937,74.09,0.7409,68.3609,0.683609
2018-11-24 08:00:00,3.35,3.5666,3.1572,7.6855,3.1572,3.5666,7.6855,0.0,0.0,0.0,0.002065,69.98,0.6998,67.6228,0.676228
2018-11-24 08:15:00,3.92,4.0886,3.5435,7.9375,3.5435,4.0886,7.9375,0.0,0.000466,0.0,0.002142,66.6,0.666,62.5284,0.625284
2018-11-24 08:30:00,3.13,3.5572,3.0398,7.9287,3.0398,3.5572,7.9287,0.0,8.2e-05,0.0,0.00213,71.96,0.7196,71.0183,0.710183
2018-11-24 08:45:00,3.2,3.2915,3.0294,7.6093,3.0294,3.2915,7.6093,0.0,0.000115,0.0,0.001998,93.05,0.9305,83.6476,0.836476
2018-11-24 09:00:00,3.24,3.2314,3.0569,7.6513,3.0569,3.2314,7.6513,0.0,4e-06,0.0,0.001989,100.0,1.0,99.91,0.9991
2018-11-24 09:15:00,3.38,3.4159,3.1864,7.6872,3.1864,3.4159,7.6872,0.0,5e-06,0.0,0.001989,100.0,1.0,99.9836,0.999836
2018-11-24 09:30:00,3.42,3.3961,3.1644,7.6651,3.1644,3.3961,7.6651,0.0,5e-06,0.0,0.001986,100.0,1.0,99.988,0.99988
2018-11-24 09:45:00,3.38,3.3251,3.1958,7.694,3.1958,3.3251,7.694,0.0,5e-06,0.0,0.001986,100.0,1.0,99.988,0.99988
2018-11-24 10:00:00,3.46,3.4421,3.2176,7.686,3.2176,3.4421,7.686,0.0,5e-06,0.0,0.001986,100.0,1.0,99.9971,0.999971
2018-11-24 10:15:00,3.42,3.3736,3.23,7.7324,3.23,3.3736,7.7324,0.0,5e-06,0.0,0.001986,100.0,1.0,99.9971,0.999971
2018-11-24 10:30:00,3.74,3.723,3.4717,7.8337,3.4717,3.723,7.8337,0.0,6e-06,0.0,0.001989,100.0,1.0,99.9927,0.999927
2018-11-24 10:45:00,3.85,3.7904,3.5229,7.891,3.5229,3.7904,7.891,0.0,7e-06,0.0,0.001986,100.0,1.0,99.9927,0.999927
2018-11-24 11:00:00,3.92,3.9483,3.5563,7.9663,3.5563,3.9483,7.9663,0.0,1e-05,0.0,0.001997,100.0,1.0,100.0027,1.000027
2018-11-24 11:15:00,3.78,3.8332,3.4296,7.9876,3.4296,3.8332,7.9876,0.0,1e-05,0.0,0.001997,100.0,1.0,99.976,0.99976
2018-11-24 11:30:00,3.24,3.41,3.1993,7.9467,3.1993,3.41,7.9467,0.0,1.6e-05,0.0,0.001997,100.0,1.0,99.9808,0.999808
2018-11-24 11:45:00,3.28,3.4022,3.1025,7.7431,3.1025,3.4022,7.7431,0.0,8e-06,0.0,0.001997,100.0,1.0,99.9808,0.999808
2018-11-24 12:00:00,3.78,3.8606,3.4755,7.9241,3.4755,3.8606,7.9241,0.0,8e-06,0.0,0.001997,100.0,1.0,99.9068,0.999068
2018-11-24 12:15:00,4.18,4.1901,3.5792,8.0017,3.5792,4.1901,8.0017,0.0,1e-05,0.0,0.001996,100.0,1.0,99.9258,0.999258
2018-11-24 12:30:00,3.46,3.5211,3.1478,8.232,3.1478,3.5211,8.232,0.0,0.0,0.0,0.00197,100.0,1.0,99.9636,0.999636
2018-11-24 12:45:00,3.35,3.4776,3.1678,7.7728,3.1678,3.4776,7.7728,0.0,1.4e-05,0.0,0.001971,100.0,1.0,99.9636,0.999636
2018-11-24 13:00:00,3.46,3.629,3.2438,7.7696,3.2438,3.629,7.7696,0.0,6e-06,0.0,0.001971,100.0,1.0,99.9974,0.999974
2018-11-24 13:15:00,3.89,4.0593,3.541,7.924,3.541,4.0593,7.924,0.0,2.8e-05,0.0,0.002002,100.0,1.0,99.9973,0.999973
2018-11-24 13:30:00,5.72,5.6514,5.2664,9.045,5.2664,5.6514,9.045,0.0,2.1e-05,0.0,0.001995,100.0,1.0,100.0393,1.000393
2018-11-24 13:45:00,5.83,5.5137,4.7919,9.6354,4.7919,5.5137,9.6354,0.0,0.0,0.0,0.002121,100.0,1.0,99.9974,0.999974
2018-11-24 14:00:00,5.26,5.2005,4.5261,9.1383,4.5261,5.2005,9.1383,0.0,0.0,0.0,0.002053,100.0,1.0,99.9847,0.999847
2018-11-24 14:15:00,4.57,4.7147,4.1677,8.9074,4.1677,4.7147,8.9074,0.0,0.0,0.0,0.001988,100.0,1.0,99.9847,0.999847
2018-11-24 14:30:00,4.57,4.6892,4.4279,8.7939,4.4279,4.6892,8.7939,0.0,0.0,0.0,0.002,100.0,1.0,99.9847,0.999847
2018-11-24 14:45:00,4.64,4.7537,4.4572,8.7768,4.4572,4.7537,8.7768,0.0,0.0,0.0,0.002,100.0,1.0,99.9847,0.999847
2018-11-24 15:00:00,4.61,4.6482,4.3997,8.7807,4.3997,4.6482,8.7807,0.0,0.0,0.0,0.002001,100.0,1.0,100.0038,1.000038
2018-11-24 15:15:00,4.57,4.6456,4.3997,8.7807,4.3997,4.6456,8.7807,0.0,0.000282,0.0,0.002001,100.0,1.0,100.0038,1.000038
2018-11-24 15:30:00,4.54,4.6482,4.3934,8.7904,4.3934,4.6482,8.7904,0.0,0.000281,0.0,0.002003,100.0,1.0,100.0038,1.000038
2018-11-24 15:45:00,5.33,5.1715,4.8284,9.1053,4.8284,5.1715,9.1053,0.0,0.000282,0.0,0.002052,100.0,1.0,99.9971,0.999971
2018-11-24 16:00:00,5.44,5.2559,4.9507,8.8632,4.9507,5.2559,8.8632,0.0,0.0,0.0,0.002065,100.0,1.0,100.0001,1.000001
2018-11-24 16:15:00,4.61,4.5083,4.2595,8.7996,4.2595,4.5083,8.7996,0.0,0.0,0.0,0.002065,100.0,1.0,100.0001,1.000001
2018-11-24 16:30:00,4.61,4.6135,4.3638,8.6853,4.3638,4.6135,8.6853,0.0,0.0,0.0,0.00204,100.0,1.0,100.0001,1.000001
2018-11-24 16:45:00,5.69,5.5755,5.083,9.0675,5.083,5.5755,9.0675,0.0,0.0,0.0,0.002043,100.0,1.0,99.9932,0.999932
2018-11-24 17:00:00,5.83,5.3901,5.0661,9.1227,5.0661,5.3901,9.1227,0.0,0.0,0.0,0.002061,100.0,1.0,99.998,0.99998
2018-11-24 17:15:00,5.9,5.6333,5.1556,9.175,5.1556,5.6333,9.175,0.0,0.0,0.0,0.002029,100.0,1.0,99.998,0.99998
2018-11-24 17:30:00,4.79,4.7736,4.3592,9.17,4.3592,4.7736,9.17,0.0,0.0,0.0,0.002029,100.0,1.0,99.998,0.99998
2018-11-24 17:45:00,3.85,4.105,3.7263,8.7546,3.7263,4.105,8.7546,0.0,0.0,0.0,0.001963,100.0,1.0,99.998,0.99998
2018-11-24 18:00:00,3.67,3.7421,3.5426,8.0565,3.5426,3.7421,8.0565,0.0,0.000139,0.0,0.001951,100.0,1.0,99.9745,0.999745
2018-11-24 18:15:00,3.6,3.7403,3.4685,7.9998,3.4685,3.7403,7.9998,0.0,0.0,0.0,0.001951,100.0,1.0,99.9745,0.999745
2018-11-24 18:30:00,3.71,3.6971,3.4972,7.9205,3.4972,3.6971,7.9205,0.0,0.000175,0.0,0.001963,100.0,1.0,99.9698,0.999698
2018-11-24 18:45:00,3.71,3.6487,3.4982,7.9104,3.4982,3.6487,7.9104,0.0,4e-06,0.0,0.001964,100.0,1.0,99.9733,0.999733
2018-11-24 19:00:00,3.74,3.68,3.5054,7.9104,3.5054,3.68,7.9104,0.0,4e-06,0.0,0.001964,100.0,1.0,99.9969,0.999969
2018-11-24 19:15:00,3.67,3.5955,3.4552,7.9104,3.4552,3.5955,7.9104,0.0,2e-06,0.0,0.001964,100.0,1.0,99.9969,0.999969
2018-11-24 19:30:00,4.14,4.0693,3.7452,8.0966,3.7452,4.0693,8.0966,0.0,4e-06,0.0,0.001964,100.0,1.0,99.9984,0.999984
2018-11-24 19:45:00,3.96,3.7861,3.6043,8.2575,3.6043,3.7861,8.2575,0.0,0.0,0.0,0.001964,100.0,1.0,99.9969,0.999969
2018-11-24 20:00:00,3.2,3.2793,3.1966,7.9475,3.1966,3.2793,7.9475,0.0,0.0,0.0,0.001964,100.0,1.0,99.9969,0.999969
2018-11-24 20:15:00,3.1,3.1473,3.0149,7.6753,3.0149,3.1473,7.6753,0.0,1.1e-05,0.0,0.001963,100.0,1.0,99.9969,0.999969
2018-11-24 20:30:00,3.06,3.1156,2.9325,7.6106,2.9325,3.1156,7.6106,0.0,8e-06,0.0,0.001963,100.0,1.0,99.9969,0.999969
2018-11-24 20:45:00,3.06,3.1085,2.928,7.5614,2.928,3.1085,7.5614,0.0,2e-06,0.0,0.001963,100.0,1.0,99.9969,0.999969
2018-11-24 21:00:00,3.2,3.2708,3.0572,7.5795,3.0572,3.2708,7.5795,0.0,2e-06,0.0,0.001963,100.0,1.0,99.9968,0.999968
2018-11-24 21:15:00,3.06,3.1132,2.9561,7.595,2.9561,3.1132,7.595,0.0,0.0,0.0,0.001937,100.0,1.0,99.9969,0.999969
2018-11-24 21:30:00,3.1,3.1188,2.9442,7.5571,2.9442,3.1188,7.5571,0.0,0.0,0.0,0.001937,100.0,1.0,99.9969,0.999969
2018-11-24 21:45:00,3.06,3.0826,2.9276,7.5662,2.9276,3.0826,7.5662,0.0,0.0,0.0,0.001937,100.0,1.0,99.9969,0.999969
2018-11-24 22:00:00,3.06,3.0936,2.9262,7.5571,2.9262,3.0936,7.5571,0.0,0.0,0.0,0.001937,100.0,1.0,99.7993,0.997993
2018-11-24 22:15:00,3.53,3.5087,3.3406,7.7378,3.3406,3.5087,7.7378,0.0,0.0,0.0,0.001937,78.24,0.7824,69.0959,0.690959
2018-11-24 22:30:00,3.46,3.4112,3.1991,7.6719,3.1991,3.4112,7.6719,0.0,0.0,0.0,0.001937,74.48,0.7448,65.7834,0.657834
2018-11-24 22:45:00,3.38,3.2802,3.1349,7.6256,3.1349,3.2802,7.6256,0.0,0.0,0.0,0.001937,72.19,0.7219,62.5812,0.625812
2018-11-24 23:00:00,2.92,3.0266,2.847,7.5873,2.847,3.0266,7.5873,0.0,0.0,0.0,0.001937,72.05,0.7205,65.9317,0.659317
2018-11-24 23:15:00,2.84,2.8812,2.7499,7.4747,2.7499,2.8812,7.4747,0.0,0.0,0.0,0.001937,78.11,0.7811,57.5778,0.575778
2018-11-24 23:30:00,2.84,2.8564,2.7197,7.4702,2.7197,2.8564,7.4702,0.0,0.0,0.0,0.001937,80.54,0.8054,62.1573,0.621573
2018-11-24 23:45:00,2.77,2.8177,2.6969,7.4702,2.6969,2.8177,7.4702,0.0,0.0,0.0,0.001937,81.35,0.8135,62.1016,0.621016
2018-11-25 00:00:00,2.88,2.8764,2.7466,7.4668,2.7466,2.8764,7.4668,0.0,4e-06,0.0,0.00202,76.17,0.7617,71.2486,0.712486
2018-11-25 00:15:00,3.38,3.3481,3.1535,7.6349,3.1535,3.3481,7.6349,0.0,0.0,0.0,0.001937,77.34,0.7734,69.307,0.69307
2018-11-25 00:30:00,3.28,3.1264,2.9193,7.5563,2.9193,3.1264,7.5563,0.0,0.0,0.0,0.001937,75.14,0.7514,69.7493,0.697493
2018-11-25 00:45:00,2.88,2.9041,2.7105,7.5309,2.7105,2.9041,7.5309,0.0,0.0,0.0,0.001937,78.14,0.7814,72.9485,0.729485
2018-11-25 01:00:00,2.77,2.8197,2.7137,7.4694,2.7137,2.8197,7.4694,0.0,0.0,0.0,0.001937,76.94,0.7694,72.468,0.72468
2018-11-25 01:15:00,2.77,2.792,2.6602,7.4668,2.6602,2.792,7.4668,0.0,0.0,0.0,0.001937,77.89,0.7789,72.4888,0.724888
2018-11-25 01:30:00,3.31,3.2778,3.1303,7.6349,3.1303,3.2778,7.6349,0.0,0.0,0.0,0.001937,78.29,0.7829,72.7043,0.727043
2018-11-25 01:45:00,3.46,3.3257,3.1297,7.5649,3.1297,3.3257,7.5649,0.0,0.0,0.0,0.001937,74.16,0.7416,69.6212,0.696212
2018-11-25 02:00:00,3.46,3.2348,3.0242,7.5695,3.0242,3.2348,7.5695,0.0,0.0,0.0,0.001937,76.42,0.7642,71.6949,0.716949
2018-11-25 02:15:00,3.2,3.0717,2.8538,7.5588,2.8538,3.0717,7.5588,0.0,0.0,0.0,0.001937,76.43,0.7643,73.114,0.73114
2018-11-25 02:30:00,2.84,2.9986,2.8694,7.5916,2.8694,2.9986,7.5916,0.0,0.0,0.0,0.001937,77.18,0.7718,73.1451,0.731451
2018-11-25 02:45:00,2.84,2.8447,2.7206,7.4687,2.7206,2.8447,7.4687,0.0,0.0,0.0,0.001937,74.8,0.748,70.1458,0.701458
2018-11-25 03:00:00,2.88,2.873,2.7368,7.4668,2.7368,2.873,7.4668,0.0,0.0,0.0,0.001937,74.36,0.7436,70.0791,0.700791
2018-11-25 03:15:00,2.92,2.8911,2.7417,7.4668,2.7417,2.8911,7.4668,0.0,0.0,0.0,0.001937,72.92,0.7292,67.1934,0.671934
2018-11-25 03:30:00,2.84,2.8419,2.7239,7.4668,2.7239,2.8419,7.4668,0.0,0.0,0.0,0.001937,73.37,0.7337,70.3954,0.703954
2018-11-25 03:45:00,2.92,2.9054,2.7763,7.4668,2.7763,2.9054,7.4668,0.0,0.0,0.0,0.001937,72.92,0.7292,67.7189,0.677189
2018-11-25 04:00:00,2.92,2.8967,2.751,7.4668,2.751,2.8967,7.4668,0.0,0.0,0.0,0.001937,72.05,0.7205,67.5311,0.675311
2018-11-25 04:15:00,2.88,2.8716,2.7349,7.4668,2.7349,2.8716,7.4668,0.0,0.0,0.0,0.001937,71.58,0.7158,67.3806,0.673806
2018-11-25 04:30:00,2.88,2.8628,2.7255,7.4668,2.7255,2.8628,7.4668,0.0,0.0,0.0,0.001937,74.74,0.7474,70.0561,0.700561
2018-11-25 04:45:00,2.84,2.8485,2.7263,7.4694,2.7263,2.8485,7.4694,0.0,0.0,0.0,0.001937,74.28,0.7428,71.6001,0.716001
2018-11-25 05:00:00,2.88,2.873,2.7354,7.4668,2.7354,2.873,7.4668,0.0,0.0,0.0,0.001937,75.26,0.7526,69.9833,0.699833
2018-11-25 05:15:00,2.88,2.8628,2.7255,7.4668,2.7255,2.8628,7.4668,0.0,0.0,0.0,0.001937,73.84,0.7384,70.0106,0.700106
2018-11-25 05:30:00,4.18,4.252,3.9243,7.8716,3.9243,4.252,7.8716,0.0,0.0,0.0,0.001937,77.03,0.7703,64.6333,0.646333
2018-11-25 05:45:00,4.28,3.942,3.5373,8.0281,3.5373,3.942,8.0281,0.0,0.001125,0.0,0.001973,77.15,0.7715,66.79,0.6679
2018-11-25 06:00:00,3.53,3.4228,3.0527,8.056,3.0527,3.4228,8.056,0.0,0.001639,0.0,0.001973,75.14,0.7514,69.473,0.69473
2018-11-25 06:15:00,3.13,3.1282,2.8576,7.6235,2.8576,3.1282,7.6235,0.0,3e-06,0.0,0.001973,72.77,0.7277,69.3196,0.693196
2018-11-25 06:30:00,2.88,2.9981,2.8733,7.6017,2.8733,2.9981,7.6017,0.0,2e-06,0.0,0.001973,71.2,0.712,67.9706,0.679706
2018-11-25 06:45:00,2.84,2.8485,2.7263,7.4713,2.7263,2.8485,7.4713,0.0,2e-06,0.0,0.001973,71.59,0.7159,67.3044,0.673044
2018-11-25 07:00:00,2.81,2.8222,2.7046,7.4668,2.7046,2.8222,7.4668,0.0,0.0,0.0,0.001937,70.33,0.7033,66.7468,0.667468
2018-11-25 07:15:00,2.95,2.9524,2.8248,7.4708,2.8248,2.9524,7.4708,0.0,0.0,0.0,0.001937,70.23,0.7023,67.9634,0.679634
2018-11-25 07:30:00,2.84,2.8536,2.7177,7.4701,2.7177,2.8536,7.4701,0.0,0.0,0.0,0.001937,68.51,0.6851,65.0202,0.650202
2018-11-25 07:45:00,2.88,2.873,2.7138,7.4668,2.7138,2.873,7.4668,0.0,0.0,0.0,0.001937,68.06,0.6806,64.4305,0.644305
2018-11-25 08:00:00,2.92,2.9354,2.7187,7.4668,2.7187,2.9354,7.4668,0.0,0.0,0.0,0.002055,65.71,0.6571,62.502,0.62502
2018-11-25 08:15:00,2.88,2.9005,2.7349,7.4668,2.7349,2.9005,7.4668,0.0,3.8e-05,0.0,0.002055,66.9,0.669,63.5059,0.635059
2018-11-25 08:30:00,2.92,2.9354,2.7417,7.4668,2.7417,2.9354,7.4668,0.0,3.8e-05,0.0,0.002055,69.51,0.6951,64.8908,0.648908
2018-11-25 08:45:00,2.92,2.9,2.7678,7.4694,2.7678,2.9,7.4694,0.0,2.5e-05,0.0,0.001938,91.36,0.9136,83.7784,0.837784
2018-11-25 09:00:00,3.46,3.3987,3.2379,7.642,3.2379,3.3987,7.642,0.0,1e-06,0.0,0.001949,100.0,1.0,99.9047,0.999047
2018-11-25 09:15:00,4.93,4.7185,4.5816,8.0453,4.5816,4.7185,8.0453,0.0,3e-06,0.0,0.001944,100.0,1.0,99.973,0.99973
2018-11-25 09:30:00,4.32,4.3063,3.5939,8.4439,3.5939,4.3063,8.4439,0.0,0.0,0.0,0.001958,100.0,1.0,99.988,0.99988
2018-11-25 09:45:00,3.49,3.4898,3.0749,8.1432,3.0749,3.4898,8.1432,0.0,0.0,0.0,0.001958,100.0,1.0,99.988,0.99988
2018-11-25 10:00:00,2.88,3.0873,2.9177,7.7741,2.9177,3.0873,7.7741,0.0,0.00018,0.0,0.001948,100.0,1.0,99.9971,0.999971
2018-11-25 10:15:00,2.95,2.9415,2.7924,7.5176,2.7924,2.9415,7.5176,0.0,0.000131,0.0,0.001959,100.0,1.0,99.9971,0.999971
2018-11-25 10:30:00,3.56,3.5281,3.344,7.7127,3.344,3.5281,7.7127,0.0,0.000133,0.0,0.001948,100.0,1.0,99.9919,0.999919
2018-11-25 10:45:00,2.95,2.998,2.7511,7.615,2.7511,2.998,7.615,0.0,1e-06,0.0,0.001949,100.0,1.0,99.9971,0.999971
2018-11-25 11:00:00,2.99,3.0118,2.805,7.5366,2.805,3.0118,7.5366,0.0,5e-06,0.0,0.001971,100.0,1.0,100.0027,1.000027
2018-11-25 11:15:00,2.95,3.0154,2.8094,7.5494,2.8094,3.0154,7.5494,0.0,5e-06,0.0,0.001971,100.0,1.0,99.976,0.99976
2018-11-25 11:30:00,2.95,2.9884,2.813,7.5377,2.813,2.9884,7.5377,0.0,5e-06,0.0,0.001971,100.0,1.0,99.9808,0.999808
2018-11-25 11:45:00,2.99,3.0308,2.8292,7.5377,2.8292,3.0308,7.5377,0.0,5e-06,0.0,0.001971,100.0,1.0,99.9808,0.999808
2018-11-25 12:00:00,2.99,3.0167,2.8255,7.5475,2.8255,3.0167,7.5475,0.0,5e-06,0.0,0.001971,100.0,1.0,99.9078,0.999078
2018-11-25 12:15:00,3.1,3.1302,2.9125,7.5475,2.9125,3.1302,7.5475,0.0,5e-06,0.0,0.001971,100.0,1.0,99.9297,0.999297
2018-11-25 12:30:00,3.02,3.0404,2.8495,7.5759,2.8495,3.0404,7.5759,0.0,5e-06,0.0,0.001971,100.0,1.0,99.9636,0.999636
2018-11-25 12:45:00,3.17,3.219,3.0479,7.5777,3.0479,3.219,7.5777,0.0,5e-06,0.0,0.001971,100.0,1.0,99.9665,0.999665
2018-11-25 13:00:00,3.71,3.7285,3.3815,7.7604,3.3815,3.7285,7.7604,0.0,6e-06,0.0,0.001971,100.0,1.0,99.9973,0.999973
2018-11-25 13:15:00,3.67,3.6295,3.3047,7.8068,3.3047,3.6295,7.8068,0.0,6e-06,0.0,0.001976,100.0,1.0,100.0019,1.000019
2018-11-25 13:30:00,3.64,3.6332,3.3082,7.8068,3.3082,3.6332,7.8068,0.0,3e-06,0.0,0.001976,100.0,1.0,100.0019,1.000019
2018-11-25 13:45:00,3.2,3.3718,2.9803,7.8325,2.9803,3.3718,7.8325,0.0,1e-06,0.0,0.001976,100.0,1.0,100.0019,1.000019
2018-11-25 14:00:00,3.67,3.6742,3.4484,7.8325,3.4484,3.6742,7.8325,0.0,1e-06,0.0,0.001949,100.0,1.0,99.9801,0.999801
2018-11-25 14:15:00,3.1,3.206,2.9649,7.7835,2.9649,3.206,7.7835,0.0,1e-06,0.0,0.001949,100.0,1.0,99.9847,0.999847
2018-11-25 14:30:00,2.95,3.0304,2.8973,7.5682,2.8973,3.0304,7.5682,0.0,1e-06,0.0,0.001949,100.0,1.0,99.9847,0.999847
2018-11-25 14:45:00,3.06,3.0455,2.9007,7.4916,2.9007,3.0455,7.4916,0.0,1e-06,0.0,0.001949,100.0,1.0,99.9802,0.999802
2018-11-25 15:00:00,2.99,2.9541,2.8374,7.5112,2.8374,2.9541,7.5112,0.0,1e-06,0.0,0.001949,100.0,1.0,100.0038,1.000038
2018-11-25 15:15:00,2.99,2.9718,2.8255,7.49,2.8255,2.9718,7.49,0.0,1e-06,0.0,0.001949,100.0,1.0,100.0038,1.000038
2018-11-25 15:30:00,2.95,2.9467,2.8094,7.49,2.8094,2.9467,7.49,0.0,1e-06,0.0,0.001949,100.0,1.0,100.0038,1.000038
2018-11-25 15:45:00,2.95,2.9435,2.813,7.4802,2.813,2.9435,7.4802,0.0,0.0,0.0,0.001949,100.0,1.0,100.0038,1.000038
2018-11-25 16:00:00,2.95,2.9435,2.8121,7.4757,2.8121,2.9435,7.4757,0.0,0.0,0.0,0.001938,100.0,1.0,100.0001,1.000001
2018-11-25 16:15:00,3.35,3.3514,3.2187,7.5703,3.2187,3.3514,7.5703,0.0,3e-06,0.0,0.001938,100.0,1.0,100.0017,1.000017
2018-11-25 16:30:00,3.56,3.4324,3.3033,7.5944,3.3033,3.4324,7.5944,0.0,3e-06,0.0,0.001938,100.0,1.0,100.0001,1.000001
2018-11-25 16:45:00,3.6,3.4585,3.242,7.6291,3.242,3.4585,7.6291,0.0,0.0,0.0,0.001938,100.0,1.0,100.0001,1.000001
2018-11-25 17:00:00,3.42,3.3036,3.1564,7.6796,3.1564,3.3036,7.6796,0.0,0.0,0.0,0.001937,100.0,1.0,99.998,0.99998
2018-11-25 17:15:00,2.95,3.0804,2.9135,7.6522,2.9135,3.0804,7.6522,0.0,0.0,0.0,0.001937,100.0,1.0,99.998,0.99998
2018-11-25 17:30:00,2.92,2.9286,2.7961,7.4777,2.7961,2.9286,7.4777,0.0,0.0,0.0,0.001937,100.0,1.0,99.998,0.99998
2018-11-25 17:45:00,2.99,2.981,2.818,7.4713,2.818,2.981,7.4713,0.0,0.0,0.0,0.001937,100.0,1.0,99.998,0.99998
2018-11-25 18:00:00,3.17,3.1375,3.0153,7.5037,3.0153,3.1375,7.5037,0.0,0.0,0.0,0.001937,100.0,1.0,99.9709,0.999709
2018-11-25 18:15:00,3.46,3.4122,3.2043,7.6185,3.2043,3.4122,7.6185,0.0,0.0,0.0,0.001937,100.0,1.0,99.9698,0.999698
2018-11-25 18:30:00,3.02,2.9814,2.7779,7.5505,2.7779,2.9814,7.5505,0.0,0.0,0.0,0.001937,100.0,1.0,99.9745,0.999745
2018-11-25 18:45:00,3.02,2.9998,2.8731,7.5091,2.8731,2.9998,7.5091,0.0,0.0,0.0,0.001937,100.0,1.0,99.9733,0.999733
2018-11-25 19:00:00,2.99,2.9946,2.8655,7.5199,2.8655,2.9946,7.5199,0.0,0.0,0.0,0.001937,100.0,1.0,99.9969,0.999969
2018-11-25 19:15:00,3.02,3.0017,2.8521,7.492,2.8521,3.0017,7.492,0.0,0.0,0.0,0.001937,100.0,1.0,99.9969,0.999969
2018-11-25 19:30:00,2.99,2.9792,2.8561,7.5072,2.8561,2.9792,7.5072,0.0,0.0,0.0,0.001937,100.0,1.0,99.9969,0.999969
2018-11-25 19:45:00,3.02,3.0017,2.853,7.492,2.853,3.0017,7.492,0.0,0.0,0.0,0.001937,100.0,1.0,99.9969,0.999969
2018-11-25 20:00:00,3.1,3.068,2.9287,7.5072,2.9287,3.068,7.5072,0.0,0.0,0.0,0.001937,100.0,1.0,99.9969,0.999969
2018-11-25 20:15:00,3.6,3.5399,3.3657,7.6817,3.3657,3.5399,7.6817,0.0,1e-06,0.0,0.001937,100.0,1.0,99.9984,0.999984
2018-11-25 20:30:00,3.6,3.4609,3.2837,7.686,3.2837,3.4609,7.686,0.0,1e-06,0.0,0.001937,100.0,1.0,99.9969,0.999969
2018-11-25 20:45:00,3.6,3.4764,3.2936,7.6968,3.2936,3.4764,7.6968,0.0,1e-06,0.0,0.001937,100.0,1.0,99.9969,0.999969
2018-11-25 21:00:00,3.38,3.3844,3.1601,7.7214,3.1601,3.3844,7.7214,0.0,0.0,0.0,0.001937,100.0,1.0,99.9969,0.999969
2018-11-25 21:15:00,2.99,3.1052,2.9354,7.684,2.9354,3.1052,7.684,0.0,0.0,0.0,0.001937,100.0,1.0,99.9969,0.999969
2018-11-25 21:30:00,2.95,2.9542,2.8207,7.4939,2.8207,2.9542,7.4939,0.0,0.0,0.0,0.001937,100.0,1.0,99.9969,0.999969
2018-11-25 21:45:00,2.92,2.9286,2.7961,7.4777,2.7961,2.9286,7.4777,0.0,0.0,0.0,0.001937,100.0,1.0,99.9969,0.999969
2018-11-25 22:00:00,3.13,3.0985,2.9462,7.5002,2.9462,3.0985,7.5002,0.0,0.0,0.0,0.001937,100.0,1.0,99.9629,0.999629
2018-11-25 22:15:00,3.46,3.3902,3.1997,7.6018,3.1997,3.3902,7.6018,0.0,0.0,0.0,0.001937,80.83,0.8083,71.9944,0.719944
2018-11-25 22:30:00,2.92,2.9115,2.7191,7.5505,2.7191,2.9115,7.5505,0.0,0.0,0.0,0.001937,80.92,0.8092,57.4513,0.574513
2018-11-25 22:45:00,2.74,2.8611,2.7217,7.4713,2.7217,2.8611,7.4713,0.0,0.0,0.0,0.001937,81.61,0.8161,65.954,0.65954
2018-11-25 23:00:00,2.77,2.7766,2.6437,7.4668,2.6437,2.7766,7.4668,0.0,0.0,0.0,0.001937,76.39,0.7639,57.8977,0.578977
2018-11-25 23:15:00,2.84,2.8381,2.6942,7.4668,2.6942,2.8381,7.4668,0.0,0.0,0.0,0.001937,76.25,0.7625,56.5943,0.565943
2018-11-25 23:30:00,2.88,2.8663,2.6926,7.4668,2.6926,2.8663,7.4668,0.0,0.0,0.0,0.001937,79.07,0.7907,56.8513,0.568513
2018-11-25 23:45:00,2.88,2.856,2.6827,7.4668,2.6827,2.856,7.4668,0.0,0.0,0.0,0.001937,77.08,0.7708,64.1119,0.641119
2018-11-26 00:00:00,4.68,4.5574,4.172,8.0933,4.172,4.5574,8.0933,0.0,6e-06,0.0,0.002012,78.69,0.7869,66.6723,0.666723
2018-11-26 00:15:00,3.2,3.4341,2.9637,8.2721,2.9637,3.4341,8.2721,0.0,0.001984,0.0,0.002261,75.96,0.7596,69.3177,0.693177
2018-11-26 00:30:00,3.53,3.4507,3.2251,7.624,3.2251,3.4507,7.624,0.0,0.0,0.0,0.001984,73.67,0.7367,67.7099,0.677099
2018-11-26 00:45:00,3.46,3.3191,3.0823,7.64,3.0823,3.3191,7.64,0.0,0.0,0.0,0.001984,75.34,0.7534,68.8789,0.688789
2018-11-26 01:00:00,3.49,3.4136,3.2169,7.6746,3.2169,3.4136,7.6746,0.0,0.0,0.0,0.001973,77.13,0.7713,70.653,0.70653
2018-11-26 01:15:00,2.92,3.0042,2.8288,7.6264,2.8288,3.0042,7.6264,0.0,0.0,0.0,0.001937,72.55,0.7255,68.2618,0.682618
2018-11-26 01:30:00,2.92,2.9209,2.7687,7.4713,2.7687,2.9209,7.4713,0.0,0.0,0.0,0.001937,71.2,0.712,67.6661,0.676661
2018-11-26 01:45:00,3.06,3.0707,2.8817,7.4788,2.8817,3.0707,7.4788,0.0,0.0,0.0,0.001937,70.71,0.7071,66.5549,0.665549
2018-11-26 02:00:00,3.56,3.468,3.2898,7.6752,3.2898,3.468,7.6752,0.0,0.0,0.0,0.001937,70.31,0.7031,64.0166,0.640166
2018-11-26 02:15:00,3.13,3.1172,2.8405,7.6045,2.8405,3.1172,7.6045,0.0,0.0,0.0,0.001937,70.26,0.7026,65.3529,0.653529
2018-11-26 02:30:00,2.92,2.9256,2.788,7.5128,2.788,2.9256,7.5128,0.0,0.0,0.0,0.001937,69.87,0.6987,67.785,0.67785
2018-11-26 02:45:00,2.92,2.9209,2.7687,7.4713,2.7687,2.9209,7.4713,0.0,0.0,0.0,0.001937,69.87,0.6987,67.7774,0.677774
2018-11-26 03:00:00,2.88,2.8958,2.7526,7.4694,2.7526,2.8958,7.4694,0.0,0.0,0.0,0.001937,69.01,0.6901,64.5808,0.645808
2018-11-26 03:15:00,2.95,2.9337,2.7827,7.4694,2.7827,2.9337,7.4694,0.0,0.0,0.0,0.001937,69.4,0.694,64.6525,0.646525
2018-11-26 03:30:00,2.95,2.92,2.7826,7.4727,2.7826,2.92,7.4727,0.0,0.0,0.0,0.001937,68.94,0.6894,65.3359,0.653359
2018-11-26 03:45:00,3.31,3.2734,3.1613,7.5673,3.1613,3.2734,7.5673,0.0,0.0,0.0,0.001937,69.97,0.6997,64.5814,0.645814
2018-11-26 04:00:00,3.49,3.3714,3.1755,7.5818,3.1755,3.3714,7.5818,0.0,0.0,0.0,0.001937,75.62,0.7562,69.5957,0.695957
2018-11-26 04:15:00,3.46,3.2519,3.0761,7.5751,3.0761,3.2519,7.5751,0.0,0.0,0.0,0.001937,76.1,0.761,70.4401,0.704401
2018-11-26 04:30:00,3.24,3.1334,2.9653,7.5751,2.9653,3.1334,7.5751,0.0,0.0,0.0,0.001937,74.28,0.7428,69.1136,0.691136
2018-11-26 04:45:00,2.88,3.0276,2.8659,7.6229,2.8659,3.0276,7.6229,0.0,0.0,0.0,0.001937,71.58,0.7158,67.8053,0.678053
2018-11-26 05:00:00,2.95,2.9337,2.7827,7.4713,2.7827,2.9337,7.4713,0.0,0.0,0.0,0.001937,72.41,0.7241,67.4873,0.674873
2018-11-26 05:15:00,2.84,2.8661,2.7539,7.4727,2.7539,2.8661,7.4727,0.0,0.0,0.0,0.001937,71.97,0.7197,67.3348,0.673348
2018-11-26 05:30:00,2.88,2.873,2.7332,7.4668,2.7332,2.873,7.4668,0.0,0.0,0.0,0.001937,72.45,0.7245,67.0485,0.670485
2018-11-26 05:45:00,2.84,2.836,2.7058,7.4668,2.7058,2.836,7.4668,0.0,0.0,0.0,0.001937,72.47,0.7247,69.8701,0.698701
2018-11-26 06:00:00,3.17,3.1733,3.0664,7.5614,3.0664,3.1733,7.5614,0.0,0.0,0.0,0.001937,70.38,0.7038,66.0197,0.660197
2018-11-26 06:15:00,3.38,3.2469,3.1115,7.5545,3.1115,3.2469,7.5545,0.0,0.0,0.0,0.001937,71.76,0.7176,65.9943,0.659943
2018-11-26 06:30:00,2.88,2.9124,2.7053,7.5366,2.7053,2.9124,7.5366,0.0,0.0,0.0,0.001937,71.58,0.7158,68.0475,0.680475
2018-11-26 06:45:00,2.88,2.8628,2.7219,7.4668,2.7219,2.8628,7.4668,0.0,0.0,0.0,0.001937,72.45,0.7245,66.8861,0.668861
2018-11-26 07:00:00,2.99,2.971,2.8265,7.4694,2.8265,2.971,7.4694,0.0,0.0,0.0,0.001937,72.87,0.7287,67.8669,0.678669
2018-11-26 07:15:00,3.35,3.3064,3.172,7.5771,3.172,3.3064,7.5771,0.0,0.0,0.0,0.001937,76.62,0.7662,69.9922,0.699922
2018-11-26 07:30:00,3.53,3.3823,3.204,7.5818,3.204,3.3823,7.5818,0.0,0.0,0.0,0.001937,75.14,0.7514,72.4478,0.724478
2018-11-26 07:45:00,5.22,4.9235,4.3599,8.1749,4.3599,4.9235,8.1749,0.0,0.0,0.0,0.001935,85.47,0.8547,74.5168,0.745168
2018-11-26 08:00:00,5.58,5.4288,4.7355,8.7853,4.7355,5.4288,8.7853,0.0,0.002101,0.0,0.003969,89.76,0.8976,82.137,0.82137
2018-11-26 08:15:00,45.36,43.0261,38.5164,46.3777,38.5164,43.0261,46.3777,0.02,0.019786,0.015843,0.023376,81.68,0.8168,76.5942,0.765942
2018-11-26 08:30:00,88.92,87.7466,83.0393,95.3934,83.0393,87.7466,95.3934,0.04,0.03654,0.031588,0.045778,80.35,0.8035,78.1913,0.781913
2018-11-26 08:45:00,88.99,89.8777,83.8508,94.5037,83.8508,89.8777,94.5037,0.04,0.039382,0.035802,0.044506,82.21,0.8221,79.1701,0.791701
2018-11-26 09:00:00,90.61,90.5912,83.4831,94.2257,83.4831,90.5912,94.2257,0.04,0.040121,0.035912,0.044862,88.18,0.8818,87.1771,0.871771
2018-11-26 09:15:00,93.31,94.096,88.9678,97.2483,88.9678,94.096,97.2483,0.04,0.043451,0.038487,0.04545,87.83,0.8783,87.787,0.87787
2018-11-26 09:30:00,92.2,95.4769,90.8584,98.9921,90.8584,95.4769,98.9921,0.04,0.04113,0.037951,0.045806,87.49,0.8749,87.4498,0.874498
2018-11-26 09:45:00,94.43,98.3609,94.5812,100.3877,94.5812,98.3609,100.3877,0.04,0.044287,0.039573,0.047035,87.55,0.8755,87.6658,0.876658
2018-11-26 10:00:00,85.43,85.8192,78.3195,93.0197,78.3195,85.8192,93.0197,0.04,0.038738,0.035271,0.044328,89.34,0.8934,89.9522,0.899522
2018-11-26 10:15:00,64.55,62.9408,57.3677,73.3391,57.3677,62.9408,73.3391,0.03,0.02887,0.02486,0.03713,92.37,0.9237,91.3866,0.913866
2018-11-26 10:30:00,70.06,68.2116,62.7237,78.165,62.7237,68.2116,78.165,0.03,0.028346,0.027585,0.035594,91.19,0.9119,89.9036,0.899036
2018-11-26 10:45:00,73.12,69.1606,68.4084,85.7615,68.4084,69.1606,85.7615,0.03,0.030777,0.029832,0.039679,87.64,0.8764,88.0141,0.880141
2018-11-26 11:00:00,80.75,78.6548,74.3686,90.7305,74.3686,78.6548,90.7305,0.04,0.034349,0.032563,0.042089,87.25,0.8725,88.4414,0.884414
2018-11-26 11:15:00,82.66,83.1059,75.2676,89.3999,75.2676,83.1059,89.3999,0.04,0.039277,0.032944,0.042266,87.61,0.8761,87.1061,0.871061
2018-11-26 11:30:00,79.13,80.1244,72.0356,87.9524,72.0356,80.1244,87.9524,0.04,0.035911,0.031959,0.042576,87.21,0.8721,87.6101,0.876101
2018-11-26 11:45:00,84.74,87.3775,79.2056,94.287,79.2056,87.3775,94.287,0.04,0.039726,0.034706,0.043935,87.17,0.8717,87.7881,0.877881
2018-11-26 12:00:00,61.34,60.2332,51.6958,69.9383,51.6958,60.2332,69.9383,0.03,0.027766,0.021747,0.035426,89.86,0.8986,90.8744,0.908744
2018-11-26 12:15:00,7.24,4.4826,3.8001,17.2715,4.4826,3.8001,17.2715,0.0,0.0,0.0,0.00512,100.0,1.0,99.7625,0.997625
2018-11-26 12:30:00,6.84,6.4207,5.5917,10.5662,5.5917,6.4207,10.5662,0.0,1e-06,0.0,0.002098,100.0,1.0,99.9631,0.999631
2018-11-26 12:45:00,6.3,6.0221,5.4257,10.2418,5.4257,6.0221,10.2418,0.0,1.4e-05,0.0,0.002055,100.0,1.0,99.9651,0.999651
2018-11-26 13:00:00,6.01,5.7407,5.2633,9.6735,5.2633,5.7407,9.6735,0.0,1.4e-05,0.0,0.002007,100.0,1.0,100.0019,1.000019
2018-11-26 13:15:00,56.52,56.1291,52.9423,62.953,52.9423,56.1291,62.953,0.03,0.028792,0.021714,0.032654,91.27,0.9127,91.49,0.9149
2018-11-26 13:30:00,93.17,98.5055,89.1691,98.5654,89.1691,98.5055,98.5654,0.04,0.042939,0.037341,0.048683,84.97,0.8497,87.0831,0.870831
2018-11-26 13:45:00,82.58,82.4634,74.8404,91.0856,74.8404,82.4634,91.0856,0.04,0.038107,0.03259,0.044628,87.21,0.8721,87.6926,0.876926
2018-11-26 14:00:00,90.65,93.0733,87.6246,100.4014,87.6246,93.0733,100.4014,0.04,0.040585,0.038692,0.046296,87.44,0.8744,89.33,0.8933
2018-11-26 14:15:00,77.51,77.5416,71.0385,87.9437,71.0385,77.5416,87.9437,0.04,0.035238,0.03157,0.043248,87.21,0.8721,88.5607,0.885607
2018-11-26 14:30:00,88.63,94.7561,85.7483,99.1461,85.7483,94.7561,99.1461,0.04,0.039664,0.037731,0.045862,87.83,0.8783,89.5539,0.895539
2018-11-26 14:45:00,69.05,67.3933,61.8556,78.6045,61.8556,67.3933,78.6045,0.03,0.031595,0.02806,0.038467,89.55,0.8955,90.4246,0.904246
2018-11-26 15:00:00,71.6,70.3267,67.5513,80.9543,67.5513,70.3267,80.9543,0.03,0.031522,0.028975,0.037109,88.98,0.8898,88.5816,0.885816
2018-11-26 15:15:00,67.97,66.3945,57.9607,72.125,57.9607,66.3945,72.125,0.03,0.029537,0.024407,0.035625,92.82,0.9282,90.9664,0.909664
2018-11-26 15:30:00,64.51,62.2913,55.8719,69.3869,55.8719,62.2913,69.3869,0.03,0.02923,0.023373,0.034018,93.3,0.933,91.4047,0.914047
2018-11-26 15:45:00,70.96,69.6104,62.9568,70.841,62.9568,69.6104,70.841,0.03,0.028585,0.027819,0.033077,91.77,0.9177,89.453,0.89453
2018-11-26 16:00:00,65.34,62.0754,54.8582,66.112,54.8582,62.0754,66.112,0.03,0.029415,0.02337,0.033641,91.84,0.9184,90.0137,0.900137
2018-11-26 16:15:00,64.22,64.1477,56.5672,65.9015,56.5672,64.1477,65.9015,0.03,0.029303,0.024546,0.031398,92.66,0.9266,90.9581,0.909581
2018-11-26 16:30:00,61.45,60.6222,54.0107,61.477,54.0107,60.6222,61.477,0.03,0.028294,0.023126,0.030764,92.88,0.9288,90.9715,0.909715
2018-11-26 16:45:00,51.52,50.525,45.6884,54.6032,45.6884,50.525,54.6032,0.02,0.021716,0.018982,0.026651,95.17,0.9517,93.5604,0.935604
2018-11-26 17:00:00,65.34,63.9749,59.7349,64.7811,59.7349,63.9749,64.7811,0.03,0.028328,0.026699,0.033101,91.54,0.9154,89.3086,0.893086
2018-11-26 17:15:00,74.05,71.0505,65.1186,75.2399,65.1186,71.0505,75.2399,0.03,0.031879,0.028083,0.0351,87.98,0.8798,85.8413,0.858413
2018-11-26 17:30:00,50.65,50.6461,45.7825,56.4441,45.7825,50.6461,56.4441,0.02,0.021526,0.018139,0.029087,95.11,0.9511,95.1026,0.951026
2018-11-26 17:45:00,32.58,30.5959,27.2171,36.0559,27.2171,30.5959,36.0559,0.01,0.018634,0.009315,0.019855,100.0,1.0,100.0424,1.000424
2018-11-26 18:00:00,32.72,32.31,30.052,37.5997,30.052,32.31,37.5997,0.02,0.01942,0.009059,0.019787,99.18,0.9918,97.7554,0.977554
2018-11-26 18:15:00,43.16,43.5459,39.205,48.951,39.205,43.5459,48.951,0.02,0.020066,0.017393,0.024624,91.8,0.918,91.3962,0.913962
2018-11-26 18:30:00,61.88,62.4199,57.8872,63.9209,57.8872,62.4199,63.9209,0.03,0.029203,0.024441,0.032079,85.12,0.8512,83.7046,0.837046
2018-11-26 18:45:00,71.03,68.1664,64.1899,71.6984,64.1899,68.1664,71.6984,0.03,0.031042,0.027292,0.033836,87.55,0.8755,85.8177,0.858177
2018-11-26 19:00:00,58.43,55.936,50.819,60.3394,50.819,55.936,60.3394,0.03,0.022468,0.020683,0.031223,91.22,0.9122,89.7942,0.897942
2018-11-26 19:15:00,59.33,57.8119,53.7085,60.4684,53.7085,57.8119,60.4684,0.03,0.022965,0.022435,0.030391,89.64,0.8964,88.1782,0.881782
2018-11-26 19:30:00,60.05,59.086,54.5332,60.2438,54.5332,59.086,60.2438,0.03,0.024161,0.023627,0.030161,91.27,0.9127,89.5056,0.895056
2018-11-26 19:45:00,66.17,63.7845,58.6911,65.9309,58.6911,63.7845,65.9309,0.03,0.028392,0.026403,0.03104,90.33,0.9033,88.247,0.88247
2018-11-26 20:00:00,78.98,75.6419,70.7268,81.2903,70.7268,75.6419,81.2903,0.04,0.035556,0.030363,0.038578,86.92,0.8692,85.3436,0.853436
2018-11-26 20:15:00,58.18,56.3007,53.0256,64.812,53.0256,56.3007,64.812,0.03,0.028771,0.022316,0.03383,91.49,0.9149,91.236,0.91236
2018-11-26 20:30:00,51.77,50.8279,46.0612,55.3918,46.0612,50.8279,55.3918,0.02,0.020518,0.019435,0.028508,94.72,0.9472,93.2531,0.932531
2018-11-26 20:45:00,43.6,41.1333,35.7714,48.9553,35.7714,41.1333,48.9553,0.02,0.019967,0.012882,0.02362,98.23,0.9823,94.9837,0.949837
2018-11-26 21:00:00,40.64,36.7074,34.6462,44.8018,34.6462,36.7074,44.8018,0.02,0.019968,0.012057,0.02132,98.64,0.9864,98.0304,0.980304
2018-11-26 21:15:00,16.09,13.092,11.086,16.675,11.086,13.092,16.675,0.01,0.009436,0.002337,0.011235,100.0,1.0,99.8905,0.998905
2018-11-26 21:30:00,6.23,5.9585,4.1347,10.4046,4.1347,5.9585,10.4046,0.0,0.0,0.0,0.002286,100.0,1.0,100.0149,1.000149
2018-11-26 21:45:00,5.26,5.1258,4.5882,9.5334,4.5882,5.1258,9.5334,0.0,0.0,0.0,0.002011,100.0,1.0,99.9969,0.999969
2018-11-26 22:00:00,5.11,4.9686,4.5904,9.117,4.5904,4.9686,9.117,0.0,8e-06,0.0,0.001938,100.0,1.0,99.9687,0.999687
2018-11-26 22:15:00,4.79,6.6258,4.5645,9.4259,4.5645,6.6258,9.4259,0.0,0.002407,0.0,0.016066,72.58,0.7258,74.0569,0.740569
2018-11-26 22:30:00,4.72,4.8046,4.3109,9.0253,4.3109,4.8046,9.0253,0.0,0.001987,0.0,0.005096,71.01,0.7101,61.5004,0.615004
2018-11-26 22:45:00,4.75,4.7847,4.3608,8.7912,4.3608,4.7847,8.7912,0.0,0.001937,0.0,0.002328,70.19,0.7019,57.8359,0.578359
2018-11-26 23:00:00,4.72,4.7279,4.3287,8.8039,4.3287,4.7279,8.8039,0.0,0.001937,0.0,0.002194,71.31,0.7131,58.033,0.58033
2018-11-26 23:15:00,4.82,4.8604,4.3911,8.7946,4.3911,4.8604,8.7946,0.0,0.0,0.0,0.001937,76.17,0.7617,52.6785,0.526785
2018-11-26 23:30:00,4.64,4.7998,4.2536,8.8492,4.2536,4.7998,8.8492,0.0,0.0,0.0,0.001937,78.68,0.7868,54.1478,0.541478
2018-11-26 23:45:00,4.64,4.7303,4.2597,8.6141,4.2597,4.7303,8.6141,0.0,0.0,0.0,0.001937,78.1,0.781,52.8731,0.528731
2018-11-27 00:00:00,23.65,25.3983,17.2235,32.2719,17.2235,25.3983,32.2719,0.01,0.012782,0.008195,0.013594,85.19,0.8519,74.3778,0.743778
2018-11-27 00:15:00,4.72,4.9813,4.4159,21.7181,4.4159,4.9813,21.7181,0.0,0.008501,0.000593,0.016094,77.17,0.7717,75.1852,0.751852
2018-11-27 00:30:00,4.79,5.0293,4.4959,10.3407,4.4959,5.0293,10.3407,0.0,0.00291,6.2e-05,0.012615,72.35,0.7235,71.493,0.71493
2018-11-27 00:45:00,4.72,4.7145,4.3377,8.9289,4.3377,4.7145,8.9289,0.0,0.002136,0.0,0.003511,69.16,0.6916,68.0513,0.680513
2018-11-27 01:00:00,4.75,4.692,4.389,8.9162,4.389,4.692,8.9162,0.0,0.002094,0.0,0.00288,69.9,0.699,68.8683,0.688683
2018-11-27 01:15:00,5.62,5.3496,4.8417,9.1351,4.8417,5.3496,9.1351,0.0,0.0,0.0,0.001937,76.58,0.7658,70.7424,0.707424
2018-11-27 01:30:00,5.94,5.9504,5.2737,9.7318,5.2737,5.9504,9.7318,0.0,0.00203,0.0,0.003017,79.71,0.7971,76.1331,0.761331
2018-11-27 01:45:00,4.72,4.5212,4.4308,9.5774,4.5212,4.4308,9.5774,0.0,0.002114,0.0,0.003298,71.31,0.7131,71.2378,0.712378
2018-11-27 02:00:00,4.68,4.6899,4.3732,8.8905,4.3732,4.6899,8.8905,0.0,0.001973,0.0,0.003284,72.62,0.7262,69.9025,0.699025
2018-11-27 02:15:00,4.72,4.7028,4.3833,8.6192,4.3833,4.7028,8.6192,0.0,0.001973,0.0,0.003161,76.05,0.7605,72.0044,0.720044
2018-11-27 02:30:00,4.72,4.6368,4.3766,8.7946,4.3766,4.6368,8.7946,0.0,0.001973,0.0,0.003163,75.18,0.7518,71.0294,0.710294
2018-11-27 02:45:00,4.72,4.6368,4.3766,8.7946,4.3766,4.6368,8.7946,0.0,0.0,0.0,0.001937,74.08,0.7408,68.6084,0.686084
2018-11-27 03:00:00,4.72,4.6368,4.3766,8.7946,4.3766,4.6368,8.7946,0.0,0.0,0.0,0.001937,74.08,0.7408,68.616,0.68616
2018-11-27 03:15:00,4.18,4.0702,3.9548,8.7591,3.9548,4.0702,8.7591,0.0,0.0,0.0,0.001937,78.67,0.7867,72.6815,0.726815
2018-11-27 03:30:00,3.71,3.7297,3.6264,8.3136,3.6264,3.7297,8.3136,0.0,0.000955,0.0,0.001937,81.27,0.8127,73.8974,0.738974
2018-11-27 03:45:00,3.71,3.7263,3.5108,7.9711,3.5108,3.7263,7.9711,0.0,0.0,0.0,0.001973,82.72,0.8272,74.6432,0.746432
2018-11-27 04:00:00,3.74,3.7584,3.513,7.9616,3.513,3.7584,7.9616,0.0,0.0,0.0,0.001973,80.36,0.8036,73.7565,0.737565
2018-11-27 04:15:00,3.78,3.6964,3.5243,7.9065,3.5243,3.6964,7.9065,0.0,4.1e-05,0.0,0.001937,82.8,0.828,75.2651,0.752651
2018-11-27 04:30:00,3.74,3.6206,3.4811,7.9065,3.4811,3.6206,7.9065,0.0,0.0,0.0,0.001937,82.93,0.8293,73.913,0.73913
2018-11-27 04:45:00,3.71,3.6232,3.4811,7.9065,3.4811,3.6232,7.9065,0.0,0.0,0.0,0.001937,83.86,0.8386,73.4795,0.734795
2018-11-27 05:00:00,3.71,3.6453,3.4952,7.9065,3.4952,3.6453,7.9065,0.0,0.0,0.0,0.001937,83.86,0.8386,73.2764,0.732764
2018-11-27 05:15:00,3.74,3.6774,3.513,7.9065,3.513,3.6774,7.9065,0.0,0.0,0.0,0.001937,81.8,0.818,73.6686,0.736686
2018-11-27 05:30:00,3.78,3.6964,3.5243,7.8974,3.5243,3.6964,7.8974,0.0,0.0,0.0,0.001937,81.37,0.8137,73.7063,0.737063
2018-11-27 05:45:00,3.92,3.8453,3.5895,7.9193,3.5895,3.8453,7.9193,0.0,0.0,0.0,0.001937,80.98,0.8098,73.4897,0.734897
2018-11-27 06:00:00,5.9,5.5013,4.782,9.0825,4.782,5.5013,9.0825,0.0,0.0,0.0,0.002278,83.29,0.8329,71.2889,0.712889
2018-11-27 06:15:00,5.62,5.3451,5.0566,10.0695,5.0566,5.3451,10.0695,0.0,0.002125,0.0,0.003375,81.27,0.8127,74.7431,0.747431
2018-11-27 06:30:00,4.64,4.3345,4.2492,9.389,4.2492,4.3345,9.389,0.0,0.002125,0.0,0.003372,73.5,0.735,71.974,0.71974
2018-11-27 06:45:00,3.82,3.878,3.5849,8.5577,3.5849,3.878,8.5577,0.0,0.001984,0.0,0.002937,78.45,0.7845,74.7823,0.747823
2018-11-27 07:00:00,3.71,3.7776,3.5614,8.0128,3.5614,3.7776,8.0128,0.0,0.000124,0.0,0.001984,78.58,0.7858,75.6099,0.756099
2018-11-27 07:15:00,3.71,3.782,3.553,8.0211,3.553,3.782,8.0211,0.0,0.000125,0.0,0.001984,79.72,0.7972,75.3243,0.753243
2018-11-27 07:30:00,3.78,3.7782,3.5845,7.9592,3.5845,3.7782,7.9592,0.0,0.0,0.0,0.001973,81.37,0.8137,75.1441,0.751441
2018-11-27 07:45:00,5.11,5.0252,4.4369,8.3329,4.4369,5.0252,8.3329,0.0,0.0,0.0,0.001937,79.04,0.7904,69.0458,0.690458
2018-11-27 08:00:00,6.88,6.6007,5.8592,9.4385,5.8592,6.6007,9.4385,0.0,0.002086,0.0,0.002993,88.97,0.8897,84.2176,0.842176
2018-11-27 08:15:00,49.61,47.9585,44.8199,52.4954,44.8199,47.9585,52.4954,0.02,0.020334,0.019309,0.024814,82.3,0.823,78.7305,0.787305
2018-11-27 08:30:00,72.36,71.1908,67.391,76.894,67.391,71.1908,76.894,0.03,0.030515,0.02809,0.03941,78.88,0.7888,76.533,0.76533
2018-11-27 08:45:00,73.62,71.8566,67.0159,77.897,67.0159,71.8566,77.897,0.03,0.031712,0.026857,0.037836,81.1,0.811,80.2942,0.802942
2018-11-27 09:00:00,111.64,108.015,100.0614,112.2126,100.0614,108.015,112.2126,0.05,0.046238,0.041963,0.053703,90.61,0.9061,89.4319,0.894318
2018-11-27 09:15:00,81.54,81.0957,73.8604,87.1177,73.8604,81.0957,87.1177,0.04,0.034089,0.031618,0.042074,89.91,0.8991,90.3832,0.903832
2018-11-27 09:30:00,103.1,103.366,95.7818,107.1564,95.7818,103.366,107.1564,0.05,0.049149,0.042326,0.051754,91.36,0.9136,91.0689,0.910689
2018-11-27 09:45:00,126.43,124.6701,112.2248,125.1871,112.2248,124.6701,125.1871,0.06,0.054889,0.050143,0.060177,91.21,0.9121,90.0521,0.900521
2018-11-27 10:00:00,104.44,102.2983,91.9765,103.8323,91.9765,102.2983,103.8323,0.05,0.045347,0.041232,0.048911,91.3,0.913,90.0709,0.900709
2018-11-27 10:15:00,129.2,127.398,114.476,128.169,114.476,127.398,128.169,0.06,0.055451,0.050632,0.061979,91.54,0.9154,90.379,0.90379
2018-11-27 10:30:00,131.8,126.0364,112.5408,128.2832,112.5408,126.0364,128.2832,0.06,0.05624,0.048592,0.060315,91.89,0.9189,89.8956,0.898956
2018-11-27 10:45:00,133.42,127.2354,110.5583,129.1306,110.5583,129.1306,127.2354,0.06,0.059731,0.048349,0.063779,91.14,0.9114,89.3924,0.893924
2018-11-27 11:00:00,151.67,139.6485,117.777,144.9801,117.777,139.6485,144.9801,0.07,0.064121,0.051409,0.070011,90.86,0.9086,88.1695,0.881695
2018-11-27 11:15:00,126.11,110.5833,98.1199,111.8584,98.1199,111.8584,110.5833,0.06,0.049749,0.04108,0.055217,90.92,0.9092,87.5775,0.875775
2018-11-27 11:30:00,145.01,135.9554,117.8372,143.0603,117.8372,135.9554,143.0603,0.07,0.061298,0.051246,0.069495,91.79,0.9179,88.2875,0.882875
2018-11-27 11:45:00,123.8,112.2305,99.3581,114.9426,99.3581,114.9426,112.2305,0.06,0.05124,0.043829,0.05611,90.59,0.9059,87.9284,0.879284
2018-11-27 12:00:00,108.61,107.843,97.4274,112.9573,97.4274,107.843,112.9573,0.05,0.049544,0.042,0.054314,91.93,0.9193,89.6386,0.896386
2018-11-27 12:15:00,7.81,8.1564,7.7427,23.0576,7.7427,8.1564,23.0576,0.0,0.000371,0.0,0.007681,100.0,1.0,99.8411,0.998411
2018-11-27 12:30:00,5.51,5.7918,4.6324,11.3099,4.6324,5.7918,11.3099,0.0,0.0,0.0,0.00211,100.0,1.0,100.0239,1.000239
2018-11-27 12:45:00,5.76,5.5999,5.2585,10.3954,5.2585,5.5999,10.3954,0.0,0.0,0.0,0.001952,100.0,1.0,99.9741,0.999741
2018-11-27 13:00:00,6.34,6.6604,5.5331,10.6922,5.5331,6.6604,10.6922,0.0,0.0,0.0,0.001972,100.0,1.0,100.0026,1.000026
2018-11-27 13:15:00,71.06,73.4319,60.879,79.1231,60.879,73.4319,79.1231,0.03,0.03096,0.025794,0.037017,92.28,0.9228,90.958,0.90958
2018-11-27 13:30:00,121.25,118.6813,105.4789,120.7508,105.4789,118.6813,120.7508,0.06,0.055449,0.043275,0.055463,90.9,0.909,88.795,0.88795
2018-11-27 13:45:00,132.59,127.774,113.0677,128.5849,113.0677,127.774,128.5849,0.06,0.05797,0.047818,0.063319,91.07,0.9107,88.7027,0.887027
2018-11-27 14:00:00,126.68,122.3481,103.1616,122.6813,103.1616,122.3481,122.6813,0.06,0.055569,0.044872,0.061869,91.7,0.917,89.9184,0.899184
2018-11-27 14:15:00,93.46,89.5097,78.4633,93.7514,78.4633,89.5097,93.7514,0.04,0.040282,0.033642,0.044041,93.48,0.9348,91.5931,0.915931
2018-11-27 14:30:00,77.36,79.0721,69.9846,87.6748,69.9846,79.0721,87.6748,0.04,0.035756,0.03164,0.04237,90.9,0.909,91.1609,0.911609
2018-11-27 14:45:00,76.72,78.9859,71.6446,87.6813,71.6446,78.9859,87.6813,0.04,0.038661,0.030468,0.040165,92.75,0.9275,91.6186,0.916186
2018-11-27 15:00:00,107.42,105.1256,99.8516,109.8187,99.8516,105.1256,109.8187,0.05,0.046058,0.043451,0.051577,94.39,0.9439,93.2702,0.932702
2018-11-27 15:15:00,81.58,77.3706,72.1031,86.8696,72.1031,77.3706,86.8696,0.04,0.033553,0.030022,0.040548,95.01,0.9501,92.7537,0.927537
2018-11-27 15:30:00,79.38,79.472,74.2033,90.3357,74.2033,79.472,90.3357,0.04,0.036961,0.033264,0.042872,90.46,0.9046,90.5921,0.905921
2018-11-27 15:45:00,57.85,58.3291,54.3708,70.7912,54.3708,58.3291,70.7912,0.03,0.028886,0.023767,0.03602,91.09,0.9109,91.613,0.91613
2018-11-27 16:00:00,59.08,59.4281,54.0416,67.7276,54.0416,59.4281,67.7276,0.03,0.02369,0.023412,0.033799,90.77,0.9077,90.4311,0.904311
2018-11-27 16:15:00,59.26,59.8014,54.3578,65.1494,54.3578,59.8014,65.1494,0.03,0.024061,0.023789,0.032685,90.39,0.9039,90.0133,0.900133
2018-11-27 16:30:00,53.46,53.6786,48.0253,58.0378,48.0253,53.6786,58.0378,0.02,0.021154,0.019932,0.02984,91.7,0.917,91.269,0.91269
2018-11-27 16:45:00,59.4,59.2282,54.2154,59.9304,54.2154,59.2282,59.9304,0.03,0.028517,0.024159,0.030247,90.72,0.9072,89.5562,0.895562
2018-11-27 17:00:00,47.48,48.1744,44.1927,51.6076,44.1927,48.1744,51.6076,0.02,0.020105,0.019021,0.025326,92.45,0.9245,92.4247,0.924247
2018-11-27 17:15:00,62.78,60.4373,56.6321,62.7544,56.6321,60.4373,62.7544,0.03,0.024492,0.0231,0.031448,90.79,0.9079,89.2784,0.892784
2018-11-27 17:30:00,50.15,49.9254,46.2605,54.2542,46.2605,49.9254,54.2542,0.02,0.020371,0.019258,0.026407,90.72,0.9072,90.8822,0.908822
2018-11-27 17:45:00,34.13,32.9253,31.008,38.2406,31.008,32.9253,38.2406,0.02,0.019102,0.011455,0.019855,99.86,0.9986,99.154,0.99154
2018-11-27 18:00:00,31.93,32.4864,30.7026,36.4708,30.7026,32.4864,36.4708,0.01,0.019433,0.009335,0.019918,99.33,0.9933,98.034,0.98034
2018-11-27 18:15:00,36.76,38.5995,35.2425,43.2692,35.2425,38.5995,43.2692,0.02,0.019942,0.013082,0.021797,93.87,0.9387,92.9705,0.929705
2018-11-27 18:30:00,56.84,54.3203,47.1246,57.2078,47.1246,54.3203,57.2078,0.03,0.021363,0.018808,0.03018,91.66,0.9166,88.8895,0.888895
2018-11-27 18:45:00,48.17,45.9787,41.1965,50.894,41.1965,45.9787,50.894,0.02,0.020103,0.017823,0.02625,96.12,0.9612,94.4377,0.944377
2018-11-27 19:00:00,61.16,59.5306,54.739,60.9464,54.739,59.5306,60.9464,0.03,0.023699,0.022971,0.030563,93.16,0.9316,91.4021,0.914021
2018-11-27 19:15:00,41.98,40.6952,34.9464,46.7999,34.9464,40.6952,46.7999,0.02,0.019987,0.012688,0.022454,98.31,0.9831,95.2311,0.952311
2018-11-27 19:30:00,43.38,41.813,37.7791,44.9094,37.7791,41.813,44.9094,0.02,0.019991,0.01622,0.021804,97.85,0.9785,94.6294,0.946294
2018-11-27 19:45:00,47.48,46.5142,42.4987,50.2976,42.4987,46.5142,50.2976,0.02,0.020004,0.018428,0.023306,96.54,0.9654,94.663,0.94663
2018-11-27 20:00:00,48.46,47.472,43.3404,51.6875,43.3404,47.472,51.6875,0.02,0.020002,0.018916,0.023551,96.18,0.9618,94.6021,0.946021
2018-11-27 20:15:00,49.61,48.6219,43.7417,51.4849,43.7417,48.6219,51.4849,0.02,0.020003,0.018957,0.022711,96.26,0.9626,94.5296,0.945296
2018-11-27 20:30:00,49.21,47.3528,42.9391,51.1714,42.9391,47.3528,51.1714,0.02,0.020005,0.018835,0.025081,96.47,0.9647,94.6623,0.946623
2018-11-27 20:45:00,35.5,34.4401,32.1207,38.9619,32.1207,34.4401,38.9619,0.02,0.019521,0.012053,0.019839,99.43,0.9943,98.3502,0.983502
2018-11-27 21:00:00,29.99,30.8202,28.2691,34.7298,28.2691,30.8202,34.7298,0.01,0.018558,0.008692,0.019889,100.0,1.0,100.0228,1.000228
2018-11-27 21:15:00,25.96,27.8347,26.2964,30.9063,26.2964,27.8347,30.9063,0.01,0.012131,0.007076,0.012211,100.0,1.0,99.9396,0.999396
2018-11-27 21:30:00,25.02,24.9727,19.1345,29.1661,19.1345,24.9727,29.1661,0.01,0.00784,0.006875,0.012228,100.0,1.0,100.0029,1.000029
2018-11-27 21:45:00,25.13,24.7042,14.5554,28.8043,14.5554,24.7042,28.8043,0.01,0.012255,0.007149,0.012531,100.0,1.0,100.0018,1.000018
2018-11-27 22:00:00,25.2,24.7038,14.6905,28.6976,14.6905,24.7038,28.6976,0.01,0.01211,0.00667,0.012612,100.0,1.0,99.8076,0.998076
2018-11-27 22:15:00,24.88,26.677,23.4587,35.1316,26.677,23.4587,35.1316,0.01,0.013604,0.008888,0.016556,84.63,0.8463,90.2362,0.902362
2018-11-27 22:30:00,24.77,26.2407,23.6268,35.4177,26.2407,23.6268,35.4177,0.01,0.012513,0.008888,0.016669,84.35,0.8435,74.1949,0.741949
2018-11-27 22:45:00,24.88,26.4613,23.9408,35.4391,26.4613,23.9408,35.4391,0.01,0.012896,0.00885,0.016707,84.63,0.8463,74.583,0.74583
2018-11-27 23:00:00,23.65,25.7813,22.4105,35.0105,25.7813,22.4105,35.0105,0.01,0.012511,0.00857,0.016532,83.38,0.8338,73.8438,0.738438
2018-11-27 23:15:00,23.62,25.3969,23.6862,35.2578,25.3969,23.6862,35.2578,0.01,0.013074,0.008279,0.016659,85.03,0.8503,74.7633,0.747633
2018-11-27 23:30:00,23.58,25.3969,23.6836,35.2578,25.3969,23.6836,35.2578,0.01,0.013076,0.008246,0.016642,85.41,0.8541,74.7633,0.747633
2018-11-27 23:45:00,23.54,25.2434,23.6836,35.2578,25.2434,23.6836,35.2578,0.01,0.013076,0.008301,0.016644,85.71,0.8571,74.9111,0.749111
2018-11-28 00:00:00,3.92,4.5927,4.4469,23.0678,4.4469,4.5927,23.0678,0.0,0.009082,0.000636,0.009715,67.8,0.678,75.2304,0.752304
2018-11-28 00:15:00,23.51,29.3032,21.5085,39.2906,21.5085,29.3032,39.2906,0.01,0.016105,0.010159,0.019152,84.58,0.8458,73.5126,0.735126
2018-11-28 00:30:00,23.65,23.9587,17.6968,35.6845,17.6968,23.9587,35.6845,0.01,0.013436,0.007573,0.016811,84.32,0.8432,74.2846,0.742846
2018-11-28 00:45:00,23.65,22.8092,17.5891,34.843,17.5891,22.8092,34.843,0.01,0.013265,0.007466,0.016624,84.25,0.8425,74.7103,0.747103
2018-11-28 01:00:00,23.65,22.8106,17.5688,34.9126,17.5688,22.8106,34.9126,0.01,0.013267,0.007485,0.016624,84.08,0.8408,74.8103,0.748103
2018-11-28 01:15:00,23.58,22.6824,17.5488,34.5186,17.5488,22.6824,34.5186,0.01,0.008901,0.007452,0.016395,84.07,0.8407,74.8589,0.748589
2018-11-28 01:30:00,23.65,22.974,17.8217,34.5186,17.8217,22.974,34.5186,0.01,0.009062,0.007465,0.016412,83.9,0.839,74.8945,0.748945
2018-11-28 01:45:00,23.62,22.7325,17.5407,34.5513,17.5407,22.7325,34.5513,0.01,0.008908,0.007561,0.016416,84.04,0.8404,74.7209,0.747209
2018-11-28 02:00:00,23.65,22.8168,17.717,34.5513,17.717,22.8168,34.5513,0.01,0.008908,0.007684,0.016416,84.14,0.8414,74.7477,0.747477
2018-11-28 02:15:00,23.58,22.6824,17.5407,34.5513,17.5407,22.6824,34.5513,0.01,0.008908,0.007793,0.016398,84.0,0.84,74.8589,0.748589
2018-11-28 02:30:00,23.65,22.974,17.8217,34.5513,17.8217,22.974,34.5513,0.01,0.009067,0.007697,0.016416,84.32,0.8432,74.8945,0.748945
2018-11-28 02:45:00,24.66,24.4388,20.0999,34.878,20.0999,24.4388,34.878,0.01,0.009068,0.00799,0.016553,84.63,0.8463,75.7443,0.757443
2018-11-28 03:00:00,24.12,22.1941,19.1538,34.141,19.1538,22.1941,34.141,0.01,0.013056,0.007877,0.016386,83.98,0.8398,74.1963,0.741963
2018-11-28 03:15:00,22.46,21.1816,18.8569,33.4323,18.8569,21.1816,33.4323,0.01,0.013054,0.007511,0.016386,82.41,0.8241,74.0302,0.740302
2018-11-28 03:30:00,22.39,21.5886,17.4016,34.0042,17.4016,21.5886,34.0042,0.01,0.013373,0.006023,0.016169,82.25,0.8225,75.0582,0.750582
2018-11-28 03:45:00,22.54,22.1454,16.3398,34.0108,16.3398,22.1454,34.0108,0.01,0.013532,0.005877,0.01622,82.93,0.8293,75.4273,0.754274
2018-11-28 04:00:00,22.46,21.6192,15.959,34.007,15.959,21.6192,34.007,0.01,0.013373,0.005871,0.016173,82.58,0.8258,74.7811,0.747811
2018-11-28 04:15:00,22.54,22.0728,16.111,34.007,16.111,22.0728,34.007,0.01,0.009395,0.005884,0.0162,82.67,0.8267,74.5886,0.745886
2018-11-28 04:30:00,22.5,21.8287,15.8157,34.007,15.8157,21.8287,34.007,0.01,0.009234,0.005864,0.016169,83.19,0.8319,74.0794,0.740794
2018-11-28 04:45:00,22.46,21.8287,15.8157,34.007,15.8157,21.8287,34.007,0.01,0.009236,0.005864,0.016173,83.19,0.8319,74.0794,0.740794
2018-11-28 05:00:00,22.46,21.9662,15.916,34.007,15.916,21.9662,34.007,0.01,0.009236,0.005871,0.016191,82.77,0.8277,74.438,0.74438
2018-11-28 05:15:00,22.46,21.9662,15.916,34.007,15.916,21.9662,34.007,0.01,0.009236,0.005871,0.016191,82.53,0.8253,74.438,0.74438
2018-11-28 05:30:00,22.54,22.1553,16.111,34.007,16.111,22.1553,34.007,0.01,0.009395,0.005884,0.0162,83.05,0.8305,74.5886,0.745886
2018-11-28 05:45:00,22.5,21.9111,17.3025,34.007,17.3025,21.9111,34.007,0.01,0.009236,0.006131,0.016173,82.15,0.8215,74.4618,0.744618
2018-11-28 06:00:00,23.62,25.0308,19.1162,34.3283,19.1162,25.0308,34.3283,0.01,0.009391,0.007266,0.016345,82.99,0.8299,75.7766,0.757766
2018-11-28 06:15:00,23.87,23.9722,19.6491,34.4584,19.6491,23.9722,34.4584,0.01,0.013211,0.008067,0.016659,83.61,0.8361,75.4902,0.754902
2018-11-28 06:30:00,24.55,24.4607,20.0708,34.6784,20.0708,24.4607,34.6784,0.01,0.013216,0.008067,0.01676,84.37,0.8437,75.7561,0.757561
2018-11-28 06:45:00,23.11,21.6019,19.117,34.0771,19.117,21.6019,34.0771,0.01,0.013054,0.007586,0.01647,82.78,0.8278,73.9322,0.739322
2018-11-28 07:00:00,22.5,21.4088,17.4672,33.7289,17.4672,21.4088,33.7289,0.01,0.013373,0.006023,0.016168,81.84,0.8184,74.0763,0.740763
2018-11-28 07:15:00,22.46,22.0333,17.6401,34.007,17.6401,22.0333,34.007,0.01,0.013373,0.006131,0.016309,81.96,0.8196,74.6995,0.746995
2018-11-28 07:30:00,22.93,22.928,16.5794,34.0527,16.5794,22.928,34.0527,0.01,0.013533,0.005896,0.016454,83.42,0.8342,76.667,0.76667
2018-11-28 07:45:00,24.62,25.274,18.4452,34.8142,18.4452,25.274,34.8142,0.01,0.013524,0.006258,0.01673,85.38,0.8538,77.4373,0.774373
2018-11-28 08:00:00,25.09,24.0473,18.5515,34.672,18.5515,24.0473,34.672,0.01,0.013209,0.007908,0.016812,85.98,0.8598,77.3084,0.773084
2018-11-28 08:15:00,54.18,47.1662,46.2866,59.6112,47.1662,46.2866,59.6112,0.02,0.02642,0.022085,0.029615,80.58,0.8058,77.9104,0.779104
2018-11-28 08:30:00,52.27,51.9382,49.4376,58.7194,49.4376,51.9382,58.7194,0.02,0.027231,0.021093,0.031503,78.6,0.786,77.6016,0.776016
2018-11-28 08:45:00,51.88,50.9528,48.8268,56.9225,48.8268,50.9528,56.9225,0.02,0.024471,0.019811,0.029111,83.28,0.8328,79.6822,0.796822
2018-11-28 09:00:00,54.43,54.0242,49.2099,55.3662,49.2099,54.0242,55.3662,0.02,0.022325,0.01906,0.028714,92.5,0.925,91.5534,0.915534
2018-11-28 09:15:00,58.72,57.9842,51.9382,58.2026,51.9382,58.2026,57.9842,0.03,0.026002,0.023217,0.02991,93.64,0.9364,91.7559,0.917559
2018-11-28 09:30:00,52.78,51.6944,45.7007,53.816,45.7007,51.6944,53.816,0.02,0.020275,0.019108,0.028064,94.43,0.9443,92.7744,0.927744
2018-11-28 09:45:00,58.97,58.9942,52.7785,59.4253,52.7785,58.9942,59.4253,0.03,0.02799,0.023037,0.030073,91.59,0.9159,90.1206,0.901206
2018-11-28 10:00:00,51.16,50.6221,45.2152,52.8635,45.2152,50.6221,52.8635,0.02,0.020262,0.019222,0.027331,94.1,0.941,92.7196,0.927196
2018-11-28 10:15:00,50.0,49.2606,45.8761,52.6582,45.8761,49.2606,52.6582,0.02,0.020078,0.018708,0.026913,94.41,0.9441,93.3621,0.933621
2018-11-28 10:30:00,48.56,47.8832,44.776,51.8228,44.776,47.8832,51.8228,0.02,0.020005,0.018448,0.025831,94.5,0.945,93.4141,0.934141
2018-11-28 10:45:00,66.2,65.681,59.7205,66.4738,59.7205,65.681,66.4738,0.03,0.025852,0.024705,0.034795,90.66,0.9066,88.5439,0.885439
2018-11-28 11:00:00,62.1,60.4674,55.107,62.7847,55.107,60.4674,62.7847,0.03,0.030445,0.022624,0.031337,88.85,0.8885,87.4748,0.874748
2018-11-28 11:15:00,51.98,50.6484,45.2488,53.2679,45.2488,50.6484,53.2679,0.02,0.021068,0.018981,0.026518,93.49,0.9349,92.0769,0.920769
2018-11-28 11:30:00,53.89,54.5984,49.6599,56.1577,49.6599,54.5984,56.1577,0.02,0.020906,0.019986,0.028522,91.07,0.9107,89.6855,0.896855
2018-11-28 11:45:00,63.94,63.0094,56.3455,65.2113,56.3455,63.0094,65.2113,0.03,0.028448,0.025906,0.032107,89.6,0.896,87.8148,0.878148
2018-11-28 12:00:00,51.77,50.2257,43.1275,53.6528,43.1275,50.2257,53.6528,0.02,0.02048,0.018501,0.025981,93.59,0.9359,89.6958,0.896957
2018-11-28 12:15:00,8.5,7.8958,5.8391,15.0022,5.8391,7.8958,15.0022,0.0,0.000906,8e-05,0.005804,100.0,1.0,99.8991,0.998991
2018-11-28 12:30:00,6.98,7.5091,5.248,11.4306,5.248,7.5091,11.4306,0.0,0.0,0.0,0.001993,100.0,1.0,99.9697,0.999697
2018-11-28 12:45:00,7.42,7.4976,6.2873,10.2765,6.2873,7.4976,10.2765,0.0,0.0,0.0,0.002033,100.0,1.0,99.9703,0.999703
2018-11-28 13:00:00,8.28,7.9612,6.7949,11.0798,6.7949,7.9612,11.0798,0.0,0.000898,0.0,0.00249,100.0,1.0,99.9914,0.999914
2018-11-28 13:15:00,60.88,57.5209,56.8347,60.2017,56.8347,57.5209,60.2017,0.03,0.028783,0.024384,0.030816,88.84,0.8884,90.2723,0.902723
2018-11-28 13:30:00,71.89,68.8493,66.2017,75.3821,66.2017,68.8493,75.3821,0.03,0.032638,0.028809,0.036153,86.87,0.8687,86.4939,0.864939
2018-11-28 13:45:00,79.24,77.6418,70.2695,83.8354,70.2695,77.6418,83.8354,0.04,0.032829,0.030584,0.039501,87.82,0.8782,86.4927,0.864927
2018-11-28 14:00:00,58.39,56.5394,53.2522,66.5287,53.2522,56.5394,66.5287,0.03,0.030066,0.022487,0.034227,88.35,0.8835,89.3238,0.893238
2018-11-28 14:15:00,84.46,88.0842,79.8254,90.027,79.8254,90.027,88.0842,0.04,0.036624,0.034594,0.040776,85.76,0.8576,86.4402,0.864402
2018-11-28 14:30:00,62.39,63.3355,56.6591,72.7123,56.6591,63.3355,72.7123,0.03,0.031094,0.023925,0.03613,88.81,0.8881,90.0714,0.900714
2018-11-28 14:45:00,92.81,93.2382,85.4119,95.6182,85.4119,93.2382,95.6182,0.04,0.039779,0.037919,0.043321,92.18,0.9218,90.5884,0.905884
2018-11-28 15:00:00,98.53,98.0648,90.754,102.2888,90.754,98.0648,102.2888,0.05,0.044668,0.041017,0.045954,92.76,0.9276,91.0409,0.910409
2018-11-28 15:15:00,105.91,104.2308,98.3293,105.8337,98.3293,104.2308,105.8337,0.05,0.048433,0.044026,0.049378,92.96,0.9296,91.8872,0.918872
2018-11-28 15:30:00,96.91,96.4511,82.7063,97.368,82.7063,96.4511,97.368,0.04,0.041592,0.035615,0.045159,94.49,0.9449,92.8988,0.928988
2018-11-28 15:45:00,65.66,63.3136,59.9317,75.6614,59.9317,63.3136,75.6614,0.03,0.027782,0.025502,0.036292,93.46,0.9346,92.6004,0.926004
2018-11-28 16:00:00,73.44,74.4913,69.3692,86.5666,69.3692,74.4913,86.5666,0.03,0.032964,0.030347,0.039657,90.63,0.9063,89.9016,0.899016
2018-11-28 16:15:00,100.84,100.0491,99.5303,106.358,99.5303,100.0491,106.358,0.05,0.044985,0.042936,0.05119,89.83,0.8983,90.6234,0.906234
2018-11-28 16:30:00,97.63,97.4916,89.9363,100.1908,89.9363,97.4916,100.1908,0.04,0.045354,0.040282,0.047465,90.66,0.9066,90.3703,0.903703
2018-11-28 16:45:00,83.3,83.6502,79.0091,91.5268,79.0091,83.6502,91.5268,0.04,0.039326,0.035646,0.04435,90.18,0.9018,90.6109,0.906109
2018-11-28 17:00:00,111.78,112.117,107.2132,117.1623,107.2132,112.117,117.1623,0.05,0.052944,0.047633,0.054451,88.67,0.8867,89.3768,0.893768
2018-11-28 17:15:00,83.74,83.4642,77.4968,91.1616,77.4968,83.4642,91.1616,0.04,0.036587,0.032502,0.041617,92.41,0.9241,91.9191,0.919191
2018-11-28 17:30:00,90.11,94.2592,84.9045,98.5185,84.9045,94.2592,98.5185,0.04,0.040855,0.037553,0.044676,92.39,0.9239,91.7391,0.917391
2018-11-28 17:45:00,37.91,38.7195,31.0565,49.8265,31.0565,38.7195,49.8265,0.02,0.019752,0.01108,0.022735,99.9,0.999,99.8149,0.998149
2018-11-28 18:00:00,31.68,31.832,29.5574,40.9828,29.5574,31.832,40.9828,0.01,0.019794,0.010922,0.020591,99.13,0.9913,98.027,0.98027
2018-11-28 18:15:00,35.17,38.1082,35.5507,48.3511,35.5507,38.1082,48.3511,0.02,0.019603,0.012061,0.023462,92.77,0.9277,93.5566,0.935566
2018-11-28 18:30:00,60.73,58.5737,47.1687,64.8152,47.1687,58.5737,64.8152,0.03,0.028741,0.019639,0.0318,89.73,0.8973,87.84,0.8784
2018-11-28 18:45:00,50.44,49.7973,44.3516,52.7022,44.3516,49.7973,52.7022,0.02,0.020595,0.018805,0.026854,93.28,0.9328,92.6775,0.926775
2018-11-28 19:00:00,62.21,61.3362,55.7443,62.4372,55.7443,61.3362,62.4372,0.03,0.025192,0.024484,0.032205,91.83,0.9183,90.1671,0.901671
2018-11-28 19:15:00,50.65,48.5538,41.7413,52.5402,41.7413,48.5538,52.5402,0.02,0.020249,0.018094,0.025769,96.03,0.9603,93.9092,0.939092
2018-11-28 19:30:00,54.07,53.7465,49.4404,55.6484,49.4404,53.7465,55.6484,0.02,0.020669,0.019567,0.027985,92.61,0.9261,91.5282,0.915282
2018-11-28 19:45:00,40.86,39.7194,35.0935,44.5243,35.0935,39.7194,44.5243,0.02,0.01997,0.013457,0.023317,97.77,0.9777,95.1538,0.951538
2018-11-28 20:00:00,50.8,50.7363,44.5484,53.4106,44.5484,50.7363,53.4106,0.02,0.020806,0.019387,0.024899,96.23,0.9623,94.2537,0.942537
2018-11-28 20:15:00,49.82,47.5461,43.195,51.6135,43.195,47.5461,51.6135,0.02,0.020004,0.018665,0.026394,96.45,0.9645,94.568,0.94568
2018-11-28 20:30:00,41.44,39.0458,34.6441,44.7792,34.6441,39.0458,44.7792,0.02,0.019961,0.014145,0.0236,97.83,0.9783,95.1572,0.951572
2018-11-28 20:45:00,20.45,21.5876,17.1476,26.6303,17.1476,21.5876,26.6303,0.01,0.010658,0.003554,0.012677,99.55,0.9955,98.5677,0.985677
2018-11-28 21:00:00,8.86,8.7808,4.5118,12.8196,4.5118,8.7808,12.8196,0.0,0.006551,0.0,0.007266,100.0,1.0,100.0129,1.000129
2018-11-28 21:15:00,6.34,6.4025,4.441,10.243,4.441,6.4025,10.243,0.0,0.0,0.0,0.002071,100.0,1.0,99.9985,0.999985
2018-11-28 21:30:00,5.54,5.4001,4.8195,9.5502,4.8195,5.4001,9.5502,0.0,1.5e-05,0.0,0.002017,100.0,1.0,99.9985,0.999985
2018-11-28 21:45:00,5.54,5.334,4.8978,9.2438,4.8978,5.334,9.2438,0.0,4.1e-05,0.0,0.001987,100.0,1.0,99.9985,0.999985
2018-11-28 22:00:00,5.54,5.372,4.8943,9.0423,4.8943,5.372,9.0423,0.0,0.0,0.0,0.001997,100.0,1.0,99.9738,0.999738
2018-11-28 22:15:00,5.18,4.9849,4.7979,9.9175,4.7979,4.9849,9.9175,0.0,0.002158,0.0,0.004776,69.49,0.6949,67.8439,0.678439
2018-11-28 22:30:00,5.22,5.1864,4.8109,9.1008,4.8109,5.1864,9.1008,0.0,0.001972,0.0,0.002785,69.04,0.6904,60.0867,0.600867
2018-11-28 22:45:00,5.15,5.1227,4.7694,9.0904,4.7694,5.1227,9.0904,0.0,0.001972,0.0,0.003265,69.76,0.6976,59.8329,0.598329
2018-11-28 23:00:00,5.11,5.1206,4.7801,9.0904,4.7801,5.1206,9.0904,0.0,0.001972,0.0,0.002832,71.48,0.7148,61.2231,0.612231
2018-11-28 23:15:00,5.11,5.1426,4.7937,9.0904,4.7937,5.1426,9.0904,0.0,0.0,0.0,0.001972,75.34,0.7534,62.5421,0.625421
2018-11-28 23:30:00,4.61,4.5912,4.4962,9.0373,4.4962,4.5912,9.0373,0.0,0.0,0.0,0.001972,73.84,0.7384,63.9975,0.639975
2018-11-28 23:45:00,3.92,4.1195,3.8064,8.6765,3.8064,4.1195,8.6765,0.0,0.001972,0.0,0.002447,69.37,0.6937,64.0551,0.640551
2018-11-29 00:00:00,4.07,4.0935,3.8764,8.1062,3.8764,4.0935,8.1062,0.0,0.000162,0.0,0.002276,69.16,0.6916,69.3664,0.693664
2018-11-29 00:15:00,3.89,4.4257,3.7643,8.193,3.7643,4.4257,8.193,0.0,0.0,0.0,0.002007,66.92,0.6692,67.1178,0.671178
2018-11-29 00:30:00,4.03,4.5561,3.7853,8.0833,3.7853,4.5561,8.0833,0.0,0.0,0.0,0.001972,66.14,0.6614,64.8931,0.648931
2018-11-29 00:45:00,4.0,4.4739,3.7536,8.1311,3.7536,4.4739,8.1311,0.0,0.0,0.0,0.001972,64.97,0.6497,62.4045,0.624045
2018-11-29 01:00:00,4.0,4.4693,3.7541,8.105,3.7541,4.4693,8.105,0.0,0.0,0.0,0.001972,65.86,0.6586,63.3182,0.633182
2018-11-29 01:15:00,4.0,4.453,3.7541,8.105,3.7541,4.453,8.105,0.0,0.0,0.0,0.001972,66.11,0.6611,62.6851,0.626851
2018-11-29 01:30:00,4.0,4.508,3.8177,8.1236,3.8177,4.508,8.1236,0.0,0.0,0.0,0.001972,65.54,0.6554,62.0304,0.620304
2018-11-29 01:45:00,4.1,4.6011,3.8649,8.1269,3.8649,4.6011,8.1269,0.0,0.0,0.0,0.001972,63.11,0.6311,60.5445,0.605445
2018-11-29 02:00:00,4.0,4.5344,3.8518,8.3355,3.8518,4.5344,8.3355,0.0,0.0,0.0,0.001972,65.29,0.6529,61.9067,0.619067
2018-11-29 02:15:00,3.96,4.4807,3.7961,8.1236,3.7961,4.4807,8.1236,0.0,0.0,0.0,0.001972,65.49,0.6549,62.4171,0.624171
2018-11-29 02:30:00,4.03,4.5136,3.8242,8.0666,3.8242,4.5136,8.0666,0.0,0.0,0.0,0.001972,65.25,0.6525,62.6618,0.626618
2018-11-29 02:45:00,4.03,4.515,3.8306,8.1447,3.8306,4.515,8.1447,0.0,0.0,0.0,0.001972,61.4,0.614,59.0617,0.590617
2018-11-29 03:00:00,4.79,5.187,4.3191,8.4659,4.3191,5.187,8.4659,0.0,0.0,0.0,0.001972,66.08,0.6608,60.8871,0.608871
2018-11-29 03:15:00,5.15,5.5952,4.4299,8.993,4.4299,5.5952,8.993,0.0,0.001972,0.0,0.002632,66.4,0.664,65.6213,0.656213
2018-11-29 03:30:00,4.18,4.7054,4.0597,8.9541,4.0597,4.7054,8.9541,0.0,0.002007,0.0,0.002654,65.75,0.6575,68.7184,0.687184
2018-11-29 03:45:00,4.0,4.5957,3.8412,8.4161,3.8412,4.5957,8.4161,0.0,0.000832,0.0,0.002007,61.34,0.6134,65.1139,0.651139
2018-11-29 04:00:00,4.0,4.5727,3.8397,8.1854,3.8397,4.5727,8.1854,0.0,0.0,0.0,0.002007,62.7,0.627,66.1381,0.661381
2018-11-29 04:15:00,4.07,4.6595,3.8688,8.1624,3.8688,4.6595,8.1624,0.0,0.0,0.0,0.002007,64.52,0.6452,64.9563,0.649563
2018-11-29 04:30:00,3.71,4.2475,3.6331,8.1528,3.6331,4.2475,8.1528,0.0,0.0,0.0,0.001972,66.11,0.6611,63.6873,0.636873
2018-11-29 04:45:00,3.35,3.9408,3.3083,7.9495,3.3083,3.9408,7.9495,0.0,0.0,0.0,0.001972,68.84,0.6884,65.0699,0.650699
2018-11-29 05:00:00,3.35,3.8794,3.1999,7.7755,3.1999,3.8794,7.7755,0.0,0.0,0.0,0.001972,68.84,0.6884,65.1152,0.651152
2018-11-29 05:15:00,3.38,3.9173,3.2205,7.7664,3.2205,3.9173,7.7664,0.0,0.0,0.0,0.001972,68.85,0.6885,65.1934,0.651934
2018-11-29 05:30:00,3.46,4.0417,3.2559,7.7432,3.2559,4.0417,7.7432,0.0,0.0,0.0,0.001972,67.52,0.6752,64.2912,0.642912
2018-11-29 05:45:00,3.38,3.889,3.2151,7.7511,3.2151,3.889,7.7511,0.0,0.0,0.0,0.001972,66.27,0.6627,62.9123,0.629123
2018-11-29 06:00:00,3.38,3.9356,3.1999,7.7398,3.1999,3.9356,7.7398,0.0,0.0,0.0,0.001972,68.05,0.6805,64.4786,0.644786
2018-11-29 06:15:00,3.35,3.9057,3.1985,7.7613,3.1985,3.9057,7.7613,0.0,0.0,0.0,0.001972,71.13,0.7113,67.245,0.67245
2018-11-29 06:30:00,3.31,3.8339,3.1746,7.7398,3.1746,3.8339,7.7398,0.0,0.0,0.0,0.001972,74.21,0.7421,70.6954,0.706954
2018-11-29 06:45:00,3.71,4.2561,3.4416,7.8424,3.4416,4.2561,7.8424,0.0,0.0,0.0,0.001972,70.43,0.7043,65.4477,0.654476
2018-11-29 07:00:00,4.68,5.1796,4.0101,8.2329,4.0101,5.1796,8.2329,0.0,0.0,0.0,0.001972,72.39,0.7239,62.9338,0.629338
2018-11-29 07:15:00,3.89,4.4387,3.4073,8.4975,3.4073,4.4387,8.4975,0.0,0.002007,0.0,0.00231,67.26,0.6726,62.0514,0.620514
2018-11-29 07:30:00,4.25,4.632,3.6075,8.0613,3.6075,4.632,8.0613,0.0,0.0,0.0,0.002007,71.97,0.7197,66.3744,0.663744
2018-11-29 07:45:00,5.62,6.0461,4.6126,8.7645,4.6126,6.0461,8.7645,0.0,0.001704,0.0,0.002007,80.79,0.8079,70.8155,0.708155
2018-11-29 08:00:00,5.69,5.8786,5.3558,10.5137,5.3558,5.8786,10.5137,0.0,0.002392,0.0,0.003994,83.77,0.8377,79.4936,0.794936
2018-11-29 08:15:00,41.58,40.3868,33.5203,44.5262,33.5203,40.3868,44.5262,0.02,0.019905,0.014588,0.021965,81.37,0.8137,77.6294,0.776294
2018-11-29 08:30:00,73.98,73.5139,66.4015,80.1293,66.4015,73.5139,80.1293,0.03,0.030297,0.029004,0.036925,79.8,0.798,77.0586,0.770586
2018-11-29 08:45:00,88.06,80.3859,77.7279,88.4014,77.7279,80.3859,88.4014,0.04,0.034331,0.033223,0.041345,91.81,0.9181,82.6896,0.826897
2018-11-29 09:00:00,100.58,95.4822,83.0887,95.9024,83.0887,95.4822,95.9024,0.05,0.041835,0.037013,0.046096,96.49,0.9649,94.4634,0.944634
2018-11-29 09:15:00,82.08,76.3632,64.7493,83.2036,64.7493,76.3632,83.2036,0.04,0.036753,0.030725,0.040548,97.91,0.9791,95.3072,0.953072
2018-11-29 09:30:00,102.82,98.2243,90.3842,101.9414,90.3842,98.2243,101.9414,0.05,0.046886,0.039382,0.04769,95.88,0.9588,94.8575,0.948575
2018-11-29 09:45:00,128.41,123.66,111.4834,124.764,111.4834,124.764,123.66,0.06,0.054809,0.049657,0.060053,93.32,0.9332,91.1119,0.911119
2018-11-29 10:00:00,104.26,97.235,83.1112,98.8556,83.1112,97.235,98.8556,0.05,0.042662,0.034483,0.043105,95.41,0.9541,92.2749,0.922749
2018-11-29 10:15:00,104.9,103.3878,92.926,103.9199,92.926,103.9199,103.3878,0.05,0.047742,0.040805,0.048586,95.03,0.9503,93.1339,0.931339
2018-11-29 10:30:00,116.71,114.5256,107.2273,115.8712,107.2273,114.5256,115.8712,0.05,0.052406,0.047447,0.05609,93.64,0.9364,92.1446,0.921446
2018-11-29 10:45:00,93.02,89.3623,79.5412,93.7697,79.5412,89.3623,93.7697,0.04,0.041565,0.032629,0.04326,94.57,0.9457,92.3418,0.923418
2018-11-29 11:00:00,56.05,56.659,45.424,68.4369,45.424,56.659,68.4369,0.03,0.02507,0.019502,0.034702,96.99,0.9699,95.0618,0.950618
2018-11-29 11:15:00,55.55,55.1342,50.8686,64.1578,50.8686,55.1342,64.1578,0.03,0.022261,0.020167,0.032952,96.55,0.9655,93.6638,0.936638
2018-11-29 11:30:00,57.35,55.7989,50.7556,64.0745,50.7556,55.7989,64.0745,0.03,0.023246,0.021698,0.032922,95.86,0.9586,93.5779,0.935779
2018-11-29 11:45:00,64.58,63.5193,57.3171,72.9829,57.3171,63.5193,72.9829,0.03,0.028669,0.026447,0.034254,92.04,0.9204,90.7368,0.907368
2018-11-29 12:00:00,46.01,43.8074,32.3308,50.5009,32.3308,43.8074,50.5009,0.02,0.019983,0.012523,0.0241,98.16,0.9816,94.3568,0.943568
2018-11-29 12:15:00,9.36,7.2272,5.9908,14.0636,5.9908,7.2272,14.0636,0.0,0.001032,0.0,0.005846,99.96,0.9996,99.8936,0.998936
2018-11-29 12:30:00,6.84,6.4016,4.8818,10.2906,4.8818,6.4016,10.2906,0.0,0.0,0.0,0.001921,100.0,1.0,99.9697,0.999697
2018-11-29 12:45:00,6.19,6.374,5.4879,9.8903,5.4879,6.374,9.8903,0.0,0.0,0.0,0.002023,100.0,1.0,99.9712,0.999712
2018-11-29 13:00:00,6.34,6.5416,5.8496,9.7306,5.8496,6.5416,9.7306,0.0,0.0,0.0,0.00201,100.0,1.0,100.0013,1.000013
2018-11-29 13:15:00,40.21,40.4511,37.1918,44.7742,37.1918,40.4511,44.7742,0.02,0.019759,0.018011,0.023389,93.15,0.9315,93.6395,0.936395
2018-11-29 13:30:00,62.24,60.8,51.4401,62.9312,51.4401,60.8,62.9312,0.03,0.026876,0.02103,0.03215,90.79,0.9079,88.8269,0.888269
2018-11-29 13:45:00,77.36,76.6422,71.5966,79.9594,71.5966,76.6422,79.9594,0.04,0.034618,0.031263,0.038436,86.46,0.8646,85.2043,0.852043
2018-11-29 14:00:00,64.76,65.2425,55.7518,69.7587,55.7518,65.2425,69.7587,0.03,0.031354,0.023579,0.036933,87.94,0.8794,88.161,0.88161
2018-11-29 14:15:00,57.28,56.1122,50.5115,60.1885,50.5115,56.1122,60.1885,0.03,0.02808,0.021039,0.030884,89.99,0.8999,89.2405,0.892405
2018-11-29 14:30:00,50.54,50.5848,46.3938,54.1407,46.3938,50.5848,54.1407,0.02,0.020397,0.019355,0.028354,92.51,0.9251,91.9979,0.919979
2018-11-29 14:45:00,59.51,59.5731,53.2005,61.5052,53.2005,59.5731,61.5052,0.03,0.024343,0.02411,0.031907,90.16,0.9016,89.1056,0.891056
2018-11-29 15:00:00,57.46,56.13,51.2177,58.4053,51.2177,56.13,58.4053,0.03,0.023024,0.022048,0.029962,90.0,0.9,89.0407,0.890407
2018-11-29 15:15:00,59.69,59.3387,53.6858,60.4715,53.6858,59.3387,60.4715,0.03,0.025176,0.023135,0.030231,90.49,0.9049,89.3007,0.893007
2018-11-29 15:30:00,57.67,57.0698,51.2177,58.7689,51.2177,57.0698,58.7689,0.03,0.02302,0.022099,0.030013,89.66,0.8966,88.6481,0.886481
2018-11-29 15:45:00,66.2,64.7003,60.0812,67.2657,60.0812,64.7003,67.2657,0.03,0.029915,0.026979,0.031522,89.22,0.8922,87.714,0.87714
2018-11-29 16:00:00,63.5,61.303,55.0818,64.3612,55.0818,61.303,64.3612,0.03,0.029881,0.023434,0.031662,89.96,0.8996,88.2929,0.882929
2018-11-29 16:15:00,50.36,51.4149,46.9461,54.0197,46.9461,51.4149,54.0197,0.02,0.020657,0.019221,0.026303,91.76,0.9176,91.4363,0.914363
2018-11-29 16:30:00,70.24,68.6441,63.9155,70.6468,63.9155,68.6441,70.6468,0.03,0.031072,0.027284,0.03705,89.33,0.8933,87.713,0.87713
2018-11-29 16:45:00,59.22,57.7542,51.8631,60.6138,51.8631,57.7542,60.6138,0.03,0.027169,0.021117,0.031752,91.43,0.9143,90.0151,0.900151
2018-11-29 17:00:00,56.88,56.3902,50.6286,57.8033,50.6286,56.3902,57.8033,0.03,0.022981,0.021594,0.02961,91.47,0.9147,90.0572,0.900572
2018-11-29 17:15:00,59.8,59.486,53.4439,59.9849,53.4439,59.486,59.9849,0.03,0.025326,0.023128,0.029951,92.7,0.927,91.0934,0.910934
2018-11-29 17:30:00,51.7,47.715,44.7637,51.8092,44.7637,47.715,51.8092,0.02,0.020132,0.018671,0.026695,95.78,0.9578,95.6308,0.956308
2018-11-29 17:45:00,33.59,31.0901,28.5303,36.1622,28.5303,31.0901,36.1622,0.02,0.018715,0.010759,0.019858,100.0,1.0,100.0508,1.000508
2018-11-29 18:00:00,33.05,32.6451,30.8258,36.4231,30.8258,32.6451,36.4231,0.02,0.01934,0.010694,0.019918,99.38,0.9938,98.034,0.98034
2018-11-29 18:15:00,43.99,44.3468,40.4958,47.5702,40.4958,44.3468,47.5702,0.02,0.020055,0.016977,0.024433,90.63,0.9063,91.1095,0.911095
2018-11-29 18:30:00,46.91,46.0996,44.0812,49.7879,44.0812,46.0996,49.7879,0.02,0.020005,0.018383,0.023281,91.18,0.9118,91.167,0.91167
2018-11-29 18:45:00,59.83,58.196,54.246,58.8869,54.246,58.196,58.8869,0.03,0.023323,0.021988,0.029534,93.58,0.9358,91.4185,0.914185
2018-11-29 19:00:00,51.88,50.3815,45.5277,53.433,45.5277,50.3815,53.433,0.02,0.020227,0.018836,0.027432,92.25,0.9225,91.4301,0.914301
2018-11-29 19:15:00,39.89,37.5806,33.6519,43.0831,33.6519,37.5806,43.0831,0.02,0.019888,0.013047,0.021638,98.49,0.9849,95.1035,0.951035
2018-11-29 19:30:00,39.49,38.6733,34.6542,42.4275,34.6542,38.6733,42.4275,0.02,0.01999,0.015132,0.020743,97.78,0.9778,94.7641,0.947641
2018-11-29 19:45:00,63.5,61.2902,51.4128,62.5644,51.4128,61.2902,62.5644,0.03,0.026348,0.021127,0.031805,92.14,0.9214,89.9334,0.899334
2018-11-29 20:00:00,40.57,40.0364,30.4153,46.5627,30.4153,40.0364,46.5627,0.02,0.019848,0.012778,0.022287,97.98,0.9798,95.1895,0.951895
2018-11-29 20:15:00,39.82,38.8193,35.4784,42.3456,35.4784,38.8193,42.3456,0.02,0.019988,0.0153,0.020736,97.87,0.9787,94.7641,0.947641
2018-11-29 20:30:00,54.07,52.6746,46.9676,55.508,46.9676,52.6746,55.508,0.02,0.020851,0.019752,0.026748,94.1,0.941,92.7146,0.927147
2018-11-29 20:45:00,33.41,32.6859,30.098,37.032,30.098,32.6859,37.032,0.02,0.018935,0.009829,0.019896,99.44,0.9944,98.3669,0.983669
2018-11-29 21:00:00,27.68,29.741,27.0358,33.6164,27.0358,29.741,33.6164,0.01,0.018198,0.008896,0.019877,99.99,0.9999,100.0228,1.000228
2018-11-29 21:15:00,5.72,6.141,4.854,11.8233,4.854,6.141,11.8233,0.0,0.0,0.0,0.002606,100.0,1.0,100.011,1.00011
2018-11-29 21:30:00,5.69,5.4424,5.1112,9.5553,5.1112,5.4424,9.5553,0.0,0.0,0.0,0.002028,100.0,1.0,99.9985,0.999985
2018-11-29 21:45:00,5.65,5.1851,4.9357,9.0902,4.9357,5.1851,9.0902,0.0,0.0,0.0,0.001942,100.0,1.0,99.9985,0.999985
2018-11-29 22:00:00,4.61,4.4124,4.3332,9.0238,4.3332,4.4124,9.0238,0.0,0.0,0.0,0.001946,100.0,1.0,99.9738,0.999738
2018-11-29 22:15:00,4.21,4.1317,4.0984,9.1024,4.0984,4.1317,9.1024,0.0,0.001984,0.0,0.011896,61.49,0.6149,71.8549,0.718549
2018-11-29 22:30:00,4.14,4.1548,3.9828,8.3761,3.9828,4.1548,8.3761,0.0,0.001489,0.0,0.001973,60.35,0.6035,58.49,0.5849
2018-11-29 22:45:00,4.18,4.1807,4.0087,8.3761,4.0087,4.1807,8.3761,0.0,0.001183,0.0,0.001973,61.21,0.6121,58.0217,0.580217
2018-11-29 23:00:00,4.03,4.083,3.943,8.3531,3.943,4.083,8.3531,0.0,0.000749,0.0,0.001937,60.82,0.6082,55.6428,0.556428
2018-11-29 23:15:00,4.03,4.0465,3.8259,8.1368,3.8259,4.0465,8.1368,0.0,7.5e-05,0.0,0.001937,65.82,0.6582,59.239,0.59239
2018-11-29 23:30:00,3.96,3.9915,3.7823,8.1368,3.7823,3.9915,8.1368,0.0,2e-06,0.0,0.001937,69.47,0.6947,62.8315,0.628315
2018-11-29 23:45:00,4.0,4.008,3.7936,8.0537,3.7936,4.008,8.0537,0.0,0.0,0.0,0.001937,70.45,0.7045,62.2868,0.622868
2018-11-30 00:00:00,3.96,3.9101,3.7533,8.099,3.7533,3.9101,8.099,0.0,0.0,0.0,0.00224,84.37,0.8437,74.56,0.7456
2018-11-30 00:15:00,4.07,4.001,3.8456,8.0325,3.8456,4.001,8.0325,0.0,2.3e-05,0.0,0.001937,67.08,0.6708,63.8185,0.638185
2018-11-30 00:30:00,4.0,3.8881,3.808,8.1024,3.808,3.8881,8.1024,0.0,2.5e-05,0.0,0.001937,65.54,0.6554,61.9443,0.619443
2018-11-30 00:45:00,4.0,3.9374,3.8005,8.0763,3.8005,3.9374,8.0763,0.0,2.5e-05,0.0,0.001937,64.1,0.641,60.4702,0.604702
2018-11-30 01:00:00,4.0,3.9374,3.8005,8.0763,3.8005,3.9374,8.0763,0.0,2.5e-05,0.0,0.001937,65.29,0.6529,61.486,0.61486
2018-11-30 01:15:00,4.97,4.8626,4.3754,8.4185,4.3754,4.8626,8.4185,0.0,2.5e-05,0.0,0.001937,71.21,0.7121,63.902,0.63902
2018-11-30 01:30:00,5.18,5.008,4.5538,8.8728,4.5538,5.008,8.8728,0.0,0.001973,0.0,0.002537,72.65,0.7265,71.0884,0.710884
2018-11-30 01:45:00,4.0,3.8685,3.8575,8.8916,3.8575,3.8685,8.8916,0.0,0.001973,0.0,0.002661,64.41,0.6441,69.2337,0.692337
2018-11-30 02:00:00,4.0,4.031,3.8308,8.1551,3.8308,4.031,8.1551,0.0,0.0,0.0,0.001973,63.55,0.6355,65.5315,0.655315
2018-11-30 02:15:00,4.1,4.1338,3.8779,8.1432,3.8779,4.1338,8.1432,0.0,0.0,0.0,0.001973,61.77,0.6177,63.4099,0.634099
2018-11-30 02:30:00,4.1,4.1323,3.9072,8.3321,3.9072,4.1323,8.3321,0.0,0.001065,0.0,0.001973,62.06,0.6206,62.3387,0.623387
2018-11-30 02:45:00,4.07,4.1076,3.8599,8.3226,3.8599,4.1076,8.3226,0.0,0.0,0.0,0.001937,63.13,0.6313,61.5023,0.615023
2018-11-30 03:00:00,3.85,3.8926,3.7452,8.1322,3.7452,3.8926,8.1322,0.0,3.8e-05,0.0,0.001937,64.43,0.6443,62.8023,0.628023
2018-11-30 03:15:00,3.46,3.4659,3.4401,7.9621,3.4401,3.4659,7.9621,0.0,0.0,0.0,0.001937,67.52,0.6752,63.9286,0.639286
2018-11-30 03:30:00,3.42,3.4099,3.3145,7.7661,3.3145,3.4099,7.7661,0.0,3e-05,0.0,0.001937,68.87,0.6887,64.9653,0.649653
2018-11-30 03:45:00,3.46,3.4744,3.3104,7.757,3.3104,3.4744,7.757,0.0,0.0,0.0,0.001937,68.2,0.682,64.5875,0.645875
2018-11-30 04:00:00,3.42,3.4099,3.2665,7.7519,3.2665,3.4099,7.7519,0.0,0.0,0.0,0.001937,68.47,0.6847,64.7822,0.647822
2018-11-30 04:15:00,3.42,3.4202,3.2899,7.7304,3.2899,3.4202,7.7304,0.0,0.0,0.0,0.001937,68.17,0.6817,63.7702,0.637702
2018-11-30 04:30:00,3.46,3.4744,3.3073,7.7304,3.3073,3.4744,7.7304,0.0,0.0,0.0,0.001937,69.29,0.6929,64.9739,0.649739
2018-11-30 04:45:00,3.46,3.4373,3.2888,7.7304,3.2888,3.4373,7.7304,0.0,0.0,0.0,0.001937,69.29,0.6929,64.3329,0.643329
2018-11-30 05:00:00,3.46,3.4373,3.2888,7.7304,3.2888,3.4373,7.7304,0.0,0.0,0.0,0.001937,69.29,0.6929,64.3329,0.643329
2018-11-30 05:15:00,3.46,3.4373,3.2888,7.7304,3.2888,3.4373,7.7304,0.0,0.0,0.0,0.001937,67.91,0.6791,63.6564,0.636564
2018-11-30 05:30:00,3.92,3.8729,3.5515,7.8718,3.5515,3.8729,7.8718,0.0,0.0,0.0,0.001937,62.24,0.6224,57.5023,0.575023
2018-11-30 05:45:00,4.93,4.7379,4.2055,8.2799,4.2055,4.7379,8.2799,0.0,0.0,0.0,0.001937,67.9,0.679,61.5839,0.615839
2018-11-30 06:00:00,5.11,4.8409,4.2467,8.7338,4.2467,4.8409,8.7338,0.0,0.001973,0.0,0.002503,70.43,0.7043,67.6439,0.676439
2018-11-30 06:15:00,3.67,3.6878,3.4945,8.8295,3.4945,3.6878,8.8295,0.0,0.001984,0.0,0.002673,69.0,0.69,71.6639,0.716639
2018-11-30 06:30:00,3.42,3.53,3.408,7.9968,3.408,3.53,7.9968,0.0,0.0,0.0,0.001973,72.17,0.7217,71.5909,0.715909
2018-11-30 06:45:00,3.31,3.4281,3.238,7.8307,3.238,3.4281,7.8307,0.0,0.0,0.0,0.001984,71.9,0.719,71.6509,0.716509
2018-11-30 07:00:00,3.35,3.4054,3.185,7.7333,3.185,3.4054,7.7333,0.0,0.0,0.0,0.001984,71.13,0.7113,69.3671,0.693671
2018-11-30 07:15:00,3.28,3.2947,3.1563,7.6975,3.1563,3.2947,7.6975,0.0,0.0,0.0,0.001937,71.91,0.7191,67.6734,0.676734
2018-11-30 07:30:00,3.74,3.7426,3.4509,7.8333,3.4509,3.7426,7.8333,0.0,0.0,0.0,0.001937,72.72,0.7272,66.4868,0.664868
2018-11-30 07:45:00,5.22,5.1653,4.4504,8.2824,4.4504,5.1653,8.2824,0.0,0.0,0.0,0.001932,76.75,0.7675,66.7151,0.667151
2018-11-30 08:00:00,5.33,5.0214,4.7148,8.8471,4.7148,5.0214,8.8471,0.0,0.002127,0.0,0.002821,81.86,0.8186,76.9418,0.769418
2018-11-30 08:15:00,35.57,35.8179,27.3445,38.3674,27.3445,35.8179,38.3674,0.02,0.019093,0.013612,0.020224,81.16,0.8116,77.0449,0.770449
2018-11-30 08:30:00,62.71,61.2799,53.4316,67.3485,53.4316,61.2799,67.3485,0.03,0.026742,0.022954,0.032822,79.7,0.797,76.4083,0.764083
2018-11-30 08:45:00,63.18,60.8159,57.9995,66.292,57.9995,60.8159,66.292,0.03,0.030368,0.025015,0.032545,82.37,0.8237,78.0602,0.780602
2018-11-30 09:00:00,68.11,66.1246,60.3627,67.1537,60.3627,66.1246,67.1537,0.03,0.026878,0.024722,0.032152,91.0,0.91,88.9162,0.889162
2018-11-30 09:15:00,51.48,48.876,43.9945,55.5635,43.9945,48.876,55.5635,0.02,0.020656,0.018935,0.027357,95.04,0.9504,93.3554,0.933554
2018-11-30 09:30:00,57.67,57.0758,52.0152,59.0674,52.0152,57.0758,59.0674,0.03,0.027265,0.022177,0.029799,92.34,0.9234,91.0108,0.910108
2018-11-30 09:45:00,59.26,59.2542,52.8819,59.49,52.8819,59.2542,59.49,0.03,0.023105,0.022695,0.029974,91.56,0.9156,90.0474,0.900474
2018-11-30 10:00:00,63.22,62.0706,56.8239,63.6945,56.8239,62.0706,63.6945,0.03,0.026588,0.0252,0.030736,89.65,0.8965,88.3005,0.883005
2018-11-30 10:15:00,49.21,48.1832,43.4093,53.1739,43.4093,48.1832,53.1739,0.02,0.020094,0.018601,0.026028,94.7,0.947,93.5272,0.935272
2018-11-30 10:30:00,60.34,60.1066,55.7647,62.2566,55.7647,60.1066,62.2566,0.03,0.024953,0.023781,0.031873,88.82,0.8882,88.0151,0.880151
2018-11-30 10:45:00,73.26,70.5344,66.8815,74.0879,66.8815,70.5344,74.0879,0.03,0.031532,0.029267,0.035482,88.81,0.8881,87.2227,0.872227
2018-11-30 11:00:00,60.34,57.9701,52.8926,61.4392,52.8926,57.9701,61.4392,0.03,0.0242,0.020928,0.032054,91.24,0.9124,90.2482,0.902482
2018-11-30 11:15:00,69.62,67.3066,62.8415,70.6979,62.8415,67.3066,70.6979,0.03,0.030419,0.027883,0.033595,89.41,0.8941,88.0385,0.880385
2018-11-30 11:30:00,54.18,53.2436,48.3216,57.6817,48.3216,53.2436,57.6817,0.02,0.021454,0.019525,0.029579,92.91,0.9291,91.9615,0.919615
2018-11-30 11:45:00,49.32,49.7233,44.2763,53.3912,44.2763,49.7233,53.3912,0.02,0.020083,0.018696,0.028402,93.22,0.9322,92.2986,0.922986
2018-11-30 12:00:00,61.06,59.8953,55.4748,63.2802,55.4748,59.8953,63.2802,0.03,0.026844,0.023748,0.031952,87.44,0.8744,84.6488,0.846488
2018-11-30 12:15:00,5.65,4.906,4.8599,18.3129,4.8599,4.906,18.3129,0.0,0.0,0.0,0.005054,100.0,1.0,99.7152,0.997152
2018-11-30 12:30:00,6.34,6.5907,5.6334,9.7676,5.6334,6.5907,9.7676,0.0,0.0,0.0,0.002041,100.0,1.0,99.9683,0.999683
2018-11-30 12:45:00,6.48,6.168,5.775,9.7353,5.775,6.168,9.7353,0.0,0.0,0.0,0.002,100.0,1.0,99.9727,0.999727
2018-11-30 13:00:00,6.41,6.1601,5.7457,9.9669,5.7457,6.1601,9.9669,0.0,0.0,0.0,0.002004,100.0,1.0,100.0058,1.000058
2018-11-30 13:15:00,41.76,42.121,37.722,44.1892,37.722,42.121,44.1892,0.02,0.019677,0.017452,0.022419,92.21,0.9221,92.8639,0.928639
2018-11-30 13:30:00,62.96,60.3841,51.9763,62.812,51.9763,60.3841,62.812,0.03,0.025897,0.021457,0.032322,93.68,0.9368,91.2685,0.912685
2018-11-30 13:45:00,50.72,48.4119,42.678,53.9403,42.678,48.4119,53.9403,0.02,0.020129,0.017971,0.026496,96.72,0.9672,94.6173,0.946173
2018-11-30 14:00:00,48.24,46.6119,41.8306,50.9319,41.8306,46.6119,50.9319,0.02,0.020004,0.018143,0.026822,95.98,0.9598,94.466,0.94466
2018-11-30 14:15:00,50.29,50.4504,44.7268,52.7294,44.7268,50.4504,52.7294,0.02,0.020012,0.018894,0.023894,95.8,0.958,94.1067,0.941067
2018-11-30 14:30:00,51.77,49.9815,44.9364,53.2971,44.9364,49.9815,53.2971,0.02,0.020009,0.018894,0.026165,96.26,0.9626,94.402,0.94402
2018-11-30 14:45:00,52.96,52.6726,47.2268,53.305,47.2268,52.6726,53.305,0.02,0.020024,0.019641,0.027277,94.64,0.9464,93.3675,0.933675
2018-11-30 15:00:00,44.71,44.0489,40.6456,49.9607,40.6456,44.0489,49.9607,0.02,0.020029,0.018068,0.025653,95.97,0.9597,94.8346,0.948346
2018-11-30 15:15:00,51.19,48.5376,44.9285,52.7072,44.9285,48.5376,52.7072,0.02,0.020027,0.019459,0.024709,95.83,0.9583,93.9696,0.939696
2018-11-30 15:30:00,42.77,41.5308,37.2343,47.6785,37.2343,41.5308,47.6785,0.02,0.019968,0.016069,0.024562,96.76,0.9676,95.1093,0.951093
2018-11-30 15:45:00,41.72,41.0853,36.2734,44.8513,36.2734,41.0853,44.8513,0.02,0.019993,0.016254,0.021702,97.72,0.9772,94.8934,0.948934
2018-11-30 16:00:00,45.72,43.8126,38.8631,46.3174,38.8631,43.8126,46.3174,0.02,0.019997,0.016597,0.022024,97.89,0.9789,94.8638,0.948638
2018-11-30 16:15:00,67.68,64.4733,58.9117,68.1818,58.9117,64.4733,68.1818,0.03,0.026634,0.023913,0.034496,91.41,0.9141,88.449,0.88449
2018-11-30 16:30:00,44.75,44.9481,37.5992,52.4225,37.5992,44.9481,52.4225,0.02,0.020555,0.01722,0.026001,96.78,0.9678,95.0465,0.950465
2018-11-30 16:45:00,48.28,47.1772,43.1347,50.9822,43.1347,47.1772,50.9822,0.02,0.020004,0.018602,0.023316,96.91,0.9691,94.775,0.94775
2018-11-30 17:00:00,66.13,64.135,58.7439,66.2641,58.7439,64.135,66.2641,0.03,0.024435,0.024431,0.033854,90.87,0.9087,88.5891,0.885891
2018-11-30 17:15:00,44.42,44.8765,39.4329,52.6154,39.4329,44.8765,52.6154,0.02,0.020259,0.017612,0.025515,96.7,0.967,95.0418,0.950418
2018-11-30 17:30:00,49.43,46.6657,44.1907,52.4926,44.1907,46.6657,52.4926,0.02,0.020014,0.018383,0.023885,96.32,0.9632,96.1003,0.961003
2018-11-30 17:45:00,28.8,29.2515,24.448,34.3512,24.448,29.2515,34.3512,0.01,0.018206,0.009545,0.019671,100.0,1.0,100.0532,1.000532
2018-11-30 18:00:00,28.66,29.5377,27.8742,34.182,27.8742,29.5377,34.182,0.01,0.011899,0.009643,0.013666,99.37,0.9937,97.9122,0.979122
2018-11-30 18:15:00,42.84,43.3168,37.2098,46.3961,37.2098,43.3168,46.3961,0.02,0.019951,0.016398,0.022897,89.59,0.8959,90.2728,0.902728
2018-11-30 18:30:00,50.54,49.8254,46.6088,53.4163,46.6088,49.8254,53.4163,0.02,0.020049,0.019105,0.026493,87.15,0.8715,86.1219,0.861219
2018-11-30 18:45:00,45.61,43.9617,38.2756,49.2329,38.2756,43.9617,49.2329,0.02,0.019995,0.017666,0.02442,96.9,0.969,94.9913,0.949913
2018-11-30 19:00:00,63.11,62.74,56.3763,63.8157,56.3763,62.74,63.8157,0.03,0.023944,0.023769,0.032652,89.96,0.8996,88.1056,0.881056
2018-11-30 19:15:00,44.96,44.9675,40.1023,51.2547,40.1023,44.9675,51.2547,0.02,0.019938,0.017471,0.024368,94.74,0.9474,93.8812,0.938812
2018-11-30 19:30:00,66.46,65.3429,58.4185,69.0025,58.4185,65.3429,69.0025,0.03,0.027026,0.024272,0.034885,90.59,0.9059,88.2948,0.882948
2018-11-30 19:45:00,45.61,46.9695,42.2247,52.5636,42.2247,46.9695,52.5636,0.02,0.020655,0.018587,0.026032,93.83,0.9383,93.3782,0.933782
2018-11-30 20:00:00,38.09,35.7709,32.8272,42.1024,32.8272,35.7709,42.1024,0.02,0.019927,0.013583,0.020882,98.75,0.9875,95.1102,0.951102
2018-11-30 20:15:00,54.79,55.167,46.1678,55.8049,46.1678,55.167,55.8049,0.03,0.020515,0.019072,0.02899,94.8,0.948,92.8191,0.92819
2018-11-30 20:30:00,52.63,51.8057,46.7447,55.044,46.7447,51.8057,55.044,0.02,0.020448,0.019308,0.029108,92.47,0.9247,91.4996,0.914996
2018-11-30 20:45:00,37.91,37.0253,34.4782,42.2952,34.4782,37.0253,42.2952,0.02,0.019888,0.01282,0.021642,98.28,0.9828,97.1617,0.971617
2018-11-30 21:00:00,9.14,8.4691,6.5823,14.178,6.5823,8.4691,14.178,0.0,0.006002,0.0,0.006449,100.0,1.0,99.9571,0.999571
2018-11-30 21:15:00,5.69,5.2883,4.3763,9.7441,4.3763,5.2883,9.7441,0.0,0.0,0.0,0.001931,100.0,1.0,100.0165,1.000165
2018-11-30 21:30:00,5.58,5.3009,5.0003,9.3428,5.0003,5.3009,9.3428,0.0,1.3e-05,0.0,0.001964,100.0,1.0,99.9985,0.999985
2018-11-30 21:45:00,5.47,5.2015,4.9952,9.0795,4.9952,5.2015,9.0795,0.0,1.3e-05,0.0,0.001939,100.0,1.0,99.9985,0.999985
2018-11-30 22:00:00,5.44,5.2179,4.8086,8.9479,4.8086,5.2179,8.9479,0.0,0.000193,0.0,0.001941,100.0,1.0,99.9738,0.999738
2018-11-30 22:15:00,5.22,5.0995,4.9682,9.1892,4.9682,5.0995,9.1892,0.0,0.002019,0.0,0.006128,86.56,0.8656,76.2618,0.762618
2018-11-30 22:30:00,5.18,4.9986,4.769,9.0111,4.769,4.9986,9.0111,0.0,0.001937,0.0,0.002916,85.3,0.853,69.1229,0.691229
2018-11-30 22:45:00,5.11,4.9569,4.7583,9.0111,4.7583,4.9569,9.0111,0.0,0.001937,0.0,0.002752,84.98,0.8498,69.1548,0.691548
2018-11-30 23:00:00,3.92,4.0107,3.934,8.9403,3.934,4.0107,8.9403,0.0,0.001937,0.0,0.003588,78.83,0.7883,68.187,0.68187
2018-11-30 23:15:00,3.92,3.9034,3.7691,8.0762,3.7691,3.9034,8.0762,0.0,0.0,0.0,0.001973,81.67,0.8167,68.3638,0.683638
2018-11-30 23:30:00,3.89,3.8787,3.7421,8.0643,3.7421,3.8787,8.0643,0.0,0.0,0.0,0.001973,83.93,0.8393,69.0635,0.690635
2018-11-30 23:45:00,3.82,3.7791,3.6559,8.0275,3.6559,3.7791,8.0275,0.0,0.0,0.0,0.001973,84.18,0.8418,69.0739,0.690739
2018-12-01 00:00:00,3.35,3.4117,3.2959,7.9197,3.2959,3.4117,7.9197,0.0,2.9e-05,0.0,0.00224,80.37,0.8037,72.9955,0.729955
2018-12-01 00:15:00,3.89,3.834,3.5488,7.9159,3.5488,3.834,7.9159,0.0,0.0,0.0,0.001937,82.15,0.8215,76.9574,0.769574
2018-12-01 00:30:00,3.85,3.6817,3.4232,7.907,3.4232,3.6817,7.907,0.0,0.0,0.0,0.001937,82.27,0.8227,75.191,0.75191
2018-12-01 00:45:00,3.89,3.7575,3.4541,7.907,3.4541,3.7575,7.907,0.0,0.0,0.0,0.001937,81.46,0.8146,75.1921,0.751921
2018-12-01 01:00:00,3.89,3.709,3.4486,7.907,3.4486,3.709,7.907,0.0,0.0,0.0,0.001937,81.46,0.8146,74.7744,0.747744
2018-12-01 01:15:00,4.03,3.9433,3.7799,7.9811,3.7799,3.9433,7.9811,0.0,0.0,0.0,0.001937,80.02,0.8002,74.5355,0.745355
2018-12-01 01:30:00,3.89,3.8383,3.689,8.0583,3.689,3.8383,8.0583,0.0,0.0,0.0,0.001937,78.99,0.7899,73.4171,0.734171
2018-12-01 01:45:00,3.92,3.7853,3.7186,7.963,3.7186,3.7853,7.963,0.0,0.0,0.0,0.001937,76.69,0.7669,72.0797,0.720797
2018-12-01 02:00:00,3.92,3.8224,3.7144,7.9767,3.7144,3.8224,7.9767,0.0,0.0,0.0,0.001937,74.97,0.7497,70.2532,0.702532
2018-12-01 02:15:00,3.96,3.8708,3.7294,7.9767,3.7294,3.8708,7.9767,0.0,0.0,0.0,0.001937,76.73,0.7673,72.0797,0.720797
2018-12-01 02:30:00,4.03,3.9653,3.7638,7.9802,3.7638,3.9653,7.9802,0.0,0.0,0.0,0.001937,76.9,0.769,72.1194,0.721194
2018-12-01 02:45:00,4.14,4.0493,3.8708,8.0921,3.8708,4.0493,8.0921,0.0,2.5e-05,0.0,0.001937,76.73,0.7673,70.8722,0.708722
2018-12-01 03:00:00,5.08,4.91,4.3857,8.6186,4.3857,4.91,8.6186,0.0,0.001138,0.0,0.001937,85.66,0.8566,75.964,0.75964
2018-12-01 03:15:00,4.72,4.4923,4.3293,8.8532,4.3293,4.4923,8.8532,0.0,0.001973,0.0,0.002693,81.55,0.8155,75.5271,0.755271
2018-12-01 03:30:00,3.96,3.9732,3.7667,8.7736,3.7667,3.9732,8.7736,0.0,0.001973,0.0,0.002715,76.35,0.7635,73.0455,0.730455
2018-12-01 03:45:00,3.92,3.9322,3.7796,8.0814,3.7796,3.9322,8.0814,0.0,0.0,0.0,0.001973,76.69,0.7669,74.5997,0.745997
2018-12-01 04:00:00,3.35,3.4469,3.4265,8.0235,3.4265,3.4469,8.0235,0.0,0.0,0.0,0.001973,81.52,0.8152,74.1137,0.741137
2018-12-01 04:15:00,3.28,3.2873,3.1563,7.7541,3.1563,3.2873,7.7541,0.0,0.0,0.0,0.001973,79.77,0.7977,75.4653,0.754653
2018-12-01 04:30:00,3.35,3.3849,3.1994,7.7136,3.1994,3.3849,7.7136,0.0,0.0,0.0,0.001937,81.18,0.8118,75.9313,0.759313
2018-12-01 04:45:00,3.24,3.2394,3.1438,7.6926,3.1438,3.2394,7.6926,0.0,0.0,0.0,0.001937,80.59,0.8059,75.5904,0.755904
2018-12-01 05:00:00,3.31,3.326,3.1625,7.67,3.1625,3.326,7.67,0.0,0.0,0.0,0.001937,81.19,0.8119,76.7922,0.767922
2018-12-01 05:15:00,3.31,3.2897,3.1563,7.6757,3.1563,3.2897,7.6757,0.0,0.0,0.0,0.001937,81.66,0.8166,76.8646,0.768645
2018-12-01 05:30:00,3.28,3.2598,3.1309,7.6757,3.1309,3.2598,7.6757,0.0,0.0,0.0,0.001937,82.23,0.8223,76.667,0.76667
2018-12-01 05:45:00,3.28,3.2762,3.1475,7.67,3.1475,3.2762,7.67,0.0,0.0,0.0,0.001937,81.41,0.8141,76.8057,0.768057
2018-12-01 06:00:00,3.2,3.2122,3.1026,7.687,3.1026,3.2122,7.687,0.0,0.0,0.0,0.001937,81.56,0.8156,76.6045,0.766045
2018-12-01 06:15:00,3.46,3.5231,3.3045,7.7357,3.3045,3.5231,7.7357,0.0,0.0,0.0,0.001937,81.61,0.8161,76.822,0.76822
2018-12-01 06:30:00,4.03,3.8908,3.5891,7.866,3.5891,3.8908,7.866,0.0,0.0,0.0,0.001937,77.94,0.7794,72.891,0.72891
2018-12-01 06:45:00,3.89,3.7628,3.4259,7.9361,3.4259,3.7628,7.9361,0.0,0.0,0.0,0.001937,77.52,0.7752,71.6101,0.716101
2018-12-01 07:00:00,3.89,3.7053,3.4372,7.8675,3.4372,3.7053,7.8675,0.0,8e-06,0.0,0.001937,77.52,0.7752,72.7488,0.727488
2018-12-01 07:15:00,4.46,4.2449,3.7698,8.1207,3.7698,4.2449,8.1207,0.0,0.0,0.0,0.001937,82.11,0.8211,73.4049,0.734049
2018-12-01 07:30:00,3.67,3.9079,3.4686,8.4238,3.4686,3.9079,8.4238,0.0,0.001937,0.0,0.002621,82.02,0.8202,74.0649,0.740649
2018-12-01 07:45:00,3.46,3.5206,3.4194,7.9371,3.4194,3.5206,7.9371,0.0,0.0,0.0,0.001937,81.28,0.8128,74.7242,0.747242
2018-12-01 08:00:00,3.46,3.6605,3.3399,7.7612,3.3399,3.6605,7.7612,0.0,0.0,0.0,0.00209,82.06,0.8206,76.8123,0.768123
2018-12-01 08:15:00,3.71,4.0234,3.4964,7.8777,3.4964,4.0234,7.8777,0.0,0.000456,0.0,0.002167,82.0,0.82,77.8871,0.778871
2018-12-01 08:30:00,4.72,4.9164,4.199,8.2717,4.199,4.9164,8.2717,0.0,0.000155,0.0,0.002105,72.92,0.7292,65.441,0.65441
2018-12-01 08:45:00,4.46,4.2349,3.9712,8.7051,3.9712,4.2349,8.7051,0.0,0.0,0.0,0.001972,94.72,0.9472,82.9013,0.829013
2018-12-01 09:00:00,5.22,5.0394,4.3673,8.8405,4.3673,5.0394,8.8405,0.0,0.0,0.0,0.002085,99.99,0.9999,99.9057,0.999057
2018-12-01 09:15:00,28.58,22.678,21.4615,25.2603,21.4615,22.678,25.2603,0.01,0.01019,0.007936,0.011329,99.96,0.9996,99.8235,0.998235
2018-12-01 09:30:00,30.56,30.7801,26.4578,33.2894,26.4578,30.7801,33.2894,0.01,0.014483,0.007917,0.014806,99.68,0.9968,98.9696,0.989696
2018-12-01 09:45:00,28.08,29.165,24.7142,31.0591,24.7142,29.165,31.0591,0.01,0.013024,0.007711,0.013452,100.0,1.0,99.9788,0.999788
2018-12-01 10:00:00,28.58,29.099,24.2196,30.8835,24.2196,29.099,30.8835,0.01,0.012977,0.007937,0.013484,100.0,1.0,99.9522,0.999522
2018-12-01 10:15:00,28.73,29.4747,26.4621,31.8636,26.4621,29.4747,31.8636,0.01,0.012532,0.008924,0.013094,100.0,1.0,99.8426,0.998426
2018-12-01 10:30:00,29.56,29.3804,27.9785,32.9922,27.9785,29.3804,32.9922,0.01,0.013469,0.008936,0.013752,100.0,1.0,99.8824,0.998824
2018-12-01 10:45:00,30.06,29.9215,28.4291,33.0476,28.4291,29.9215,33.0476,0.01,0.012508,0.008999,0.013475,100.0,1.0,99.8922,0.998922
2018-12-01 11:00:00,29.2,29.1594,28.0329,33.0084,28.0329,29.1594,33.0084,0.01,0.012329,0.008965,0.013483,100.0,1.0,99.8757,0.998757
2018-12-01 11:15:00,27.94,28.7992,27.7675,33.0156,27.7675,28.7992,33.0156,0.01,0.011837,0.008912,0.013141,100.0,1.0,99.8124,0.998124
2018-12-01 11:30:00,27.94,28.926,26.7317,32.8653,26.7317,28.926,32.8653,0.01,0.013273,0.00892,0.013752,100.0,1.0,99.8071,0.998071
2018-12-01 11:45:00,25.63,27.3175,25.3921,31.0412,25.3921,27.3175,31.0412,0.01,0.012554,0.008871,0.012927,100.0,1.0,99.7549,0.997549
2018-12-01 12:00:00,3.64,4.7636,4.0404,11.6779,4.7636,4.0404,11.6779,0.0,0.0,0.0,0.002794,100.0,1.0,99.8915,0.998915
2018-12-01 12:15:00,3.85,4.1971,3.6623,8.5888,3.6623,4.1971,8.5888,0.0,0.0,0.0,0.002076,100.0,1.0,99.9358,0.999358
2018-12-01 12:30:00,3.71,3.852,3.5103,8.2012,3.5103,3.852,8.2012,0.0,0.0,0.0,0.001973,100.0,1.0,99.9698,0.999698
2018-12-01 12:45:00,3.74,3.8929,3.5592,8.1514,3.5592,3.8929,8.1514,0.0,0.000219,0.0,0.002007,100.0,1.0,99.9698,0.999698
2018-12-01 13:00:00,3.71,3.7861,3.5145,7.9674,3.5145,3.7861,7.9674,0.0,0.000329,0.0,0.001971,100.0,1.0,100.0058,1.000058
2018-12-01 13:15:00,11.3,12.2152,10.2822,17.4377,10.2822,12.2152,17.4377,0.01,0.008897,0.007747,0.009655,100.0,1.0,99.5642,0.995642
2018-12-01 13:30:00,27.29,28.1924,23.8319,28.2955,23.8319,28.2955,28.1924,0.01,0.013816,0.008833,0.015751,100.0,1.0,100.0636,1.000636
2018-12-01 13:45:00,26.86,27.0195,18.0304,29.046,18.0304,27.0195,29.046,0.01,0.012536,0.007438,0.014626,100.0,1.0,99.9582,0.999582
2018-12-01 14:00:00,25.31,26.2459,17.7532,29.3456,17.7532,26.2459,29.3456,0.01,0.011335,0.007607,0.012493,100.0,1.0,99.9918,0.999918
2018-12-01 14:15:00,26.21,25.4638,15.0833,28.8485,15.0833,25.4638,28.8485,0.01,0.012869,0.006717,0.015533,99.98,0.9998,99.9067,0.999067
2018-12-01 14:30:00,26.28,26.0295,20.857,30.2593,20.857,26.0295,30.2593,0.01,0.012657,0.00857,0.013428,100.0,1.0,99.9918,0.999918
2018-12-01 14:45:00,18.68,18.1459,14.2404,20.0565,14.2404,18.1459,20.0565,0.01,0.008349,0.005027,0.011452,100.0,1.0,99.9886,0.999886
2018-12-01 15:00:00,5.18,5.3851,4.4458,10.3247,4.4458,5.3851,10.3247,0.0,6.3e-05,0.0,0.002688,100.0,1.0,100.0006,1.000006
2018-12-01 15:15:00,5.08,5.2501,4.8329,9.413,4.8329,5.2501,9.413,0.0,1.9e-05,0.0,0.002076,100.0,1.0,100.0043,1.000043
2018-12-01 15:30:00,4.75,4.9246,4.5554,9.0405,4.5554,4.9246,9.0405,0.0,1.9e-05,0.0,0.001956,100.0,1.0,100.0043,1.000043
2018-12-01 15:45:00,4.75,4.7722,4.5668,8.9582,4.5668,4.7722,8.9582,0.0,0.0,0.0,0.002005,100.0,1.0,100.0043,1.000043
2018-12-01 16:00:00,4.72,4.6373,4.5067,8.7234,4.5067,4.6373,8.7234,0.0,0.0,0.0,0.001964,100.0,1.0,100.0006,1.000006
2018-12-01 16:15:00,4.64,4.5914,4.4696,8.7107,4.4696,4.5914,8.7107,0.0,0.0,0.0,0.001964,100.0,1.0,100.0006,1.000006
2018-12-01 16:30:00,4.72,4.7154,4.4532,8.6733,4.4532,4.7154,8.6733,0.0,0.000278,0.0,0.001964,100.0,1.0,100.0006,1.000006
2018-12-01 16:45:00,4.68,4.6347,4.4891,8.7107,4.4891,4.6347,8.7107,0.0,0.000292,0.0,0.001964,100.0,1.0,100.0006,1.000006
2018-12-01 17:00:00,4.64,4.6278,4.4272,8.6733,4.4272,4.6278,8.6733,0.0,0.000272,0.0,0.001964,100.0,1.0,99.9985,0.999985
2018-12-01 17:15:00,4.79,4.8164,4.49,8.6926,4.49,4.8164,8.6926,0.0,0.000272,0.0,0.001964,100.0,1.0,99.9985,0.999985
2018-12-01 17:30:00,4.75,4.7351,4.4322,8.7238,4.4322,4.7351,8.7238,0.0,0.000285,0.0,0.001964,100.0,1.0,99.9985,0.999985
2018-12-01 17:45:00,4.72,4.6428,4.4322,8.7175,4.4322,4.6428,8.7175,0.0,0.000284,0.0,0.001964,100.0,1.0,99.9985,0.999985
2018-12-01 18:00:00,4.68,4.5842,4.3883,8.6969,4.3883,4.5842,8.6969,0.0,0.000263,0.0,0.001964,100.0,1.0,99.975,0.99975
2018-12-01 18:15:00,5.76,5.6257,5.0595,9.0079,5.0595,5.6257,9.0079,0.0,0.000915,0.0,0.001964,100.0,1.0,99.9681,0.999681
2018-12-01 18:30:00,5.4,5.2173,4.9723,9.3381,4.9723,5.2173,9.3381,0.0,0.0,0.0,0.002061,100.0,1.0,99.975,0.99975
2018-12-01 18:45:00,4.79,4.691,4.3988,8.826,4.3988,4.691,8.826,0.0,0.0,0.0,0.001988,100.0,1.0,99.975,0.99975
2018-12-01 19:00:00,4.79,4.7428,4.4173,8.7409,4.4173,4.7428,8.7409,0.0,0.0,0.0,0.001963,100.0,1.0,99.9985,0.999985
2018-12-01 19:15:00,4.79,4.7526,4.4137,8.729,4.4137,4.7526,8.729,0.0,0.0,0.0,0.001963,100.0,1.0,99.9985,0.999985
2018-12-01 19:30:00,4.79,4.7215,4.4137,8.7238,4.4137,4.7215,8.7238,0.0,0.0,0.0,0.001964,100.0,1.0,99.9985,0.999985
2018-12-01 19:45:00,4.9,4.8265,4.4607,8.7285,4.4607,4.8265,8.7285,0.0,0.000285,0.0,0.001964,100.0,1.0,99.9985,0.999985
2018-12-01 20:00:00,4.75,4.7381,4.4608,8.7504,4.4608,4.7381,8.7504,0.0,0.000273,0.0,0.001964,100.0,1.0,99.9985,0.999985
2018-12-01 20:15:00,4.79,4.7006,4.4599,8.7358,4.4599,4.7006,8.7358,0.0,0.000275,0.0,0.001964,100.0,1.0,99.9985,0.999985
2018-12-01 20:30:00,4.75,4.7331,4.4264,8.7238,4.4264,4.7331,8.7238,0.0,0.000274,0.0,0.001964,100.0,1.0,99.9985,0.999985
2018-12-01 20:45:00,4.82,4.7593,4.4699,8.7238,4.4699,4.7593,8.7238,0.0,0.000273,0.0,0.001964,100.0,1.0,99.9985,0.999985
2018-12-01 21:00:00,4.82,4.8529,4.4492,8.7127,4.4492,4.8529,8.7127,0.0,0.000288,0.0,0.001937,100.0,1.0,99.9985,0.999985
2018-12-01 21:15:00,4.75,4.786,4.4097,8.6921,4.4097,4.786,8.6921,0.0,0.000288,0.0,0.001937,100.0,1.0,99.9985,0.999985
2018-12-01 21:30:00,4.79,4.6996,4.4599,8.6867,4.4599,4.6996,8.6867,0.0,0.00029,0.0,0.001937,100.0,1.0,99.9985,0.999985
2018-12-01 21:45:00,4.79,4.7544,4.4492,8.6867,4.4492,4.7544,8.6867,0.0,0.00025,0.0,0.001937,100.0,1.0,99.9985,0.999985
2018-12-01 22:00:00,4.9,4.8219,4.4607,8.6914,4.4607,4.8219,8.6914,0.0,0.00025,0.0,0.001937,100.0,1.0,99.9679,0.999679
2018-12-01 22:15:00,5.76,5.5063,4.9284,9.2218,4.9284,5.5063,9.2218,0.0,0.0,0.0,0.001937,80.93,0.8093,73.1686,0.731686
2018-12-01 22:30:00,4.61,4.7792,4.4392,9.7699,4.4392,4.7792,9.7699,0.0,0.002184,0.0,0.003358,76.18,0.7618,68.2069,0.682069
2018-12-01 22:45:00,3.42,3.715,3.7119,8.6073,3.715,3.7119,8.6073,0.0,0.001973,0.0,0.002879,75.28,0.7528,70.7141,0.707141
2018-12-01 23:00:00,3.42,3.5107,3.2971,7.8488,3.2971,3.5107,7.8488,0.0,0.000142,0.0,0.001983,76.05,0.7605,69.1016,0.691016
2018-12-01 23:15:00,3.28,3.4223,3.2214,7.8258,3.2214,3.4223,7.8258,0.0,0.000136,0.0,0.001983,80.12,0.8012,70.4483,0.704483
2018-12-01 23:30:00,3.38,3.3975,3.2087,7.717,3.2087,3.3975,7.717,0.0,0.0,0.0,0.001973,83.47,0.8347,69.4626,0.694626
2018-12-01 23:45:00,3.31,3.3362,3.1462,7.6926,3.1462,3.3362,7.6926,0.0,0.0,0.0,0.001937,80.84,0.8084,69.1012,0.691012
2018-12-02 00:00:00,4.36,4.3647,3.9531,8.0668,3.9531,4.3647,8.0668,0.0,5e-06,0.0,0.00202,82.21,0.8221,72.3854,0.723854
2018-12-02 00:15:00,3.35,3.5292,3.1647,8.183,3.1647,3.5292,8.183,0.0,0.001973,0.0,0.002305,79.91,0.7991,71.733,0.71733
2018-12-02 00:30:00,3.35,3.3273,3.1999,7.7193,3.1999,3.3273,7.7193,0.0,0.0,0.0,0.001973,78.66,0.7866,73.4836,0.734836
2018-12-02 00:45:00,3.38,3.3652,3.2205,7.7193,3.2205,3.3652,7.7193,0.0,0.0,0.0,0.001973,79.72,0.7972,73.9243,0.739243
2018-12-02 01:00:00,3.89,3.8962,3.5398,7.9068,3.5398,3.8962,7.9068,0.0,0.0,0.0,0.001973,76.84,0.7684,70.2954,0.702953
2018-12-02 01:15:00,4.46,4.2172,3.7346,8.0634,3.7346,4.2172,8.0634,0.0,0.0,0.0,0.001937,76.62,0.7662,67.4398,0.674398
2018-12-02 01:30:00,4.43,4.25,3.7289,8.3443,3.7289,4.25,8.3443,0.0,0.001973,0.0,0.002335,76.41,0.7641,67.312,0.67312
2018-12-02 01:45:00,4.14,3.937,3.5758,8.3345,3.5758,3.937,8.3345,0.0,0.001973,0.0,0.002506,74.83,0.7483,67.2516,0.672516
2018-12-02 02:00:00,3.46,3.5413,3.4219,8.2839,3.4219,3.5413,8.2839,0.0,0.00097,0.0,0.001937,77.3,0.773,72.0514,0.720514
2018-12-02 02:15:00,3.38,3.4381,3.2935,7.8163,3.2935,3.4381,7.8163,0.0,0.0,0.0,0.001973,77.34,0.7734,72.234,0.72234
2018-12-02 02:30:00,3.38,3.4167,3.2239,7.7499,3.2239,3.4167,7.7499,0.0,0.0,0.0,0.001973,77.68,0.7768,72.0112,0.720112
2018-12-02 02:45:00,3.38,3.4167,3.2239,7.7408,3.2239,3.4167,7.7408,0.0,6e-06,0.0,0.001937,76.56,0.7656,71.5151,0.715151
2018-12-02 03:00:00,4.32,4.3798,3.8636,8.0658,3.8636,4.3798,8.0658,0.0,0.0,0.0,0.001937,74.66,0.7466,65.9955,0.659955
2018-12-02 03:15:00,4.64,4.4152,3.8144,8.3387,3.8144,4.4152,8.3387,0.0,0.001973,0.0,0.002123,73.74,0.7374,66.4106,0.664106
2018-12-02 03:30:00,3.82,3.77,3.3592,8.4499,3.3592,3.77,8.4499,0.0,0.001973,0.0,0.002279,75.58,0.7558,69.4324,0.694324
2018-12-02 03:45:00,3.46,3.5368,3.1976,7.9273,3.1976,3.5368,7.9273,0.0,0.0,0.0,0.001973,74.48,0.7448,71.2209,0.712209
2018-12-02 04:00:00,3.42,3.4909,3.3114,7.8163,3.3114,3.4909,7.8163,0.0,0.0,0.0,0.001973,73.02,0.7302,70.4132,0.704132
2018-12-02 04:15:00,3.46,3.4744,3.3073,7.7612,3.3073,3.4744,7.7612,0.0,0.0,0.0,0.001973,74.16,0.7416,70.832,0.70832
2018-12-02 04:30:00,4.32,4.2395,3.8823,8.0848,3.8823,4.2395,8.0848,0.0,0.0,0.0,0.001937,71.04,0.7104,63.4146,0.634146
2018-12-02 04:45:00,4.5,4.3477,3.7632,8.2633,3.7632,4.3477,8.2633,0.0,0.001973,0.0,0.002123,70.71,0.7071,63.0321,0.630321
2018-12-02 05:00:00,4.54,4.3232,3.8399,8.4701,3.8399,4.3232,8.4701,0.0,0.001973,0.0,0.002352,72.13,0.7213,65.5221,0.655221
2018-12-02 05:15:00,4.39,4.2385,3.8255,8.5376,3.8255,4.2385,8.5376,0.0,0.001973,0.0,0.002506,73.67,0.7367,69.053,0.69053
2018-12-02 05:30:00,3.35,3.6902,3.5825,8.3903,3.5825,3.6902,8.3903,0.0,0.001937,0.0,0.002285,77.07,0.7707,72.8646,0.728646
2018-12-02 05:45:00,3.46,3.5573,3.2721,7.801,3.2721,3.5573,7.801,0.0,0.0,0.0,0.001973,78.84,0.7884,75.0901,0.750901
2018-12-02 06:00:00,3.35,3.3546,3.1989,7.7397,3.1989,3.3546,7.7397,0.0,0.0,0.0,0.001973,77.41,0.7741,71.7983,0.717983
2018-12-02 06:15:00,3.42,3.4343,3.2504,7.7193,3.2504,3.4343,7.7193,0.0,0.0,0.0,0.001973,75.28,0.7528,72.2569,0.722569
2018-12-02 06:30:00,3.42,3.4202,3.2595,7.7039,3.2595,3.4202,7.7039,0.0,0.0,0.0,0.001937,74.52,0.7452,69.7539,0.697539
2018-12-02 06:45:00,3.38,3.3928,3.2341,7.7039,3.2341,3.3928,7.7039,0.0,0.0,0.0,0.001937,73.37,0.7337,69.3714,0.693714
2018-12-02 07:00:00,3.46,3.4969,3.2559,7.696,3.2559,3.4969,7.696,0.0,0.0,0.0,0.001937,74.16,0.7416,70.3563,0.703563
2018-12-02 07:15:00,3.38,3.3442,3.239,7.7255,3.239,3.3442,7.7255,0.0,0.0,0.0,0.001937,72.19,0.7219,68.1411,0.681411
2018-12-02 07:30:00,3.46,3.4969,3.2798,7.7176,3.2798,3.4969,7.7176,0.0,0.0,0.0,0.001937,72.57,0.7257,68.5903,0.685903
2018-12-02 07:45:00,3.46,3.4243,3.2823,7.7255,3.2823,3.4243,7.7255,0.0,0.0,0.0,0.001937,69.29,0.6929,64.8646,0.648646
2018-12-02 08:00:00,3.49,3.6577,3.3028,7.7255,3.3028,3.6577,7.7255,0.0,0.0,0.0,0.002055,69.21,0.6921,66.0006,0.660006
2018-12-02 08:15:00,4.57,4.6821,4.0446,8.077,4.0446,4.6821,8.077,0.0,0.000145,0.0,0.002055,66.37,0.6637,61.1047,0.611047
2018-12-02 08:30:00,4.54,4.6565,4.1633,8.4814,4.1633,4.6565,8.4814,0.0,0.00209,0.0,0.002579,65.91,0.6591,58.6355,0.586355
2018-12-02 08:45:00,5.54,5.4656,4.5806,8.8409,4.5806,5.4656,8.8409,0.0,0.000133,0.0,0.00209,92.36,0.9236,86.1347,0.861347
2018-12-02 09:00:00,4.75,4.613,4.1655,8.8727,4.1655,4.613,8.8727,0.0,0.0,0.0,0.001963,100.0,1.0,99.9206,0.999206
2018-12-02 09:15:00,3.74,3.9663,3.8937,8.7876,3.8937,3.9663,8.7876,0.0,0.0,0.0,0.001975,100.0,1.0,99.9986,0.999986
2018-12-02 09:30:00,3.71,3.7588,3.59,8.0456,3.59,3.7588,8.0456,0.0,0.000149,0.0,0.001975,100.0,1.0,99.9986,0.999986
2018-12-02 09:45:00,3.6,3.6541,3.5094,8.0456,3.5094,3.6541,8.0456,0.0,0.000143,0.0,0.001963,100.0,1.0,99.9986,0.999986
2018-12-02 10:00:00,3.56,3.5473,3.4525,7.9371,3.4525,3.5473,7.9371,0.0,0.000185,0.0,0.001975,100.0,1.0,100.0077,1.000077
2018-12-02 10:15:00,3.6,3.5799,3.4625,7.8429,3.4625,3.5799,7.8429,0.0,6e-06,0.0,0.001975,100.0,1.0,100.0077,1.000077
2018-12-02 10:30:00,3.64,3.629,3.4933,7.8988,3.4933,3.629,7.8988,0.0,6e-06,0.0,0.001975,100.0,1.0,100.0077,1.000077
2018-12-02 10:45:00,3.64,3.5796,3.4754,7.9088,3.4754,3.5796,7.9088,0.0,6e-06,0.0,0.001975,100.0,1.0,100.0077,1.000077
2018-12-02 11:00:00,3.64,3.692,3.4807,7.9494,3.4807,3.692,7.9494,0.0,9e-06,0.0,0.001997,100.0,1.0,100.0133,1.000133
2018-12-02 11:15:00,3.64,3.68,3.4841,7.9494,3.4841,3.68,7.9494,0.0,9e-06,0.0,0.001997,100.0,1.0,99.9821,0.999821
2018-12-02 11:30:00,3.56,3.6158,3.4361,7.9494,3.4361,3.6158,7.9494,0.0,9e-06,0.0,0.001997,100.0,1.0,99.9869,0.999869
2018-12-02 11:45:00,3.64,3.6969,3.4968,7.887,3.4968,3.6969,7.887,0.0,9e-06,0.0,0.001996,100.0,1.0,99.9869,0.999869
2018-12-02 12:00:00,4.03,4.0514,3.5899,8.0671,3.5899,4.0514,8.0671,0.0,6e-06,0.0,0.001971,100.0,1.0,99.9168,0.999168
2018-12-02 12:15:00,4.86,4.7383,4.1304,8.4308,4.1304,4.7383,8.4308,0.0,7e-06,0.0,0.001971,100.0,1.0,99.9166,0.999166
2018-12-02 12:30:00,4.75,4.5793,4.1125,8.685,4.1125,4.5793,8.685,0.0,0.0,0.0,0.00197,100.0,1.0,99.9698,0.999698
2018-12-02 12:45:00,5.36,5.0799,4.3916,8.9491,4.3916,5.0799,8.9491,0.0,0.0,0.0,0.00197,100.0,1.0,99.9688,0.999688
2018-12-02 13:00:00,4.9,4.637,4.4675,8.8658,4.4675,4.637,8.8658,0.0,0.0,0.0,0.001965,100.0,1.0,100.0058,1.000058
2018-12-02 13:15:00,3.78,4.0801,3.9096,8.8285,3.9096,4.0801,8.8285,0.0,0.0,0.0,0.00198,100.0,1.0,100.0058,1.000058
2018-12-02 13:30:00,3.64,3.8636,3.5457,8.1044,3.5457,3.8636,8.1044,0.0,0.000172,0.0,0.002006,100.0,1.0,100.0058,1.000058
2018-12-02 13:45:00,3.6,3.7781,3.4688,8.0727,3.4688,3.7781,8.0727,0.0,0.000166,0.0,0.001993,100.0,1.0,100.0058,1.000058
2018-12-02 14:00:00,3.6,3.5747,3.4788,7.9371,3.4788,3.5747,7.9371,0.0,0.000174,0.0,0.001974,100.0,1.0,99.9886,0.999886
2018-12-02 14:15:00,3.6,3.5747,3.4788,7.8988,3.4788,3.5747,7.8988,0.0,6e-06,0.0,0.001975,100.0,1.0,99.9886,0.999886
2018-12-02 14:30:00,3.56,3.5473,3.4518,7.8988,3.4518,3.5473,7.8988,0.0,6e-06,0.0,0.001975,100.0,1.0,99.9886,0.999886
2018-12-02 14:45:00,3.56,3.5256,3.4437,7.8429,3.4437,3.5256,7.8429,0.0,6e-06,0.0,0.001975,100.0,1.0,99.9886,0.999886
2018-12-02 15:00:00,3.64,3.6208,3.4924,7.8443,3.4924,3.6208,7.8443,0.0,1e-06,0.0,0.001949,100.0,1.0,100.0043,1.000043
2018-12-02 15:15:00,3.6,3.5607,3.45,7.9118,3.45,3.5607,7.9118,0.0,1e-06,0.0,0.001949,100.0,1.0,100.0043,1.000043
2018-12-02 15:30:00,3.56,3.5558,3.45,7.9019,3.45,3.5558,7.9019,0.0,3e-06,0.0,0.001949,100.0,1.0,100.0043,1.000043
2018-12-02 15:45:00,3.85,3.8531,3.5692,7.9442,3.5692,3.8531,7.9442,0.0,3e-06,0.0,0.001949,100.0,1.0,100.0043,1.000043
2018-12-02 16:00:00,4.68,4.5168,4.0415,8.2769,4.0415,4.5168,8.2769,0.0,5e-06,0.0,0.001938,100.0,1.0,99.9937,0.999937
2018-12-02 16:15:00,4.72,4.5007,4.1755,8.5016,4.1755,4.5007,8.5016,0.0,0.0,0.0,0.001937,100.0,1.0,100.0006,1.000006
2018-12-02 16:30:00,4.72,4.5508,4.1646,8.6036,4.1646,4.5508,8.6036,0.0,0.0,0.0,0.001937,100.0,1.0,100.0006,1.000006
2018-12-02 16:45:00,3.89,3.8749,3.6557,8.5999,3.6557,3.8749,8.5999,0.0,0.0,0.0,0.001937,100.0,1.0,100.0006,1.000006
2018-12-02 17:00:00,3.53,3.5847,3.4709,8.015,3.4709,3.5847,8.015,0.0,0.000194,0.0,0.001937,100.0,1.0,99.9985,0.999985
2018-12-02 17:15:00,3.6,3.7094,3.4606,7.8801,3.4606,3.7094,7.8801,0.0,0.000187,0.0,0.001937,100.0,1.0,99.9985,0.999985
2018-12-02 17:30:00,3.6,3.5907,3.4393,7.8735,3.4393,3.5907,7.8735,0.0,0.000181,0.0,0.001937,100.0,1.0,99.9985,0.999985
2018-12-02 17:45:00,3.74,3.7807,3.5155,7.8826,3.5155,3.7807,7.8826,0.0,0.0,0.0,0.001937,100.0,1.0,99.9985,0.999985
2018-12-02 18:00:00,4.72,4.6243,4.082,8.2439,4.082,4.6243,8.2439,0.0,1e-06,0.0,0.001937,100.0,1.0,99.9681,0.999681
2018-12-02 18:15:00,3.89,3.8003,3.4906,8.508,3.4906,3.8003,8.508,0.0,5.1e-05,0.0,0.001937,100.0,1.0,99.9762,0.999762
2018-12-02 18:30:00,3.53,3.4579,3.3459,7.9484,3.3459,3.4579,7.9484,0.0,5.5e-05,0.0,0.001937,100.0,1.0,99.9762,0.999762
2018-12-02 18:45:00,3.53,3.5414,3.4064,7.8412,3.4064,3.5414,7.8412,0.0,0.000176,0.0,0.001937,100.0,1.0,99.975,0.99975
2018-12-02 19:00:00,3.56,3.5811,3.4269,7.8155,3.4269,3.5811,7.8155,0.0,0.000181,0.0,0.001937,100.0,1.0,99.9985,0.999985
2018-12-02 19:15:00,3.67,3.6656,3.4668,7.8221,3.4668,3.6656,7.8221,0.0,0.0,0.0,0.001937,100.0,1.0,99.9985,0.999985
2018-12-02 19:30:00,3.56,3.5642,3.4316,7.8791,3.4316,3.5642,7.8791,0.0,0.0,0.0,0.001937,100.0,1.0,99.9985,0.999985
2018-12-02 19:45:00,4.39,4.3292,3.9422,8.1467,3.9422,4.3292,8.1467,0.0,0.0,0.0,0.001937,100.0,1.0,99.9916,0.999916
2018-12-02 20:00:00,4.72,4.4228,3.9182,8.3993,3.9182,4.4228,8.3993,0.0,0.0,0.0,0.001937,100.0,1.0,99.9985,0.999985
2018-12-02 20:15:00,4.68,4.5237,4.0979,8.5946,4.0979,4.5237,8.5946,0.0,0.0,0.0,0.001937,100.0,1.0,99.9985,0.999985
2018-12-02 20:30:00,4.75,4.6297,4.1734,8.5662,4.1734,4.6297,8.5662,0.0,0.0,0.0,0.001937,100.0,1.0,99.9985,0.999985
2018-12-02 20:45:00,3.71,3.9271,3.7671,8.6459,3.7671,3.9271,8.6459,0.0,0.0,0.0,0.001937,100.0,1.0,99.9985,0.999985
2018-12-02 21:00:00,3.53,3.5923,3.4474,8.0162,3.4474,3.5923,8.0162,0.0,0.000191,0.0,0.001937,100.0,1.0,99.9985,0.999985
2018-12-02 21:15:00,3.6,3.711,3.4602,7.8801,3.4602,3.711,7.8801,0.0,0.000184,0.0,0.001937,100.0,1.0,99.9985,0.999985
2018-12-02 21:30:00,3.6,3.5923,3.4402,7.8735,3.4402,3.5923,7.8735,0.0,0.000172,0.0,0.001937,100.0,1.0,99.9985,0.999985
2018-12-02 21:45:00,3.6,3.5923,3.4402,7.8645,3.4402,3.5923,7.8645,0.0,0.0,0.0,0.001937,100.0,1.0,99.9985,0.999985
2018-12-02 22:00:00,3.56,3.565,3.4149,7.8645,3.4149,3.565,7.8645,0.0,0.0,0.0,0.001937,100.0,1.0,99.8043,0.998043
2018-12-02 22:15:00,4.07,4.0062,3.6716,8.0139,3.6716,4.0062,8.0139,0.0,0.0,0.0,0.001937,81.63,0.8163,72.1924,0.721924
2018-12-02 22:30:00,4.32,4.1059,3.7535,8.1203,3.7535,4.1059,8.1203,0.0,3e-06,0.0,0.001937,80.0,0.8,68.058,0.68058
2018-12-02 22:45:00,3.35,3.4867,3.2741,8.2339,3.2741,3.4867,8.2339,0.0,0.001847,0.0,0.001937,82.78,0.8278,70.5616,0.705616
2018-12-02 23:00:00,3.31,3.315,3.1727,7.7284,3.1727,3.315,7.7284,0.0,0.0,0.0,0.001973,82.47,0.8247,69.603,0.69603
2018-12-02 23:15:00,3.31,3.3139,3.1614,7.7284,3.1614,3.3139,7.7284,0.0,0.0,0.0,0.001973,84.55,0.8455,60.699,0.60699
2018-12-02 23:30:00,3.28,3.2839,3.136,7.7191,3.136,3.2839,7.7191,0.0,0.0,0.0,0.001973,83.52,0.8352,60.699,0.60699
2018-12-02 23:45:00,3.35,3.372,3.1963,7.687,3.1963,3.372,7.687,0.0,0.0,0.0,0.001937,84.5,0.845,60.706,0.60706
2018-12-03 00:00:00,4.57,4.5629,4.1686,8.1105,4.1686,4.5629,8.1105,0.0,5e-06,0.0,0.00202,70.4,0.704,61.2333,0.612333
2018-12-03 00:15:00,4.43,4.4833,3.7448,8.4507,3.7448,4.4833,8.4507,0.0,0.001973,0.0,0.002335,81.32,0.8132,71.6623,0.716623
2018-12-03 00:30:00,4.36,4.2379,3.6396,8.2841,3.6396,4.2379,8.2841,0.0,0.001973,0.0,0.002352,81.5,0.815,74.0126,0.740126
2018-12-03 00:45:00,4.21,4.2709,3.557,8.2881,3.557,4.2709,8.2881,0.0,0.001973,0.0,0.002506,81.9,0.819,73.9138,0.739138
2018-12-03 01:00:00,3.35,3.7467,3.5743,8.3304,3.5743,3.7467,8.3304,0.0,0.001393,0.0,0.001937,81.52,0.8152,73.7092,0.737092
2018-12-03 01:15:00,3.38,3.4664,3.2205,7.7834,3.2205,3.4664,7.7834,0.0,0.0,0.0,0.001973,81.76,0.8176,75.0624,0.750624
2018-12-03 01:30:00,3.35,3.3867,3.1746,7.7284,3.1746,3.3867,7.7284,0.0,0.0,0.0,0.001973,80.37,0.8037,73.8325,0.738325
2018-12-03 01:45:00,3.42,3.4343,3.2504,7.7142,3.2504,3.4343,7.7142,0.0,7.9e-05,0.0,0.001973,80.96,0.8096,74.0305,0.740305
2018-12-03 02:00:00,3.49,3.507,3.3068,7.7039,3.3068,3.507,7.7039,0.0,0.0,0.0,0.001937,80.3,0.803,74.1766,0.741766
2018-12-03 02:15:00,3.42,3.3822,3.2189,7.7039,3.2189,3.3822,7.7039,0.0,0.0,0.0,0.001937,81.74,0.8174,73.4777,0.734777
2018-12-03 02:30:00,3.38,3.3928,3.231,7.7039,3.231,3.3928,7.7039,0.0,0.0,0.0,0.001937,79.38,0.7938,73.5422,0.735422
2018-12-03 02:45:00,4.36,4.3723,3.9173,8.0658,3.9173,4.3723,8.0658,0.0,0.0,0.0,0.001937,78.33,0.7833,68.5608,0.685608
2018-12-03 03:00:00,4.14,4.1532,3.5583,8.2315,3.5583,4.1532,8.2315,0.0,0.001973,0.0,0.002377,78.38,0.7838,69.4445,0.694445
2018-12-03 03:15:00,3.42,3.579,3.2146,8.1849,3.2146,3.579,8.1849,0.0,0.001073,0.0,0.001973,79.27,0.7927,72.4441,0.72444
2018-12-03 03:30:00,3.38,3.3928,3.2581,7.7612,3.2581,3.3928,7.7612,0.0,0.0,0.0,0.001973,78.92,0.7892,73.7772,0.737772
2018-12-03 03:45:00,3.35,3.3867,3.1985,7.7499,3.1985,3.3867,7.7499,0.0,0.0,0.0,0.001973,79.11,0.7911,73.8302,0.738302
2018-12-03 04:00:00,3.35,3.3475,3.1999,7.7142,3.1999,3.3475,7.7142,0.0,6e-06,0.0,0.001937,80.37,0.8037,73.7907,0.737907
2018-12-03 04:15:00,4.1,4.0888,3.7998,8.0348,3.7998,4.0888,8.0348,0.0,0.0,0.0,0.001937,79.49,0.7949,72.671,0.72671
2018-12-03 04:30:00,4.43,4.3914,3.7281,8.2766,3.7281,4.3914,8.2766,0.0,0.001329,0.0,0.001937,78.81,0.7881,70.1401,0.701401
2018-12-03 04:45:00,4.5,4.3939,3.7559,8.2841,3.7559,4.3939,8.2841,0.0,0.001973,0.0,0.002374,79.96,0.7996,71.5611,0.715611
2018-12-03 05:00:00,3.78,3.9663,3.2734,8.4721,3.2734,3.9663,8.4721,0.0,0.001973,0.0,0.002506,79.95,0.7995,73.1361,0.731361
2018-12-03 05:15:00,3.31,3.4539,3.2676,7.9616,3.2676,3.4539,7.9616,0.0,0.0,0.0,0.001937,81.19,0.8119,73.545,0.73545
2018-12-03 05:30:00,3.38,3.4195,3.2149,7.7541,3.2149,3.4195,7.7541,0.0,0.0,0.0,0.001973,80.63,0.8063,74.5516,0.745516
2018-12-03 05:45:00,3.31,3.3362,3.1563,7.7284,3.1563,3.3362,7.7284,0.0,0.0,0.0,0.001973,82.47,0.8247,74.6524,0.746524
2018-12-03 06:00:00,3.31,3.3139,3.1645,7.6926,3.1645,3.3139,7.6926,0.0,0.0,0.0,0.001937,83.28,0.8328,74.3978,0.743978
2018-12-03 06:15:00,3.35,3.3552,3.185,7.6926,3.185,3.3552,7.6926,0.0,0.0,0.0,0.001937,84.84,0.8484,77.0116,0.770116
2018-12-03 06:30:00,3.31,3.2818,3.1746,7.6926,3.1746,3.2818,7.6926,0.0,0.0,0.0,0.001937,82.12,0.8212,74.2631,0.742631
2018-12-03 06:45:00,3.24,3.2406,3.1209,7.6926,3.1209,3.2406,7.6926,0.0,0.0,0.0,0.001937,80.59,0.8059,74.2642,0.742642
2018-12-03 07:00:00,3.24,3.2519,3.1106,7.67,3.1106,3.2519,7.67,0.0,0.0,0.0,0.001937,82.73,0.8273,74.0119,0.740119
2018-12-03 07:15:00,4.21,4.2421,3.811,8.0186,3.811,4.2421,8.0186,0.0,0.0,0.0,0.001937,82.54,0.8254,73.7322,0.737322
2018-12-03 07:30:00,5.76,5.6793,4.6593,8.6681,4.6593,5.6793,8.6681,0.0,0.001507,0.0,0.00197,88.57,0.8857,76.3993,0.763993
2018-12-03 07:45:00,5.98,5.7108,4.9388,9.6927,4.9388,5.7108,9.6927,0.0,0.002157,0.0,0.003484,90.33,0.9033,83.8613,0.838613
2018-12-03 08:00:00,5.58,5.2696,5.1765,10.2107,5.1765,5.2696,10.2107,0.0,0.002331,0.0,0.004508,91.14,0.9114,79.7125,0.797125
2018-12-03 08:15:00,34.99,34.3818,27.306,39.2846,27.306,34.3818,39.2846,0.02,0.019392,0.011289,0.020377,82.65,0.8265,76.8223,0.768223
2018-12-03 08:30:00,56.84,55.9206,51.8908,61.2484,51.8908,55.9206,61.2484,0.03,0.025955,0.021222,0.0318,78.84,0.7884,75.8578,0.758578
2018-12-03 08:45:00,61.06,58.9066,55.5112,64.7666,55.5112,58.9066,64.7666,0.03,0.027832,0.02446,0.031561,84.15,0.8415,77.2501,0.772501
2018-12-03 09:00:00,57.89,55.926,49.1838,57.8384,49.1838,55.926,57.8384,0.03,0.0242,0.019864,0.029834,92.97,0.9297,91.8069,0.918069
2018-12-03 09:15:00,70.49,68.5613,63.1587,71.486,63.1587,68.5613,71.486,0.03,0.030478,0.028098,0.035157,87.21,0.8721,86.1499,0.861499
2018-12-03 09:30:00,50.11,50.627,47.2519,54.4978,47.2519,50.627,54.4978,0.02,0.020818,0.019848,0.02815,93.74,0.9374,93.1111,0.931111
2018-12-03 09:45:00,66.38,64.9515,60.149,66.677,60.149,64.9515,66.677,0.03,0.025692,0.025375,0.035346,91.99,0.9199,89.8936,0.898936
2018-12-03 10:00:00,56.88,55.9721,50.2248,58.3962,50.2248,55.9721,58.3962,0.03,0.028237,0.020489,0.03017,90.91,0.9091,90.3534,0.903534
2018-12-03 10:15:00,47.09,46.7174,43.6665,52.0377,43.6665,46.7174,52.0377,0.02,0.020015,0.017683,0.025722,94.93,0.9493,93.9801,0.939801
2018-12-03 10:30:00,55.8,56.317,51.5872,58.065,51.5872,56.317,58.065,0.03,0.021818,0.020935,0.029703,90.1,0.901,89.9813,0.899813
2018-12-03 10:45:00,66.89,65.9419,60.9521,68.0522,60.9521,65.9419,68.0522,0.03,0.03081,0.026384,0.033586,89.21,0.8921,87.6069,0.876069
2018-12-03 11:00:00,62.89,60.1389,53.8695,62.8416,53.8695,60.1389,62.8416,0.03,0.029544,0.022356,0.03153,89.55,0.8955,87.7644,0.877644
2018-12-03 11:15:00,63.79,62.09,58.327,63.6985,58.327,62.09,63.6985,0.03,0.029273,0.024529,0.030948,89.06,0.8906,87.1959,0.871959
2018-12-03 11:30:00,58.1,55.9256,48.4331,58.0683,48.4331,55.9256,58.0683,0.03,0.027771,0.020037,0.029274,93.03,0.9303,91.3883,0.913883
2018-12-03 11:45:00,54.5,53.1068,47.8248,55.2736,47.8248,53.1068,55.2736,0.02,0.023074,0.019555,0.028901,95.45,0.9545,93.2817,0.932817
2018-12-03 12:00:00,35.35,30.0666,22.615,35.825,22.615,30.0666,35.825,0.02,0.018931,0.00857,0.019466,98.96,0.9896,97.3186,0.973186
2018-12-03 12:15:00,6.34,5.3839,4.8603,12.1587,4.8603,5.3839,12.1587,0.0,0.0,0.0,0.002672,100.0,1.0,99.8118,0.998118
2018-12-03 12:30:00,5.76,5.5948,5.3311,9.7917,5.3311,5.5948,9.7917,0.0,4e-06,0.0,0.002038,100.0,1.0,99.9737,0.999737
2018-12-03 12:45:00,6.3,6.6675,5.515,9.9144,5.515,6.6675,9.9144,0.0,1.4e-05,0.0,0.00201,100.0,1.0,99.9688,0.999688
2018-12-03 13:00:00,6.19,5.9302,5.563,9.5575,5.563,5.9302,9.5575,0.0,1.4e-05,0.0,0.001969,100.0,1.0,100.0058,1.000058
2018-12-03 13:15:00,35.35,35.3373,32.3729,42.0453,32.3729,35.3373,42.0453,0.02,0.019655,0.016701,0.020562,94.59,0.9459,95.0185,0.950185
2018-12-03 13:30:00,51.95,52.0721,46.0473,53.5904,46.0473,52.0721,53.5904,0.02,0.020107,0.018261,0.02849,90.73,0.9073,91.2313,0.912313
2018-12-03 13:45:00,48.46,46.9461,45.0129,52.0075,45.0129,46.9461,52.0075,0.02,0.020102,0.018883,0.027273,89.97,0.8997,90.8712,0.908712
2018-12-03 14:00:00,65.02,64.5078,60.0348,66.9975,60.0348,64.5078,66.9975,0.03,0.030572,0.025778,0.034213,86.95,0.8695,87.0037,0.870037
2018-12-03 14:15:00,69.91,70.3953,64.0435,73.2759,64.0435,70.3953,73.2759,0.03,0.031819,0.027016,0.034606,83.1,0.831,83.7306,0.837306
2018-12-03 14:30:00,55.12,53.7411,49.9454,57.5264,49.9454,53.7411,57.5264,0.03,0.021751,0.020829,0.029489,89.83,0.8983,89.6565,0.896565
2018-12-03 14:45:00,56.84,56.9638,52.5915,58.6614,52.5915,56.9638,58.6614,0.03,0.022364,0.021739,0.030243,90.04,0.9004,89.5492,0.895492
2018-12-03 15:00:00,54.22,53.315,49.1027,56.0396,49.1027,53.315,56.0396,0.02,0.021596,0.020374,0.029363,90.84,0.9084,90.3237,0.903237
2018-12-03 15:15:00,49.97,50.044,47.0222,53.6167,47.0222,50.044,53.6167,0.02,0.020141,0.019475,0.028809,89.67,0.8967,90.133,0.90133
2018-12-03 15:30:00,48.17,47.9418,45.5682,52.3446,45.5682,47.9418,52.3446,0.02,0.020004,0.018997,0.02607,91.27,0.9127,92.0929,0.920929
2018-12-03 15:45:00,49.86,51.3588,47.783,54.0513,47.783,51.3588,54.0513,0.02,0.020006,0.019345,0.024235,90.83,0.9083,91.0033,0.910033
2018-12-03 16:00:00,58.75,58.2422,52.9198,59.5522,52.9198,58.2422,59.5522,0.03,0.024342,0.023054,0.030528,88.94,0.8894,87.9243,0.879243
2018-12-03 16:15:00,65.7,66.3794,60.6205,67.0706,60.6205,66.3794,67.0706,0.03,0.030612,0.026464,0.032455,84.54,0.8454,84.4701,0.844701
2018-12-03 16:30:00,51.88,50.8437,46.7743,55.1412,46.7743,50.8437,55.1412,0.02,0.02063,0.01959,0.027917,91.51,0.9151,91.644,0.91644
2018-12-03 16:45:00,57.2,58.1255,54.3791,60.5591,54.3791,58.1255,60.5591,0.03,0.028354,0.023278,0.030611,86.4,0.864,86.9128,0.869128
2018-12-03 17:00:00,76.03,77.4628,70.55,78.1013,70.55,78.1013,77.4628,0.03,0.032075,0.029061,0.039234,84.02,0.8402,83.9428,0.839428
2018-12-03 17:15:00,72.18,74.3794,65.4658,74.6191,65.4658,74.6191,74.3794,0.03,0.031604,0.027318,0.036609,86.52,0.8652,85.5447,0.855447
2018-12-03 17:30:00,61.42,62.4142,54.5742,65.5242,54.5742,62.4142,65.5242,0.03,0.026789,0.022341,0.034072,87.63,0.8763,87.193,0.87193
2018-12-03 17:45:00,36.61,36.3789,31.6855,47.1688,31.6855,36.3789,47.1688,0.02,0.019879,0.009724,0.022291,97.97,0.9797,98.2478,0.982478
2018-12-03 18:00:00,29.56,30.8913,28.1756,36.4678,28.1756,30.8913,36.4678,0.01,0.019006,0.009108,0.019884,99.29,0.9929,97.9826,0.979826
2018-12-03 18:15:00,34.13,37.6823,33.2318,42.8279,33.2318,37.6823,42.8279,0.02,0.019902,0.013074,0.021338,93.03,0.9303,93.5871,0.935871
2018-12-03 18:30:00,42.26,43.2973,38.7433,46.7533,38.7433,43.2973,46.7533,0.02,0.020016,0.017137,0.023199,90.61,0.9061,90.9401,0.909401
2018-12-03 18:45:00,56.81,54.2498,49.3942,56.4604,49.3942,54.2498,56.4604,0.03,0.021684,0.021106,0.027637,91.71,0.9171,89.7048,0.897048
2018-12-03 19:00:00,43.02,43.1125,38.8688,49.0142,38.8688,43.1125,49.0142,0.02,0.01999,0.016836,0.024143,94.39,0.9439,94.043,0.94043
2018-12-03 19:15:00,47.74,47.0599,45.131,51.5472,45.131,47.0599,51.5472,0.02,0.020004,0.018991,0.024255,92.15,0.9215,92.3581,0.923581
2018-12-03 19:30:00,39.17,38.1292,34.765,45.6083,34.765,38.1292,45.6083,0.02,0.019955,0.012334,0.021983,97.06,0.9706,95.3702,0.953702
2018-12-03 19:45:00,43.67,43.9257,40.4164,47.8231,40.4164,43.9257,47.8231,0.02,0.019998,0.017582,0.022176,95.73,0.9573,94.6284,0.946284
2018-12-03 20:00:00,50.44,48.5904,46.221,52.4832,46.221,48.5904,52.4832,0.02,0.020028,0.019025,0.024906,91.13,0.9113,91.4873,0.914873
2018-12-03 20:15:00,46.22,45.2989,43.4621,50.0082,43.4621,45.2989,50.0082,0.02,0.020001,0.018671,0.025078,91.43,0.9143,92.4392,0.924392
2018-12-03 20:30:00,45.36,45.6463,43.02,49.4006,43.02,45.6463,49.4006,0.02,0.019996,0.018672,0.02248,92.67,0.9267,92.8972,0.928972
2018-12-03 20:45:00,50.11,49.1575,48.1357,54.0469,48.1357,49.1575,54.0469,0.02,0.020025,0.019821,0.024895,86.75,0.8675,88.4561,0.884561
2018-12-03 21:00:00,25.45,25.1648,21.0288,31.1347,21.0288,25.1648,31.1347,0.01,0.015577,0.007719,0.018054,99.95,0.9995,100.0724,1.000724
2018-12-03 21:15:00,8.6,7.7687,4.8686,12.4546,4.8686,7.7687,12.4546,0.0,0.001153,0.0,0.006772,100.0,1.0,100.0096,1.000096
2018-12-03 21:30:00,6.19,5.9896,4.439,9.9771,4.439,5.9896,9.9771,0.0,0.0,0.0,0.001963,100.0,1.0,99.9985,0.999985
2018-12-03 21:45:00,5.62,5.3022,4.9344,9.5248,4.9344,5.3022,9.5248,0.0,1.6e-05,0.0,0.001929,100.0,1.0,99.9985,0.999985
2018-12-03 22:00:00,4.93,4.6293,4.4753,9.2278,4.4753,4.6293,9.2278,0.0,2.1e-05,0.0,0.001939,100.0,1.0,99.9738,0.999738
2018-12-03 22:15:00,4.72,4.8352,4.4296,9.4297,4.4296,4.8352,9.4297,0.0,0.001994,0.0,0.011836,61.96,0.6196,70.2793,0.702793
2018-12-03 22:30:00,4.75,4.8459,4.416,8.8939,4.416,4.8459,8.8939,0.0,0.001973,0.0,0.002963,60.88,0.6088,58.8403,0.588403
2018-12-03 22:45:00,4.68,4.7312,4.3646,8.8903,4.3646,4.7312,8.8903,0.0,0.001973,0.0,0.002927,61.63,0.6163,58.8038,0.588038
2018-12-03 23:00:00,4.68,4.7692,4.3977,8.6971,4.3977,4.7692,8.6971,0.0,0.001937,0.0,0.002179,62.6,0.626,56.5383,0.565383
2018-12-03 23:15:00,4.61,4.7177,4.3557,8.6362,4.3557,4.7177,8.6362,0.0,0.0,0.0,0.001937,68.3,0.683,59.2301,0.592301
2018-12-03 23:30:00,4.57,4.7189,4.2849,8.6362,4.2849,4.7189,8.6362,0.0,0.0,0.0,0.001937,72.67,0.7267,62.3154,0.623154
2018-12-03 23:45:00,4.61,4.7946,4.3105,8.6362,4.3105,4.7946,8.6362,0.0,0.0,0.0,0.001937,72.97,0.7297,62.326,0.62326
2018-12-04 00:00:00,3.89,4.0118,3.7829,8.618,3.7829,4.0118,8.618,0.0,0.0,0.0,0.00224,72.74,0.7274,68.5587,0.685587
2018-12-04 00:15:00,4.61,4.565,4.1675,8.3761,4.1675,4.565,8.3761,0.0,0.0,0.0,0.001937,70.71,0.7071,67.9272,0.679272
2018-12-04 00:30:00,4.57,4.521,4.1102,8.6034,4.1102,4.521,8.6034,0.0,0.001937,0.0,0.002421,67.98,0.6798,64.5108,0.645108
2018-12-04 00:45:00,4.61,4.5968,4.1506,8.6034,4.1506,4.5968,8.6034,0.0,0.001937,0.0,0.002422,66.2,0.662,63.8618,0.638618
2018-12-04 01:00:00,4.64,4.5804,4.1474,8.6034,4.1474,4.5804,8.6034,0.0,0.001937,0.0,0.002416,65.66,0.6566,63.6436,0.636436
2018-12-04 01:15:00,5.04,4.967,4.4674,8.7286,4.4674,4.967,8.7286,0.0,0.0,0.0,0.001937,68.71,0.6871,66.5274,0.665274
2018-12-04 01:30:00,5.8,5.6813,4.9538,9.2595,4.9538,5.6813,9.2595,0.0,0.001937,0.0,0.002747,76.19,0.7619,73.7514,0.737514
2018-12-04 01:45:00,4.68,4.4762,4.4654,9.5653,4.4654,4.4762,9.5653,0.0,0.002114,0.0,0.003036,68.55,0.6855,68.1519,0.681519
2018-12-04 02:00:00,3.6,3.876,3.7498,8.6363,3.7498,3.876,8.6363,0.0,0.001973,0.0,0.003139,69.35,0.6935,69.1177,0.691177
2018-12-04 02:15:00,3.56,3.6555,3.4526,7.9735,3.4526,3.6555,7.9735,0.0,7.6e-05,0.0,0.001984,68.18,0.6818,70.6876,0.706876
2018-12-04 02:30:00,3.64,3.7206,3.4899,7.9231,3.4899,3.7206,7.9231,0.0,7.6e-05,0.0,0.001984,68.05,0.6805,68.4341,0.684341
2018-12-04 02:45:00,3.67,3.6352,3.4801,7.8958,3.4801,3.6352,7.8958,0.0,0.0,0.0,0.001973,67.33,0.6733,64.172,0.64172
2018-12-04 03:00:00,3.64,3.6221,3.4837,7.8965,3.4837,3.6221,7.8965,0.0,0.0,0.0,0.001937,67.3,0.673,62.9998,0.629998
2018-12-04 03:15:00,3.64,3.5973,3.4591,7.8867,3.4591,3.5973,7.8867,0.0,0.0,0.0,0.001937,66.39,0.6639,61.6613,0.616613
2018-12-04 03:30:00,3.71,3.6841,3.5103,7.8867,3.5103,3.6841,7.8867,0.0,0.0,0.0,0.001937,67.1,0.671,62.6142,0.626142
2018-12-04 03:45:00,3.67,3.6364,3.4839,7.9096,3.4839,3.6364,7.9096,0.0,0.0,0.0,0.001937,66.34,0.6634,61.3862,0.613862
2018-12-04 04:00:00,3.71,3.7011,3.5272,7.8965,3.5272,3.7011,7.8965,0.0,0.0,0.0,0.001937,67.1,0.671,62.4818,0.624818
2018-12-04 04:15:00,3.67,3.6364,3.4871,7.9096,3.4871,3.6364,7.9096,0.0,0.0,0.0,0.001937,67.33,0.6733,62.3355,0.623355
2018-12-04 04:30:00,3.6,3.5918,3.4904,7.9023,3.4904,3.5918,7.9023,0.0,0.0,0.0,0.001937,68.58,0.6858,64.6522,0.646522
2018-12-04 04:45:00,4.36,4.3402,3.9452,8.214,3.9452,4.3402,8.214,0.0,0.0,0.0,0.001937,67.31,0.6731,60.6147,0.606147
2018-12-04 05:00:00,4.64,4.3675,3.8378,8.3681,3.8378,4.3675,8.3681,0.0,0.001937,0.0,0.002396,65.17,0.6517,61.5162,0.615162
2018-12-04 05:15:00,4.72,4.591,4.0284,8.5601,4.0284,4.591,8.5601,0.0,0.001973,0.0,0.002507,66.3,0.663,62.9753,0.629753
2018-12-04 05:30:00,5.44,5.1775,4.4832,9.0678,4.4832,5.1775,9.0678,0.0,0.001973,0.0,0.00258,71.69,0.7169,67.7257,0.677257
2018-12-04 05:45:00,4.43,4.3491,4.2049,8.889,4.2049,4.3491,8.889,0.0,0.002051,0.0,0.003447,67.9,0.679,68.9568,0.689568
2018-12-04 06:00:00,3.64,3.7393,3.6435,8.4315,3.6435,3.7393,8.4315,0.0,0.001973,0.0,0.003122,70.71,0.7071,70.5312,0.705312
2018-12-04 06:15:00,3.56,3.6077,3.4299,7.9834,3.4299,3.6077,7.9834,0.0,0.000185,0.0,0.001973,70.31,0.7031,70.1811,0.701811
2018-12-04 06:30:00,3.67,3.7562,3.4896,7.9081,3.4896,3.7562,7.9081,0.0,0.000144,0.0,0.001984,70.71,0.7071,69.2878,0.692878
2018-12-04 06:45:00,3.64,3.6221,3.4805,7.9056,3.4805,3.6221,7.9056,0.0,0.0,0.0,0.001973,69.75,0.6975,65.5838,0.655838
2018-12-04 07:00:00,3.56,3.5449,3.4127,7.8867,3.4127,3.5449,7.8867,0.0,0.0,0.0,0.001937,69.63,0.6963,65.217,0.65217
2018-12-04 07:15:00,3.56,3.5709,3.4369,7.8313,3.4369,3.5709,7.8313,0.0,0.0,0.0,0.001937,70.31,0.7031,66.4974,0.664974
2018-12-04 07:30:00,3.82,3.8667,3.5649,7.9183,3.5649,3.8667,7.9183,0.0,0.0,0.0,0.001937,70.07,0.7007,64.9716,0.649716
2018-12-04 07:45:00,4.54,4.4637,3.9716,8.2468,3.9716,4.4637,8.2468,0.0,0.0,0.0,0.001937,71.89,0.7189,64.0191,0.640191
2018-12-04 08:00:00,5.94,5.8083,5.101,8.8934,5.101,5.8083,8.8934,0.0,0.002089,0.0,0.002425,82.49,0.8249,73.061,0.73061
2018-12-04 08:15:00,28.4,30.456,25.8495,36.1306,25.8495,30.456,36.1306,0.01,0.013783,0.00944,0.015287,74.62,0.7462,75.7408,0.757408
2018-12-04 08:30:00,55.04,54.8769,47.1208,55.0423,47.1208,55.0423,54.8769,0.03,0.023654,0.02065,0.028119,74.57,0.7457,75.1018,0.751018
2018-12-04 08:45:00,61.13,61.1429,57.4014,66.2681,57.4014,61.1429,66.2681,0.03,0.029807,0.024967,0.033232,78.98,0.7898,76.244,0.76244
2018-12-04 09:00:00,82.33,81.4695,76.0096,85.9265,76.0096,81.4695,85.9265,0.04,0.036121,0.03192,0.040854,86.51,0.8651,86.1091,0.861091
2018-12-04 09:15:00,82.37,84.5653,77.8029,90.7716,77.8029,84.5653,90.7716,0.04,0.038027,0.033628,0.042763,82.15,0.8215,83.6317,0.836317
2018-12-04 09:30:00,64.08,65.8466,61.7634,78.0799,61.7634,65.8466,78.0799,0.03,0.030716,0.026218,0.039444,82.77,0.8277,85.3609,0.853609
2018-12-04 09:45:00,59.36,60.453,55.8621,68.0502,55.8621,60.453,68.0502,0.03,0.029624,0.023759,0.033362,86.49,0.8649,87.9519,0.879519
2018-12-04 10:00:00,52.16,52.6759,49.5174,59.889,49.5174,52.6759,59.889,0.02,0.020527,0.02004,0.030359,89.11,0.8911,90.299,0.90299
2018-12-04 10:15:00,56.95,58.2069,55.4706,67.0298,55.4706,58.2069,67.0298,0.03,0.028756,0.0236,0.032906,85.8,0.858,87.1772,0.871772
2018-12-04 10:30:00,53.42,53.825,50.3395,57.0465,50.3395,53.825,57.0465,0.02,0.021677,0.019908,0.029741,86.27,0.8627,87.6988,0.876988
2018-12-04 10:45:00,58.86,58.8108,55.7004,61.8903,55.7004,58.8108,61.8903,0.03,0.028712,0.024148,0.030875,86.42,0.8642,86.596,0.86596
2018-12-04 11:00:00,59.98,60.4582,56.676,62.084,56.676,60.4582,62.084,0.03,0.02931,0.023692,0.030766,84.83,0.8483,85.0404,0.850404
2018-12-04 11:15:00,61.24,60.6546,56.6467,63.4034,56.6467,60.6546,63.4034,0.03,0.029725,0.024209,0.031737,83.45,0.8345,83.6702,0.836702
2018-12-04 11:30:00,84.1,83.6445,77.109,84.831,77.109,83.6445,84.831,0.04,0.03682,0.033518,0.040672,83.39,0.8339,83.5573,0.835573
2018-12-04 11:45:00,63.86,66.7374,61.2429,76.3547,61.2429,66.7374,76.3547,0.03,0.030719,0.025814,0.038022,85.05,0.8505,86.6346,0.866346
2018-12-04 12:00:00,49.86,50.6329,45.1291,58.7693,45.1291,50.6329,58.7693,0.02,0.020601,0.019273,0.02886,89.35,0.8935,90.0718,0.900718
2018-12-04 12:15:00,6.91,6.8035,5.2914,14.4308,5.2914,6.8035,14.4308,0.0,0.0,0.0,0.005274,100.0,1.0,99.8986,0.998987
2018-12-04 12:30:00,7.38,7.6699,6.3087,10.3832,6.3087,7.6699,10.3832,0.0,0.0,0.0,0.002112,100.0,1.0,99.9683,0.999683
2018-12-04 12:45:00,6.62,6.2586,5.4578,10.5365,5.4578,6.2586,10.5365,0.0,0.0,0.0,0.001987,100.0,1.0,99.9712,0.999712
2018-12-04 13:00:00,6.55,6.4097,5.8426,9.8748,5.8426,6.4097,9.8748,0.0,0.0,0.0,0.001975,100.0,1.0,100.0058,1.000058
2018-12-04 13:15:00,32.51,33.7827,32.2231,43.0646,32.2231,33.7827,43.0646,0.01,0.017611,0.012309,0.018582,92.46,0.9246,94.9384,0.949384
2018-12-04 13:30:00,57.28,56.1382,49.6683,57.7145,49.6683,56.1382,57.7145,0.03,0.027381,0.02025,0.030573,86.78,0.8678,87.557,0.87557
2018-12-04 13:45:00,55.51,54.2721,50.1244,58.4728,50.1244,54.2721,58.4728,0.03,0.02227,0.020603,0.030253,87.02,0.8702,87.514,0.87514
2018-12-04 14:00:00,56.12,56.4949,53.098,58.441,53.098,56.4949,58.441,0.03,0.028579,0.021927,0.030496,86.77,0.8677,87.4104,0.874104
2018-12-04 14:15:00,58.82,57.6171,53.3023,60.6404,53.3023,57.6171,60.6404,0.03,0.02469,0.022573,0.030372,88.18,0.8818,87.9291,0.879291
2018-12-04 14:30:00,52.88,51.903,48.0932,54.6839,48.0932,51.903,54.6839,0.02,0.020242,0.019056,0.028187,90.72,0.9072,90.4541,0.904541
2018-12-04 14:45:00,53.46,52.7108,50.3211,56.2339,50.3211,52.7108,56.2339,0.02,0.020224,0.01992,0.02937,87.64,0.8764,87.9806,0.879806
2018-12-04 15:00:00,62.96,63.013,58.6208,65.1296,58.6208,63.013,65.1296,0.03,0.029456,0.025809,0.032326,85.39,0.8539,85.7273,0.857273
2018-12-04 15:15:00,64.62,64.1565,60.216,65.8465,60.216,64.1565,65.8465,0.03,0.030117,0.02574,0.031862,84.97,0.8497,84.6078,0.846078
2018-12-04 15:30:00,60.01,59.2007,54.6893,60.638,54.6893,59.2007,60.638,0.03,0.030164,0.022804,0.030478,87.91,0.8791,87.7173,0.877173
2018-12-04 15:45:00,55.66,54.0898,49.8191,56.7865,49.8191,54.0898,56.7865,0.03,0.021423,0.020918,0.029613,89.35,0.8935,89.1591,0.891591
2018-12-04 16:00:00,53.82,53.715,50.1213,55.9889,50.1213,53.715,55.9889,0.02,0.021678,0.021074,0.029688,88.85,0.8885,89.0316,0.890316
2018-12-04 16:15:00,71.86,71.6614,65.9084,73.0522,65.9084,71.6614,73.0522,0.03,0.031315,0.028447,0.038203,86.12,0.8612,85.4721,0.854721
2018-12-04 16:30:00,60.73,59.8687,53.4385,62.7887,53.4385,59.8687,62.7887,0.03,0.027068,0.021382,0.032502,89.37,0.8937,88.0767,0.880767
2018-12-04 16:45:00,68.22,66.3282,62.8795,69.5772,62.8795,66.3282,69.5772,0.03,0.03046,0.026774,0.03234,88.38,0.8838,87.2916,0.872916
2018-12-04 17:00:00,80.46,79.5385,73.3899,84.3041,73.3899,79.5385,84.3041,0.04,0.034055,0.031886,0.039714,84.47,0.8447,84.7576,0.847576
2018-12-04 17:15:00,61.52,57.4889,54.0486,68.597,54.0486,57.4889,68.597,0.03,0.028779,0.022496,0.034864,90.83,0.9083,90.9357,0.909357
2018-12-04 17:30:00,71.1,69.633,66.0579,75.4893,66.0579,69.633,75.4893,0.03,0.030518,0.028557,0.035211,89.97,0.8997,89.2679,0.892679
2018-12-04 17:45:00,35.21,34.0708,27.2625,41.7947,27.2625,34.0708,41.7947,0.02,0.019267,0.009571,0.021915,99.86,0.9986,99.2192,0.992192
2018-12-04 18:00:00,30.31,31.2446,28.7204,34.8593,28.7204,31.2446,34.8593,0.01,0.01902,0.009716,0.019926,99.35,0.9935,97.9566,0.979566
2018-12-04 18:15:00,43.56,44.3436,39.9165,48.1298,39.9165,44.3436,48.1298,0.02,0.019999,0.017076,0.025179,89.39,0.8939,90.8621,0.908621
2018-12-04 18:30:00,40.97,41.5254,38.0212,47.2086,38.0212,41.5254,47.2086,0.02,0.019989,0.017629,0.022822,93.76,0.9376,93.3852,0.933852
2018-12-04 18:45:00,38.56,37.2926,34.3076,40.786,34.3076,37.2926,40.786,0.02,0.01997,0.013891,0.020033,98.3,0.983,95.0088,0.950088
2018-12-04 19:00:00,41.65,40.5364,36.748,44.1122,36.748,40.5364,44.1122,0.02,0.019997,0.014585,0.021114,96.82,0.9682,94.6309,0.946309
2018-12-04 19:15:00,49.07,48.1564,43.4209,50.4389,43.4209,48.1564,50.4389,0.02,0.020022,0.017978,0.023213,94.45,0.9445,93.4166,0.934166
2018-12-04 19:30:00,40.46,37.5587,34.2468,43.9406,34.2468,37.5587,43.9406,0.02,0.019961,0.012982,0.021454,97.97,0.9797,95.3702,0.953702
2018-12-04 19:45:00,48.64,48.6351,43.5018,49.9013,43.5018,48.6351,49.9013,0.02,0.020022,0.018021,0.023121,94.16,0.9416,93.3784,0.933784
2018-12-04 20:00:00,49.75,48.8524,45.526,51.1391,45.526,48.8524,51.1391,0.02,0.020003,0.018781,0.022806,94.36,0.9436,93.6179,0.936179
2018-12-04 20:15:00,48.89,48.2774,44.677,50.9891,44.677,48.2774,50.9891,0.02,0.020003,0.018626,0.024874,94.09,0.9409,93.5575,0.935575
2018-12-04 20:30:00,37.84,37.0149,33.0387,43.4127,33.0387,37.0149,43.4127,0.02,0.019906,0.012882,0.020909,97.82,0.9782,95.3803,0.953803
2018-12-04 20:45:00,30.67,30.8512,28.8311,36.4021,28.8311,30.8512,36.4021,0.01,0.01849,0.010921,0.019899,99.25,0.9925,98.046,0.98046
2018-12-04 21:00:00,5.08,6.3933,4.8426,11.9777,4.8426,6.3933,11.9777,0.0,0.0,0.0,0.00252,100.0,1.0,99.9333,0.999333
2018-12-04 21:15:00,5.69,5.4927,4.9184,9.4916,4.9184,5.4927,9.4916,0.0,0.0,0.0,0.00201,100.0,1.0,100.0001,1.000001
2018-12-04 21:30:00,5.44,4.9622,4.9221,9.1123,4.9622,4.9221,9.1123,0.0,0.0,0.0,0.001942,100.0,1.0,99.9985,0.999985
2018-12-04 21:45:00,5.4,5.1834,4.8431,8.9455,4.8431,5.1834,8.9455,0.0,0.0,0.0,0.001935,100.0,1.0,99.9985,0.999985
2018-12-04 22:00:00,5.44,5.159,4.7771,8.9074,4.7771,5.159,8.9074,0.0,0.0,0.0,0.001936,100.0,1.0,99.9738,0.999738
2018-12-04 22:15:00,5.26,5.1408,4.7881,9.016,4.7881,5.1408,9.016,0.0,0.002005,0.0,0.004103,74.99,0.7499,76.2741,0.762741
2018-12-04 22:30:00,4.64,4.4552,4.3623,8.9628,4.3623,4.4552,8.9628,0.0,0.001937,0.0,0.002618,68.76,0.6876,62.1601,0.621601
2018-12-04 22:45:00,3.92,4.0005,3.8027,8.6173,3.8027,4.0005,8.6173,0.0,0.001937,0.0,0.002824,64.21,0.6421,62.0566,0.620566
2018-12-04 23:00:00,3.96,3.9518,3.7913,8.0692,3.7913,3.9518,8.0692,0.0,0.000123,0.0,0.001973,64.27,0.6427,60.5357,0.605357
2018-12-04 23:15:00,3.92,3.9322,3.7674,8.0727,3.7674,3.9322,8.0727,0.0,0.0,0.0,0.001973,70.98,0.7098,64.104,0.64104
2018-12-04 23:30:00,3.85,3.8484,3.7171,8.0367,3.7171,3.8484,8.0367,0.0,0.0,0.0,0.001937,74.38,0.7438,58.2869,0.582869
2018-12-04 23:45:00,3.89,3.8016,3.7051,7.9679,3.7051,3.8016,7.9679,0.0,0.0,0.0,0.001937,74.72,0.7472,56.8731,0.568731
2018-12-05 00:00:00,3.96,3.84,3.7202,7.9905,3.7202,3.84,7.9905,0.0,0.0,0.0,0.00202,72.98,0.7298,69.2512,0.692512
2018-12-05 00:15:00,3.89,3.8235,3.6961,7.9851,3.6961,3.8235,7.9851,0.0,0.0,0.0,0.001937,72.09,0.7209,67.6001,0.676001
2018-12-05 00:30:00,3.92,3.7853,3.7275,7.9679,3.7275,3.7853,7.9679,0.0,3.3e-05,0.0,0.001937,69.11,0.6911,65.7768,0.657768
2018-12-05 00:45:00,3.89,3.7977,3.6979,7.9816,3.6979,3.7977,7.9816,0.0,0.0,0.0,0.001937,69.45,0.6945,64.4569,0.644569
2018-12-05 01:00:00,3.96,3.84,3.7455,7.9679,3.7455,3.84,7.9679,0.0,0.0,0.0,0.001937,69.74,0.6974,65.5022,0.655022
2018-12-05 01:15:00,3.78,3.7246,3.6282,7.9851,3.6282,3.7246,7.9851,0.0,0.0,0.0,0.001937,79.14,0.7914,73.8788,0.738788
2018-12-05 01:30:00,3.85,3.7973,3.623,7.9335,3.623,3.7973,7.9335,0.0,0.0,0.0,0.001937,79.68,0.7968,74.7614,0.747614
2018-12-05 01:45:00,3.82,3.7285,3.5897,7.9637,3.5897,3.7285,7.9637,0.0,0.0,0.0,0.001937,78.45,0.7845,73.7233,0.737233
2018-12-05 02:00:00,3.82,3.7493,3.5765,7.9335,3.5765,3.7493,7.9335,0.0,0.0,0.0,0.001937,79.15,0.7915,74.8165,0.748165
2018-12-05 02:15:00,3.85,3.7814,3.5944,7.9335,3.5944,3.7814,7.9335,0.0,0.0,0.0,0.001937,79.38,0.7938,75.2313,0.752313
2018-12-05 02:30:00,4.64,4.5319,4.1333,8.296,4.1333,4.5319,8.296,0.0,2.5e-05,0.0,0.001937,86.11,0.8611,76.6466,0.766466
2018-12-05 02:45:00,4.86,4.6871,4.1951,8.5714,4.1951,4.6871,8.5714,0.0,0.001973,0.0,0.002673,87.95,0.8795,78.7775,0.787775
2018-12-05 03:00:00,3.82,4.0602,3.5995,8.7616,3.5995,4.0602,8.7616,0.0,0.001973,0.0,0.003548,79.45,0.7945,73.851,0.73851
2018-12-05 03:15:00,3.49,3.6124,3.4035,7.9838,3.4035,3.6124,7.9838,0.0,0.0,0.0,0.001973,81.85,0.8185,72.7494,0.727494
2018-12-05 03:30:00,3.13,3.2689,3.1084,7.8045,3.1084,3.2689,7.8045,0.0,0.0,0.0,0.001973,83.65,0.8365,74.1263,0.741263
2018-12-05 03:45:00,3.2,3.2311,3.0325,7.6289,3.0325,3.2311,7.6289,0.0,0.0,0.0,0.001973,83.72,0.8372,75.3586,0.753586
2018-12-05 04:00:00,3.13,3.148,3.0051,7.6177,3.0051,3.148,7.6177,0.0,0.0,0.0,0.001937,84.51,0.8451,75.6181,0.756181
2018-12-05 04:15:00,3.1,3.1088,2.9671,7.5932,2.9671,3.1088,7.5932,0.0,0.0,0.0,0.001937,84.28,0.8428,75.5026,0.755026
2018-12-05 04:30:00,3.17,3.1812,2.9967,7.5798,2.9967,3.1812,7.5798,0.0,0.0,0.0,0.001937,84.81,0.8481,75.8623,0.758623
2018-12-05 04:45:00,3.06,3.1085,2.9588,7.5989,2.9588,3.1085,7.5989,0.0,0.0,0.0,0.001937,84.46,0.8446,75.4539,0.754539
2018-12-05 05:00:00,3.17,3.1774,2.9999,7.5652,2.9999,3.1774,7.5652,0.0,0.0,0.0,0.001937,84.81,0.8481,76.5069,0.765069
2018-12-05 05:15:00,3.06,3.0904,2.9508,7.5853,2.9508,3.0904,7.5853,0.0,0.0,0.0,0.001937,85.33,0.8533,75.9854,0.759854
2018-12-05 05:30:00,3.1,3.1188,2.9434,7.5571,2.9434,3.1188,7.5571,0.0,0.0,0.0,0.001937,85.99,0.8599,76.264,0.76264
2018-12-05 05:45:00,3.02,3.0496,2.9157,7.5662,2.9157,3.0496,7.5662,0.0,0.0,0.0,0.001937,85.9,0.859,75.7683,0.757683
2018-12-05 06:00:00,3.1,3.0912,2.9516,7.5401,2.9516,3.0912,7.5401,0.0,0.0,0.0,0.001937,85.63,0.8563,75.3196,0.753196
2018-12-05 06:15:00,3.02,3.0041,2.8844,7.5552,2.8844,3.0041,7.5552,0.0,0.0,0.0,0.001937,86.77,0.8677,75.2613,0.752613
2018-12-05 06:30:00,4.61,4.6526,4.2486,8.0769,4.2486,4.6526,8.0769,0.0,0.0,0.0,0.001935,90.02,0.9002,78.52,0.7852
2018-12-05 06:45:00,4.9,4.6703,3.9066,8.429,3.9066,4.6703,8.429,0.0,0.001973,0.0,0.002664,91.02,0.9102,80.4094,0.804094
2018-12-05 07:00:00,3.85,3.9713,3.3121,8.567,3.3121,3.9713,8.567,0.0,0.001984,0.0,0.003622,78.28,0.7828,73.8669,0.738669
2018-12-05 07:15:00,3.49,3.4889,3.1216,7.863,3.1216,3.4889,7.863,0.0,0.0,0.0,0.001984,75.62,0.7562,71.6433,0.716433
2018-12-05 07:30:00,3.2,3.3296,3.115,7.7962,3.115,3.3296,7.7962,0.0,0.0,0.0,0.001973,81.56,0.8156,76.0585,0.760585
2018-12-05 07:45:00,4.32,4.3565,4.0327,8.0239,4.0327,4.3565,8.0239,0.0,0.0,0.0,0.001973,80.98,0.8098,75.5251,0.755251
2018-12-05 08:00:00,4.72,4.5687,4.0056,8.3042,4.0056,4.5687,8.3042,0.0,0.002093,0.0,0.003278,85.93,0.8593,79.086,0.79086
2018-12-05 08:15:00,27.65,28.2138,19.4116,33.2319,19.4116,28.2138,33.2319,0.01,0.012267,0.009268,0.013784,84.95,0.8495,73.4626,0.734626
2018-12-05 08:30:00,61.56,60.7322,49.0735,62.6948,49.0735,60.7322,62.6948,0.03,0.026782,0.024223,0.031609,77.07,0.7707,75.7571,0.757571
2018-12-05 08:45:00,57.71,56.6,53.3731,62.9905,53.3731,56.6,62.9905,0.03,0.029081,0.022116,0.031624,81.35,0.8135,77.2005,0.772005
2018-12-05 09:00:00,57.82,56.6511,50.1511,58.2567,50.1511,56.6511,58.2567,0.03,0.022302,0.02014,0.030147,91.74,0.9174,90.1892,0.901892
2018-12-05 09:15:00,68.08,66.4467,60.1191,68.8173,60.1191,66.4467,68.8173,0.03,0.030141,0.026768,0.032516,90.07,0.9007,88.0413,0.880413
2018-12-05 09:30:00,64.08,60.5359,55.656,64.2343,55.656,60.5359,64.2343,0.03,0.029493,0.022562,0.031754,91.09,0.9109,88.6919,0.886919
2018-12-05 09:45:00,64.76,63.8256,57.6521,63.9298,57.6521,63.9298,63.8256,0.03,0.02732,0.024698,0.030839,90.65,0.9065,88.4729,0.884729
2018-12-05 10:00:00,62.68,61.1419,54.4655,63.6476,54.4655,61.1419,63.6476,0.03,0.029117,0.023216,0.03088,91.12,0.9112,89.0604,0.890604
2018-12-05 10:15:00,49.28,48.6586,43.617,52.3936,43.617,48.6586,52.3936,0.02,0.020749,0.018709,0.025499,94.79,0.9479,93.7758,0.937758
2018-12-05 10:30:00,56.52,55.9299,52.177,58.8675,52.177,55.9299,58.8675,0.03,0.024259,0.022126,0.029709,91.63,0.9163,90.3255,0.903255
2018-12-05 10:45:00,59.04,58.0407,53.4068,60.6213,53.4068,58.0407,60.6213,0.03,0.024639,0.022531,0.030279,89.29,0.8929,88.4045,0.884045
2018-12-05 11:00:00,66.85,65.7382,61.1692,67.7135,61.1692,65.7382,67.7135,0.03,0.029697,0.025926,0.031579,87.29,0.8729,86.2456,0.862456
2018-12-05 11:15:00,68.83,64.9708,59.8525,69.0488,59.8525,64.9708,69.0488,0.03,0.030305,0.02481,0.033379,86.9,0.869,85.149,0.85149
2018-12-05 11:30:00,60.3,58.3391,51.8238,61.4593,51.8238,58.3391,61.4593,0.03,0.028474,0.020689,0.031335,89.22,0.8922,87.8033,0.878033
2018-12-05 11:45:00,53.21,52.1115,47.3218,54.8409,47.3218,52.1115,54.8409,0.02,0.020649,0.019119,0.028353,90.96,0.9096,89.99,0.8999
2018-12-05 12:00:00,40.97,35.5093,32.858,44.8103,32.858,35.5093,44.8103,0.02,0.01979,0.012618,0.023169,97.28,0.9728,97.3359,0.973359
2018-12-05 12:15:00,10.69,7.7926,5.9888,13.2257,5.9888,7.7926,13.2257,0.0,0.009303,5e-05,0.009346,100.0,1.0,99.7297,0.997297
2018-12-05 12:30:00,9.43,9.226,5.2935,12.4901,5.2935,9.226,12.4901,0.0,0.006281,0.0,0.007925,100.0,1.0,99.9675,0.999675
2018-12-05 12:45:00,10.33,9.1697,6.9175,11.9695,6.9175,9.1697,11.9695,0.0,0.004216,0.0,0.007677,100.0,1.0,99.9473,0.999473
2018-12-05 13:00:00,26.68,28.5293,25.5461,31.2289,25.5461,28.5293,31.2289,0.01,0.015527,0.009516,0.018593,99.08,0.9908,96.9289,0.969288
2018-12-05 13:15:00,43.34,40.1519,33.7815,48.4465,33.7815,40.1519,48.4465,0.02,0.019865,0.014299,0.025508,97.61,0.9761,94.6706,0.946706
2018-12-05 13:30:00,46.51,44.8267,41.9196,48.4242,41.9196,44.8267,48.4242,0.02,0.020002,0.017824,0.022844,95.53,0.9553,94.1066,0.941066
2018-12-05 13:45:00,50.44,50.7438,47.38,52.3509,47.38,50.7438,52.3509,0.02,0.020005,0.018451,0.02486,93.35,0.9335,92.7029,0.927029
2018-12-05 14:00:00,63.4,62.1399,57.372,63.7578,57.372,62.1399,63.7578,0.03,0.029305,0.025906,0.032373,88.43,0.8843,86.811,0.86811
2018-12-05 14:15:00,54.36,53.9201,48.6354,55.6412,48.6354,53.9201,55.6412,0.02,0.025736,0.019285,0.028382,90.7,0.907,90.0987,0.900987
2018-12-05 14:30:00,61.52,62.5386,58.0653,64.2308,58.0653,62.5386,64.2308,0.03,0.03059,0.025738,0.032348,83.26,0.8326,83.8008,0.838008
2018-12-05 14:45:00,58.93,59.6323,55.7565,61.5717,55.7565,59.6323,61.5717,0.03,0.028668,0.023192,0.030596,84.13,0.8413,84.1796,0.841796
2018-12-05 15:00:00,85.46,86.5085,78.3935,87.8345,78.3935,87.8345,86.5085,0.04,0.036432,0.033495,0.040344,88.64,0.8864,87.3351,0.873351
2018-12-05 15:15:00,109.3,108.6152,101.1947,111.094,101.1947,108.6152,111.094,0.05,0.049145,0.043706,0.051195,90.54,0.9054,89.3619,0.893619
2018-12-05 15:30:00,87.16,85.6913,77.1418,91.7114,77.1418,85.6913,91.7114,0.04,0.038827,0.033058,0.042366,93.34,0.9334,91.8683,0.918683
2018-12-05 15:45:00,96.01,97.5455,90.4492,102.9779,90.4492,97.5455,102.9779,0.04,0.042243,0.039498,0.048293,90.39,0.9039,90.4747,0.904747
2018-12-05 16:00:00,105.91,104.6893,100.4507,106.6802,100.4507,104.6893,106.6802,0.05,0.046888,0.044747,0.052735,91.37,0.9137,90.6752,0.906752
2018-12-05 16:15:00,68.18,72.1114,67.7743,82.1204,67.7743,72.1114,82.1204,0.03,0.033314,0.028927,0.039502,87.68,0.8768,90.7672,0.907672
2018-12-05 16:30:00,64.91,64.4709,59.9234,76.8378,59.9234,64.4709,76.8378,0.03,0.029735,0.024832,0.035489,90.59,0.9059,89.553,0.89553
2018-12-05 16:45:00,56.05,56.548,48.7911,65.1459,48.7911,56.548,65.1459,0.03,0.025855,0.020845,0.032938,94.52,0.9452,93.2521,0.932521
2018-12-05 17:00:00,62.96,63.2323,56.225,71.2636,56.225,63.2323,71.2636,0.03,0.028525,0.025655,0.03397,93.2,0.932,91.9063,0.919063
2018-12-05 17:15:00,47.12,48.3373,43.2612,53.6218,43.2612,48.3373,53.6218,0.02,0.020068,0.01857,0.025565,94.68,0.9468,93.9661,0.939661
2018-12-05 17:30:00,44.57,44.6842,42.0602,49.9435,42.0602,44.6842,49.9435,0.02,0.019997,0.018591,0.023254,95.34,0.9534,94.4502,0.944502
2018-12-05 17:45:00,44.24,43.4406,40.5783,48.4304,40.5783,43.4406,48.4304,0.02,0.019996,0.017834,0.022212,95.8,0.958,96.1728,0.961728
2018-12-05 18:00:00,27.32,27.4685,26.3735,33.6156,26.3735,27.4685,33.6156,0.01,0.018001,0.009748,0.019838,99.56,0.9956,99.0248,0.990248
2018-12-05 18:15:00,5.87,6.7613,4.6726,14.0578,4.6726,6.7613,14.0578,0.0,0.005582,0.0,0.007176,100.0,1.0,99.987,0.99987
2018-12-05 18:30:00,5.36,5.4771,4.8761,9.9644,4.8761,5.4771,9.9644,0.0,0.0,0.0,0.002101,100.0,1.0,99.9733,0.999733
2018-12-05 18:45:00,5.47,5.4384,4.8849,9.1288,4.8849,5.4384,9.1288,0.0,0.0,0.0,0.001964,100.0,1.0,99.9698,0.999698
2018-12-05 19:00:00,5.58,5.4331,4.8849,9.0087,4.8849,5.4331,9.0087,0.0,7e-06,0.0,0.001971,100.0,1.0,99.9968,0.999968
2018-12-05 19:15:00,5.58,5.4176,5.0464,9.1038,5.0464,5.4176,9.1038,0.0,0.0,0.0,0.002034,100.0,1.0,99.9969,0.999969
2018-12-05 19:30:00,5.47,5.286,5.0136,9.0203,5.0136,5.286,9.0203,0.0,0.0,0.0,0.002029,100.0,1.0,99.9969,0.999969
2018-12-05 19:45:00,5.44,5.3004,4.8134,8.8761,4.8134,5.3004,8.8761,0.0,0.000173,0.0,0.001988,100.0,1.0,99.9969,0.999969
2018-12-05 20:00:00,5.44,5.2536,4.7335,8.8761,4.7335,5.2536,8.8761,0.0,0.000183,0.0,0.001988,100.0,1.0,99.9969,0.999969
2018-12-05 20:15:00,5.44,5.25,4.7335,8.8761,4.7335,5.25,8.8761,0.0,0.000194,0.0,0.001988,100.0,1.0,99.9969,0.999969
2018-12-05 20:30:00,5.51,5.3123,4.756,8.8792,4.756,5.3123,8.8792,0.0,0.000198,0.0,0.001988,100.0,1.0,99.9969,0.999969
2018-12-05 20:45:00,5.44,5.2231,4.8138,8.8728,4.8138,5.2231,8.8728,0.0,0.000198,0.0,0.001988,100.0,1.0,99.9969,0.999969
2018-12-05 21:00:00,4.82,4.7033,4.2848,8.7754,4.2848,4.7033,8.7754,0.0,0.000174,0.0,0.001931,100.0,1.0,99.9969,0.999969
2018-12-05 21:15:00,4.28,4.2388,3.9656,8.665,3.9656,4.2388,8.665,0.0,0.0,0.0,0.001937,100.0,1.0,99.9969,0.999969
2018-12-05 21:30:00,4.25,4.2003,3.978,8.3966,3.978,4.2003,8.3966,0.0,0.0,0.0,0.001937,100.0,1.0,99.9969,0.999969
2018-12-05 21:45:00,4.28,4.2875,4.035,8.3966,4.035,4.2875,8.3966,0.0,0.0,0.0,0.001937,100.0,1.0,99.9969,0.999969
2018-12-05 22:00:00,4.36,4.2785,4.0316,8.3966,4.0316,4.2785,8.3966,0.0,0.0,0.0,0.001937,100.0,1.0,99.9687,0.999687
2018-12-05 22:15:00,4.03,3.9791,3.8003,8.3473,3.8003,3.9791,8.3473,0.0,0.0,0.0,0.001937,70.1,0.701,72.4117,0.724117
2018-12-05 22:30:00,4.0,4.0144,3.7769,8.138,3.7769,4.0144,8.138,0.0,0.0,0.0,0.001937,68.54,0.6854,62.6988,0.626988
2018-12-05 22:45:00,4.03,4.0654,3.7813,8.1119,3.7813,4.0654,8.1119,0.0,0.0,0.0,0.001937,67.63,0.6763,60.1355,0.601355
2018-12-05 23:00:00,4.0,4.0144,3.7587,8.1285,3.7587,4.0144,8.1285,0.0,0.0,0.0,0.001937,68.88,0.6888,62.1625,0.621625
2018-12-05 23:15:00,4.0,3.9687,3.7629,8.0731,3.7629,3.9687,8.0731,0.0,1.8e-05,0.0,0.001937,74.7,0.747,56.165,0.56165
2018-12-05 23:30:00,3.92,3.8886,3.7165,8.0731,3.7165,3.8886,8.0731,0.0,1.8e-05,0.0,0.001937,75.35,0.7535,57.1992,0.571992
2018-12-05 23:45:00,4.0,3.9018,3.7537,8.0025,3.7537,3.9018,8.0025,0.0,1.9e-05,0.0,0.001937,74.98,0.7498,55.9786,0.559786
2018-12-06 00:00:00,4.0,3.9137,3.7299,8.0771,3.7299,3.9137,8.0771,0.0,2.8e-05,0.0,0.00202,72.05,0.7205,67.3465,0.673465
2018-12-06 00:15:00,3.96,3.8863,3.7264,8.0545,3.7264,3.8863,8.0545,0.0,2.3e-05,0.0,0.001937,71.07,0.7107,66.1921,0.661921
2018-12-06 00:30:00,4.79,4.615,4.2302,8.3352,4.2302,4.615,8.3352,0.0,2.2e-05,0.0,0.001937,77.63,0.7763,68.4426,0.684426
2018-12-06 00:45:00,5.18,5.0382,4.3841,8.8862,4.3841,5.0382,8.8862,0.0,0.001937,0.0,0.002668,78.41,0.7841,72.858,0.72858
2018-12-06 01:00:00,4.03,4.0169,3.817,8.8664,3.817,4.0169,8.8664,0.0,0.001973,0.0,0.002679,70.97,0.7097,71.2774,0.712774
2018-12-06 01:15:00,3.92,3.908,3.7498,8.168,3.7498,3.908,8.168,0.0,0.0,0.0,0.001973,69.99,0.6999,70.6329,0.706329
2018-12-06 01:30:00,4.0,3.9828,3.7831,8.0609,3.7831,3.9828,8.0609,0.0,0.0,0.0,0.001973,72.05,0.7205,71.0134,0.710134
2018-12-06 01:45:00,3.92,3.9146,3.7201,8.0933,3.7201,3.9146,8.0933,0.0,0.0,0.0,0.001973,72.35,0.7235,70.3644,0.703644
2018-12-06 02:00:00,4.07,4.0051,3.836,8.0217,3.836,4.0051,8.0217,0.0,2.2e-05,0.0,0.001937,72.65,0.7265,68.1043,0.681043
2018-12-06 02:15:00,3.46,3.4065,3.3811,8.0491,3.4065,3.3811,8.0491,0.0,2.1e-05,0.0,0.001937,76.42,0.7642,71.3424,0.713424
2018-12-06 02:30:00,3.28,3.276,3.2174,7.7578,3.2174,3.276,7.7578,0.0,3.1e-05,0.0,0.001937,78.02,0.7802,73.2946,0.732946
2018-12-06 02:45:00,3.38,3.3901,3.1851,7.7136,3.1851,3.3901,7.7136,0.0,0.0,0.0,0.001937,77.68,0.7768,73.354,0.73354
2018-12-06 03:00:00,3.31,3.3288,3.118,7.7108,3.118,3.3288,7.7108,0.0,0.0,0.0,0.001937,76.23,0.7623,71.2543,0.712543
2018-12-06 03:15:00,3.35,3.3478,3.1467,7.6893,3.1467,3.3478,7.6893,0.0,0.0,0.0,0.001937,76.62,0.7662,71.2849,0.712849
2018-12-06 03:30:00,3.35,3.307,3.1576,7.6893,3.1576,3.307,7.6893,0.0,0.0,0.0,0.001937,77.07,0.7707,70.5933,0.705933
2018-12-06 03:45:00,3.38,3.3449,3.1864,7.6893,3.1864,3.3449,7.6893,0.0,0.0,0.0,0.001937,76.56,0.7656,71.279,0.71279
2018-12-06 04:00:00,3.42,3.4304,3.1864,7.6893,3.1864,3.4304,7.6893,0.0,0.0,0.0,0.001937,76.05,0.7605,71.4392,0.714392
2018-12-06 04:15:00,3.31,3.3172,3.1668,7.7006,3.1668,3.3172,7.7006,0.0,0.0,0.0,0.001937,76.69,0.7669,70.3502,0.703502
2018-12-06 04:30:00,4.61,4.6004,4.1571,8.0984,4.1571,4.6004,8.0984,0.0,0.0,0.0,0.001937,74.96,0.7496,64.8242,0.648242
2018-12-06 04:45:00,5.04,4.7954,3.9663,8.5744,3.9663,4.7954,8.5744,0.0,0.001973,0.0,0.002334,78.1,0.781,67.5712,0.675712
2018-12-06 05:00:00,4.07,4.0889,3.3856,8.7524,3.3856,4.0889,8.7524,0.0,0.001984,0.0,0.002561,70.45,0.7045,70.7203,0.707203
2018-12-06 05:15:00,3.71,3.5766,3.2803,8.0493,3.2803,3.5766,8.0493,0.0,0.0,0.0,0.001973,72.45,0.7245,68.7865,0.687865
2018-12-06 05:30:00,3.31,3.4355,3.2414,7.9583,3.2414,3.4355,7.9583,0.0,0.0,0.0,0.001973,76.23,0.7623,72.648,0.72648
2018-12-06 05:45:00,3.31,3.3324,3.1304,7.7507,3.1304,3.3324,7.7507,0.0,0.0,0.0,0.001973,77.95,0.7795,74.0905,0.740905
2018-12-06 06:00:00,3.38,3.3957,3.1808,7.7159,3.1808,3.3957,7.7159,0.0,0.0,0.0,0.001937,78.92,0.7892,73.8612,0.738612
2018-12-06 06:15:00,3.31,3.3288,3.1222,7.6893,3.1222,3.3288,7.6893,0.0,0.0,0.0,0.001937,80.03,0.8003,75.5827,0.755827
2018-12-06 06:30:00,3.28,3.271,3.1391,7.6926,3.1391,3.271,7.6926,0.0,0.0,0.0,0.001937,80.94,0.8094,76.4483,0.764483
2018-12-06 06:45:00,3.31,3.3206,3.1695,7.687,3.1695,3.3206,7.687,0.0,0.0,0.0,0.001937,80.38,0.8038,76.4403,0.764403
2018-12-06 07:00:00,3.24,3.2406,3.1127,7.6926,3.1127,3.2406,7.6926,0.0,0.0,0.0,0.001937,79.76,0.7976,75.82,0.7582
2018-12-06 07:15:00,3.28,3.291,3.1312,7.67,3.1312,3.291,7.67,0.0,0.0,0.0,0.001937,80.59,0.8059,76.6917,0.766917
2018-12-06 07:30:00,3.46,3.4945,3.2924,7.6972,3.2924,3.4945,7.6972,0.0,0.0,0.0,0.001937,80.39,0.8039,77.5382,0.775382
2018-12-06 07:45:00,4.21,4.1515,3.8233,8.0261,3.8233,4.1515,8.0261,0.0,0.0,0.0,0.001937,80.25,0.8025,75.9101,0.759101
2018-12-06 08:00:00,6.44,5.8063,4.8422,9.946,4.8422,5.8063,9.946,0.0,0.001463,0.0,0.002544,89.72,0.8972,77.4432,0.774432
2018-12-06 08:15:00,32.29,32.942,26.4342,38.7069,26.4342,32.942,38.7069,0.01,0.014872,0.009399,0.016731,80.03,0.8003,76.2074,0.762074
2018-12-06 08:30:00,64.98,62.5351,52.3272,70.5321,52.3272,62.5351,70.5321,0.03,0.026666,0.02495,0.034067,77.22,0.7722,75.8323,0.758323
2018-12-06 08:45:00,60.84,59.6478,54.8341,65.4055,54.8341,59.6478,65.4055,0.03,0.030195,0.022969,0.031987,81.95,0.8195,77.0705,0.770705
2018-12-06 09:00:00,59.87,58.4062,51.3582,60.2197,51.3582,58.4062,60.2197,0.03,0.024425,0.021137,0.030231,92.93,0.9293,91.3392,0.913392
2018-12-06 09:15:00,67.0,66.0113,59.7027,67.379,59.7027,66.0113,67.379,0.03,0.029748,0.026654,0.031633,89.8,0.898,88.0508,0.880508
2018-12-06 09:30:00,71.17,68.9253,64.2036,71.3907,64.2036,68.9253,71.3907,0.03,0.029818,0.026802,0.034339,89.3,0.893,87.3297,0.873297
2018-12-06 09:45:00,76.86,73.5432,67.5128,78.3414,67.5128,73.5432,78.3414,0.04,0.031772,0.02823,0.037756,87.7,0.877,86.554,0.86554
2018-12-06 10:00:00,66.67,68.1477,58.4852,69.5601,58.4852,68.1477,69.5601,0.03,0.030449,0.024233,0.036932,87.79,0.8779,88.1253,0.881253
2018-12-06 10:15:00,63.18,61.8561,55.0424,65.1513,55.0424,61.8561,65.1513,0.03,0.029795,0.023215,0.032597,90.08,0.9008,89.0356,0.890356
2018-12-06 10:30:00,68.87,68.3222,63.7233,68.762,63.7233,68.3222,68.762,0.03,0.030692,0.027262,0.033516,89.38,0.8938,88.0843,0.880843
2018-12-06 10:45:00,71.06,68.7273,65.5137,73.0637,65.5137,68.7273,73.0637,0.03,0.030963,0.027174,0.035271,88.03,0.8803,87.5146,0.875146
2018-12-06 11:00:00,62.78,61.1836,54.3184,64.0299,54.3184,61.1836,64.0299,0.03,0.028491,0.022494,0.033532,90.12,0.9012,88.3352,0.883352
2018-12-06 11:15:00,60.88,59.2987,54.4287,62.5634,54.4287,59.2987,62.5634,0.03,0.027493,0.024025,0.03122,88.77,0.8877,87.9402,0.879402
2018-12-06 11:30:00,74.45,72.0462,68.5093,76.3345,68.5093,72.0462,76.3345,0.03,0.033301,0.029806,0.03752,86.67,0.8667,84.8063,0.848063
2018-12-06 11:45:00,67.82,64.1795,59.9908,69.4159,59.9908,64.1795,69.4159,0.03,0.02945,0.024482,0.035486,86.62,0.8662,86.5705,0.865705
2018-12-06 12:00:00,69.26,66.3833,62.8832,71.737,62.8832,66.3833,71.737,0.03,0.0313,0.026084,0.034222,85.68,0.8568,84.7386,0.847386
2018-12-06 12:15:00,9.94,9.7578,6.7089,19.1886,6.7089,9.7578,19.1886,0.0,0.008892,2.1e-05,0.010855,99.87,0.9987,99.7398,0.997398
2018-12-06 12:30:00,6.88,6.7152,4.8955,10.8649,4.8955,6.7152,10.8649,0.0,0.000294,0.0,0.003179,100.0,1.0,99.9692,0.999692
2018-12-06 12:45:00,7.02,7.1848,6.2502,10.199,6.2502,7.1848,10.199,0.0,1.3e-05,0.0,0.002052,100.0,1.0,99.9741,0.999741
2018-12-06 13:00:00,6.95,6.7612,5.9589,10.5546,5.9589,6.7612,10.5546,0.0,4e-06,0.0,0.002045,100.0,1.0,100.0058,1.000058
2018-12-06 13:15:00,35.78,36.4492,33.5592,48.4574,33.5592,36.4492,48.4574,0.02,0.020014,0.017546,0.024679,92.83,0.9283,94.4125,0.944125
2018-12-06 13:30:00,61.78,59.077,50.5895,62.3244,50.5895,59.077,62.3244,0.03,0.027818,0.020569,0.031717,88.77,0.8877,87.7595,0.877595
2018-12-06 13:45:00,60.8,58.8702,53.6445,61.5504,53.6445,58.8702,61.5504,0.03,0.024505,0.022773,0.030658,89.47,0.8947,88.0733,0.880733
2018-12-06 14:00:00,71.78,69.5239,66.824,75.3801,66.824,69.5239,75.3801,0.03,0.031988,0.028669,0.035798,86.28,0.8628,85.7711,0.857711
2018-12-06 14:15:00,72.11,69.8152,63.9021,74.7578,63.9021,69.8152,74.7578,0.03,0.032311,0.026612,0.036524,86.41,0.8641,85.4333,0.854333
2018-12-06 14:30:00,68.22,65.8116,59.7121,69.4754,59.7121,65.8116,69.4754,0.03,0.029802,0.024557,0.035084,87.98,0.8798,86.6689,0.866689
2018-12-06 14:45:00,73.44,72.2297,66.5677,75.8518,66.5677,72.2297,75.8518,0.03,0.031994,0.027978,0.035614,86.93,0.8693,86.463,0.86463
2018-12-06 15:00:00,56.88,57.5281,52.6955,61.6315,52.6955,57.5281,61.6315,0.03,0.023324,0.021321,0.031192,91.56,0.9156,91.8432,0.918432
2018-12-06 15:15:00,50.29,51.0449,45.9787,54.6796,45.9787,51.0449,54.6796,0.02,0.020279,0.019236,0.028057,93.58,0.9358,93.1919,0.931919
2018-12-06 15:30:00,48.78,48.4711,45.703,52.9297,45.703,48.4711,52.9297,0.02,0.020004,0.019248,0.026367,94.0,0.94,93.5798,0.935798
2018-12-06 15:45:00,48.96,49.1948,45.642,52.9431,45.642,49.1948,52.9431,0.02,0.020004,0.018659,0.024484,92.49,0.9249,92.4896,0.924895
2018-12-06 16:00:00,49.97,50.5876,47.5455,53.523,47.5455,50.5876,53.523,0.02,0.02001,0.018953,0.026014,92.22,0.9222,92.1156,0.921156
2018-12-06 16:15:00,62.28,61.346,55.962,61.8615,55.962,61.346,61.8615,0.03,0.025564,0.024554,0.031261,91.96,0.9196,90.2631,0.902631
2018-12-06 16:30:00,47.95,45.4014,42.9322,50.5732,42.9322,45.4014,50.5732,0.02,0.019996,0.015427,0.025548,98.12,0.9812,95.5886,0.955886
2018-12-06 16:45:00,57.35,55.6526,49.4326,57.5624,49.4326,55.6526,57.5624,0.03,0.021169,0.020713,0.029286,96.23,0.9623,94.2992,0.942992
2018-12-06 17:00:00,47.77,42.7547,41.0525,46.5083,41.0525,42.7547,46.5083,0.02,0.020014,0.013725,0.023286,99.05,0.9905,95.4885,0.954885
2018-12-06 17:15:00,48.6,44.9722,39.0917,49.6591,39.0917,44.9722,49.6591,0.02,0.019999,0.015686,0.022409,98.62,0.9862,95.4636,0.954636
2018-12-06 17:30:00,57.46,56.9665,49.4527,57.2453,49.4527,57.2453,56.9665,0.03,0.023161,0.021091,0.028714,95.62,0.9562,94.3317,0.943317
2018-12-06 17:45:00,31.86,30.1438,24.5669,35.2665,24.5669,30.1438,35.2665,0.01,0.018539,0.010038,0.018739,100.0,1.0,100.0079,1.000079
2018-12-06 18:00:00,31.61,31.0145,29.5233,35.0526,29.5233,31.0145,35.0526,0.01,0.016832,0.010225,0.019058,99.38,0.9938,97.8769,0.978769
2018-12-06 18:15:00,36.61,38.6388,35.0398,42.7545,35.0398,38.6388,42.7545,0.02,0.019941,0.013701,0.02134,93.73,0.9373,93.07,0.9307
2018-12-06 18:30:00,40.07,40.1476,36.7448,44.7907,36.7448,40.1476,44.7907,0.02,0.019998,0.014466,0.021873,93.37,0.9337,92.5418,0.925418
2018-12-06 18:45:00,37.87,36.2937,34.2205,40.7547,34.2205,36.2937,40.7547,0.02,0.019932,0.014021,0.019963,98.41,0.9841,95.0915,0.950915
2018-12-06 19:00:00,47.23,45.1328,40.2092,48.529,40.2092,45.1328,48.529,0.02,0.020022,0.017196,0.023407,96.47,0.9647,94.6224,0.946224
2018-12-06 19:15:00,53.03,50.9601,48.6622,54.4472,48.6622,50.9601,54.4472,0.02,0.020442,0.018967,0.026035,93.15,0.9315,92.1813,0.921813
2018-12-06 19:30:00,38.63,37.4854,34.529,42.0457,34.529,37.4854,42.0457,0.02,0.019888,0.012249,0.021597,98.27,0.9827,95.3759,0.953759
2018-12-06 19:45:00,37.51,36.4853,34.3149,40.4278,34.3149,36.4853,40.4278,0.02,0.019963,0.014086,0.02016,98.68,0.9868,94.7886,0.947886
2018-12-06 20:00:00,38.3,37.1138,34.3293,40.9479,34.3293,37.1138,40.9479,0.02,0.019965,0.013774,0.020402,98.36,0.9836,94.5709,0.945709
2018-12-06 20:15:00,54.36,53.5076,46.1656,55.263,46.1656,53.5076,55.263,0.02,0.020359,0.018726,0.02849,93.12,0.9312,92.2747,0.922747
2018-12-06 20:30:00,38.84,38.1557,33.8584,43.4959,33.8584,38.1557,43.4959,0.02,0.019963,0.01222,0.022717,97.56,0.9756,95.3668,0.953668
2018-12-06 20:45:00,27.72,27.2993,25.6733,32.2089,25.6733,27.2993,32.2089,0.01,0.01605,0.009207,0.016896,98.9,0.989,97.82,0.9782
2018-12-06 21:00:00,8.86,8.4504,5.0827,12.5534,5.0827,8.4504,12.5534,0.0,0.000972,0.0,0.006861,100.0,1.0,100.011,1.00011
2018-12-06 21:15:00,5.51,5.3443,4.1865,9.8235,4.1865,5.3443,9.8235,0.0,0.0,0.0,0.001979,100.0,1.0,99.9985,0.999985
2018-12-06 21:30:00,5.58,5.2359,4.8947,9.1601,4.8947,5.2359,9.1601,0.0,0.0,0.0,0.001918,100.0,1.0,99.9985,0.999985
2018-12-06 21:45:00,5.62,5.2295,4.9932,9.105,4.9932,5.2295,9.105,0.0,2e-06,0.0,0.001946,100.0,1.0,99.9985,0.999985
2018-12-06 22:00:00,5.54,5.1856,4.9479,9.0835,4.9479,5.1856,9.0835,0.0,0.0,0.0,0.001956,100.0,1.0,99.9738,0.999738
2018-12-06 22:15:00,5.26,5.3605,4.8849,9.6374,4.8849,5.3605,9.6374,0.0,2.3e-05,0.0,0.002101,72.96,0.7296,75.6652,0.756652
2018-12-06 22:30:00,5.22,4.9986,4.769,9.0111,4.769,4.9986,9.0111,0.0,0.001937,0.0,0.003069,71.94,0.7194,61.9854,0.619854
2018-12-06 22:45:00,5.26,5.0556,4.8035,9.0111,4.8035,5.0556,9.0111,0.0,0.001937,0.0,0.003167,72.96,0.7296,61.4668,0.614668
2018-12-06 23:00:00,4.18,4.0976,3.9611,8.9403,3.9611,4.0976,8.9403,0.0,0.001937,0.0,0.003123,66.61,0.6661,62.4862,0.624862
2018-12-06 23:15:00,3.96,4.0365,3.8974,8.3692,3.8974,4.0365,8.3692,0.0,0.000652,0.0,0.001973,69.74,0.6974,64.1885,0.641884
2018-12-06 23:30:00,4.0,4.008,3.8092,8.0814,3.8092,4.008,8.0814,0.0,0.0,0.0,0.001973,73.04,0.7304,57.5554,0.575554
2018-12-06 23:45:00,4.0,4.0021,3.8087,8.1103,3.8087,4.0021,8.1103,0.0,0.0,0.0,0.001973,72.05,0.7205,65.5071,0.655071
2018-12-07 00:00:00,4.03,3.9695,3.7936,8.0941,3.7936,3.9695,8.0941,0.0,0.0,0.0,0.00224,74.58,0.7458,69.5638,0.695638
2018-12-07 00:15:00,3.96,3.8881,3.7781,8.0975,3.7781,3.8881,8.0975,0.0,2.5e-05,0.0,0.001937,70.09,0.7009,65.5313,0.655313
2018-12-07 00:30:00,4.03,3.9817,3.8188,8.0195,3.8188,3.9817,8.0195,0.0,2.3e-05,0.0,0.001937,69.75,0.6975,66.0532,0.660532
2018-12-07 00:45:00,4.03,3.9432,3.8252,8.0975,3.8252,3.9432,8.0975,0.0,2.2e-05,0.0,0.001937,68.55,0.6855,63.437,0.63437
2018-12-07 01:00:00,4.0,3.9185,3.7963,8.0975,3.7963,3.9185,8.0975,0.0,2.5e-05,0.0,0.001937,67.02,0.6702,62.5959,0.625959
2018-12-07 01:15:00,4.03,3.9695,3.8155,8.0714,3.8155,3.9695,8.0714,0.0,2.5e-05,0.0,0.001937,67.29,0.6729,63.2878,0.632878
2018-12-07 01:30:00,4.03,3.9819,3.83,8.1026,3.83,3.9819,8.1026,0.0,2.5e-05,0.0,0.001937,66.71,0.6671,62.091,0.62091
2018-12-07 01:45:00,4.03,3.9819,3.83,8.1026,3.83,3.9819,8.1026,0.0,2.5e-05,0.0,0.001937,67.04,0.6704,62.409,0.62409
2018-12-07 02:00:00,4.1,4.0687,3.8591,8.1026,3.8591,4.0687,8.1026,0.0,2.5e-05,0.0,0.001937,66.46,0.6646,62.5406,0.625406
2018-12-07 02:15:00,4.0,4.0497,3.8341,8.3178,3.8341,4.0497,8.3178,0.0,0.0,0.0,0.001937,64.97,0.6497,61.6556,0.616556
2018-12-07 02:30:00,4.72,4.6748,4.2854,8.4269,4.2854,4.6748,8.4269,0.0,3.9e-05,0.0,0.001937,69.97,0.6997,63.7138,0.637138
2018-12-07 02:45:00,4.79,4.7079,4.3129,8.7795,4.3129,4.7079,8.7795,0.0,0.001937,0.0,0.002561,70.71,0.7071,66.341,0.66341
2018-12-07 03:00:00,4.14,4.1352,3.7699,8.7743,3.7699,4.1352,8.7743,0.0,0.001973,0.0,0.002566,64.54,0.6454,61.741,0.61741
2018-12-07 03:15:00,4.07,4.0772,3.8604,8.357,3.8604,4.0772,8.357,0.0,0.000952,0.0,0.001937,63.89,0.6389,63.8024,0.638024
2018-12-07 03:30:00,4.03,4.0192,3.8534,8.1644,3.8534,4.0192,8.1644,0.0,0.0,0.0,0.001937,64.93,0.6493,63.098,0.63098
2018-12-07 03:45:00,4.0,4.0218,3.8162,8.1414,3.8162,4.0218,8.1414,0.0,0.0,0.0,0.001937,67.02,0.6702,64.1561,0.641561
2018-12-07 04:00:00,3.42,3.5061,3.4534,8.0743,3.4534,3.5061,8.0743,0.0,4.4e-05,0.0,0.001937,71.13,0.7113,69.4475,0.694475
2018-12-07 04:15:00,3.49,3.507,3.3372,7.7612,3.3372,3.507,7.7612,0.0,3.3e-05,0.0,0.001937,71.83,0.7183,68.1643,0.681643
2018-12-07 04:30:00,3.46,3.4125,3.2707,7.7612,3.2707,3.4125,7.7612,0.0,0.0,0.0,0.001937,71.53,0.7153,68.2358,0.682358
2018-12-07 04:45:00,3.38,3.3572,3.2455,7.7521,3.2455,3.3572,7.7521,0.0,0.0,0.0,0.001937,72.19,0.7219,68.8602,0.688602
2018-12-07 05:00:00,3.42,3.471,3.2444,7.7142,3.2444,3.471,7.7142,0.0,0.0,0.0,0.001937,72.6,0.726,68.532,0.68532
2018-12-07 05:15:00,3.42,3.4202,3.2803,7.7255,3.2803,3.4202,7.7255,0.0,0.0,0.0,0.001937,73.77,0.7377,69.6276,0.696276
2018-12-07 05:30:00,3.74,3.7593,3.4828,7.8236,3.4828,3.7593,7.8236,0.0,0.0,0.0,0.001937,70.71,0.7071,66.1727,0.661727
2018-12-07 05:45:00,4.07,3.9992,3.5712,7.9653,3.5712,3.9992,7.9653,0.0,0.0,0.0,0.001937,66.18,0.6618,60.1288,0.601288
2018-12-07 06:00:00,3.49,3.348,3.2222,7.9833,3.2222,3.348,7.9833,0.0,0.0,0.0,0.001937,72.56,0.7256,67.5471,0.675471
2018-12-07 06:15:00,3.42,3.3822,3.2493,7.7521,3.2493,3.3822,7.7521,0.0,9e-06,0.0,0.001937,73.77,0.7377,70.8497,0.708497
2018-12-07 06:30:00,3.64,3.6739,3.4654,7.7862,3.4654,3.6739,7.7862,0.0,0.0,0.0,0.001937,70.71,0.7071,66.992,0.66992
2018-12-07 06:45:00,4.1,4.0431,3.59,8.0173,3.59,4.0431,8.0173,0.0,0.0,0.0,0.001937,66.78,0.6678,60.6076,0.606076
2018-12-07 07:00:00,4.0,3.9135,3.5617,8.2006,3.5617,3.9135,8.2006,0.0,0.001329,0.0,0.001937,64.41,0.6441,59.193,0.59193
2018-12-07 07:15:00,4.0,3.9046,3.5272,7.9977,3.5272,3.9046,7.9977,0.0,8e-06,0.0,0.001937,66.11,0.6611,61.8,0.618
2018-12-07 07:30:00,3.82,3.7507,3.5043,8.0229,3.5043,3.7507,8.0229,0.0,0.0,0.0,0.001937,74.5,0.745,68.8566,0.688566
2018-12-07 07:45:00,4.54,4.5079,4.088,8.287,4.088,4.5079,8.287,0.0,0.0,0.0,0.001937,74.22,0.7422,66.6997,0.666997
2018-12-07 08:00:00,4.79,4.7147,4.3946,8.6337,4.3946,4.7147,8.6337,0.0,0.002055,0.0,0.002714,80.82,0.8082,75.7882,0.757882
2018-12-07 08:15:00,47.66,45.3896,39.1631,48.3949,39.1631,45.3896,48.3949,0.02,0.019909,0.015726,0.02335,83.6,0.836,77.298,0.77298
2018-12-07 08:30:00,60.19,57.7831,54.3055,65.3748,54.3055,57.7831,65.3748,0.03,0.027504,0.024614,0.032452,83.5,0.835,75.8095,0.758095
2018-12-07 08:45:00,60.19,57.5526,50.0087,61.1634,50.0087,57.5526,61.1634,0.03,0.023649,0.021051,0.030295,88.53,0.8853,77.3804,0.773804
2018-12-07 09:00:00,53.32,50.5284,42.4691,52.8182,42.4691,50.5284,52.8182,0.02,0.020286,0.014852,0.028219,98.45,0.9845,95.5349,0.955349
2018-12-07 09:15:00,58.86,55.9297,49.7733,58.0721,49.7733,55.9297,58.0721,0.03,0.027718,0.022059,0.029356,97.27,0.9727,95.1083,0.951084
2018-12-07 09:30:00,49.5,44.7364,42.4681,48.8723,42.4681,44.7364,48.8723,0.02,0.020014,0.013774,0.02428,98.84,0.9884,95.532,0.95532
2018-12-07 09:45:00,48.42,42.5931,38.3233,46.7338,38.3233,42.5931,46.7338,0.02,0.019978,0.015185,0.022535,99.18,0.9918,95.491,0.95491
2018-12-07 10:00:00,62.78,60.1664,53.7566,60.833,53.7566,60.1664,60.833,0.03,0.02355,0.023272,0.030467,96.51,0.9651,94.502,0.94502
2018-12-07 10:15:00,48.02,43.8245,42.4042,50.0528,42.4042,43.8245,50.0528,0.02,0.020011,0.01366,0.024315,99.25,0.9925,95.626,0.95626
2018-12-07 10:30:00,46.22,40.8858,37.1783,45.6656,37.1783,40.8858,45.6656,0.02,0.019971,0.015166,0.021457,99.41,0.9941,97.1602,0.971602
2018-12-07 10:45:00,57.46,56.4727,49.7065,57.5042,49.7065,56.4727,57.5042,0.03,0.022496,0.021524,0.029643,97.4,0.974,95.47,0.9547
2018-12-07 11:00:00,48.78,46.027,41.8494,49.6739,41.8494,46.027,49.6739,0.02,0.020041,0.015196,0.026522,98.25,0.9825,95.1675,0.951675
2018-12-07 11:15:00,47.02,42.8351,36.9152,47.5339,36.9152,42.8351,47.5339,0.02,0.019998,0.015236,0.0228,98.35,0.9835,95.0137,0.950137
2018-12-07 11:30:00,58.0,57.4036,51.0534,57.9932,51.0534,57.9932,57.4036,0.03,0.02267,0.021257,0.029939,95.01,0.9501,93.1327,0.931327
2018-12-07 11:45:00,51.48,48.1903,42.8674,51.2333,42.8674,48.1903,51.2333,0.02,0.020043,0.015785,0.027377,98.16,0.9816,96.2131,0.962131
2018-12-07 12:00:00,44.28,39.1607,33.7148,42.8856,33.7148,39.1607,42.8856,0.02,0.019819,0.013142,0.022074,98.34,0.9834,97.3513,0.973513
2018-12-07 12:15:00,26.6,22.5728,17.127,27.7184,17.127,22.5728,27.7184,0.01,0.01097,0.00672,0.012948,100.0,1.0,99.6832,0.996832
2018-12-07 12:30:00,12.49,10.5265,8.9344,13.1327,8.9344,10.5265,13.1327,0.01,0.008405,0.002043,0.008469,100.0,1.0,99.9195,0.999195
2018-12-07 12:45:00,9.79,8.3813,4.8752,11.6135,4.8752,8.3813,11.6135,0.0,0.006162,0.0,0.008113,100.0,1.0,99.9712,0.999712
2018-12-07 13:00:00,10.76,10.471,8.3818,12.8984,8.3818,10.471,12.8984,0.0,0.007489,0.0,0.008645,100.0,1.0,99.9914,0.999914
2018-12-07 13:15:00,44.06,43.0983,33.7025,43.5494,33.7025,43.0983,43.5494,0.02,0.019977,0.017555,0.026587,98.01,0.9801,96.5749,0.965749
2018-12-07 13:30:00,49.82,47.3202,44.5691,52.5028,44.5691,47.3202,52.5028,0.02,0.020001,0.018369,0.024544,96.9,0.969,95.0025,0.950025
2018-12-07 13:45:00,54.36,51.7871,46.9061,54.8974,46.9061,51.7871,54.8974,0.02,0.023848,0.01939,0.027659,97.07,0.9707,95.2008,0.952008
2018-12-07 14:00:00,55.98,53.5658,47.1649,55.696,47.1649,53.5658,55.696,0.03,0.021282,0.019489,0.029643,96.46,0.9646,94.285,0.94285
2018-12-07 14:15:00,56.48,53.9058,48.2106,56.035,48.2106,53.9058,56.035,0.03,0.021604,0.021143,0.029131,96.02,0.9602,93.8451,0.938451
2018-12-07 14:30:00,47.41,44.5405,39.9163,48.0825,39.9163,44.5405,48.0825,0.02,0.020047,0.01551,0.026084,97.86,0.9786,95.5099,0.955099
2018-12-07 14:45:00,47.95,46.7958,43.3228,51.2259,43.3228,46.7958,51.2259,0.02,0.020002,0.018649,0.023564,96.13,0.9613,94.9059,0.949059
2018-12-07 15:00:00,58.86,58.1027,52.1706,58.6346,52.1706,58.1027,58.6346,0.03,0.022315,0.021801,0.030231,94.19,0.9419,92.6581,0.926581
2018-12-07 15:15:00,50.08,47.3234,42.9241,51.0029,42.9241,47.3234,51.0029,0.02,0.020045,0.016215,0.026537,97.59,0.9759,95.4576,0.954576
2018-12-07 15:30:00,51.88,48.6628,42.6404,52.4107,42.6404,48.6628,52.4107,0.02,0.02001,0.017026,0.026304,97.74,0.9774,95.5172,0.955172
2018-12-07 15:45:00,53.82,52.2368,46.8549,54.6406,46.8549,52.2368,54.6406,0.02,0.02088,0.019686,0.027852,97.0,0.97,95.0068,0.950068
2018-12-07 16:00:00,49.9,48.3837,44.8581,52.2043,44.8581,48.3837,52.2043,0.02,0.020014,0.018629,0.02807,94.85,0.9485,93.7184,0.937184
2018-12-07 16:15:00,57.1,55.7104,51.3056,58.06,51.3056,55.7104,58.06,0.03,0.024206,0.021721,0.029379,93.49,0.9349,91.9855,0.919855
2018-12-07 16:30:00,50.33,49.6821,44.3931,52.4274,44.3931,49.6821,52.4274,0.02,0.020042,0.018718,0.02736,94.54,0.9454,93.5011,0.935011
2018-12-07 16:45:00,68.54,67.1405,60.8926,67.9321,60.8926,67.1405,67.9321,0.03,0.027431,0.02612,0.036092,91.63,0.9163,88.9208,0.889208
2018-12-07 17:00:00,60.12,57.8388,51.8239,60.3347,51.8239,57.8388,60.3347,0.03,0.028859,0.02109,0.030955,91.89,0.9189,90.3379,0.903379
2018-12-07 17:15:00,72.11,69.3006,66.0675,74.0946,66.0675,69.3006,74.0946,0.03,0.030532,0.029866,0.034761,90.65,0.9065,88.156,0.88156
2018-12-07 17:30:00,46.33,47.301,35.7844,53.2999,35.7844,47.301,53.2999,0.02,0.020345,0.013283,0.027799,97.24,0.9724,97.8374,0.978374
2018-12-07 17:45:00,34.16,31.2831,28.7759,36.4173,28.7759,31.2831,36.4173,0.02,0.018516,0.011064,0.019758,100.0,1.0,100.0414,1.000414
2018-12-07 18:00:00,30.35,31.4936,29.7183,35.6088,29.7183,31.4936,35.6088,0.01,0.018724,0.010082,0.019939,99.7,0.997,98.8563,0.988563
2018-12-07 18:15:00,42.48,43.1173,38.1016,47.7191,38.1016,43.1173,47.7191,0.02,0.01998,0.016223,0.024792,92.38,0.9238,91.29,0.9129
2018-12-07 18:30:00,52.85,50.1758,46.9669,54.2802,46.9669,50.1758,54.2802,0.02,0.020625,0.019062,0.02573,90.9,0.909,89.8566,0.898566
2018-12-07 18:45:00,58.97,57.8333,51.4484,58.0813,51.4484,57.8333,58.0813,0.03,0.027732,0.022061,0.029538,93.69,0.9369,91.56,0.915601
2018-12-07 19:00:00,57.17,56.2664,48.5269,57.2781,48.5269,56.2664,57.2781,0.03,0.022932,0.020959,0.029514,94.89,0.9489,93.0366,0.930366
2018-12-07 19:15:00,44.39,43.1526,38.574,48.5676,38.574,43.1526,48.5676,0.02,0.019992,0.015901,0.024195,97.11,0.9711,95.4266,0.954266
2018-12-07 19:30:00,47.84,45.7426,40.8023,49.7345,40.8023,45.7426,49.7345,0.02,0.020011,0.016854,0.0231,97.45,0.9745,95.2814,0.952814
2018-12-07 19:45:00,54.07,52.0499,49.0104,55.5032,49.0104,52.0499,55.5032,0.02,0.020449,0.019165,0.026506,93.98,0.9398,92.8508,0.928508
2018-12-07 20:00:00,43.38,40.7255,36.2602,45.1925,36.2602,40.7255,45.1925,0.02,0.019984,0.013152,0.022804,98.35,0.9835,95.3843,0.953843
2018-12-07 20:15:00,57.64,56.6231,51.3003,57.701,51.3003,56.6231,57.701,0.03,0.022721,0.022249,0.029297,93.87,0.9387,92.4742,0.924742
2018-12-07 20:30:00,41.72,38.726,37.2651,43.8594,37.2651,38.726,43.8594,0.02,0.01996,0.013426,0.021986,98.53,0.9853,95.459,0.95459
2018-12-07 20:45:00,31.9,32.3028,29.3061,36.6991,29.3061,32.3028,36.6991,0.01,0.018195,0.010181,0.019863,99.93,0.9993,99.9581,0.999581
2018-12-07 21:00:00,19.69,23.4565,18.9935,26.976,18.9935,23.4565,26.976,0.01,0.010295,0.004769,0.012404,100.0,1.0,99.9619,0.999619
2018-12-07 21:15:00,5.62,5.4022,4.2716,10.1046,4.2716,5.4022,10.1046,0.0,0.0,0.0,0.002286,100.0,1.0,99.9949,0.999949
2018-12-07 21:30:00,5.62,5.3504,5.0916,9.4247,5.0916,5.3504,9.4247,0.0,1.2e-05,0.0,0.00202,100.0,1.0,99.9985,0.999985
2018-12-07 21:45:00,5.15,4.8073,4.7501,9.0046,4.7501,4.8073,9.0046,0.0,1.2e-05,0.0,0.001939,100.0,1.0,99.9985,0.999985
2018-12-07 22:00:00,4.28,4.2623,4.185,8.883,4.185,4.2623,8.883,0.0,5.1e-05,0.0,0.001941,100.0,1.0,99.9738,0.999738
2018-12-07 22:15:00,4.0,4.0088,3.8871,8.3973,3.8871,4.0088,8.3973,0.0,0.001973,0.0,0.003028,70.09,0.7009,75.7847,0.757847
2018-12-07 22:30:00,4.07,4.1372,3.8496,8.1432,3.8496,4.1372,8.1432,0.0,0.000108,0.0,0.001973,69.51,0.6951,64.7706,0.647706
2018-12-07 22:45:00,4.03,4.0192,3.8462,8.1463,3.8462,4.0192,8.1463,0.0,0.0,0.0,0.001973,69.41,0.6941,63.2555,0.632555
2018-12-07 23:00:00,4.0,4.0218,3.7971,8.1368,3.7971,4.0218,8.1368,0.0,0.0,0.0,0.001937,69.14,0.6914,62.1911,0.621911
2018-12-07 23:15:00,3.96,3.9488,3.776,8.0813,3.776,3.9488,8.0813,0.0,2e-05,0.0,0.001937,73.62,0.7362,55.3406,0.553406
2018-12-07 23:30:00,4.03,3.9817,3.8078,8.0244,3.8078,3.9817,8.0244,0.0,1.8e-05,0.0,0.001937,74.95,0.7495,57.8454,0.578454
2018-12-07 23:45:00,4.0,3.9185,3.7888,8.1024,3.7888,3.9185,8.1024,0.0,2e-05,0.0,0.001937,74.98,0.7498,56.3569,0.563569
2018-12-08 00:00:00,3.78,3.7835,3.6605,8.0944,3.6605,3.7835,8.0944,0.0,3e-05,0.0,0.00202,77.02,0.7702,72.94,0.7294
2018-12-08 00:15:00,4.0,3.9579,3.6872,7.9673,3.6872,3.9579,7.9673,0.0,0.0,0.0,0.001937,73.32,0.7332,68.9978,0.689977
2018-12-08 00:30:00,3.96,3.8937,3.6373,8.0586,3.6373,3.8937,8.0586,0.0,0.0,0.0,0.001937,72.7,0.727,67.6839,0.676839
2018-12-08 00:45:00,4.0,3.927,3.6662,7.9809,3.6662,3.927,7.9809,0.0,0.0,0.0,0.001937,71.69,0.7169,67.1868,0.671868
2018-12-08 01:00:00,4.0,3.9211,3.6627,8.0328,3.6627,3.9211,8.0328,0.0,0.0,0.0,0.001937,72.68,0.7268,67.3979,0.673979
2018-12-08 01:15:00,5.15,4.9305,4.6142,8.443,4.6142,4.9305,8.443,0.0,2.5e-05,0.0,0.001937,80.32,0.8032,69.4302,0.694302
2018-12-08 01:30:00,4.79,4.5287,4.4661,8.884,4.4661,4.5287,8.884,0.0,0.001973,0.0,0.002682,78.18,0.7818,74.046,0.74046
2018-12-08 01:45:00,3.96,4.033,3.7021,8.7912,3.7021,4.033,8.7912,0.0,0.001973,0.0,0.002518,72.34,0.7234,69.4352,0.694352
2018-12-08 02:00:00,3.96,3.9595,3.8081,8.0863,3.8081,3.9595,8.0863,0.0,0.0,0.0,0.001973,72.34,0.7234,72.084,0.72084
2018-12-08 02:15:00,4.1,4.1496,3.8893,8.101,3.8893,4.1496,8.101,0.0,0.0,0.0,0.001973,71.58,0.7158,70.1373,0.701373
2018-12-08 02:30:00,4.0,4.011,3.8432,8.3271,3.8432,4.011,8.3271,0.0,0.001274,0.0,0.001937,71.42,0.7142,67.8618,0.678618
2018-12-08 02:45:00,4.0,3.9374,3.804,8.0763,3.804,3.9374,8.0763,0.0,2.5e-05,0.0,0.001937,71.07,0.7107,67.2113,0.672113
2018-12-08 03:00:00,4.0,3.9374,3.8005,8.0763,3.8005,3.9374,8.0763,0.0,2.5e-05,0.0,0.001937,71.69,0.7169,67.0035,0.670035
2018-12-08 03:15:00,3.96,3.9488,3.7835,8.0813,3.7835,3.9488,8.0813,0.0,3.1e-05,0.0,0.001937,69.47,0.6947,64.5244,0.645244
2018-12-08 03:30:00,3.64,3.6228,3.5906,7.9982,3.5906,3.6228,7.9982,0.0,2.3e-05,0.0,0.001937,75.1,0.751,69.8382,0.698382
2018-12-08 03:45:00,3.38,3.3994,3.2875,7.8855,3.2875,3.3994,7.8855,0.0,3.3e-05,0.0,0.001937,76.12,0.7612,71.354,0.71354
2018-12-08 04:00:00,3.31,3.3564,3.1802,7.7548,3.1802,3.3564,7.7548,0.0,0.0,0.0,0.001937,76.23,0.7623,71.6311,0.716311
2018-12-08 04:15:00,3.35,3.3681,3.185,7.7191,3.185,3.3681,7.7191,0.0,0.0,0.0,0.001937,76.62,0.7662,72.0861,0.720861
2018-12-08 04:30:00,3.35,3.3273,3.1999,7.6975,3.1999,3.3273,7.6975,0.0,0.0,0.0,0.001937,77.07,0.7707,71.1966,0.711966
2018-12-08 04:45:00,3.42,3.4011,3.2504,7.6975,3.2504,3.4011,7.6975,0.0,0.0,0.0,0.001937,78.04,0.7804,71.6569,0.716569
2018-12-08 05:00:00,3.49,3.4738,3.3068,7.7088,3.3068,3.4738,7.7088,0.0,0.0,0.0,0.001937,75.19,0.7519,70.0196,0.700196
2018-12-08 05:15:00,4.0,3.8873,3.5817,7.8915,3.5817,3.8873,7.8915,0.0,0.0,0.0,0.001937,70.71,0.7071,65.1756,0.651756
2018-12-08 05:30:00,3.53,3.4234,3.208,7.9354,3.208,3.4234,7.9354,0.0,0.0,0.0,0.001937,74.09,0.7409,68.1522,0.681522
2018-12-08 05:45:00,3.35,3.3893,3.2575,7.8034,3.2575,3.3893,7.8034,0.0,9e-06,0.0,0.001937,75.83,0.7583,71.9561,0.719561
2018-12-08 06:00:00,3.38,3.3855,3.2205,7.7242,3.2205,3.3855,7.7242,0.0,0.0,0.0,0.001937,76.12,0.7612,71.8578,0.718578
2018-12-08 06:15:00,4.03,3.9846,3.642,7.9694,3.642,3.9846,7.9694,0.0,0.0,0.0,0.001937,70.97,0.7097,64.9459,0.649459
2018-12-08 06:30:00,4.03,3.8827,3.5081,7.993,3.5081,3.8827,7.993,0.0,0.0,0.0,0.001937,70.1,0.701,63.6862,0.636862
2018-12-08 06:45:00,4.0,3.858,3.4859,7.9981,3.4859,3.858,7.9981,0.0,8e-06,0.0,0.001937,67.35,0.6735,61.3553,0.613553
2018-12-08 07:00:00,3.78,3.7507,3.4176,7.998,3.4176,3.7507,7.998,0.0,3.2e-05,0.0,0.001937,70.06,0.7006,65.6115,0.656115
2018-12-08 07:15:00,3.35,3.4287,3.2894,7.9277,3.2894,3.4287,7.9277,0.0,0.0,0.0,0.001937,75.05,0.7505,71.5249,0.715249
2018-12-08 07:30:00,3.31,3.3427,3.1746,7.7333,3.1746,3.3427,7.7333,0.0,0.0,0.0,0.001937,75.44,0.7544,71.6781,0.716781
2018-12-08 07:45:00,3.53,3.6085,3.3546,7.7534,3.3546,3.6085,7.7534,0.0,0.0,0.0,0.001937,77.48,0.7748,75.8079,0.758079
2018-12-08 08:00:00,3.67,3.947,3.4255,7.7733,3.4255,3.947,7.7733,0.0,0.0,0.0,0.002055,82.02,0.8202,77.8275,0.778275
2018-12-08 08:15:00,29.23,29.1726,22.9936,35.8011,22.9936,29.1726,35.8011,0.01,0.011017,0.009212,0.014928,82.65,0.8265,73.4891,0.734891
2018-12-08 08:30:00,38.16,38.1392,30.273,42.883,30.273,38.1392,42.883,0.02,0.019922,0.013282,0.021153,83.92,0.8392,75.586,0.75586
2018-12-08 08:45:00,33.08,32.8792,24.7767,39.6146,24.7767,32.8792,39.6146,0.02,0.019952,0.011326,0.020745,91.47,0.9147,76.1179,0.761179
2018-12-08 09:00:00,51.52,48.9327,42.1105,52.1243,42.1105,48.9327,52.1243,0.02,0.020642,0.016248,0.027941,96.57,0.9657,94.5714,0.945714
2018-12-08 09:15:00,47.77,45.3981,41.4507,50.1566,41.4507,45.3981,50.1566,0.02,0.020009,0.017739,0.026044,96.71,0.9671,96.0029,0.960029
2018-12-08 09:30:00,42.05,40.0723,35.2985,46.3554,35.2985,40.0723,46.3554,0.02,0.019975,0.015252,0.022396,97.52,0.9752,95.8829,0.958829
2018-12-08 09:45:00,32.4,31.4291,29.268,36.6047,29.268,31.4291,36.6047,0.01,0.018268,0.010511,0.019889,99.95,0.9995,99.8399,0.998399
2018-12-08 10:00:00,31.43,31.04,29.0414,34.9442,29.0414,31.04,34.9442,0.01,0.017761,0.009907,0.019696,100.0,1.0,99.9386,0.999386
2018-12-08 10:15:00,31.57,30.9778,29.0394,34.6382,29.0394,30.9778,34.6382,0.01,0.014204,0.010002,0.014787,100.0,1.0,99.916,0.99916
2018-12-08 10:30:00,31.43,30.9788,29.0056,34.813,29.0056,30.9788,34.813,0.01,0.016617,0.01024,0.019043,100.0,1.0,99.9168,0.999168
2018-12-08 10:45:00,47.66,46.1078,39.9326,48.1172,39.9326,46.1078,48.1172,0.02,0.019953,0.015908,0.026154,96.33,0.9633,96.3109,0.963109
2018-12-08 11:00:00,49.28,48.3758,43.6672,51.2368,43.6672,48.3758,51.2368,0.02,0.019999,0.017693,0.023073,95.83,0.9583,94.9378,0.949378
2018-12-08 11:15:00,38.16,34.496,32.0447,42.7325,32.0447,34.496,42.7325,0.02,0.01988,0.012277,0.021005,98.57,0.9857,95.7223,0.957223
2018-12-08 11:30:00,44.14,42.4106,38.0028,47.1049,38.0028,42.4106,47.1049,0.02,0.019998,0.015945,0.021939,96.72,0.9672,95.1277,0.951277
2018-12-08 11:45:00,38.27,36.5069,32.9474,41.1341,32.9474,36.5069,41.1341,0.02,0.019946,0.013302,0.020163,98.24,0.9824,95.3229,0.953229
2018-12-08 12:00:00,22.46,22.035,20.1756,27.6926,20.1756,22.035,27.6926,0.01,0.014112,0.008769,0.01643,99.0,0.99,97.3283,0.973283
2018-12-08 12:15:00,3.92,5.109,4.4213,12.0233,4.4213,5.109,12.0233,0.0,3.1e-05,0.0,0.002442,100.0,1.0,99.9312,0.999312
2018-12-08 12:30:00,4.57,5.1055,4.2633,8.9434,4.2633,5.1055,8.9434,0.0,0.0,0.0,0.002084,100.0,1.0,99.9688,0.999688
2018-12-08 12:45:00,5.36,5.3961,4.7188,9.1848,4.7188,5.3961,9.1848,0.0,2e-06,0.0,0.001972,100.0,1.0,99.9564,0.999564
2018-12-08 13:00:00,6.08,6.1668,5.1763,9.3477,5.1763,6.1668,9.3477,0.0,3.4e-05,0.0,0.001969,100.0,1.0,100.0012,1.000012
2018-12-08 13:15:00,34.09,33.6626,29.4245,39.9792,29.4245,33.6626,39.9792,0.02,0.017998,0.010801,0.019925,94.95,0.9495,95.986,0.95986
2018-12-08 13:30:00,55.69,53.3668,44.4591,55.5198,44.4591,53.3668,55.5198,0.03,0.023971,0.017607,0.030321,95.44,0.9544,93.8548,0.938548
2018-12-08 13:45:00,40.61,38.2886,33.2984,41.8118,33.2984,38.2886,41.8118,0.02,0.019961,0.011881,0.022079,98.29,0.9829,95.8342,0.958342
2018-12-08 14:00:00,50.51,49.4788,43.4811,51.6241,43.4811,49.4788,51.6241,0.02,0.020091,0.01838,0.024718,95.1,0.951,94.2353,0.942353
2018-12-08 14:15:00,37.98,35.9371,32.102,41.9262,32.102,35.9371,41.9262,0.02,0.019881,0.012738,0.020997,98.53,0.9853,95.865,0.95865
2018-12-08 14:30:00,48.89,48.7063,43.0419,51.0827,43.0419,48.7063,51.0827,0.02,0.02025,0.017865,0.024985,95.09,0.9509,94.1581,0.941581
2018-12-08 14:45:00,37.73,35.7348,32.8075,42.7742,32.8075,35.7348,42.7742,0.02,0.01988,0.012652,0.020862,98.36,0.9836,95.8357,0.958357
2018-12-08 15:00:00,40.03,38.472,36.0931,42.4717,36.0931,38.472,42.4717,0.02,0.019969,0.014705,0.020168,98.29,0.9829,95.1554,0.951553
2018-12-08 15:15:00,43.67,41.9906,38.0609,45.286,38.0609,41.9906,45.286,0.02,0.019996,0.016419,0.021255,97.94,0.9794,95.5565,0.955565
2018-12-08 15:30:00,46.15,44.5254,41.9597,48.3102,41.9597,44.5254,48.3102,0.02,0.020003,0.018428,0.021631,95.48,0.9548,94.8276,0.948276
2018-12-08 15:45:00,49.68,48.1405,45.1053,50.9524,45.1053,48.1405,50.9524,0.02,0.020005,0.01858,0.023391,95.07,0.9507,94.467,0.94467
2018-12-08 16:00:00,49.32,47.5614,44.5649,51.0236,44.5649,47.5614,51.0236,0.02,0.020005,0.018395,0.024963,94.98,0.9498,94.3402,0.943402
2018-12-08 16:15:00,49.46,47.4727,43.3901,51.2415,43.3901,47.4727,51.2415,0.02,0.020006,0.01861,0.024966,95.5,0.955,94.6579,0.946579
2018-12-08 16:30:00,49.54,47.2333,43.1661,51.1978,43.1661,47.2333,51.1978,0.02,0.020006,0.018569,0.024902,96.52,0.9652,95.3783,0.953783
2018-12-08 16:45:00,34.63,34.2381,32.3174,38.8612,32.3174,34.2381,38.8612,0.02,0.019335,0.012271,0.020031,98.88,0.9888,98.1389,0.981389
2018-12-08 17:00:00,27.0,28.1608,25.138,31.9044,25.138,28.1608,31.9044,0.01,0.016069,0.009516,0.017021,100.0,1.0,99.8952,0.998952
2018-12-08 17:15:00,9.9,8.7824,5.9776,12.7078,5.9776,8.7824,12.7078,0.0,0.006232,0.0,0.007518,100.0,1.0,100.011,1.00011
2018-12-08 17:30:00,5.22,5.6139,4.46,10.1321,4.46,5.6139,10.1321,0.0,0.000245,0.0,0.002467,100.0,1.0,99.9985,0.999985
2018-12-08 17:45:00,5.29,5.2018,4.7928,9.3122,4.7928,5.2018,9.3122,0.0,2.4e-05,0.0,0.002023,100.0,1.0,99.9985,0.999985
2018-12-08 18:00:00,5.22,5.1781,4.7225,8.9841,4.7225,5.1781,8.9841,0.0,0.0,0.0,0.00197,100.0,1.0,99.975,0.99975
2018-12-08 18:15:00,5.18,5.4521,4.731,9.0049,4.731,5.4521,9.0049,0.0,0.002088,0.0,0.003249,100.0,1.0,99.9762,0.999762
2018-12-08 18:30:00,5.15,5.0151,4.731,8.8786,4.731,5.0151,8.8786,0.0,0.00022,0.0,0.001964,100.0,1.0,99.975,0.99975
2018-12-08 18:45:00,5.33,5.211,4.8832,8.8954,4.8832,5.211,8.8954,0.0,0.000227,0.0,0.001964,100.0,1.0,99.9714,0.999714
2018-12-08 19:00:00,5.15,5.0758,4.7569,8.881,4.7569,5.0758,8.881,0.0,0.000215,0.0,0.001988,100.0,1.0,99.9985,0.999985
2018-12-08 19:15:00,4.1,4.3464,4.1307,8.8132,4.1307,4.3464,8.8132,0.0,0.0,0.0,0.001964,100.0,1.0,99.9985,0.999985
2018-12-08 19:30:00,4.14,4.2111,4.0327,8.3822,4.0327,4.2111,8.3822,0.0,0.0,0.0,0.001963,100.0,1.0,99.9985,0.999985
2018-12-08 19:45:00,4.1,4.1404,3.9966,8.3769,3.9966,4.1404,8.3769,0.0,0.0,0.0,0.001963,100.0,1.0,99.9985,0.999985
2018-12-08 20:00:00,4.14,4.2111,4.0327,8.3472,4.0327,4.2111,8.3472,0.0,0.0,0.0,0.001963,100.0,1.0,99.9985,0.999985
2018-12-08 20:15:00,4.1,4.1368,3.9815,8.3444,3.9815,4.1368,8.3444,0.0,0.000122,0.0,0.001964,100.0,1.0,99.9985,0.999985
2018-12-08 20:30:00,4.03,4.1151,3.9633,8.3377,3.9633,4.1151,8.3377,0.0,0.000133,0.0,0.001964,100.0,1.0,99.9985,0.999985
2018-12-08 20:45:00,4.14,4.2155,3.9316,8.1536,3.9316,4.2155,8.1536,0.0,9.9e-05,0.0,0.001964,100.0,1.0,99.9985,0.999985
2018-12-08 21:00:00,4.1,4.1368,3.912,8.3381,3.912,4.1368,8.3381,0.0,9.4e-05,0.0,0.001963,100.0,1.0,99.9985,0.999985
2018-12-08 21:15:00,4.14,4.1982,3.9497,8.3226,3.9497,4.1982,8.3226,0.0,0.000115,0.0,0.001937,100.0,1.0,99.9985,0.999985
2018-12-08 21:30:00,4.1,4.1275,3.912,8.3294,3.912,4.1275,8.3294,0.0,9.9e-05,0.0,0.001937,100.0,1.0,99.9985,0.999985
2018-12-08 21:45:00,4.14,4.1982,4.0192,8.3226,4.0192,4.1982,8.3226,0.0,0.000144,0.0,0.001937,100.0,1.0,99.9985,0.999985
2018-12-08 22:00:00,4.1,4.1275,3.9707,8.3294,3.9707,4.1275,8.3294,0.0,0.000136,0.0,0.001937,100.0,1.0,99.9738,0.999738
2018-12-08 22:15:00,3.82,3.8551,3.8067,8.3074,3.8067,3.8551,8.3074,0.0,0.0,0.0,0.001937,69.79,0.6979,72.2968,0.722968
2018-12-08 22:30:00,3.89,3.9171,3.6667,7.9886,3.6667,3.9171,7.9886,0.0,0.0,0.0,0.001937,70.44,0.7044,61.794,0.61794
2018-12-08 22:45:00,5.0,4.8284,4.3856,8.3481,4.3856,4.8284,8.3481,0.0,0.0,0.0,0.001937,78.09,0.7809,63.0484,0.630484
2018-12-08 23:00:00,4.75,4.4406,4.2182,8.8384,4.2182,4.4406,8.8384,0.0,0.001973,0.0,0.002376,78.81,0.7881,65.402,0.65402
2018-12-08 23:15:00,3.82,3.8498,3.5889,8.7547,3.5889,3.8498,8.7547,0.0,0.001973,0.0,0.002457,75.58,0.7558,59.2554,0.592554
2018-12-08 23:30:00,3.71,3.7477,3.5858,7.9981,3.5858,3.7477,7.9981,0.0,0.0,0.0,0.001973,76.74,0.7674,59.8556,0.598556
2018-12-08 23:45:00,3.82,3.8672,3.6068,8.0061,3.6068,3.8672,8.0061,0.0,0.0,0.0,0.001973,77.65,0.7765,59.8579,0.598579
2018-12-09 00:00:00,3.17,3.2852,3.1267,7.9503,3.1267,3.2852,7.9503,0.0,1.2e-05,0.0,0.002055,83.12,0.8312,73.3274,0.733274
2018-12-09 00:15:00,3.74,3.7099,3.4673,7.825,3.4673,3.7099,7.825,0.0,0.0,0.0,0.001937,76.28,0.7628,70.9435,0.709435
2018-12-09 00:30:00,3.74,3.6278,3.3881,7.8251,3.3881,3.6278,7.8251,0.0,0.0,0.0,0.001937,75.18,0.7518,70.4868,0.704868
2018-12-09 00:45:00,3.82,3.7146,3.4385,7.8285,3.4385,3.7146,7.8285,0.0,0.0,0.0,0.001937,74.89,0.7489,68.3341,0.683341
2018-12-09 01:00:00,3.85,3.6987,3.4086,7.8251,3.4086,3.6987,7.8251,0.0,0.0,0.0,0.001937,74.38,0.7438,70.441,0.70441
2018-12-09 01:15:00,3.78,3.6981,3.5509,7.9588,3.5509,3.6981,7.9588,0.0,0.0,0.0,0.001937,74.15,0.7415,70.2424,0.702423
2018-12-09 01:30:00,3.82,3.7589,3.5804,7.9286,3.5804,3.7589,7.9286,0.0,0.0,0.0,0.001937,74.12,0.7412,68.9363,0.689363
2018-12-09 01:45:00,3.78,3.722,3.5337,7.9286,3.5337,3.722,7.9286,0.0,0.0,0.0,0.001937,72.8,0.728,66.9788,0.669789
2018-12-09 02:00:00,3.78,3.7105,3.5591,7.9286,3.5591,3.7105,7.9286,0.0,0.0,0.0,0.001937,73.47,0.7347,68.5223,0.685223
2018-12-09 02:15:00,3.17,3.2919,3.1633,7.8971,3.1633,3.2919,7.8971,0.0,0.0,0.0,0.001937,78.28,0.7828,71.7322,0.717322
2018-12-09 02:30:00,3.13,3.1644,3.0168,7.6477,3.0168,3.1644,7.6477,0.0,0.0,0.0,0.001937,79.23,0.7923,73.8891,0.738891
2018-12-09 02:45:00,3.35,3.3862,3.1939,7.6359,3.1939,3.3862,7.6359,0.0,0.0,0.0,0.001937,80.37,0.8037,75.0763,0.750763
2018-12-09 03:00:00,3.67,3.6386,3.3938,7.737,3.3938,3.6386,7.737,0.0,0.0,0.0,0.001937,80.13,0.8013,74.1673,0.741673
2018-12-09 03:15:00,3.02,3.2132,2.9406,7.7497,2.9406,3.2132,7.7497,0.0,0.0,0.0,0.001937,82.23,0.8223,73.6639,0.736639
2018-12-09 03:30:00,3.13,3.1268,2.9747,7.5501,2.9747,3.1268,7.5501,0.0,0.0,0.0,0.001937,82.3,0.823,75.0082,0.750082
2018-12-09 03:45:00,3.06,3.0194,2.8927,7.5552,2.8927,3.0194,7.5552,0.0,0.0,0.0,0.001937,82.58,0.8258,74.9738,0.749738
2018-12-09 04:00:00,3.06,3.0481,2.8959,7.5461,2.8959,3.0481,7.5461,0.0,0.0,0.0,0.001937,81.7,0.817,75.3388,0.753388
2018-12-09 04:15:00,3.06,3.0481,2.8959,7.5461,2.8959,3.0481,7.5461,0.0,0.0,0.0,0.001937,81.19,0.8119,75.0497,0.750497
2018-12-09 04:30:00,3.2,3.2558,3.0565,7.5753,3.0565,3.2558,7.5753,0.0,0.0,0.0,0.001937,81.56,0.8156,76.0782,0.760782
2018-12-09 04:45:00,3.78,3.698,3.4406,7.7601,3.4406,3.698,7.7601,0.0,0.0,0.0,0.001937,77.72,0.7772,71.8923,0.718923
2018-12-09 05:00:00,3.78,3.5894,3.3529,7.7627,3.3529,3.5894,7.7627,0.0,0.0,0.0,0.001937,77.32,0.7732,72.5889,0.725889
2018-12-09 05:15:00,3.74,3.575,3.3307,7.7627,3.3307,3.575,7.7627,0.0,0.0,0.0,0.001937,76.99,0.7699,72.9177,0.729177
2018-12-09 05:30:00,3.74,3.6276,3.37,7.8339,3.37,3.6276,7.8339,0.0,0.0,0.0,0.001937,76.69,0.7669,72.8766,0.728766
2018-12-09 05:45:00,3.13,3.2808,3.1411,7.8937,3.1411,3.2808,7.8937,0.0,0.0,0.0,0.001937,83.16,0.8316,74.3759,0.743759
2018-12-09 06:00:00,3.74,3.7194,3.4785,7.8577,3.4785,3.7194,7.8577,0.0,0.0,0.0,0.001937,79.95,0.7995,73.9515,0.739515
2018-12-09 06:15:00,3.56,3.4665,3.2636,7.8163,3.2636,3.4665,7.8163,0.0,0.0,0.0,0.001937,80.11,0.8011,75.1732,0.751732
2018-12-09 06:30:00,3.1,3.1775,2.9513,7.7011,2.9513,3.1775,7.7011,0.0,0.0,0.0,0.001937,83.41,0.8341,74.5123,0.745123
2018-12-09 06:45:00,2.95,3.0486,2.9109,7.5798,2.9109,3.0486,7.5798,0.0,0.0,0.0,0.001937,82.51,0.8251,75.3936,0.753936
2018-12-09 07:00:00,3.06,3.0608,2.9142,7.5079,2.9142,3.0608,7.5079,0.0,0.0,0.0,0.001937,82.58,0.8258,75.2843,0.752843
2018-12-09 07:15:00,3.02,3.0076,2.8592,7.5289,2.8592,3.0076,7.5289,0.0,0.0,0.0,0.001937,82.74,0.8274,75.8372,0.758372
2018-12-09 07:30:00,2.95,2.9794,2.8509,7.5248,2.8509,2.9794,7.5248,0.0,0.0,0.0,0.001937,82.12,0.8212,75.5605,0.755605
2018-12-09 07:45:00,3.02,3.0188,2.8705,7.4979,2.8705,3.0188,7.4979,0.0,0.0,0.0,0.001937,82.23,0.8223,75.176,0.75176
2018-12-09 08:00:00,2.99,3.0308,2.8592,7.5229,2.8592,3.0308,7.5229,0.0,0.0,0.0,0.002055,81.96,0.8196,75.4403,0.754403
2018-12-09 08:15:00,3.13,3.2562,3.0029,7.5626,3.0029,3.2562,7.5626,0.0,0.00036,0.0,0.002105,80.95,0.8095,76.2629,0.762629
2018-12-09 08:30:00,3.74,3.7831,3.4285,7.7933,3.4285,3.7831,7.7933,0.0,4.7e-05,0.0,0.002105,74.49,0.7449,71.0925,0.710925
2018-12-09 08:45:00,3.82,3.6749,3.3834,7.7485,3.3834,3.6749,7.7485,0.0,4e-05,0.0,0.001973,93.25,0.9325,86.9687,0.869687
2018-12-09 09:00:00,3.96,3.7595,3.4821,7.7756,3.4821,3.7595,7.7756,0.0,7e-06,0.0,0.001975,100.0,1.0,99.9055,0.999055
2018-12-09 09:15:00,4.03,3.8842,3.5399,7.9171,3.5399,3.8842,7.9171,0.0,6e-06,0.0,0.001975,100.0,1.0,99.988,0.99988
2018-12-09 09:30:00,3.35,3.342,3.2804,8.0647,3.2804,3.342,8.0647,0.0,3.7e-05,0.0,0.001975,100.0,1.0,99.988,0.99988
2018-12-09 09:45:00,3.31,3.29,3.1452,7.7489,3.1452,3.29,7.7489,0.0,1.3e-05,0.0,0.001975,100.0,1.0,99.988,0.99988
2018-12-09 10:00:00,3.89,3.8173,3.5404,7.9072,3.5404,3.8173,7.9072,0.0,7e-06,0.0,0.001975,100.0,1.0,99.9919,0.999919
2018-12-09 10:15:00,4.03,3.8646,3.5278,7.9284,3.5278,3.8646,7.9284,0.0,7e-06,0.0,0.001975,100.0,1.0,99.9927,0.999927
2018-12-09 10:30:00,3.31,3.2992,3.0928,7.9838,3.0928,3.2992,7.9838,0.0,4e-06,0.0,0.001975,100.0,1.0,99.9971,0.999971
2018-12-09 10:45:00,3.35,3.3431,3.1557,7.7262,3.1557,3.3431,7.7262,0.0,1.3e-05,0.0,0.001976,100.0,1.0,99.9971,0.999971
2018-12-09 11:00:00,3.42,3.5433,3.2203,7.7658,3.2203,3.5433,7.7658,0.0,8e-06,0.0,0.001997,100.0,1.0,100.0027,1.000027
2018-12-09 11:15:00,3.35,3.4751,3.1865,7.7719,3.1865,3.4751,7.7719,0.0,8e-06,0.0,0.001997,100.0,1.0,99.976,0.99976
2018-12-09 11:30:00,3.31,3.3796,3.1452,7.7391,3.1452,3.3796,7.7391,0.0,8e-06,0.0,0.001997,100.0,1.0,99.9808,0.999808
2018-12-09 11:45:00,3.38,3.4803,3.1849,7.7391,3.1849,3.4803,7.7391,0.0,8e-06,0.0,0.001997,100.0,1.0,99.9808,0.999808
2018-12-09 12:00:00,3.89,3.9961,3.5122,7.9202,3.5122,3.9961,7.9202,0.0,1e-05,0.0,0.001996,100.0,1.0,99.9068,0.999068
2018-12-09 12:15:00,4.18,4.1587,3.6056,8.0087,3.6056,4.1587,8.0087,0.0,6e-06,0.0,0.001971,100.0,1.0,99.9297,0.999297
2018-12-09 12:30:00,4.1,4.0355,3.5648,8.2716,3.5648,4.0355,8.2716,0.0,0.0,0.0,0.00197,100.0,1.0,99.9636,0.999636
2018-12-09 12:45:00,4.1,4.1124,3.6112,8.2803,3.6112,4.1124,8.2803,0.0,0.0,0.0,0.001971,100.0,1.0,99.9636,0.999636
2018-12-09 13:00:00,3.6,3.737,3.488,8.3653,3.488,3.737,8.3653,0.0,0.0,0.0,0.001971,100.0,1.0,100.0019,1.000019
2018-12-09 13:15:00,3.42,3.5326,3.3599,8.0009,3.3599,3.5326,8.0009,0.0,5.8e-05,0.0,0.002006,100.0,1.0,100.0019,1.000019
2018-12-09 13:30:00,3.42,3.5623,3.2598,7.8308,3.2598,3.5623,7.8308,0.0,1.3e-05,0.0,0.002006,100.0,1.0,100.0019,1.000019
2018-12-09 13:45:00,3.35,3.5196,3.2162,7.8217,3.2162,3.5196,7.8217,0.0,1.3e-05,0.0,0.002006,100.0,1.0,100.0019,1.000019
2018-12-09 14:00:00,3.92,3.8212,3.5518,7.8806,3.5518,3.8212,7.8806,0.0,7e-06,0.0,0.001976,100.0,1.0,99.9801,0.999801
2018-12-09 14:15:00,3.78,3.6663,3.3635,7.9252,3.3635,3.6663,7.9252,0.0,7e-06,0.0,0.001976,100.0,1.0,99.9847,0.999847
2018-12-09 14:30:00,3.42,3.3883,3.1393,7.8539,3.1393,3.3883,7.8539,0.0,1.3e-05,0.0,0.001976,100.0,1.0,99.9847,0.999847
2018-12-09 14:45:00,3.38,3.3678,3.204,7.7374,3.204,3.3678,7.7374,0.0,5e-06,0.0,0.001976,100.0,1.0,99.9847,0.999847
2018-12-09 15:00:00,3.46,3.4849,3.2497,7.7647,3.2497,3.4849,7.7647,0.0,5e-06,0.0,0.001975,100.0,1.0,100.0038,1.000038
2018-12-09 15:15:00,3.42,3.3849,3.23,7.7675,3.23,3.3849,7.7675,0.0,5e-06,0.0,0.001975,100.0,1.0,100.0038,1.000038
2018-12-09 15:30:00,3.53,3.5239,3.3158,7.7541,3.3158,3.5239,7.7541,0.0,5e-06,0.0,0.001975,100.0,1.0,100.0038,1.000038
2018-12-09 15:45:00,4.07,3.9908,3.6376,7.9813,3.6376,3.9908,7.9813,0.0,7e-06,0.0,0.001975,100.0,1.0,100.0053,1.000053
2018-12-09 16:00:00,4.03,3.8327,3.5476,8.0298,3.5476,3.8327,8.0298,0.0,1.6e-05,0.0,0.001964,100.0,1.0,100.0001,1.000001
2018-12-09 16:15:00,4.14,3.9748,3.6012,8.047,3.6012,3.9748,8.047,0.0,1.5e-05,0.0,0.001964,100.0,1.0,100.0001,1.000001
2018-12-09 16:30:00,4.0,3.8424,3.5856,8.2394,3.5856,3.8424,8.2394,0.0,0.0,0.0,0.001964,100.0,1.0,100.0001,1.000001
2018-12-09 16:45:00,3.31,3.4971,3.3618,8.0814,3.3618,3.4971,8.0814,0.0,9.5e-05,0.0,0.001964,100.0,1.0,100.0001,1.000001
2018-12-09 17:00:00,3.35,3.3507,3.1549,7.7292,3.1549,3.3507,7.7292,0.0,3.5e-05,0.0,0.001964,100.0,1.0,99.998,0.99998
2018-12-09 17:15:00,3.49,3.5255,3.289,7.7382,3.289,3.5255,7.7382,0.0,1e-06,0.0,0.001937,100.0,1.0,99.998,0.99998
2018-12-09 17:30:00,4.1,4.0121,3.6917,7.9625,3.6917,4.0121,7.9625,0.0,0.0,0.0,0.001937,100.0,1.0,99.9996,0.999996
2018-12-09 17:45:00,3.64,3.505,3.2325,8.1391,3.2325,3.505,8.1391,0.0,0.0,0.0,0.001937,100.0,1.0,99.998,0.99998
2018-12-09 18:00:00,3.24,3.2862,3.0361,7.81,3.0361,3.2862,7.81,0.0,0.0,0.0,0.001937,100.0,1.0,99.9757,0.999757
2018-12-09 18:15:00,3.28,3.2948,3.1025,7.6933,3.1025,3.2948,7.6933,0.0,0.0,0.0,0.001937,100.0,1.0,99.9733,0.999733
2018-12-09 18:30:00,3.31,3.3002,3.1394,7.6882,3.1394,3.3002,7.6882,0.0,0.0,0.0,0.001937,100.0,1.0,99.9745,0.999745
2018-12-09 18:45:00,3.42,3.4118,3.1992,7.6804,3.1992,3.4118,7.6804,0.0,0.0,0.0,0.001937,100.0,1.0,99.9698,0.999698
2018-12-09 19:00:00,3.64,3.6329,3.405,7.7227,3.405,3.6329,7.7227,0.0,0.0,0.0,0.001937,100.0,1.0,99.9968,0.999968
2018-12-09 19:15:00,4.07,4.0242,3.586,7.9419,3.586,4.0242,7.9419,0.0,1e-06,0.0,0.001937,100.0,1.0,99.9984,0.999984
2018-12-09 19:30:00,4.03,3.862,3.5345,7.9899,3.5345,3.862,7.9899,0.0,1e-05,0.0,0.001937,100.0,1.0,99.9969,0.999969
2018-12-09 19:45:00,4.03,3.9045,3.5674,8.0205,3.5674,3.9045,8.0205,0.0,9e-06,0.0,0.001937,100.0,1.0,99.9969,0.999969
2018-12-09 20:00:00,4.0,3.8582,3.5961,8.0408,3.5961,3.8582,8.0408,0.0,4.2e-05,0.0,0.001937,100.0,1.0,99.9969,0.999969
2018-12-09 20:15:00,3.31,3.4143,3.359,8.0415,3.359,3.4143,8.0415,0.0,9.2e-05,0.0,0.001937,100.0,1.0,99.9969,0.999969
2018-12-09 20:30:00,3.31,3.3065,3.1351,7.725,3.1351,3.3065,7.725,0.0,3.2e-05,0.0,0.001937,100.0,1.0,99.9969,0.999969
2018-12-09 20:45:00,3.35,3.3607,3.1557,7.7159,3.1557,3.3607,7.7159,0.0,0.0,0.0,0.001937,100.0,1.0,99.9969,0.999969
2018-12-09 21:00:00,3.35,3.3199,3.1706,7.6893,3.1706,3.3199,7.6893,0.0,0.0,0.0,0.001937,100.0,1.0,99.9969,0.999969
2018-12-09 21:15:00,3.67,3.6569,3.4055,7.7874,3.4055,3.6569,7.7874,0.0,0.0,0.0,0.001937,100.0,1.0,99.9968,0.999968
2018-12-09 21:30:00,4.14,4.0949,3.6779,8.0168,3.6779,4.0949,8.0168,0.0,1e-06,0.0,0.001937,100.0,1.0,99.9984,0.999984
2018-12-09 21:45:00,3.38,3.3858,3.1221,8.1509,3.1221,3.3858,8.1509,0.0,0.0,0.0,0.001937,100.0,1.0,99.9969,0.999969
2018-12-09 22:00:00,3.28,3.3214,3.1216,7.7159,3.1216,3.3214,7.7159,0.0,7e-06,0.0,0.001937,100.0,1.0,99.7993,0.997993
2018-12-09 22:15:00,3.13,3.1806,3.0492,7.7102,3.0492,3.1806,7.7102,0.0,0.0,0.0,0.001937,80.09,0.8009,72.1935,0.721935
2018-12-09 22:30:00,3.17,3.1736,2.995,7.5932,2.995,3.1736,7.5932,0.0,2e-06,0.0,0.001973,79.61,0.7961,59.734,0.59734
2018-12-09 22:45:00,3.78,3.7487,3.4898,7.8424,3.4898,3.7487,7.8424,0.0,0.0,0.0,0.001937,74.15,0.7415,63.5818,0.635818
2018-12-09 23:00:00,3.78,3.6204,3.371,7.7897,3.371,3.6204,7.7897,0.0,0.0,0.0,0.001937,74.54,0.7454,54.9176,0.549176
2018-12-09 23:15:00,3.74,3.5931,3.3422,7.7897,3.3422,3.5931,7.7897,0.0,0.0,0.0,0.001937,77.4,0.774,59.1393,0.591393
2018-12-09 23:30:00,3.74,3.6204,3.3692,7.8217,3.3692,3.6204,7.8217,0.0,0.0,0.0,0.001937,78.52,0.7852,69.8055,0.698055
2018-12-09 23:45:00,3.46,3.5053,3.3794,7.91,3.3794,3.5053,7.91,0.0,0.0,0.0,0.001937,79.61,0.7961,69.3472,0.693472
2018-12-10 00:00:00,5.36,5.1641,4.5211,8.8031,4.5211,5.1641,8.8031,0.0,1.1e-05,0.0,0.002284,88.36,0.8836,76.7932,0.767932
2018-12-10 00:15:00,3.06,3.7963,3.3502,8.7998,3.3502,3.7963,8.7998,0.0,0.002062,0.0,0.002602,81.7,0.817,77.0248,0.770248
2018-12-10 00:30:00,3.02,3.0839,2.9112,7.6048,2.9112,3.0839,7.6048,0.0,0.0,0.0,0.001984,81.34,0.8134,75.2421,0.752421
2018-12-10 00:45:00,3.31,3.3679,3.1798,7.6697,3.1798,3.3679,7.6697,0.0,0.0,0.0,0.001984,79.1,0.791,74.6098,0.746098
2018-12-10 01:00:00,3.85,3.7386,3.4551,7.7931,3.4551,3.7386,7.7931,0.0,0.0,0.0,0.001984,75.44,0.7544,70.3674,0.703674
2018-12-10 01:15:00,3.42,3.332,3.0786,7.7549,3.0786,3.332,7.7549,0.0,0.0,0.0,0.001937,78.94,0.7894,72.7447,0.727447
2018-12-10 01:30:00,3.1,3.1338,2.9426,7.5929,2.9426,3.1338,7.5929,0.0,0.0,0.0,0.001937,80.31,0.8031,72.6696,0.726696
2018-12-10 01:45:00,3.1,3.1258,2.9478,7.5798,2.9478,3.1258,7.5798,0.0,0.0,0.0,0.001937,79.32,0.7932,74.4888,0.744888
2018-12-10 02:00:00,3.17,3.1812,2.9936,7.5798,2.9936,3.1812,7.5798,0.0,0.0,0.0,0.001937,80.94,0.8094,75.0686,0.750686
2018-12-10 02:15:00,3.31,3.3712,3.1272,7.617,3.1272,3.3712,7.617,0.0,0.0,0.0,0.001937,78.76,0.7876,74.7563,0.747563
2018-12-10 02:30:00,3.82,3.7604,3.4574,7.7971,3.4574,3.7604,7.7971,0.0,0.0,0.0,0.001937,74.12,0.7412,69.1312,0.691312
2018-12-10 02:45:00,3.78,3.6319,3.3325,7.7763,3.3325,3.6319,7.7763,0.0,0.0,0.0,0.001937,73.47,0.7347,68.3921,0.683921
2018-12-10 03:00:00,3.82,3.6688,3.3905,7.8166,3.3905,3.6688,7.8166,0.0,0.0,0.0,0.001937,73.16,0.7316,66.7626,0.667626
2018-12-10 03:15:00,3.74,3.5974,3.3278,7.8644,3.3278,3.5974,7.8644,0.0,0.0,0.0,0.001937,74.19,0.7419,67.5644,0.675644
2018-12-10 03:30:00,3.1,3.2631,3.1164,7.8937,3.1164,3.2631,7.8937,0.0,0.0,0.0,0.001937,78.95,0.7895,70.7052,0.707052
2018-12-10 03:45:00,3.2,3.2067,3.0129,7.6098,3.0129,3.2067,7.6098,0.0,0.0,0.0,0.001937,79.88,0.7988,74.1018,0.741018
2018-12-10 04:00:00,3.1,3.1356,2.979,7.6044,2.979,3.1356,7.6044,0.0,0.0,0.0,0.001937,79.32,0.7932,72.8746,0.728746
2018-12-10 04:15:00,3.13,3.1519,2.9658,7.5798,2.9658,3.1519,7.5798,0.0,0.0,0.0,0.001937,79.6,0.796,75.2895,0.752895
2018-12-10 04:30:00,3.17,3.1736,2.9793,7.5798,2.9793,3.1736,7.5798,0.0,0.0,0.0,0.001937,77.8,0.778,72.9917,0.729917
2018-12-10 04:45:00,3.49,3.514,3.2839,7.6947,3.2839,3.514,7.6947,0.0,0.0,0.0,0.001937,75.19,0.7519,69.6631,0.696631
2018-12-10 05:00:00,3.74,3.6849,3.4236,7.7175,3.4236,3.6849,7.7175,0.0,0.0,0.0,0.001937,72.72,0.7272,67.0098,0.670098
2018-12-10 05:15:00,3.13,3.2196,2.9704,7.7627,2.9704,3.2196,7.7627,0.0,0.0,0.0,0.001937,79.23,0.7923,71.361,0.71361
2018-12-10 05:30:00,3.1,3.1088,2.9641,7.5932,2.9641,3.1088,7.5932,0.0,0.0,0.0,0.001937,78.95,0.7895,72.3695,0.723694
2018-12-10 05:45:00,3.82,3.8375,3.6292,7.9033,3.6292,3.8375,7.9033,0.0,0.0,0.0,0.001937,72.78,0.7278,64.6337,0.646337
2018-12-10 06:00:00,3.82,3.6592,3.3579,7.7763,3.3579,3.6592,7.7763,0.0,0.0,0.0,0.001937,72.78,0.7278,66.1384,0.661384
2018-12-10 06:15:00,3.85,3.6913,3.3784,7.7763,3.3784,3.6913,7.7763,0.0,0.0,0.0,0.001973,74.09,0.7409,71.0672,0.710672
2018-12-10 06:30:00,3.82,3.6384,3.3507,7.8331,3.3507,3.6384,7.8331,0.0,0.0,0.0,0.001937,74.5,0.745,70.5874,0.705874
2018-12-10 06:45:00,3.46,3.4889,3.3407,7.899,3.3407,3.4889,7.899,0.0,2.3e-05,0.0,0.001937,75.66,0.7566,70.8602,0.708602
2018-12-10 07:00:00,3.06,3.1557,3.0456,7.7263,3.0456,3.1557,7.7263,0.0,0.0,0.0,0.001937,78.94,0.7894,74.5902,0.745902
2018-12-10 07:15:00,3.13,3.1354,2.9748,7.5787,2.9748,3.1354,7.5787,0.0,0.0,0.0,0.001937,79.6,0.796,73.4061,0.734061
2018-12-10 07:30:00,3.56,3.5528,3.3121,7.6781,3.3121,3.5528,7.6781,0.0,0.0,0.0,0.001937,82.38,0.8238,76.4657,0.764657
2018-12-10 07:45:00,5.87,4.8992,4.5813,10.5248,4.5813,4.8992,10.5248,0.0,0.0,0.0,0.002451,90.61,0.9061,79.2612,0.792612
2018-12-10 08:00:00,6.8,6.7264,5.6459,10.6985,5.6459,6.7264,10.6985,0.0,0.002274,0.0,0.004615,95.47,0.9547,85.1128,0.851128
2018-12-10 08:15:00,33.48,32.9178,24.7385,37.8897,24.7385,32.9178,37.8897,0.02,0.014875,0.009526,0.019095,83.82,0.8382,76.524,0.76524
2018-12-10 08:30:00,61.06,57.8866,49.1731,63.9917,49.1731,57.8866,63.9917,0.03,0.025843,0.021682,0.032028,83.54,0.8354,76.1009,0.761009
2018-12-10 08:45:00,58.36,56.2084,50.5492,60.7448,50.5492,56.2084,60.7448,0.03,0.026961,0.020577,0.030273,86.78,0.8678,76.4337,0.764337
2018-12-10 09:00:00,68.62,67.4895,58.7228,68.2621,58.7228,67.4895,68.2621,0.03,0.029063,0.025959,0.032436,91.37,0.9137,88.8979,0.888979
2018-12-10 09:15:00,69.23,68.5874,61.595,69.3742,61.595,68.5874,69.3742,0.03,0.030333,0.025011,0.032732,90.79,0.9079,88.2399,0.882399
2018-12-10 09:30:00,70.78,68.978,64.0981,69.9898,64.0981,68.978,69.9898,0.03,0.030193,0.026589,0.032934,90.59,0.9059,87.8771,0.878771
2018-12-10 09:45:00,61.74,59.507,52.9621,61.8732,52.9621,59.507,61.8732,0.03,0.028098,0.021515,0.032701,92.24,0.9224,90.2532,0.902532
2018-12-10 10:00:00,72.0,69.2842,66.201,72.1689,66.201,69.2842,72.1689,0.03,0.032052,0.02854,0.033693,90.01,0.9001,87.9956,0.879956
2018-12-10 10:15:00,56.2,56.0278,50.037,59.2988,50.037,56.0278,59.2988,0.03,0.022067,0.020527,0.030356,93.99,0.9399,93.0491,0.930491
2018-12-10 10:30:00,56.02,55.6754,50.473,57.6181,50.473,55.6754,57.6181,0.03,0.022467,0.020753,0.030076,93.7,0.937,92.0241,0.920241
2018-12-10 10:45:00,63.9,63.0389,57.0189,64.7832,57.0189,63.0389,64.7832,0.03,0.029414,0.026328,0.031702,91.01,0.9101,89.0222,0.890222
2018-12-10 11:00:00,68.47,67.0826,62.0013,68.4135,62.0013,67.0826,68.4135,0.03,0.030711,0.025478,0.033005,85.77,0.8577,84.5058,0.845058
2018-12-10 11:15:00,61.56,58.824,52.2372,62.032,52.2372,58.824,62.032,0.03,0.029306,0.02143,0.031508,89.63,0.8963,87.6672,0.876672
2018-12-10 11:30:00,70.31,67.5544,62.9287,70.1449,62.9287,67.5544,70.1449,0.03,0.02982,0.027769,0.032184,90.36,0.9036,88.0829,0.880829
2018-12-10 11:45:00,62.42,59.5305,52.01,61.7306,52.01,59.5305,61.7306,0.03,0.028022,0.02127,0.032812,94.62,0.9462,91.9963,0.919963
2018-12-10 12:00:00,44.75,39.7761,32.6517,48.6891,32.6517,39.7761,48.6891,0.02,0.019723,0.010296,0.022872,98.1,0.981,97.4685,0.974685
2018-12-10 12:15:00,9.11,6.8818,5.6534,13.9166,5.6534,6.8818,13.9166,0.0,0.007022,0.0,0.008396,100.0,1.0,99.8159,0.998159
2018-12-10 12:30:00,10.33,9.5852,7.1924,12.0335,7.1924,9.5852,12.0335,0.0,0.003787,0.0,0.007273,100.0,1.0,99.9512,0.999512
2018-12-10 12:45:00,11.45,10.5348,8.7035,12.9302,8.7035,10.5348,12.9302,0.01,0.007991,0.0,0.008301,100.0,1.0,99.8982,0.998982
2018-12-10 13:00:00,11.09,9.1377,5.9401,12.5541,5.9401,9.1377,12.5541,0.01,0.008028,0.0,0.008525,100.0,1.0,99.9514,0.999514
2018-12-10 13:15:00,42.66,41.0443,38.7571,52.0719,38.7571,41.0443,52.0719,0.02,0.02,0.018664,0.027601,94.0,0.94,93.8196,0.938196
2018-12-10 13:30:00,72.9,70.0069,63.6055,77.1276,63.6055,70.0069,77.1276,0.03,0.031092,0.028491,0.034286,89.26,0.8926,87.5455,0.875455
2018-12-10 13:45:00,71.03,69.6057,61.7956,72.5329,61.7956,69.6057,72.5329,0.03,0.030524,0.025405,0.035176,90.51,0.9051,88.6488,0.886488
2018-12-10 14:00:00,67.32,64.0236,55.4632,67.1523,55.4632,64.0236,67.1523,0.03,0.029537,0.022898,0.033984,92.14,0.9214,89.6432,0.896432
2018-12-10 14:15:00,64.22,60.9332,54.2322,64.3725,54.2322,60.9332,64.3725,0.03,0.030108,0.022488,0.032283,92.31,0.9231,90.326,0.90326
2018-12-10 14:30:00,69.91,68.7076,63.4618,69.5834,63.4618,68.7076,69.5834,0.03,0.030714,0.026498,0.033321,88.1,0.881,86.8209,0.868209
2018-12-10 14:45:00,51.23,52.5361,46.9219,55.6391,46.9219,52.5361,55.6391,0.02,0.021624,0.020216,0.027992,94.43,0.9443,93.7957,0.937957
2018-12-10 15:00:00,58.39,58.2764,53.1814,59.8857,53.1814,58.2764,59.8857,0.03,0.02528,0.024438,0.03027,91.63,0.9163,90.2161,0.902161
2018-12-10 15:15:00,69.62,68.2502,63.385,69.76,63.385,68.2502,69.76,0.03,0.03128,0.027712,0.033426,90.66,0.9066,88.326,0.88326
2018-12-10 15:30:00,66.71,64.0548,59.1551,67.0328,59.1551,64.0548,67.0328,0.03,0.030132,0.024217,0.032599,89.63,0.8963,87.6002,0.876002
2018-12-10 15:45:00,65.99,65.9245,57.7723,66.4022,57.7723,65.9245,66.4022,0.03,0.029212,0.024286,0.032508,90.59,0.9059,88.2645,0.882645
2018-12-10 16:00:00,64.98,65.7616,57.0108,65.7865,57.0108,65.7865,65.7616,0.03,0.02972,0.024122,0.031957,91.82,0.9182,89.9153,0.899153
2018-12-10 16:15:00,64.55,64.6338,58.3381,66.0864,58.3381,64.6338,66.0864,0.03,0.029288,0.025216,0.031753,90.07,0.9007,88.2753,0.882753
2018-12-10 16:30:00,63.72,64.266,57.642,64.3457,57.642,64.3457,64.266,0.03,0.029118,0.024941,0.031309,89.62,0.8962,88.0317,0.880317
2018-12-10 16:45:00,66.53,64.7773,59.2933,66.4471,59.2933,66.4471,64.7773,0.03,0.02933,0.024993,0.031188,91.83,0.9183,89.9501,0.899501
2018-12-10 17:00:00,62.57,62.13,53.7874,62.2467,53.7874,62.2467,62.13,0.03,0.030684,0.022631,0.031497,92.94,0.9294,91.0506,0.910506
2018-12-10 17:15:00,63.72,62.0652,57.2915,62.6873,57.2915,62.6873,62.0652,0.03,0.029188,0.024684,0.030154,92.28,0.9228,90.3748,0.903748
2018-12-10 17:30:00,58.64,57.65,51.1794,58.4061,51.1794,57.65,58.4061,0.03,0.028381,0.0219,0.029595,91.65,0.9165,90.5494,0.905494
2018-12-10 17:45:00,60.12,60.0857,54.3894,60.2952,54.3894,60.2952,60.0857,0.03,0.02377,0.023107,0.029737,92.77,0.9277,91.0676,0.910676
2018-12-10 18:00:00,24.73,29.9477,21.8798,36.418,21.8798,29.9477,36.418,0.01,0.018395,0.006961,0.018976,99.78,0.9978,98.9759,0.989759
2018-12-10 18:15:00,5.47,6.4681,4.4857,13.8731,4.4857,6.4681,13.8731,0.0,0.005504,0.0,0.006678,100.0,1.0,99.9856,0.999856
2018-12-10 18:30:00,4.5,4.8619,4.1235,9.2241,4.1235,4.8619,9.2241,0.0,0.0,0.0,0.002005,100.0,1.0,99.9733,0.999733
2018-12-10 18:45:00,4.46,4.6104,4.2257,9.1261,4.2257,4.6104,9.1261,0.0,0.0,0.0,0.001973,100.0,1.0,99.9733,0.999733
2018-12-10 19:00:00,4.46,4.58,4.1903,8.8774,4.1903,4.58,8.8774,0.0,9e-06,0.0,0.001935,100.0,1.0,99.9969,0.999969
2018-12-10 19:15:00,4.75,4.9567,4.3362,8.9504,4.3362,4.9567,8.9504,0.0,0.0,0.0,0.001942,100.0,1.0,99.9968,0.999968
2018-12-10 19:30:00,5.69,5.659,4.8947,9.0323,4.8947,5.659,9.0323,0.0,0.0,0.0,0.001937,100.0,1.0,99.9899,0.999899
2018-12-10 19:45:00,5.62,5.2302,4.992,9.0706,4.992,5.2302,9.0706,0.0,0.0,0.0,0.001941,100.0,1.0,99.9969,0.999969
2018-12-10 20:00:00,4.46,4.3391,4.1287,8.8988,4.1287,4.3391,8.8988,0.0,0.0,0.0,0.001941,100.0,1.0,99.9969,0.999969
2018-12-10 20:15:00,4.46,4.6453,4.1896,8.5344,4.1896,4.6453,8.5344,0.0,0.0,0.0,0.001937,100.0,1.0,99.9969,0.999969
2018-12-10 20:30:00,4.5,4.6724,4.2046,8.5173,4.2046,4.6724,8.5173,0.0,0.0,0.0,0.001937,100.0,1.0,99.9969,0.999969
2018-12-10 20:45:00,4.43,4.5835,4.2022,8.6215,4.2022,4.5835,8.6215,0.0,0.0,0.0,0.001937,100.0,1.0,99.9969,0.999969
2018-12-10 21:00:00,4.46,4.5257,4.1388,8.457,4.1388,4.5257,8.457,0.0,0.000249,0.0,0.001937,100.0,1.0,99.9969,0.999969
2018-12-10 21:15:00,4.5,4.6724,4.1985,8.5173,4.1985,4.6724,8.5173,0.0,0.000249,0.0,0.001937,100.0,1.0,99.9969,0.999969
2018-12-10 21:30:00,4.57,4.7098,4.2695,8.6215,4.2695,4.7098,8.6215,0.0,0.000249,0.0,0.001937,100.0,1.0,99.9969,0.999969
2018-12-10 21:45:00,4.54,4.7528,4.2647,8.6328,4.2647,4.7528,8.6328,0.0,0.000249,0.0,0.001937,100.0,1.0,99.9969,0.999969
2018-12-10 22:00:00,4.46,4.5585,4.1978,8.6245,4.1978,4.5585,8.6245,0.0,0.000285,0.0,0.001937,100.0,1.0,99.9687,0.999687
2018-12-10 22:15:00,4.28,4.4399,4.0447,8.5173,4.0447,4.4399,8.5173,0.0,0.0,0.0,0.001937,76.53,0.7653,73.9415,0.739415
2018-12-10 22:30:00,4.25,4.3749,3.9519,8.3966,3.9519,4.3749,8.3966,0.0,0.001346,0.0,0.001937,74.11,0.7411,64.864,0.64864
2018-12-10 22:45:00,4.32,4.4607,4.0,8.3966,4.0,4.4607,8.3966,0.0,0.001694,0.0,0.001937,75.6,0.756,56.253,0.56253
2018-12-10 23:00:00,4.18,4.3399,3.9165,8.3735,3.9165,4.3399,8.3735,0.0,0.001937,0.0,0.002113,76.76,0.7676,57.7124,0.577124
2018-12-10 23:15:00,4.18,4.3556,3.9715,8.3448,3.9715,4.3556,8.3448,0.0,0.0,0.0,0.001937,79.4,0.794,67.7615,0.677615
2018-12-10 23:30:00,4.21,4.3877,3.9865,8.3448,3.9865,4.3877,8.3448,0.0,0.0,0.0,0.001937,81.26,0.8126,70.1291,0.701291
2018-12-10 23:45:00,4.28,4.4424,4.0006,8.3448,4.0006,4.4424,8.3448,0.0,0.0,0.0,0.001937,82.34,0.8234,70.5164,0.705164
2018-12-11 00:00:00,4.18,4.1743,3.9203,8.3962,3.9203,4.1743,8.3962,0.0,0.0,0.0,0.00224,78.03,0.7803,73.1727,0.731727
2018-12-11 00:15:00,4.86,4.7985,4.3583,8.611,4.3583,4.7985,8.611,0.0,0.0,0.0,0.001937,83.21,0.8321,75.7938,0.757938
2018-12-11 00:30:00,4.21,4.1961,3.7916,8.804,3.7916,4.1961,8.804,0.0,0.001937,0.0,0.003628,77.62,0.7762,72.2302,0.722302
2018-12-11 00:45:00,4.18,4.1681,3.9608,8.3798,3.9608,4.1681,8.3798,0.0,0.001937,0.0,0.002409,77.76,0.7776,73.3681,0.733681
2018-12-11 01:00:00,4.21,4.2249,4.0043,8.3448,4.0043,4.2249,8.3448,0.0,0.001158,0.0,0.001937,76.63,0.7663,72.04,0.720399
2018-12-11 01:15:00,4.32,4.3153,4.045,8.3529,4.045,4.3153,8.3529,0.0,0.001301,0.0,0.001937,75.86,0.7586,71.9387,0.719387
2018-12-11 01:30:00,4.25,4.2458,3.9594,8.3735,3.9594,4.2458,8.3735,0.0,0.0,0.0,0.001937,75.69,0.7569,71.4038,0.714038
2018-12-11 01:45:00,4.18,4.1913,3.9307,8.3735,3.9307,4.1913,8.3735,0.0,0.0,0.0,0.001937,75.77,0.7577,71.2069,0.712069
2018-12-11 02:00:00,4.21,4.2249,3.994,8.3448,3.994,4.2249,8.3448,0.0,0.0,0.0,0.001937,74.06,0.7406,70.348,0.70348
2018-12-11 02:15:00,4.28,4.2796,4.0081,8.3448,4.0081,4.2796,8.3448,0.0,0.0,0.0,0.001937,75.91,0.7591,70.4643,0.704643
2018-12-11 02:30:00,4.25,4.2216,3.9539,8.3735,3.9539,4.2216,8.3735,0.0,0.0,0.0,0.001937,74.11,0.7411,70.0185,0.700185
2018-12-11 02:45:00,4.21,4.219,3.9521,8.3735,3.9521,4.219,8.3735,0.0,0.0,0.0,0.001937,74.76,0.7476,69.7832,0.697832
2018-12-11 03:00:00,3.56,3.6406,3.5234,8.3133,3.5234,3.6406,8.3133,0.0,0.0,0.0,0.001937,80.43,0.8043,72.7432,0.727432
2018-12-11 03:15:00,3.56,3.6168,3.3982,7.8872,3.3982,3.6168,7.8872,0.0,0.0,0.0,0.001937,79.25,0.7925,73.273,0.73273
2018-12-11 03:30:00,3.53,3.5111,3.3728,7.8321,3.3728,3.5111,7.8321,0.0,0.000108,0.0,0.001937,80.95,0.8095,75.1424,0.751424
2018-12-11 03:45:00,3.53,3.5358,3.364,7.8031,3.364,3.5358,7.8031,0.0,8.4e-05,0.0,0.001937,80.63,0.8063,73.5043,0.735043
2018-12-11 04:00:00,3.85,3.8686,3.5194,7.8961,3.5194,3.8686,7.8961,0.0,0.0,0.0,0.001937,77.89,0.7789,71.6598,0.716598
2018-12-11 04:15:00,4.18,4.0345,3.5969,8.0267,3.5969,4.0345,8.0267,0.0,0.0,0.0,0.001937,73.2,0.732,66.4221,0.664221
2018-12-11 04:30:00,3.49,3.4767,3.2216,8.1895,3.2216,3.4767,8.1895,0.0,0.001124,0.0,0.001937,79.86,0.7986,73.1535,0.731535
2018-12-11 04:45:00,3.56,3.5167,3.3612,7.7578,3.3612,3.5167,7.7578,0.0,1.2e-05,0.0,0.001937,80.11,0.8011,74.2985,0.742985
2018-12-11 05:00:00,3.56,3.5358,3.3677,7.8118,3.3677,3.5358,7.8118,0.0,3e-06,0.0,0.001937,80.43,0.8043,73.6687,0.736687
2018-12-11 05:15:00,3.74,3.7392,3.4846,7.83,3.4846,3.7392,7.83,0.0,1.7e-05,0.0,0.001937,78.82,0.7882,75.1683,0.751683
2018-12-11 05:30:00,4.18,4.0762,3.5986,8.0207,3.5986,4.0762,8.0207,0.0,0.0,0.0,0.001937,72.94,0.7294,65.1596,0.651597
2018-12-11 05:45:00,4.25,4.1158,3.7339,8.2333,3.7339,4.1158,8.2333,0.0,0.001125,0.0,0.001937,74.11,0.7411,68.39,0.683901
2018-12-11 06:00:00,4.28,4.1145,3.7025,8.262,3.7025,4.1145,8.262,0.0,0.001899,0.0,0.001937,73.74,0.7374,69.3291,0.693291
2018-12-11 06:15:00,3.56,3.6554,3.2951,8.2955,3.2951,3.6554,8.2955,0.0,0.001711,0.0,0.001937,79.68,0.7968,73.9992,0.739992
2018-12-11 06:30:00,3.53,3.5921,3.376,7.8872,3.376,3.5921,7.8872,0.0,0.0,0.0,0.001937,79.86,0.7986,74.3592,0.743593
2018-12-11 06:45:00,3.6,3.6226,3.4185,7.8122,3.4185,3.6226,7.8122,0.0,0.0,0.0,0.001973,75.78,0.7578,71.9016,0.719016
2018-12-11 07:00:00,3.49,3.53,3.3424,7.8702,3.3424,3.53,7.8702,0.0,9e-06,0.0,0.001937,76.37,0.7637,71.7158,0.717158
2018-12-11 07:15:00,4.1,4.0142,3.6629,7.9841,3.6629,4.0142,7.9841,0.0,0.0,0.0,0.001937,75.14,0.7514,67.4862,0.674862
2018-12-11 07:30:00,4.07,3.9714,3.6323,8.2055,3.6323,3.9714,8.2055,0.0,0.001329,0.0,0.001937,73.27,0.7327,66.2297,0.662297
2018-12-11 07:45:00,4.86,4.5922,4.0931,8.3611,4.0931,4.5922,8.3611,0.0,0.0,0.0,0.001937,81.46,0.8146,72.7846,0.727846
2018-12-11 08:00:00,14.83,19.9378,15.7938,26.062,15.7938,19.9378,26.062,0.01,0.010451,0.007519,0.01227,81.48,0.8148,72.8735,0.728735
2018-12-11 08:15:00,44.21,37.0421,34.8626,45.6679,34.8626,37.0421,45.6679,0.02,0.019882,0.013884,0.023759,81.76,0.8176,76.0103,0.760103
2018-12-11 08:30:00,54.04,53.4495,48.4933,58.4906,48.4933,53.4495,58.4906,0.02,0.0257,0.021192,0.028581,82.58,0.8258,75.7251,0.757251
2018-12-11 08:45:00,61.74,59.9408,56.0943,65.5082,56.0943,59.9408,65.5082,0.03,0.029749,0.025414,0.032723,83.57,0.8357,76.7907,0.767907
2018-12-11 09:00:00,69.48,67.085,61.5344,68.6749,61.5344,67.085,68.6749,0.03,0.029355,0.026411,0.031865,90.6,0.906,88.8329,0.888329
2018-12-11 09:15:00,75.38,73.9423,66.295,75.8126,66.295,73.9423,75.8126,0.03,0.031195,0.027965,0.035157,89.76,0.8976,87.6075,0.876075
2018-12-11 09:30:00,71.82,68.0577,61.567,72.7098,61.567,68.0577,72.7098,0.03,0.033813,0.025491,0.035959,90.6,0.906,88.769,0.88769
2018-12-11 09:45:00,71.24,71.9028,64.6874,73.0335,64.6874,71.9028,73.0335,0.03,0.031334,0.026435,0.036064,89.59,0.8959,88.213,0.88213
2018-12-11 10:00:00,54.86,55.5682,50.3542,58.9826,50.3542,55.5682,58.9826,0.03,0.022261,0.020498,0.030363,93.38,0.9338,93.1227,0.931227
2018-12-11 10:15:00,66.13,66.021,61.5871,68.6301,61.5871,66.021,68.6301,0.03,0.029234,0.028073,0.03435,90.19,0.9019,88.8395,0.888395
2018-12-11 10:30:00,73.08,71.5587,64.293,73.8369,64.293,71.5587,73.8369,0.03,0.031015,0.026875,0.035382,89.3,0.893,87.3382,0.873382
2018-12-11 10:45:00,77.51,75.3644,69.7119,78.7733,69.7119,75.3644,78.7733,0.04,0.032906,0.028658,0.038563,87.76,0.8776,87.5789,0.875789
2018-12-11 11:00:00,72.54,73.7176,62.1061,75.2561,62.1061,75.2561,73.7176,0.03,0.03543,0.027219,0.038476,89.66,0.8966,88.3043,0.883043
2018-12-11 11:15:00,63.83,62.3992,56.0016,65.9761,56.0016,62.3992,65.9761,0.03,0.028819,0.022585,0.034827,90.82,0.9082,89.8417,0.898417
2018-12-11 11:30:00,67.07,66.9652,61.933,67.8531,61.933,66.9652,67.8531,0.03,0.030312,0.026741,0.033269,89.47,0.8947,88.0549,0.880549
2018-12-11 11:45:00,84.24,83.1173,74.7834,87.2924,74.7834,83.1173,87.2924,0.04,0.036405,0.032135,0.0412,87.97,0.8797,87.1952,0.871952
2018-12-11 12:00:00,72.79,73.6334,66.6892,82.2074,66.6892,73.6334,82.2074,0.03,0.031557,0.028903,0.041479,87.7,0.877,87.5184,0.875184
2018-12-11 12:15:00,7.96,7.6517,6.1391,18.2705,6.1391,7.6517,18.2705,0.0,0.00024,0.0,0.005982,99.92,0.9992,99.7562,0.997562
2018-12-11 12:30:00,5.8,6.0559,4.8311,9.8697,4.8311,6.0559,9.8697,0.0,0.0,0.0,0.00211,100.0,1.0,99.9692,0.999692
2018-12-11 12:45:00,6.98,7.6216,6.3946,10.33,6.3946,7.6216,10.33,0.0,1.7e-05,0.0,0.002063,100.0,1.0,99.9549,0.999549
2018-12-11 13:00:00,6.95,6.8165,5.8734,10.3132,5.8734,6.8165,10.3132,0.0,1.7e-05,0.0,0.002021,100.0,1.0,100.0058,1.000058
2018-12-11 13:15:00,38.45,38.962,36.6275,49.2957,36.6275,38.962,49.2957,0.02,0.020031,0.018121,0.025656,95.13,0.9513,95.4942,0.954942
2018-12-11 13:30:00,59.36,56.9921,48.8009,60.7802,48.8009,56.9921,60.7802,0.03,0.025058,0.019598,0.031235,89.47,0.8947,88.4266,0.884266
2018-12-11 13:45:00,66.02,65.2936,59.823,67.377,59.823,65.2936,67.377,0.03,0.030137,0.026341,0.031655,88.6,0.886,87.5127,0.875127
2018-12-11 14:00:00,80.28,77.8671,72.6225,84.0802,72.6225,77.8671,84.0802,0.04,0.036118,0.031608,0.039897,87.66,0.8766,86.4834,0.864834
2018-12-11 14:15:00,75.53,76.1259,67.4125,80.5017,67.4125,76.1259,80.5017,0.03,0.036132,0.029409,0.039499,88.41,0.8841,87.4731,0.874731
2018-12-11 14:30:00,72.0,68.932,61.9088,76.4711,61.9088,68.932,76.4711,0.03,0.033694,0.026379,0.037331,90.0,0.9,89.1414,0.891414
2018-12-11 14:45:00,72.61,73.2466,66.4693,77.2237,66.4693,73.2466,77.2237,0.03,0.031331,0.027742,0.037777,87.59,0.8759,87.4944,0.874944
2018-12-11 15:00:00,78.55,79.6413,72.42,85.4141,72.42,79.6413,85.4141,0.04,0.033346,0.030573,0.03941,87.22,0.8722,88.4354,0.884354
2018-12-11 15:15:00,73.98,77.4592,68.783,78.7722,68.783,78.7722,77.4592,0.03,0.035981,0.03047,0.038803,88.27,0.8827,88.2221,0.882221
2018-12-11 15:30:00,76.79,74.8509,70.7879,78.1437,70.7879,74.8509,78.1437,0.04,0.034086,0.03026,0.038368,88.16,0.8816,88.2018,0.882018
2018-12-11 15:45:00,80.46,83.8461,74.9222,85.3491,74.9222,85.3491,83.8461,0.04,0.035753,0.032632,0.040172,87.33,0.8733,87.0819,0.870819
2018-12-11 16:00:00,68.11,68.6163,59.515,75.2193,59.515,68.6163,75.2193,0.03,0.032459,0.025904,0.038143,89.56,0.8956,89.3898,0.893898
2018-12-11 16:15:00,71.68,72.3504,67.0503,77.3328,67.0503,72.3504,77.3328,0.03,0.03083,0.027605,0.036445,88.97,0.8897,88.3141,0.883141
2018-12-11 16:30:00,69.8,71.2315,63.3154,75.6502,63.3154,71.2315,75.6502,0.03,0.029696,0.026171,0.03665,88.05,0.8805,87.8233,0.878233
2018-12-11 16:45:00,75.46,73.705,68.4571,80.1924,68.4571,73.705,80.1924,0.03,0.033019,0.02902,0.037303,87.76,0.8776,87.9339,0.879339
2018-12-11 17:00:00,70.27,68.7638,60.8944,72.302,60.8944,68.7638,72.302,0.03,0.033273,0.026374,0.036663,88.87,0.8887,88.4347,0.884347
2018-12-11 17:15:00,78.48,80.0311,71.3304,83.2584,71.3304,80.0311,83.2584,0.04,0.033637,0.030533,0.039238,86.99,0.8699,87.601,0.876011
2018-12-11 17:30:00,66.78,68.8338,59.5669,71.0632,59.5669,68.8338,71.0632,0.03,0.032527,0.025027,0.036478,89.76,0.8976,90.9196,0.909196
2018-12-11 17:45:00,32.11,32.9408,24.9101,39.3141,24.9101,32.9408,39.3141,0.01,0.01943,0.00993,0.020637,100.0,1.0,100.0748,1.000748
2018-12-11 18:00:00,31.25,30.393,29.5118,35.3906,29.5118,30.393,35.3906,0.01,0.017098,0.009942,0.018982,99.3,0.993,97.8325,0.978325
2018-12-11 18:15:00,36.4,39.0392,34.7072,44.1697,34.7072,39.0392,44.1697,0.02,0.019907,0.013749,0.022448,92.51,0.9251,92.6945,0.926945
2018-12-11 18:30:00,39.56,40.1623,36.8186,45.1725,36.8186,40.1623,45.1725,0.02,0.019997,0.015311,0.022351,92.72,0.9272,92.483,0.92483
2018-12-11 18:45:00,51.44,50.3502,43.3086,52.2602,43.3086,50.3502,52.2602,0.02,0.020392,0.01811,0.025261,94.22,0.9422,93.1088,0.931088
2018-12-11 19:00:00,51.52,49.9642,45.449,51.977,45.449,49.9642,51.977,0.02,0.020021,0.018905,0.026854,94.38,0.9438,93.5275,0.935275
2018-12-11 19:15:00,53.57,53.3368,48.4368,54.2143,48.4368,53.3368,54.2143,0.02,0.021597,0.019475,0.027306,93.17,0.9317,92.1636,0.921636
2018-12-11 19:30:00,52.81,51.2063,47.4108,53.5207,47.4108,51.2063,53.5207,0.02,0.020025,0.019104,0.028673,93.57,0.9357,92.4668,0.924668
2018-12-11 19:45:00,52.38,51.6663,47.3331,53.2265,47.3331,51.6663,53.2265,0.02,0.020034,0.018976,0.028393,94.23,0.9423,92.9441,0.929441
2018-12-11 20:00:00,53.21,52.1987,48.9722,54.1054,48.9722,52.1987,54.1054,0.02,0.020031,0.019466,0.0281,92.98,0.9298,92.0846,0.920846
2018-12-11 20:15:00,51.91,51.0485,47.2089,53.2826,47.2089,51.0485,53.2826,0.02,0.020033,0.01868,0.028279,93.97,0.9397,92.8997,0.928997
2018-12-11 20:30:00,53.46,53.5277,48.6246,54.2126,48.6246,53.5277,54.2126,0.02,0.020399,0.01937,0.027701,94.52,0.9452,93.0022,0.930022
2018-12-11 20:45:00,32.36,31.4997,29.4518,36.8499,29.4518,31.4997,36.8499,0.01,0.018973,0.00901,0.019859,99.64,0.9964,98.8051,0.988051
2018-12-11 21:00:00,28.37,29.8251,28.0342,33.5954,28.0342,29.8251,33.5954,0.01,0.017193,0.008458,0.019681,100.0,1.0,100.0224,1.000224
2018-12-11 21:15:00,6.77,7.1228,5.2356,12.4617,5.2356,7.1228,12.4617,0.0,0.0,0.0,0.002657,100.0,1.0,99.9374,0.999373
2018-12-11 21:30:00,5.69,5.5541,4.8964,9.7328,4.8964,5.5541,9.7328,0.0,0.0,0.0,0.002025,100.0,1.0,99.9985,0.999985
2018-12-11 21:45:00,5.8,5.3467,5.139,9.2815,5.139,5.3467,9.2815,0.0,0.0,0.0,0.001942,100.0,1.0,99.9985,0.999985
2018-12-11 22:00:00,5.69,5.3564,5.0428,9.2738,5.0428,5.3564,9.2738,0.0,2e-06,0.0,0.001946,100.0,1.0,99.9738,0.999738
2018-12-11 22:15:00,5.47,5.5443,5.188,10.3061,5.188,5.5443,10.3061,0.0,0.002196,0.0,0.01316,81.0,0.81,78.6715,0.786715
2018-12-11 22:30:00,5.44,5.2559,4.8324,9.016,4.8324,5.2559,9.016,0.0,0.002005,0.0,0.002992,79.86,0.7986,68.9437,0.689437
2018-12-11 22:45:00,4.97,4.7914,4.5696,8.9628,4.5696,4.7914,8.9628,0.0,0.002005,0.0,0.002992,76.53,0.7653,65.9042,0.659042
2018-12-11 23:00:00,4.36,4.2657,4.0695,8.8843,4.0695,4.2657,8.8843,0.0,0.001937,0.0,0.002988,71.94,0.7194,65.1475,0.651475
2018-12-11 23:15:00,4.25,4.2254,3.9969,8.4168,3.9969,4.2254,8.4168,0.0,0.001973,0.0,0.002822,75.95,0.7595,56.548,0.56548
2018-12-11 23:30:00,4.21,4.1912,3.9856,8.4048,3.9856,4.1912,8.4048,0.0,0.001973,0.0,0.003091,78.25,0.7825,59.3886,0.593886
2018-12-11 23:45:00,4.14,4.1452,3.9703,8.3761,3.9703,4.1452,8.3761,0.0,0.001273,0.0,0.001937,77.1,0.771,57.8489,0.578489
2018-12-12 00:00:00,4.21,4.2191,3.9968,8.3757,3.9968,4.2191,8.3757,0.0,0.001833,0.0,0.00224,82.9,0.829,75.2981,0.752981
2018-12-12 00:15:00,4.21,4.2002,4.0201,8.3531,4.0201,4.2002,8.3531,0.0,0.0,0.0,0.001937,78.61,0.7861,73.6151,0.736151
2018-12-12 00:30:00,4.14,4.1452,3.9656,8.3531,3.9656,4.1452,8.3531,0.0,0.0,0.0,0.001937,75.82,0.7582,71.5089,0.715089
2018-12-12 00:45:00,4.14,4.1323,3.9782,8.3531,3.9782,4.1323,8.3531,0.0,0.0,0.0,0.001937,77.46,0.7746,72.0275,0.720275
2018-12-12 01:00:00,4.14,4.1323,3.9782,8.3531,3.9782,4.1323,8.3531,0.0,3e-05,0.0,0.001937,78.11,0.7811,73.152,0.73152
2018-12-12 01:15:00,4.21,4.2191,4.0074,8.3531,4.0074,4.2191,8.3531,0.0,3e-05,0.0,0.001937,78.61,0.7861,73.566,0.73566
2018-12-12 01:30:00,4.18,4.1755,3.9839,8.3531,3.9839,4.1755,8.3531,0.0,0.0,0.0,0.001937,78.4,0.784,73.053,0.73053
2018-12-12 01:45:00,4.75,4.6358,4.2465,8.5242,4.2465,4.6358,8.5242,0.0,0.0,0.0,0.001937,82.94,0.8294,75.4301,0.754301
2018-12-12 02:00:00,5.33,5.0619,4.5852,8.9824,4.5852,5.0619,8.9824,0.0,0.001937,0.0,0.002567,84.16,0.8416,78.1443,0.781443
2018-12-12 02:15:00,4.25,4.2072,3.9805,8.8939,3.9805,4.2072,8.8939,0.0,0.002051,0.0,0.002486,78.27,0.7827,74.3812,0.743812
2018-12-12 02:30:00,4.25,4.2439,4.0248,8.4168,4.0248,4.2439,8.4168,0.0,0.001679,0.0,0.001973,76.66,0.7666,72.804,0.72804
2018-12-12 02:45:00,4.18,4.1987,3.9811,8.4048,3.9811,4.1987,8.4048,0.0,0.001679,0.0,0.001973,76.4,0.764,72.5564,0.725564
2018-12-12 03:00:00,4.21,4.2323,4.0396,8.3761,4.0396,4.2323,8.3761,0.0,0.000836,0.0,0.001973,75.65,0.7565,73.4439,0.734439
2018-12-12 03:15:00,4.18,4.1755,3.9921,8.3531,3.9921,4.1755,8.3531,0.0,0.0,0.0,0.001937,75.15,0.7515,71.3656,0.713656
2018-12-12 03:30:00,4.18,4.2002,4.0061,8.3531,4.0061,4.2002,8.3531,0.0,0.0,0.0,0.001937,75.15,0.7515,70.3268,0.703268
2018-12-12 03:45:00,4.25,4.287,4.0352,8.3531,4.0352,4.287,8.3531,0.0,0.0,0.0,0.001937,75.33,0.7533,70.6153,0.706153
2018-12-12 04:00:00,4.18,4.1987,3.961,8.3818,3.961,4.1987,8.3818,0.0,0.0,0.0,0.001937,75.41,0.7541,70.5118,0.705118
2018-12-12 04:15:00,4.03,4.083,3.9283,8.3531,3.9283,4.083,8.3531,0.0,0.0,0.0,0.001937,75.59,0.7559,71.7661,0.717661
2018-12-12 04:30:00,3.46,3.5119,3.4811,8.1148,3.4811,3.5119,8.1148,0.0,3.4e-05,0.0,0.001937,80.39,0.8039,73.6699,0.736698
2018-12-12 04:45:00,3.46,3.4373,3.3367,7.7918,3.3367,3.4373,7.7918,0.0,3.5e-05,0.0,0.001937,81.28,0.8128,75.8992,0.758992
2018-12-12 05:00:00,3.53,3.5241,3.3872,7.7661,3.3872,3.5241,7.7661,0.0,1.9e-05,0.0,0.001937,81.83,0.8183,76.6561,0.766561
2018-12-12 05:15:00,3.46,3.4881,3.3511,7.8034,3.3511,3.4881,7.8034,0.0,0.0,0.0,0.001937,80.83,0.8083,73.9564,0.739564
2018-12-12 05:30:00,3.49,3.4752,3.3604,7.7304,3.3604,3.4752,7.7304,0.0,0.0,0.0,0.001937,80.3,0.803,76.6015,0.766015
2018-12-12 05:45:00,4.0,3.9002,3.6134,7.913,3.6134,3.9002,7.913,0.0,0.0,0.0,0.001937,73.96,0.7396,67.6658,0.676658
2018-12-12 06:00:00,4.25,4.1001,3.6839,8.0739,3.6839,4.1001,8.0739,0.0,0.0,0.0,0.001937,75.07,0.7507,67.8308,0.678308
2018-12-12 06:15:00,3.85,3.6758,3.4307,8.2185,3.4307,3.6758,8.2185,0.0,0.001937,0.0,0.00194,79.68,0.7968,72.4393,0.724393
2018-12-12 06:30:00,3.42,3.3995,3.2642,7.9019,3.2642,3.3995,7.9019,0.0,0.000104,0.0,0.001937,80.96,0.8096,73.0672,0.730672
2018-12-12 06:45:00,3.42,3.4202,3.2868,7.7661,3.2868,3.4202,7.7661,0.0,9.6e-05,0.0,0.001937,82.08,0.8208,76.7368,0.767368
2018-12-12 07:00:00,3.96,3.9344,3.5985,7.9488,3.5985,3.9344,7.9488,0.0,8.5e-05,0.0,0.001937,76.73,0.7673,73.032,0.73032
2018-12-12 07:15:00,4.1,4.0521,3.5955,7.9597,3.5955,4.0521,7.9597,0.0,0.0,0.0,0.001937,77.81,0.7781,73.6821,0.736822
2018-12-12 07:30:00,4.32,4.1995,3.7406,8.2393,3.7406,4.1995,8.2393,0.0,0.001937,0.0,0.00201,79.64,0.7964,73.6714,0.736714
2018-12-12 07:45:00,5.83,5.6944,4.7411,8.7582,4.7411,5.6944,8.7582,0.0,0.001935,0.0,0.003244,88.11,0.8811,80.5248,0.805248
2018-12-12 08:00:00,5.8,6.1023,5.5992,10.3995,5.5992,6.1023,10.3995,0.0,0.002289,0.0,0.004852,89.32,0.8932,81.4065,0.814065
2018-12-12 08:15:00,36.86,35.9437,29.9694,40.2278,29.9694,35.9437,40.2278,0.02,0.019904,0.014168,0.02062,80.63,0.8063,77.201,0.77201
2018-12-12 08:30:00,60.37,59.8237,53.7301,63.4201,53.7301,59.8237,63.4201,0.03,0.026756,0.022139,0.032761,80.49,0.8049,76.6528,0.766528
2018-12-12 08:45:00,66.46,64.9556,60.568,69.5392,60.568,64.9556,69.5392,0.03,0.030182,0.026042,0.03305,83.3,0.833,78.216,0.78216
2018-12-12 09:00:00,69.05,67.1499,58.7648,68.4895,58.7648,67.1499,68.4895,0.03,0.029309,0.023635,0.033087,91.67,0.9167,89.0778,0.890778
2018-12-12 09:15:00,63.86,60.5102,53.45,64.1875,53.45,60.5102,64.1875,0.03,0.029862,0.022002,0.031591,92.87,0.9287,90.7137,0.907137
2018-12-12 09:30:00,65.59,64.5178,58.8595,65.1458,58.8595,65.1458,64.5178,0.03,0.027806,0.025082,0.031067,91.51,0.9151,89.7934,0.897934
2018-12-12 09:45:00,60.98,59.9454,53.0104,60.9743,53.0104,59.9454,60.9743,0.03,0.030336,0.022199,0.030617,92.93,0.9293,91.7836,0.917836
2018-12-12 10:00:00,65.74,64.7073,59.3488,65.234,59.3488,64.7073,65.234,0.03,0.029062,0.026142,0.030879,91.15,0.9115,89.4151,0.894151
2018-12-12 10:15:00,57.17,56.0934,48.8067,57.9513,48.8067,56.0934,57.9513,0.03,0.026925,0.020068,0.029607,94.38,0.9438,92.7805,0.927805
2018-12-12 10:30:00,64.55,63.8763,57.1886,64.6997,57.1886,63.8763,64.6997,0.03,0.029714,0.026497,0.031027,91.76,0.9176,89.9825,0.899825
2018-12-12 10:45:00,53.42,52.8956,47.2558,55.8217,47.2558,52.8956,55.8217,0.02,0.02391,0.019568,0.027319,94.67,0.9467,93.6849,0.936849
2018-12-12 11:00:00,65.88,64.6289,60.0145,66.2662,60.0145,64.6289,66.2662,0.03,0.029331,0.02785,0.033338,91.83,0.9183,89.6741,0.896741
2018-12-12 11:15:00,57.71,55.7883,48.2762,58.2826,48.2762,55.7883,58.2826,0.03,0.027964,0.019596,0.029817,93.15,0.9315,91.3063,0.913063
2018-12-12 11:30:00,59.76,58.9391,52.491,59.667,52.491,58.9391,59.667,0.03,0.025771,0.022214,0.029739,93.75,0.9375,91.6804,0.916804
2018-12-12 11:45:00,79.85,77.6891,69.8199,78.0677,69.8199,78.0677,77.6891,0.04,0.032237,0.029229,0.039227,90.23,0.9023,87.3906,0.873906
2018-12-12 12:00:00,49.64,48.1972,38.597,59.7586,38.597,48.1972,59.7586,0.02,0.021049,0.016748,0.030241,95.78,0.9578,94.4543,0.944543
2018-12-12 12:15:00,27.97,25.8475,17.511,31.178,17.511,25.8475,31.178,0.01,0.016411,0.008469,0.017027,100.0,1.0,99.6941,0.996941
2018-12-12 12:30:00,29.74,30.0303,26.0125,32.608,26.0125,30.0303,32.608,0.01,0.014103,0.008894,0.014435,100.0,1.0,99.809,0.99809
2018-12-12 12:45:00,29.56,29.6411,25.345,33.7283,25.345,29.6411,33.7283,0.01,0.013316,0.008895,0.013738,100.0,1.0,99.8115,0.998115
2018-12-12 13:00:00,29.3,29.2117,27.2464,33.4091,27.2464,29.2117,33.4091,0.01,0.012812,0.008866,0.013325,100.0,1.0,99.8432,0.998432
2018-12-12 13:15:00,58.86,48.9367,40.13,58.2916,40.13,48.9367,58.2916,0.03,0.023371,0.020215,0.028521,95.36,0.9536,93.3096,0.933096
2018-12-12 13:30:00,61.78,60.349,54.0375,60.8554,54.0375,60.349,60.8554,0.03,0.025844,0.023094,0.030299,92.29,0.9229,90.575,0.90575
2018-12-12 13:45:00,77.0,74.9269,68.4856,77.1693,68.4856,74.9269,77.1693,0.04,0.033236,0.03021,0.036266,90.99,0.9099,88.6076,0.886076
2018-12-12 14:00:00,65.56,62.3478,56.4979,68.4572,56.4979,62.3478,68.4572,0.03,0.032421,0.023263,0.036522,90.84,0.9084,90.0568,0.900568
2018-12-12 14:15:00,86.51,88.2204,77.8249,88.2846,77.8249,88.2204,88.2846,0.04,0.038181,0.03364,0.04156,85.57,0.8557,85.805,0.85805
2018-12-12 14:30:00,60.44,57.3648,51.8825,70.1288,51.8825,57.3648,70.1288,0.03,0.025203,0.022361,0.034965,92.06,0.9206,92.2445,0.922445
2018-12-12 14:45:00,64.8,65.3385,61.0394,72.4091,61.0394,65.3385,72.4091,0.03,0.02941,0.026697,0.033653,88.94,0.8894,88.878,0.888781
2018-12-12 15:00:00,72.18,71.7823,65.0204,78.5421,65.0204,71.7823,78.5421,0.03,0.030424,0.028998,0.03621,91.4,0.914,89.7667,0.897667
2018-12-12 15:15:00,69.08,68.5452,60.9506,77.427,60.9506,68.5452,77.427,0.03,0.029999,0.024921,0.037023,89.75,0.8975,88.5799,0.885799
2018-12-12 15:30:00,66.17,65.7214,60.3183,68.4749,60.3183,65.7214,68.4749,0.03,0.030059,0.025214,0.033389,88.84,0.8884,87.4152,0.874152
2018-12-12 15:45:00,61.67,61.4608,53.784,63.7559,53.784,61.4608,63.7559,0.03,0.029632,0.022911,0.031968,91.41,0.9141,90.5983,0.905983
2018-12-12 16:00:00,70.6,69.0032,64.6925,70.8236,64.6925,69.0032,70.8236,0.03,0.029709,0.02868,0.033188,90.74,0.9074,88.6932,0.886932
2018-12-12 16:15:00,68.36,67.3737,60.8811,69.2907,60.8811,67.3737,69.2907,0.03,0.029935,0.025442,0.034254,90.31,0.9031,88.5562,0.885562
2018-12-12 16:30:00,75.1,74.5296,67.242,78.0522,67.242,74.5296,78.0522,0.03,0.031374,0.028312,0.036605,88.91,0.8891,87.5436,0.875436
2018-12-12 16:45:00,66.13,64.784,56.962,69.1495,56.962,64.784,69.1495,0.03,0.030562,0.023533,0.034936,91.22,0.9122,90.2651,0.902651
2018-12-12 17:00:00,70.7,71.2005,64.7276,72.2562,64.7276,71.2005,72.2562,0.03,0.030999,0.027187,0.035165,89.0,0.89,88.0258,0.880258
2018-12-12 17:15:00,60.7,60.3369,54.0494,63.547,54.0494,60.3369,63.547,0.03,0.027651,0.02222,0.032855,91.31,0.9131,90.7994,0.907994
2018-12-12 17:30:00,57.92,56.7555,50.2461,59.6462,50.2461,56.7555,59.6462,0.03,0.0261,0.021956,0.030112,95.43,0.9543,94.2669,0.942669
2018-12-12 17:45:00,32.9,30.7481,26.3312,35.2063,26.3312,30.7481,35.2063,0.02,0.018784,0.009984,0.01973,100.0,1.0,99.9724,0.999724
2018-12-12 18:00:00,30.53,32.1689,29.1559,35.3397,29.1559,32.1689,35.3397,0.01,0.018938,0.010129,0.019733,99.6,0.996,98.3182,0.983182
2018-12-12 18:15:00,49.9,48.1689,42.6627,50.9248,42.6627,48.1689,50.9248,0.02,0.020025,0.017447,0.027868,90.06,0.9006,90.0368,0.900368
2018-12-12 18:30:00,67.25,65.5828,60.7734,68.8317,60.7734,65.5828,68.8317,0.03,0.030292,0.026228,0.035903,88.75,0.8875,86.3456,0.863456
2018-12-12 18:45:00,69.37,66.7005,59.6095,69.7896,59.6095,66.7005,69.7896,0.03,0.029601,0.024315,0.033282,91.88,0.9188,89.4813,0.894813
2018-12-12 19:00:00,65.99,63.1992,55.977,66.5234,55.977,63.1992,66.5234,0.03,0.030036,0.023053,0.032211,93.14,0.9314,90.7812,0.907812
2018-12-12 19:15:00,66.02,65.5129,56.5802,65.5235,56.5802,65.5129,65.5235,0.03,0.029109,0.023823,0.031575,93.39,0.9339,91.1282,0.911282
2018-12-12 19:30:00,60.19,59.0024,51.5047,61.0182,51.5047,59.0024,61.0182,0.03,0.029971,0.021333,0.030624,92.38,0.9238,91.0349,0.910349
2018-12-12 19:45:00,58.54,57.1951,51.1293,59.6059,51.1293,57.1951,59.6059,0.03,0.024982,0.022308,0.029544,93.69,0.9369,91.8785,0.918785
2018-12-12 20:00:00,61.85,60.6662,54.9383,60.9925,54.9383,60.6662,60.9925,0.03,0.027229,0.02403,0.029832,93.51,0.9351,91.3952,0.913952
2018-12-12 20:15:00,67.07,64.7935,59.8671,65.6638,59.8671,65.6638,64.7935,0.03,0.028321,0.02628,0.030625,92.66,0.9266,90.485,0.90485
2018-12-12 20:30:00,58.82,56.8282,49.1982,59.2116,49.1982,56.8282,59.2116,0.03,0.028267,0.020276,0.030714,95.19,0.9519,93.2318,0.932318
2018-12-12 20:45:00,53.35,51.7589,46.3774,54.665,46.3774,51.7589,54.665,0.02,0.020764,0.019461,0.027951,95.3,0.953,93.8963,0.938963
2018-12-12 21:00:00,30.35,30.4848,25.6925,34.9554,25.6925,30.4848,34.9554,0.01,0.018386,0.009677,0.019696,100.0,1.0,100.1253,1.001253
2018-12-12 21:15:00,12.2,10.9065,9.5068,13.9502,9.5068,10.9065,13.9502,0.01,0.008477,0.000499,0.009461,100.0,1.0,99.9304,0.999304
2018-12-12 21:30:00,5.8,5.6595,4.3473,10.247,4.3473,5.6595,10.247,0.0,2.5e-05,0.0,0.002312,100.0,1.0,99.9985,0.999985
2018-12-12 21:45:00,5.76,5.565,5.1774,9.5543,5.1774,5.565,9.5543,0.0,0.0,0.0,0.002031,100.0,1.0,99.9985,0.999985
2018-12-12 22:00:00,5.65,5.4329,5.1589,9.2926,5.1589,5.4329,9.2926,0.0,0.0,0.0,0.001939,100.0,1.0,99.9738,0.999738
2018-12-12 22:15:00,5.04,6.9354,5.2922,10.3238,5.2922,6.9354,10.3238,0.0,0.002619,0.0,0.016675,84.42,0.8442,79.6962,0.796962
2018-12-12 22:30:00,4.25,4.2371,3.9971,9.1236,3.9971,4.2371,9.1236,0.0,0.001951,0.0,0.005489,77.91,0.7791,59.1022,0.591022
2018-12-12 22:45:00,4.25,4.2603,4.0218,8.4219,4.0218,4.2603,8.4219,0.0,0.001973,0.0,0.00293,77.91,0.7791,58.8247,0.588247
2018-12-12 23:00:00,4.21,4.1912,3.9856,8.4048,3.9856,4.1912,8.4048,0.0,0.001973,0.0,0.002983,78.61,0.7861,63.6087,0.636087
2018-12-12 23:15:00,4.14,4.1452,3.9703,8.3761,3.9703,4.1452,8.3761,0.0,0.001937,0.0,0.002058,82.09,0.8209,70.9264,0.709264
2018-12-12 23:30:00,4.1,4.1049,3.9567,8.3531,3.9567,4.1049,8.3531,0.0,0.0,0.0,0.001937,85.84,0.8584,71.9433,0.719433
2018-12-12 23:45:00,4.1,4.1323,3.9542,8.3321,3.9542,4.1323,8.3321,0.0,0.0,0.0,0.001937,83.89,0.8389,71.9368,0.719368
2018-12-13 00:00:00,5.26,5.1417,4.7755,8.7004,4.7755,5.1417,8.7004,0.0,0.0,0.0,0.00224,90.91,0.9091,78.9344,0.789344
2018-12-13 00:15:00,4.1,4.0071,3.9207,8.8797,3.9207,4.0071,8.8797,0.0,0.001973,0.0,0.0034,81.83,0.8183,75.4864,0.754864
2018-12-13 00:30:00,4.18,4.2093,4.0205,8.3671,4.0205,4.2093,8.3671,0.0,0.001789,0.0,0.001973,81.98,0.8198,76.3349,0.76335
2018-12-13 00:45:00,4.21,4.2323,4.0262,8.3619,4.0262,4.2323,8.3619,0.0,0.001774,0.0,0.001973,82.9,0.829,76.1492,0.761492
2018-12-13 01:00:00,4.14,4.1452,3.9676,8.3619,3.9676,4.1452,8.3619,0.0,0.001973,0.0,0.002265,81.44,0.8144,75.7303,0.757303
2018-12-13 01:15:00,4.28,4.3224,4.0388,8.357,4.0388,4.3224,8.357,0.0,0.0,0.0,0.001937,82.61,0.8261,74.7486,0.747486
2018-12-13 01:30:00,4.18,4.1711,3.9584,8.3818,3.9584,4.1711,8.3818,0.0,0.0,0.0,0.001937,81.06,0.8106,74.1916,0.741916
2018-12-13 01:45:00,4.25,4.287,4.0492,8.3531,4.0492,4.287,8.3531,0.0,3e-06,0.0,0.001937,82.15,0.8215,74.7384,0.747384
2018-12-13 02:00:00,5.36,5.2101,4.703,8.7212,4.703,5.2101,8.7212,0.0,0.0,0.0,0.001937,89.04,0.8904,77.806,0.77806
2018-12-13 02:15:00,4.79,4.5827,4.4484,8.9116,4.4484,4.5827,8.9116,0.0,0.002051,0.0,0.003362,86.57,0.8657,77.4361,0.774361
2018-12-13 02:30:00,4.25,4.143,3.9961,8.8054,3.9961,4.143,8.8054,0.0,0.001973,0.0,0.003514,80.52,0.8052,74.5091,0.745091
2018-12-13 02:45:00,4.18,4.1987,3.9811,8.4048,3.9811,4.1987,8.4048,0.0,0.001973,0.0,0.002746,79.4,0.794,75.0792,0.750792
2018-12-13 03:00:00,4.21,4.2323,4.0427,8.3761,4.0427,4.2323,8.3761,0.0,0.001751,0.0,0.001973,79.25,0.7925,75.4378,0.754378
2018-12-13 03:15:00,4.18,4.1755,4.0024,8.3531,4.0024,4.1755,8.3531,0.0,0.001937,0.0,0.002365,79.4,0.794,73.9757,0.739757
2018-12-13 03:30:00,4.21,4.2323,4.0242,8.3531,4.0242,4.2323,8.3531,0.0,3e-05,0.0,0.001937,79.25,0.7925,74.4327,0.744327
2018-12-13 03:45:00,4.21,4.2002,4.0092,8.3531,4.0092,4.2002,8.3531,0.0,0.0,0.0,0.001937,80.89,0.8089,74.0648,0.740648
2018-12-13 04:00:00,4.21,4.2002,4.0092,8.3531,4.0092,4.2002,8.3531,0.0,0.0,0.0,0.001937,79.61,0.7961,73.7642,0.737642
2018-12-13 04:15:00,4.18,4.1755,3.9839,8.3531,3.9839,4.1755,8.3531,0.0,0.0,0.0,0.001937,79.04,0.7904,73.7276,0.737276
2018-12-13 04:30:00,4.21,4.2323,4.021,8.3531,4.021,4.2323,8.3531,0.0,0.0,0.0,0.001937,80.25,0.8025,74.7059,0.747059
2018-12-13 04:45:00,4.21,4.2002,4.0061,8.3531,4.0061,4.2002,8.3531,0.0,0.0,0.0,0.001937,80.52,0.8052,74.3307,0.743307
2018-12-13 05:00:00,4.18,4.1755,3.9807,8.3531,3.9807,4.1755,8.3531,0.0,0.0,0.0,0.001937,80.32,0.8032,74.2941,0.742941
2018-12-13 05:15:00,3.67,3.6859,3.6408,8.3215,3.6408,3.6859,8.3215,0.0,0.0,0.0,0.001937,83.59,0.8359,73.2813,0.732813
2018-12-13 05:30:00,3.42,3.53,3.3942,7.9617,3.3942,3.53,7.9617,0.0,6.4e-05,0.0,0.001937,84.1,0.841,75.4838,0.754838
2018-12-13 05:45:00,3.89,3.8723,3.5785,7.9488,3.5785,3.8723,7.9488,0.0,0.00011,0.0,0.001937,82.55,0.8255,77.4494,0.774493
2018-12-13 06:00:00,4.32,4.1446,3.6647,8.0556,3.6647,4.1446,8.0556,0.0,1.9e-05,0.0,0.001937,82.58,0.8258,74.404,0.74404
2018-12-13 06:15:00,3.46,3.528,3.2227,8.2185,3.2227,3.528,8.2185,0.0,0.001937,0.0,0.003185,84.83,0.8483,74.9773,0.749773
2018-12-13 06:30:00,3.38,3.3572,3.2424,7.7661,3.2424,3.3572,7.7661,0.0,0.0,0.0,0.001973,83.81,0.8381,77.0426,0.770426
2018-12-13 06:45:00,3.38,3.4167,3.2239,7.7548,3.2239,3.4167,7.7548,0.0,0.0,0.0,0.001973,83.81,0.8381,76.7727,0.767727
2018-12-13 07:00:00,3.42,3.4987,3.2444,7.7457,3.2444,3.4987,7.7457,0.0,0.0,0.0,0.001973,84.99,0.8499,77.243,0.77243
2018-12-13 07:15:00,3.42,3.4479,3.2834,7.7304,3.2834,3.4479,7.7304,0.0,0.0,0.0,0.001937,84.99,0.8499,77.2284,0.772284
2018-12-13 07:30:00,3.71,3.7733,3.4732,7.8236,3.4732,3.7733,7.8236,0.0,0.0,0.0,0.001937,85.71,0.8571,78.4057,0.784057
2018-12-13 07:45:00,5.69,5.4646,4.7117,9.0082,4.7117,5.4646,9.0082,0.0,0.0,0.0,0.002319,90.34,0.9034,80.1656,0.801656
2018-12-13 08:00:00,6.23,6.0527,5.8326,10.2919,5.8326,6.0527,10.2919,0.0,0.0023,0.0,0.004527,93.06,0.9306,84.7443,0.847443
2018-12-13 08:15:00,35.57,34.6045,26.2491,38.8873,26.2491,34.6045,38.8873,0.02,0.018927,0.011211,0.020352,83.66,0.8366,77.241,0.77241
2018-12-13 08:30:00,72.86,72.2708,63.2536,77.4346,63.2536,72.2708,77.4346,0.03,0.030658,0.026488,0.038663,80.32,0.8032,77.3251,0.773251
2018-12-13 08:45:00,61.74,58.2089,55.5275,67.1913,55.5275,58.2089,67.1913,0.03,0.025779,0.022572,0.03447,83.8,0.838,78.5638,0.785638
2018-12-13 09:00:00,76.36,73.0233,68.6478,78.0381,68.6478,73.0233,78.0381,0.04,0.032985,0.02968,0.036981,90.86,0.9086,88.9425,0.889425
2018-12-13 09:15:00,63.11,57.9555,54.1673,64.9944,54.1673,57.9555,64.9944,0.03,0.027591,0.022112,0.034217,93.29,0.9329,91.6093,0.916093
2018-12-13 09:30:00,65.66,64.3285,58.1802,64.7364,58.1802,64.3285,64.7364,0.03,0.029463,0.025294,0.031624,93.0,0.93,91.5074,0.915074
2018-12-13 09:45:00,72.07,71.5746,62.7548,71.5779,62.7548,71.5746,71.5779,0.03,0.030859,0.028119,0.03452,91.93,0.9193,89.5924,0.895924
2018-12-13 10:00:00,56.84,56.6382,49.061,59.7192,49.061,56.6382,59.7192,0.03,0.022403,0.020286,0.031016,95.37,0.9537,94.3063,0.943063
2018-12-13 10:15:00,69.3,67.6808,62.3697,70.1064,62.3697,67.6808,70.1064,0.03,0.030614,0.028757,0.034501,92.96,0.9296,90.8084,0.908084
2018-12-13 10:30:00,65.66,63.7435,56.6407,65.8731,56.6407,63.7435,65.8731,0.03,0.030118,0.022848,0.03247,91.76,0.9176,89.7636,0.897636
2018-12-13 10:45:00,85.43,83.412,75.0599,85.6383,75.0599,83.412,85.6383,0.04,0.03727,0.031955,0.041025,89.57,0.8957,87.1627,0.871627
2018-12-13 11:00:00,53.17,50.984,44.212,63.7858,44.212,50.984,63.7858,0.02,0.021791,0.019845,0.03256,95.57,0.9557,94.2892,0.942892
2018-12-13 11:15:00,55.4,55.5192,51.1515,62.6541,51.1515,55.5192,62.6541,0.03,0.023375,0.020571,0.031759,92.55,0.9255,91.8002,0.918002
2018-12-13 11:30:00,60.08,59.7904,53.2945,65.5319,53.2945,59.7904,65.5319,0.03,0.029041,0.024067,0.032055,92.22,0.9222,90.6102,0.906102
2018-12-13 11:45:00,58.0,55.8887,49.8383,64.3759,49.8383,55.8887,64.3759,0.03,0.023656,0.021247,0.03169,91.78,0.9178,90.2017,0.902017
2018-12-13 12:00:00,51.3,48.0721,41.8523,52.3871,41.8523,48.0721,52.3871,0.02,0.020041,0.017454,0.027077,95.83,0.9583,93.126,0.93126
2018-12-13 12:15:00,11.38,9.9656,7.1229,15.4599,7.1229,9.9656,15.4599,0.01,0.00958,0.000159,0.010624,99.95,0.9995,99.8949,0.998949
2018-12-13 12:30:00,10.91,10.2058,6.0322,12.6843,6.0322,10.2058,12.6843,0.01,0.0081,0.0,0.008723,100.0,1.0,99.9692,0.999692
2018-12-13 12:45:00,30.1,30.9934,26.6312,33.2524,26.6312,30.9934,33.2524,0.01,0.016393,0.009809,0.01961,99.24,0.9924,96.9123,0.969123
2018-12-13 13:00:00,36.4,32.6655,31.6028,37.4663,31.6028,32.6655,37.4663,0.02,0.018935,0.012325,0.019418,99.28,0.9928,96.7028,0.967028
2018-12-13 13:15:00,41.69,39.8269,35.4889,42.2618,35.4889,39.8269,42.2618,0.02,0.019963,0.013859,0.021132,98.34,0.9834,96.4737,0.964737
2018-12-13 13:30:00,56.92,53.8731,48.7485,56.0787,48.7485,53.8731,56.0787,0.03,0.021686,0.020745,0.027389,93.12,0.9312,91.9436,0.919436
2018-12-13 13:45:00,46.66,46.2727,42.0238,50.6931,42.0238,46.2727,50.6931,0.02,0.020013,0.017781,0.025218,96.8,0.968,95.1106,0.951106
2018-12-13 14:00:00,52.52,51.9908,47.8901,54.2663,47.8901,51.9908,54.2663,0.02,0.020288,0.019366,0.026125,94.46,0.9446,93.691,0.93691
2018-12-13 14:15:00,58.25,58.4439,51.9094,58.8706,51.9094,58.4439,58.8706,0.03,0.027826,0.022266,0.029811,92.62,0.9262,91.1897,0.911897
2018-12-13 14:30:00,72.61,70.2252,64.9645,73.1252,64.9645,70.2252,73.1252,0.03,0.030577,0.028806,0.035115,89.73,0.8973,87.874,0.87874
2018-12-13 14:45:00,66.24,63.2944,57.7956,67.4005,57.7956,63.2944,67.4005,0.03,0.030219,0.023427,0.034733,89.11,0.8911,87.9342,0.879342
2018-12-13 15:00:00,73.08,70.8077,63.5656,73.9537,63.5656,70.8077,73.9537,0.03,0.03105,0.027582,0.0353,87.99,0.8799,86.4434,0.864434
2018-12-13 15:15:00,60.52,59.5784,54.6309,62.562,54.6309,59.5784,62.562,0.03,0.024204,0.021382,0.03263,90.17,0.9017,89.782,0.89782
2018-12-13 15:30:00,59.87,59.7333,54.7313,61.7205,54.7313,59.7333,61.7205,0.03,0.026458,0.023538,0.030921,90.22,0.9022,89.5343,0.895343
2018-12-13 15:45:00,63.5,60.798,53.5853,62.299,53.5853,60.798,62.299,0.03,0.027549,0.023158,0.030172,98.19,0.9819,95.5326,0.955326
2018-12-13 16:00:00,60.52,58.2156,53.2247,59.7681,53.2247,58.2156,59.7681,0.03,0.027506,0.022376,0.03022,97.3,0.973,94.973,0.94973
2018-12-13 16:15:00,88.92,85.496,74.662,86.0707,74.662,86.0707,85.496,0.04,0.039449,0.033507,0.041394,97.48,0.9748,95.5644,0.955644
2018-12-13 16:30:00,105.37,100.9949,92.3811,103.1233,92.3811,100.9949,103.1233,0.05,0.046353,0.040731,0.051965,94.01,0.9401,92.59,0.9259
2018-12-13 16:45:00,102.89,101.0402,94.1465,105.2322,94.1465,101.0402,105.2322,0.05,0.046867,0.041181,0.052179,91.25,0.9125,90.4099,0.904099
2018-12-13 17:00:00,77.83,77.1652,69.1213,85.123,69.1213,77.1652,85.123,0.04,0.036058,0.02888,0.040324,92.93,0.9293,91.9736,0.919736
2018-12-13 17:15:00,67.18,65.2194,59.7131,76.2224,59.7131,65.2194,76.2224,0.03,0.031313,0.025152,0.03828,93.74,0.9374,92.5664,0.925664
2018-12-13 17:30:00,70.13,68.7656,62.1615,77.8638,62.1615,68.7656,77.8638,0.03,0.030532,0.026267,0.036457,92.97,0.9297,93.317,0.93317
2018-12-13 17:45:00,31.72,32.3532,23.9273,36.8415,23.9273,32.3532,36.8415,0.01,0.018999,0.00888,0.019752,100.0,1.0,100.0623,1.000623
2018-12-13 18:00:00,31.5,30.8435,29.2313,35.7757,29.2313,30.8435,35.7757,0.01,0.017293,0.010311,0.019069,99.51,0.9951,98.3182,0.983182
2018-12-13 18:15:00,54.79,52.3977,44.4899,55.2206,44.4899,52.3977,55.2206,0.03,0.024815,0.018131,0.029967,91.19,0.9119,89.8746,0.898746
2018-12-13 18:30:00,77.04,73.2634,70.6906,79.5179,70.6906,73.2634,79.5179,0.04,0.034751,0.031292,0.040001,88.41,0.8841,86.6306,0.866306
2018-12-13 18:45:00,79.63,76.3958,69.8887,78.5981,69.8887,76.3958,78.5981,0.04,0.037843,0.03036,0.039359,93.63,0.9363,91.6758,0.916758
2018-12-13 19:00:00,80.46,79.149,70.7868,82.0218,70.7868,79.149,82.0218,0.04,0.039675,0.031147,0.039974,93.27,0.9327,91.4094,0.914094
2018-12-13 19:15:00,71.89,66.6405,59.3413,74.875,59.3413,66.6405,74.875,0.03,0.033047,0.024886,0.03813,94.31,0.9431,92.2551,0.922551
2018-12-13 19:30:00,78.52,80.8852,68.8171,82.1117,68.8171,80.8852,82.1117,0.04,0.031363,0.029562,0.038897,93.97,0.9397,91.9851,0.919851
2018-12-13 19:45:00,52.31,51.6959,44.9597,62.329,44.9597,51.6959,62.329,0.02,0.024531,0.020909,0.032442,94.99,0.9499,94.521,0.94521
2018-12-13 20:00:00,61.16,62.1804,55.1902,64.9573,55.1902,62.1804,64.9573,0.03,0.028336,0.025221,0.032687,93.73,0.9373,92.6774,0.926774
2018-12-13 20:15:00,61.6,59.917,54.7882,61.7569,54.7882,59.917,61.7569,0.03,0.024504,0.023513,0.030688,93.17,0.9317,92.0215,0.920215
2018-12-13 20:30:00,49.68,49.1961,44.0381,54.4843,44.0381,49.1961,54.4843,0.02,0.020246,0.018796,0.026354,94.72,0.9472,93.8082,0.938082
2018-12-13 20:45:00,41.54,38.3139,34.9392,44.7587,34.9392,38.3139,44.7587,0.02,0.019936,0.013843,0.022214,98.59,0.9859,95.3772,0.953772
2018-12-13 21:00:00,20.16,15.6179,13.4722,18.941,13.4722,15.6179,18.941,0.01,0.009664,0.002584,0.012181,99.87,0.9987,99.8677,0.998677
2018-12-13 21:15:00,6.16,5.9237,4.4951,10.2239,4.4951,5.9237,10.2239,0.0,6.3e-05,0.0,0.002301,100.0,1.0,100.0129,1.000129
2018-12-13 21:30:00,5.69,5.3831,5.1458,9.6082,5.1458,5.3831,9.6082,0.0,0.0,0.0,0.002008,100.0,1.0,99.9985,0.999985
2018-12-13 21:45:00,5.69,5.2666,5.0748,9.274,5.0748,5.2666,9.274,0.0,0.0,0.0,0.001942,100.0,1.0,99.9985,0.999985
2018-12-13 22:00:00,5.65,5.2516,5.0775,9.1099,5.0775,5.2516,9.1099,0.0,1.8e-05,0.0,0.001946,100.0,1.0,99.9738,0.999738
2018-12-13 22:15:00,5.47,5.5549,5.1947,10.4433,5.1947,5.5549,10.4433,0.0,0.002112,0.0,0.013158,87.0,0.87,78.5733,0.785733
2018-12-13 22:30:00,5.4,5.2291,4.8217,9.016,4.8217,5.2291,9.016,0.0,0.002005,0.0,0.002541,84.98,0.8498,70.8811,0.708811
2018-12-13 22:45:00,5.36,5.1854,4.8324,9.016,4.8324,5.1854,9.016,0.0,0.002005,0.0,0.002992,86.07,0.8607,69.7041,0.697041
2018-12-13 23:00:00,5.36,5.2074,4.8544,9.016,4.8544,5.2074,9.016,0.0,0.002005,0.0,0.003038,85.86,0.8586,70.1386,0.701386
2018-12-13 23:15:00,5.26,5.1336,4.819,9.016,4.819,5.1336,9.016,0.0,0.0,0.0,0.002005,89.71,0.8971,64.0442,0.640442
2018-12-13 23:30:00,5.22,4.9986,4.769,9.016,4.769,4.9986,9.016,0.0,8.4e-05,0.0,0.001937,92.4,0.924,62.4802,0.624802
2018-12-13 23:45:00,5.18,4.9986,4.769,9.016,4.769,4.9986,9.016,0.0,0.0,0.0,0.001937,92.3,0.923,66.6473,0.666473
2018-12-14 00:00:00,4.1,4.1709,3.9742,8.9336,3.9742,4.1709,8.9336,0.0,0.0,0.0,0.00224,76.42,0.7642,74.062,0.74062
2018-12-14 00:15:00,5.33,5.3103,4.8542,8.7794,4.8542,5.3103,8.7794,0.0,0.001064,0.0,0.001973,89.94,0.8994,78.8291,0.788291
2018-12-14 00:30:00,5.29,5.0968,4.7951,8.9505,4.7951,5.0968,8.9505,0.0,0.002051,0.0,0.002253,89.54,0.8954,78.2557,0.782557
2018-12-14 00:45:00,5.26,5.0268,4.7317,8.9624,4.7317,5.0268,8.9624,0.0,0.002051,0.0,0.002311,88.69,0.8869,78.3273,0.783273
2018-12-14 01:00:00,5.29,5.0092,4.7676,8.9624,4.7676,5.0092,8.9624,0.0,0.001973,0.0,0.002351,87.83,0.8783,78.3148,0.783148
2018-12-14 01:15:00,5.26,5.0919,4.7966,8.9818,4.7966,5.0919,8.9818,0.0,0.0,0.0,0.001967,87.99,0.8799,78.4538,0.784538
2018-12-14 01:30:00,5.36,5.1234,4.8551,8.9818,4.8551,5.1234,8.9818,0.0,0.0,0.0,0.001937,86.56,0.8656,78.4408,0.784408
2018-12-14 01:45:00,5.33,5.1867,4.8601,8.9818,4.8601,5.1867,8.9818,0.0,0.0,0.0,0.001967,87.0,0.87,78.3331,0.783331
2018-12-14 02:00:00,4.79,4.6399,4.5309,8.9287,4.5309,4.6399,8.9287,0.0,0.0,0.0,0.001967,82.83,0.8283,76.2873,0.762873
2018-12-14 02:15:00,4.14,4.1835,3.8945,8.8105,3.8945,4.1835,8.8105,0.0,0.001937,0.0,0.002871,77.46,0.7746,73.323,0.73323
2018-12-14 02:30:00,4.18,4.1807,4.0117,8.3761,4.0117,4.1807,8.3761,0.0,0.001751,0.0,0.001973,78.4,0.784,75.3867,0.753867
2018-12-14 02:45:00,4.21,4.2323,4.0427,8.3761,4.0427,4.2323,8.3761,0.0,0.00103,0.0,0.001973,77.26,0.7726,74.7739,0.747739
2018-12-14 03:00:00,4.18,4.1755,4.0024,8.3531,4.0024,4.1755,8.3531,0.0,0.001335,0.0,0.001937,77.4,0.774,73.6374,0.736374
2018-12-14 03:15:00,4.25,4.287,4.0384,8.3531,4.0384,4.287,8.3531,0.0,0.0,0.0,0.001937,76.3,0.763,72.4799,0.724799
2018-12-14 03:30:00,4.18,4.1987,3.961,8.3818,3.961,4.1987,8.3818,0.0,0.0,0.0,0.001937,77.03,0.7703,73.6854,0.736854
2018-12-14 03:45:00,4.14,4.1729,3.9839,8.3531,3.9839,4.1729,8.3531,0.0,0.0,0.0,0.001937,76.73,0.7673,72.3363,0.723363
2018-12-14 04:00:00,4.28,4.3224,4.0553,8.3712,4.0553,4.3224,8.3712,0.0,0.0,0.0,0.001937,77.77,0.7777,73.0236,0.730236
2018-12-14 04:15:00,4.18,4.1711,3.9698,8.3818,3.9698,4.1711,8.3818,0.0,0.0,0.0,0.001937,76.4,0.764,70.9622,0.709622
2018-12-14 04:30:00,4.18,4.2002,4.0092,8.3531,4.0092,4.2002,8.3531,0.0,0.0,0.0,0.001937,77.4,0.774,72.7686,0.727686
2018-12-14 04:45:00,4.1,4.1201,3.9628,8.3531,3.9628,4.1201,8.3531,0.0,0.0,0.0,0.001937,76.15,0.7615,71.9729,0.719729
2018-12-14 05:00:00,4.46,4.4325,4.1361,8.4297,4.1361,4.4325,8.4297,0.0,0.0,0.0,0.001937,78.75,0.7875,73.9916,0.739916
2018-12-14 05:15:00,5.4,5.3603,4.6667,8.8139,4.6667,5.3603,8.8139,0.0,0.001937,0.0,0.002293,83.7,0.837,76.464,0.76464
2018-12-14 05:30:00,4.5,4.3135,4.2207,8.8797,4.2207,4.3135,8.8797,0.0,0.002051,0.0,0.00302,79.62,0.7962,76.0885,0.760885
2018-12-14 05:45:00,4.18,4.1316,4.0467,8.5919,4.0467,4.1316,8.5919,0.0,0.001973,0.0,0.002586,76.13,0.7613,72.4028,0.724028
2018-12-14 06:00:00,4.14,4.1729,4.004,8.3761,4.004,4.1729,8.3761,0.0,0.000876,0.0,0.001973,75.46,0.7546,72.9409,0.729409
2018-12-14 06:15:00,4.14,4.1323,3.9936,8.3761,3.9936,4.1323,8.3761,0.0,0.000836,0.0,0.001973,76.09,0.7609,73.4219,0.734219
2018-12-14 06:30:00,3.49,3.58,3.5621,8.3215,3.5621,3.58,8.3215,0.0,0.000957,0.0,0.001937,81.85,0.8185,73.5236,0.735236
2018-12-14 06:45:00,3.42,3.3822,3.2972,7.7918,3.2972,3.3822,7.7918,0.0,3.5e-05,0.0,0.001937,82.08,0.8208,76.4782,0.764782
2018-12-14 07:00:00,3.35,3.3928,3.2431,7.7661,3.2431,3.3928,7.7661,0.0,5e-06,0.0,0.001937,82.78,0.8278,76.782,0.76782
2018-12-14 07:15:00,3.35,3.3752,3.1999,7.7242,3.1999,3.3752,7.7242,0.0,5e-06,0.0,0.001937,83.59,0.8359,76.9094,0.769094
2018-12-14 07:30:00,4.25,4.2101,3.8305,8.0348,3.8305,4.2101,8.0348,0.0,0.0,0.0,0.001937,84.41,0.8441,79.0854,0.790854
2018-12-14 07:45:00,6.52,5.6949,4.9047,11.0332,4.9047,5.6949,11.0332,0.0,0.002486,0.0,0.002898,90.53,0.9053,80.2555,0.802555
2018-12-14 08:00:00,7.38,7.2318,6.1296,11.1877,6.1296,7.2318,11.1877,0.0,0.002387,0.0,0.004474,93.45,0.9345,84.9992,0.849992
2018-12-14 08:15:00,36.22,35.3404,29.2398,40.0924,29.2398,35.3404,40.0924,0.02,0.019973,0.012356,0.020788,80.75,0.8075,76.88,0.7688
2018-12-14 08:30:00,94.18,92.9957,82.5107,99.5261,82.5107,92.9957,99.5261,0.04,0.042853,0.035952,0.045322,84.0,0.84,81.2931,0.812931
2018-12-14 08:45:00,97.88,97.447,95.0223,103.456,95.0223,97.447,103.456,0.04,0.044808,0.040177,0.047362,86.79,0.8679,81.5035,0.815035
2018-12-14 09:00:00,134.5,131.5851,113.0758,132.0741,113.0758,132.0741,131.5851,0.06,0.058287,0.05066,0.062426,90.44,0.9044,88.7358,0.887358
2018-12-14 09:15:00,93.67,90.4794,79.8924,98.3343,79.8924,90.4794,98.3343,0.04,0.042586,0.034046,0.046566,89.88,0.8988,89.3761,0.893761
2018-12-14 09:30:00,109.26,112.9868,106.2774,115.7951,106.2774,112.9868,115.7951,0.05,0.050393,0.047032,0.057056,89.38,0.8938,90.2612,0.902612
2018-12-14 09:45:00,128.34,125.9441,115.2334,128.1681,115.2334,125.9441,128.1681,0.06,0.05804,0.05049,0.063312,91.35,0.9135,90.2038,0.902038
2018-12-14 10:00:00,81.47,74.569,67.5759,85.3295,67.5759,74.569,85.3295,0.04,0.034442,0.028473,0.040018,93.1,0.931,91.6774,0.916774
2018-12-14 10:15:00,109.69,109.327,103.338,112.1382,103.338,109.327,112.1382,0.05,0.051099,0.045617,0.05283,92.64,0.9264,92.0905,0.920905
2018-12-14 10:30:00,120.67,122.0243,113.1773,122.3475,113.1773,122.3475,122.0243,0.06,0.055195,0.048529,0.06191,88.99,0.8899,89.2414,0.892414
2018-12-14 10:45:00,92.81,93.7753,86.5532,98.459,86.5532,93.7753,98.459,0.04,0.041434,0.035785,0.045937,92.54,0.9254,91.3277,0.913277
2018-12-14 11:00:00,91.58,95.1849,89.1982,98.9347,89.1982,95.1849,98.9347,0.04,0.042097,0.03824,0.044962,91.93,0.9193,90.6329,0.906329
2018-12-14 11:15:00,104.9,105.9661,101.5511,109.6379,101.5511,105.9661,109.6379,0.05,0.047828,0.045147,0.055332,90.48,0.9048,89.9264,0.899264
2018-12-14 11:30:00,124.2,123.5826,113.6179,125.4514,113.6179,123.5826,125.4514,0.06,0.054857,0.049919,0.061369,89.94,0.8994,88.8286,0.888286
2018-12-14 11:45:00,88.85,81.4988,75.805,93.3323,75.805,81.4988,93.3323,0.04,0.038746,0.03265,0.043925,92.4,0.924,90.755,0.90755
2018-12-14 12:00:00,132.01,128.1873,114.0916,131.7767,114.0916,128.1873,131.7767,0.06,0.057926,0.050297,0.063611,90.44,0.9044,88.0277,0.880277
2018-12-14 12:15:00,13.61,14.7796,11.7236,29.643,11.7236,14.7796,29.643,0.01,0.009724,0.000793,0.015338,99.36,0.9936,98.5631,0.985631
2018-12-14 12:30:00,9.86,8.1345,4.8771,12.8392,4.8771,8.1345,12.8392,0.0,0.006404,0.0,0.007206,100.0,1.0,100.0239,1.000239
2018-12-14 12:45:00,9.61,9.5079,6.3836,13.7601,6.3836,9.5079,13.7601,0.0,0.006369,0.0,0.008481,100.0,1.0,99.9712,0.999712
2018-12-14 13:00:00,9.43,9.6332,6.4092,13.7675,6.4092,9.6332,13.7675,0.0,0.006524,0.0,0.008569,100.0,1.0,100.0072,1.000072
2018-12-14 13:15:00,86.98,77.9829,76.363,90.5766,76.363,77.9829,90.5766,0.04,0.040619,0.032847,0.042688,89.9,0.899,89.2787,0.892787
2018-12-14 13:30:00,74.66,68.7312,61.139,81.5563,61.139,68.7312,81.5563,0.03,0.032824,0.026188,0.04029,90.38,0.9038,89.8142,0.898142
2018-12-14 13:45:00,116.42,116.3691,105.641,117.7977,105.641,116.3691,117.7977,0.05,0.049719,0.044601,0.055833,91.19,0.9119,90.0159,0.900159
2018-12-14 14:00:00,107.57,106.9776,92.6262,107.2987,92.6262,106.9776,107.2987,0.05,0.048976,0.03972,0.051287,92.67,0.9267,91.0572,0.910572
2018-12-14 14:15:00,103.82,106.1779,97.9534,107.0382,97.9534,106.1779,107.0382,0.05,0.048452,0.043105,0.054744,88.34,0.8834,89.4779,0.894779
2018-12-14 14:30:00,114.73,114.7539,107.9118,114.9237,107.9118,114.9237,114.7539,0.05,0.05146,0.047558,0.057303,91.93,0.9193,91.0563,0.910563
2018-12-14 14:45:00,84.74,84.2047,76.9226,91.954,76.9226,84.2047,91.954,0.04,0.035752,0.033084,0.042617,92.26,0.9226,91.5295,0.915295
2018-12-14 15:00:00,109.4,111.1653,104.9596,114.7292,104.9596,111.1653,114.7292,0.05,0.050616,0.046298,0.054576,90.61,0.9061,90.4557,0.904557
2018-12-14 15:15:00,125.21,125.8231,114.2673,127.3107,114.2673,125.8231,127.3107,0.06,0.05648,0.049737,0.061055,89.67,0.8967,89.281,0.89281
2018-12-14 15:30:00,89.35,90.6871,82.5068,96.287,82.5068,90.6871,96.287,0.04,0.040383,0.03535,0.045047,91.49,0.9149,90.9209,0.909209
2018-12-14 15:45:00,122.26,122.1128,112.1702,128.5404,112.1702,122.1128,128.5404,0.06,0.054982,0.049509,0.061641,87.62,0.8762,88.8445,0.888445
2018-12-14 16:00:00,114.66,115.8528,103.2694,118.195,103.2694,115.8528,118.195,0.05,0.052633,0.045237,0.057017,88.38,0.8838,88.955,0.88955
2018-12-14 16:15:00,96.8,97.1146,89.568,102.3251,89.568,97.1146,102.3251,0.04,0.044123,0.039688,0.048194,91.52,0.9152,90.9977,0.909977
2018-12-14 16:30:00,118.12,121.5388,111.1694,122.4045,111.1694,121.5388,122.4045,0.05,0.05507,0.049771,0.060632,89.32,0.8932,90.0982,0.900982
2018-12-14 16:45:00,133.2,130.062,116.261,131.2094,116.261,130.062,131.2094,0.06,0.058839,0.050631,0.064637,89.65,0.8965,89.0288,0.890288
2018-12-14 17:00:00,102.64,102.8305,91.3579,103.8055,91.3579,103.8055,102.8305,0.05,0.046374,0.038658,0.048808,90.67,0.9067,89.9125,0.899125
2018-12-14 17:15:00,63.94,66.1006,58.4261,74.8944,58.4261,66.1006,74.8944,0.03,0.030174,0.026286,0.036653,91.77,0.9177,92.0617,0.920616
2018-12-14 17:30:00,62.64,64.876,57.1985,72.3984,57.1985,64.876,72.3984,0.03,0.028857,0.024606,0.034074,95.81,0.9581,93.8484,0.938484
2018-12-14 17:45:00,37.94,34.3816,28.9395,41.2967,28.9395,34.3816,41.2967,0.02,0.019634,0.010626,0.021672,99.49,0.9949,98.0144,0.980144
2018-12-14 18:00:00,32.62,31.6236,29.8665,38.242,29.8665,31.6236,38.242,0.01,0.019788,0.010276,0.019921,99.53,0.9953,97.9742,0.979742
2018-12-14 18:15:00,29.63,30.9759,29.5461,36.6927,29.5461,30.9759,36.6927,0.01,0.017996,0.009406,0.019716,99.24,0.9924,97.6712,0.976712
2018-12-14 18:30:00,26.57,28.4026,27.5007,33.2175,27.5007,28.4026,33.2175,0.01,0.012978,0.009107,0.013975,99.85,0.9985,99.3791,0.993791
2018-12-14 18:45:00,26.35,26.1158,19.5981,29.8804,19.5981,26.1158,29.8804,0.01,0.010914,0.008852,0.012613,100.0,1.0,99.9794,0.999794
2018-12-14 19:00:00,26.32,25.9852,19.9689,29.2756,19.9689,25.9852,29.2756,0.01,0.009378,0.008281,0.012717,100.0,1.0,100.0029,1.000029
2018-12-14 19:15:00,26.39,26.027,20.2518,29.7876,20.2518,26.027,29.7876,0.01,0.010962,0.008977,0.012765,100.0,1.0,100.0029,1.000029
2018-12-14 19:30:00,26.64,25.9107,20.4882,29.6203,20.4882,25.9107,29.6203,0.01,0.00995,0.009089,0.012862,100.0,1.0,100.0018,1.000018
2018-12-14 19:45:00,28.44,26.6384,22.5037,30.5115,22.5037,26.6384,30.5115,0.01,0.013032,0.009112,0.013629,100.0,1.0,100.0428,1.000428
2018-12-14 20:00:00,30.46,30.3436,28.3276,33.8217,28.3276,30.3436,33.8217,0.01,0.014641,0.009893,0.015409,100.0,1.0,100.1217,1.001217
2018-12-14 20:15:00,29.88,29.9455,27.9256,33.7881,27.9256,29.9455,33.7881,0.01,0.013733,0.009885,0.014473,100.0,1.0,100.103,1.00103
2018-12-14 20:30:00,30.06,30.3425,27.7603,33.7628,27.7603,30.3425,33.7628,0.01,0.013405,0.009842,0.013856,99.99,0.9999,100.0976,1.000976
2018-12-14 20:45:00,31.93,31.4662,29.9224,34.4984,29.9224,31.4662,34.4984,0.01,0.01267,0.010054,0.014894,99.99,0.9999,100.0493,1.000493
2018-12-14 21:00:00,28.66,29.4852,27.6907,33.3322,27.6907,29.4852,33.3322,0.01,0.016015,0.009471,0.018859,99.98,0.9998,100.0072,1.000072
2018-12-14 21:15:00,5.76,6.0987,4.9536,11.795,4.9536,6.0987,11.795,0.0,0.0,0.0,0.002642,100.0,1.0,99.9193,0.999193
2018-12-14 21:30:00,5.8,5.6135,5.2543,9.5952,5.2543,5.6135,9.5952,0.0,0.0,0.0,0.002021,100.0,1.0,99.9985,0.999985
2018-12-14 21:45:00,5.72,5.433,5.1589,9.2077,5.1589,5.433,9.2077,0.0,0.0,0.0,0.001939,100.0,1.0,99.9985,0.999985
2018-12-14 22:00:00,5.69,5.4228,5.1384,9.2896,5.1384,5.4228,9.2896,0.0,0.0,0.0,0.001946,100.0,1.0,99.9738,0.999738
2018-12-14 22:15:00,5.4,5.3843,5.1175,10.3761,5.1175,5.3843,10.3761,0.0,0.002129,0.0,0.002245,81.42,0.8142,78.3996,0.783996
2018-12-14 22:30:00,5.33,5.1718,4.8291,9.016,4.8291,5.1718,9.016,0.0,0.002009,0.0,0.00299,80.56,0.8056,66.5075,0.665075
2018-12-14 22:45:00,5.33,5.1959,4.8618,9.016,4.8618,5.1959,9.016,0.0,0.002009,0.0,0.00326,80.56,0.8056,66.7212,0.667212
2018-12-14 23:00:00,5.33,5.1959,4.8618,9.016,4.8618,5.1959,9.016,0.0,0.002009,0.0,0.003046,80.27,0.8027,66.22,0.6622
2018-12-14 23:15:00,4.86,4.712,4.5769,8.9628,4.5769,4.712,8.9628,0.0,0.0,0.0,0.002009,82.89,0.8289,59.866,0.59866
2018-12-14 23:30:00,4.03,4.1182,3.8032,8.8635,3.8032,4.1182,8.8635,0.0,0.001937,0.0,0.003294,79.26,0.7926,69.0914,0.690914
2018-12-14 23:45:00,4.03,4.0465,3.8432,8.1813,3.8432,4.0465,8.1813,0.0,0.0,0.0,0.001973,78.98,0.7898,64.7564,0.647564
2018-12-15 00:00:00,3.28,3.4736,3.4436,8.1511,3.4436,3.4736,8.1511,0.0,0.0,0.0,0.002276,84.8,0.848,74.0194,0.740194
2018-12-15 00:15:00,4.14,4.2186,3.7963,8.0943,3.7963,4.2186,8.0943,0.0,0.0,0.0,0.001973,76.73,0.7673,72.1444,0.721444
2018-12-15 00:30:00,4.1,3.9208,3.5499,8.1949,3.5499,3.9208,8.1949,0.0,0.001144,0.0,0.001937,72.54,0.7254,67.7819,0.677819
2018-12-15 00:45:00,4.07,3.9235,3.5499,8.1882,3.5499,3.9235,8.1882,0.0,0.001359,0.0,0.001973,72.91,0.7291,68.2482,0.682482
2018-12-15 01:00:00,4.14,3.9492,3.587,8.0023,3.587,3.9492,8.0023,0.0,0.0,0.0,0.001973,72.61,0.7261,67.7292,0.677292
2018-12-15 01:15:00,4.14,4.1323,3.8961,8.3245,3.8961,4.1323,8.3245,0.0,0.0,0.0,0.001937,72.26,0.7226,68.6673,0.686673
2018-12-15 01:30:00,4.14,4.1323,3.8961,8.3245,3.8961,4.1323,8.3245,0.0,0.0,0.0,0.001937,71.66,0.7166,67.3649,0.673649
2018-12-15 01:45:00,4.14,4.1323,3.8961,8.3245,3.8961,4.1323,8.3245,0.0,0.0,0.0,0.001937,71.31,0.7131,67.3334,0.673334
2018-12-15 02:00:00,4.1,4.1049,3.9603,8.3387,3.9603,4.1049,8.3387,0.0,0.0,0.0,0.001937,70.71,0.7071,66.7329,0.667329
2018-12-15 02:15:00,4.1,4.1323,3.9583,8.3178,3.9583,4.1323,8.3178,0.0,0.0,0.0,0.001937,70.71,0.7071,66.9601,0.669601
2018-12-15 02:30:00,4.21,4.2547,4.0136,8.3258,4.0136,4.2547,8.3258,0.0,0.0,0.0,0.001937,71.9,0.719,68.0828,0.680828
2018-12-15 02:45:00,4.1,4.1176,3.9339,8.3245,3.9339,4.1176,8.3245,0.0,0.0,0.0,0.001937,71.32,0.7132,66.8192,0.668192
2018-12-15 03:00:00,4.18,4.2191,3.9985,8.3212,3.9985,4.2191,8.3212,0.0,0.0,0.0,0.001937,69.54,0.6954,65.571,0.65571
2018-12-15 03:15:00,4.82,4.7,4.2984,8.563,4.2984,4.7,8.563,0.0,0.0,0.0,0.001937,75.55,0.7555,68.7392,0.687392
2018-12-15 03:30:00,5.26,5.1646,4.5439,8.9185,4.5439,5.1646,8.9185,0.0,0.001937,0.0,0.002554,76.99,0.7699,73.9898,0.739898
2018-12-15 03:45:00,4.18,4.0854,3.9399,8.8748,3.9399,4.0854,8.8748,0.0,0.001973,0.0,0.002851,69.54,0.6954,69.6442,0.696442
2018-12-15 04:00:00,4.14,4.1631,4.004,8.3831,4.004,4.1631,8.3831,0.0,0.000898,0.0,0.001973,69.78,0.6978,69.8601,0.698601
2018-12-15 04:15:00,4.14,4.1323,3.9984,8.3712,3.9984,4.1323,8.3712,0.0,0.000858,0.0,0.001973,66.58,0.6658,67.1848,0.671848
2018-12-15 04:30:00,3.82,3.8351,3.7963,8.3357,3.7963,3.8351,8.3357,0.0,0.000858,0.0,0.001973,72.11,0.7211,70.5877,0.705877
2018-12-15 04:45:00,3.46,3.581,3.3849,7.9575,3.3849,3.581,7.9575,0.0,0.0,0.0,0.001937,76.42,0.7642,73.2488,0.732488
2018-12-15 05:00:00,3.49,3.4752,3.3604,7.7612,3.3604,3.4752,7.7612,0.0,3e-05,0.0,0.001937,76.37,0.7637,72.9404,0.729404
2018-12-15 05:15:00,3.42,3.3822,3.3004,7.7612,3.3004,3.3822,7.7612,0.0,3e-06,0.0,0.001937,78.04,0.7804,72.7819,0.727819
2018-12-15 05:30:00,3.42,3.4202,3.2899,7.747,3.2899,3.4202,7.747,0.0,0.0,0.0,0.001937,76.93,0.7693,71.8954,0.718954
2018-12-15 05:45:00,3.42,3.4202,3.2899,7.7255,3.2899,3.4202,7.7255,0.0,0.0,0.0,0.001937,76.93,0.7693,71.5373,0.715373
2018-12-15 06:00:00,3.38,3.3928,3.2646,7.7255,3.2646,3.3928,7.7255,0.0,0.0,0.0,0.001937,77.68,0.7768,71.163,0.71163
2018-12-15 06:15:00,3.46,3.4969,3.2798,7.7176,3.2798,3.4969,7.7176,0.0,0.0,0.0,0.001937,77.63,0.7763,72.2053,0.722053
2018-12-15 06:30:00,3.42,3.3969,3.2569,7.7255,3.2569,3.3969,7.7255,0.0,0.0,0.0,0.001937,77.71,0.7771,71.3199,0.713199
2018-12-15 06:45:00,3.49,3.494,3.3307,7.7255,3.3307,3.494,7.7255,0.0,0.0,0.0,0.001937,73.71,0.7371,68.7002,0.687002
2018-12-15 07:00:00,4.57,4.4865,4.0446,8.077,4.0446,4.4865,8.077,0.0,0.0,0.0,0.001937,72.12,0.7212,63.1277,0.631277
2018-12-15 07:15:00,4.43,4.4157,3.8029,8.4814,3.8029,4.4157,8.4814,0.0,0.001973,0.0,0.002335,72.73,0.7273,65.1635,0.651635
2018-12-15 07:30:00,4.1,3.9281,3.5568,8.3052,3.5568,3.9281,8.3052,0.0,0.001973,0.0,0.002487,72.54,0.7254,66.0731,0.660731
2018-12-15 07:45:00,4.07,4.0524,3.6463,8.2648,3.6463,4.0524,8.2648,0.0,0.001242,0.0,0.001973,72.65,0.7265,69.8853,0.698853
2018-12-15 08:00:00,3.64,3.8842,3.5968,8.1521,3.5968,3.8842,8.1521,0.0,0.0,0.0,0.002089,75.82,0.7582,72.9697,0.729697
2018-12-15 08:15:00,3.35,3.7596,3.2584,7.9669,3.2584,3.7596,7.9669,0.0,0.000366,0.0,0.002142,79.46,0.7946,73.8506,0.738506
2018-12-15 08:30:00,3.35,3.6379,3.1999,7.9073,3.1999,3.6379,7.9073,0.0,0.00016,0.0,0.002118,79.91,0.7991,74.1649,0.741649
2018-12-15 08:45:00,3.38,3.4588,3.2205,7.7417,3.2205,3.4588,7.7417,0.0,0.000113,0.0,0.002001,95.58,0.9558,87.6281,0.876281
2018-12-15 09:00:00,3.49,3.5279,3.2695,7.7309,3.2695,3.5279,7.7309,0.0,5e-06,0.0,0.001989,100.0,1.0,99.9161,0.999161
2018-12-15 09:15:00,3.56,3.5064,3.3168,7.7341,3.3168,3.5064,7.7341,0.0,6e-06,0.0,0.001989,100.0,1.0,99.9986,0.999986
2018-12-15 09:30:00,3.38,3.3731,3.2385,7.7882,3.2385,3.3731,7.7882,0.0,5e-06,0.0,0.001989,100.0,1.0,99.9986,0.999986
2018-12-15 09:45:00,3.42,3.4534,3.2461,7.7444,3.2461,3.4534,7.7444,0.0,5e-06,0.0,0.001989,100.0,1.0,99.9986,0.999986
2018-12-15 10:00:00,3.35,3.3361,3.2415,7.7324,3.2415,3.3361,7.7324,0.0,6e-06,0.0,0.001986,100.0,1.0,100.0077,1.000077
2018-12-15 10:15:00,3.35,3.3186,3.2016,7.7092,3.2016,3.3186,7.7092,0.0,5e-06,0.0,0.001989,100.0,1.0,100.0077,1.000077
2018-12-15 10:30:00,3.35,3.3186,3.2016,7.7092,3.2016,3.3186,7.7092,0.0,5e-06,0.0,0.001989,100.0,1.0,100.0077,1.000077
2018-12-15 10:45:00,4.97,4.9613,4.8063,8.3438,4.9613,4.8063,8.3438,0.0,1.2e-05,0.0,0.001986,100.0,1.0,99.9943,0.999943
2018-12-15 11:00:00,5.36,5.0155,4.3006,8.7983,4.3006,5.0155,8.7983,0.0,0.0,0.0,0.001984,100.0,1.0,100.0089,1.000089
2018-12-15 11:15:00,4.28,4.2443,3.6678,8.7929,3.6678,4.2443,8.7929,0.0,0.0,0.0,0.002011,100.0,1.0,99.9821,0.999821
2018-12-15 11:30:00,4.18,4.1621,3.6578,8.4507,3.6578,4.1621,8.4507,0.0,0.0,0.0,0.001987,100.0,1.0,99.9869,0.999869
2018-12-15 11:45:00,3.35,3.6304,3.6274,8.4686,3.6274,3.6304,8.4686,0.0,6.7e-05,0.0,0.001996,100.0,1.0,99.9869,0.999869
2018-12-15 12:00:00,3.38,3.599,3.2259,7.8526,3.2259,3.599,7.8526,0.0,0.000171,0.0,0.001987,100.0,1.0,99.9139,0.999139
2018-12-15 12:15:00,3.42,3.5939,3.2221,7.7749,3.2221,3.5939,7.7749,0.0,0.000129,0.0,0.001996,100.0,1.0,99.9329,0.999329
2018-12-15 12:30:00,3.42,3.5513,3.2612,7.777,3.2612,3.5513,7.777,0.0,2.1e-05,0.0,0.001971,100.0,1.0,99.9698,0.999698
2018-12-15 12:45:00,3.42,3.5513,3.2612,7.7504,3.2612,3.5513,7.7504,0.0,3e-06,0.0,0.001971,100.0,1.0,99.9698,0.999698
2018-12-15 13:00:00,3.38,3.5485,3.2597,7.772,3.2597,3.5485,7.772,0.0,3e-06,0.0,0.001971,100.0,1.0,100.0058,1.000058
2018-12-15 13:15:00,3.31,3.469,3.1819,7.7838,3.1819,3.469,7.7838,0.0,9e-06,0.0,0.002006,100.0,1.0,100.0058,1.000058
2018-12-15 13:30:00,3.35,3.4871,3.1867,7.7623,3.1867,3.4871,7.7623,0.0,9e-06,0.0,0.002006,100.0,1.0,100.0058,1.000058
2018-12-15 13:45:00,3.38,3.4842,3.2221,7.772,3.2221,3.4842,7.772,0.0,9e-06,0.0,0.002009,100.0,1.0,100.0058,1.000058
2018-12-15 14:00:00,3.31,3.3072,3.158,7.7092,3.158,3.3072,7.7092,0.0,5e-06,0.0,0.001989,100.0,1.0,99.9886,0.999886
2018-12-15 14:15:00,3.82,3.7674,3.5312,7.8903,3.5312,3.7674,7.8903,0.0,7e-06,0.0,0.001989,100.0,1.0,99.984,0.99984
2018-12-15 14:30:00,4.1,4.0005,3.6237,7.9672,3.6237,4.0005,7.9672,0.0,7e-06,0.0,0.001989,100.0,1.0,99.9841,0.999841
2018-12-15 14:45:00,4.07,3.9124,3.61,8.2415,3.61,3.9124,8.2415,0.0,0.0,0.0,0.002001,100.0,1.0,99.9886,0.999886
2018-12-15 15:00:00,4.21,4.0669,3.6735,8.0801,3.6735,4.0669,8.0801,0.0,5e-05,0.0,0.002003,100.0,1.0,100.0043,1.000043
2018-12-15 15:15:00,3.74,3.6667,3.5335,8.3668,3.5335,3.6667,8.3668,0.0,0.0,0.0,0.002003,100.0,1.0,100.0043,1.000043
2018-12-15 15:30:00,3.74,3.7118,3.6134,7.9837,3.6134,3.7118,7.9837,0.0,0.000151,0.0,0.001986,100.0,1.0,100.0043,1.000043
2018-12-15 15:45:00,3.96,3.9669,3.7641,8.0108,3.7641,3.9669,8.0108,0.0,0.000139,0.0,0.001989,100.0,1.0,100.0043,1.000043
2018-12-15 16:00:00,3.28,3.3516,3.2752,7.9614,3.2752,3.3516,7.9614,0.0,0.000145,0.0,0.001992,100.0,1.0,100.0006,1.000006
2018-12-15 16:15:00,3.35,3.3673,3.2011,7.7242,3.2011,3.3673,7.7242,0.0,1.4e-05,0.0,0.001977,100.0,1.0,100.0006,1.000006
2018-12-15 16:30:00,3.28,3.2494,3.1498,7.7298,3.1498,3.2494,7.7298,0.0,5e-06,0.0,0.001977,100.0,1.0,100.0006,1.000006
2018-12-15 16:45:00,3.24,3.2388,3.1253,7.6975,3.1253,3.2388,7.6975,0.0,5e-06,0.0,0.001977,100.0,1.0,100.0006,1.000006
2018-12-15 17:00:00,3.28,3.2826,3.1328,7.6806,3.1328,3.2826,7.6806,0.0,3e-06,0.0,0.001967,100.0,1.0,99.9985,0.999985
2018-12-15 17:15:00,3.28,3.2678,3.1492,7.6709,3.1492,3.2678,7.6709,0.0,4e-06,0.0,0.001964,100.0,1.0,99.9985,0.999985
2018-12-15 17:30:00,3.35,3.3524,3.1976,7.6709,3.1976,3.3524,7.6709,0.0,4e-06,0.0,0.001964,100.0,1.0,99.9985,0.999985
2018-12-15 17:45:00,4.18,4.1078,3.8115,8.017,3.8115,4.1078,8.017,0.0,5e-06,0.0,0.001964,100.0,1.0,99.9916,0.999916
2018-12-15 18:00:00,4.1,3.8981,3.5616,8.1815,3.5616,3.8981,8.1815,0.0,0.0,0.0,0.001963,100.0,1.0,99.975,0.99975
2018-12-15 18:15:00,4.1,3.9102,3.5753,8.189,3.5753,3.9102,8.189,0.0,0.00062,0.0,0.001963,100.0,1.0,99.975,0.99975
2018-12-15 18:30:00,4.1,3.9305,3.5852,8.189,3.5852,3.9305,8.189,0.0,0.0,0.0,0.001963,100.0,1.0,99.975,0.99975
2018-12-15 18:45:00,4.03,4.0903,3.9335,8.3265,3.9335,4.0903,8.3265,0.0,0.000137,0.0,0.001963,100.0,1.0,99.975,0.99975
2018-12-15 19:00:00,4.28,4.3199,4.0327,8.2094,4.0327,4.3199,8.2094,0.0,9.9e-05,0.0,0.001963,100.0,1.0,99.9985,0.999985
2018-12-15 19:15:00,3.49,3.6405,3.49,8.3327,3.49,3.6405,8.3327,0.0,0.0,0.0,0.001963,100.0,1.0,99.9985,0.999985
2018-12-15 19:30:00,3.38,3.3462,3.2903,7.7878,3.2903,3.3462,7.7878,0.0,0.00015,0.0,0.001963,100.0,1.0,99.9985,0.999985
2018-12-15 19:45:00,3.35,3.3783,3.2002,7.7508,3.2002,3.3783,7.7508,0.0,0.000109,0.0,0.001963,100.0,1.0,99.9985,0.999985
2018-12-15 20:00:00,3.38,3.377,3.2221,7.7201,3.2221,3.377,7.7201,0.0,0.000117,0.0,0.001963,100.0,1.0,99.9985,0.999985
2018-12-15 20:15:00,3.46,3.5014,3.2575,7.6969,3.2575,3.5014,7.6969,0.0,4e-06,0.0,0.001964,100.0,1.0,99.9985,0.999985
2018-12-15 20:30:00,3.42,3.4015,3.2378,7.7048,3.2378,3.4015,7.7048,0.0,4e-06,0.0,0.001964,100.0,1.0,99.9985,0.999985
2018-12-15 20:45:00,3.35,3.3567,3.2175,7.7048,3.2175,3.3567,7.7048,0.0,4e-06,0.0,0.001964,100.0,1.0,99.9985,0.999985
2018-12-15 21:00:00,3.38,3.3641,3.2221,7.6935,3.2221,3.3641,7.6935,0.0,4e-06,0.0,0.001964,100.0,1.0,99.9985,0.999985
2018-12-15 21:15:00,3.96,3.8973,3.5816,7.8802,3.5816,3.8973,7.8802,0.0,0.0,0.0,0.001937,100.0,1.0,100.0001,1.000001
2018-12-15 21:30:00,4.28,4.1498,3.6848,8.0127,3.6848,4.1498,8.0127,0.0,0.0,0.0,0.001937,100.0,1.0,99.9985,0.999985
2018-12-15 21:45:00,4.25,4.091,3.6366,8.2236,3.6366,4.091,8.2236,0.0,0.0,0.0,0.001937,100.0,1.0,99.9985,0.999985
2018-12-15 22:00:00,4.18,4.0667,3.6503,8.2709,3.6503,4.0667,8.2709,0.0,0.0,0.0,0.001937,100.0,1.0,99.9738,0.999738
2018-12-15 22:15:00,3.74,3.708,3.5804,8.2974,3.5804,3.708,8.2974,0.0,0.001734,0.0,0.001937,85.18,0.8518,79.1267,0.791267
2018-12-15 22:30:00,3.31,3.482,3.292,7.9522,3.292,3.482,7.9522,0.0,1e-06,0.0,0.001937,86.61,0.8661,71.9684,0.719684
2018-12-15 22:45:00,4.07,4.0978,3.7781,8.061,3.7781,4.0978,8.061,0.0,9.9e-05,0.0,0.001973,85.67,0.8567,60.724,0.60724
2018-12-15 23:00:00,3.56,3.3697,3.2281,7.9708,3.2281,3.3697,7.9708,0.0,0.0,0.0,0.001937,86.66,0.8666,70.3686,0.703686
2018-12-15 23:15:00,3.17,3.2464,3.063,7.753,3.063,3.2464,7.753,0.0,0.0,0.0,0.001937,85.65,0.8565,72.1448,0.721448
2018-12-15 23:30:00,3.24,3.2712,3.0809,7.6426,3.0809,3.2712,7.6426,0.0,0.0,0.0,0.001937,86.15,0.8615,71.2901,0.712901
2018-12-15 23:45:00,3.2,3.2121,3.0569,7.6659,3.0569,3.2121,7.6659,0.0,0.0,0.0,0.001973,85.04,0.8504,71.2901,0.712901
2018-12-16 00:00:00,4.21,4.2058,3.8951,7.9825,3.8951,4.2058,7.9825,0.0,4e-06,0.0,0.00202,77.26,0.7726,68.2587,0.682587
2018-12-16 00:15:00,3.24,3.3969,3.1233,8.0896,3.1233,3.3969,8.0896,0.0,0.001973,0.0,0.002413,84.51,0.8451,72.8004,0.728004
2018-12-16 00:30:00,3.28,3.304,3.1174,7.6565,3.1174,3.304,7.6565,0.0,7.8e-05,0.0,0.001973,82.23,0.8223,75.4547,0.754547
2018-12-16 00:45:00,3.28,3.2762,3.1338,7.6565,3.1338,3.2762,7.6565,0.0,7e-05,0.0,0.001973,82.7,0.827,75.51,0.7551
2018-12-16 01:00:00,3.85,3.7995,3.515,7.8626,3.515,3.7995,7.8626,0.0,7.7e-05,0.0,0.001973,77.59,0.7759,72.7172,0.727172
2018-12-16 01:15:00,4.18,4.0212,3.5692,7.962,3.5692,4.0212,7.962,0.0,0.0,0.0,0.001937,74.17,0.7417,66.1708,0.661708
2018-12-16 01:30:00,4.07,3.9335,3.5249,8.1858,3.5249,3.9335,8.1858,0.0,0.001125,0.0,0.001973,71.67,0.7167,64.1325,0.641324
2018-12-16 01:45:00,4.07,3.8624,3.5179,8.0023,3.5179,3.8624,8.0023,0.0,0.0,0.0,0.001937,72.91,0.7291,66.506,0.66506
2018-12-16 02:00:00,3.92,3.8906,3.7003,8.1133,3.7003,3.8906,8.1133,0.0,0.0,0.0,0.001937,74.69,0.7469,69.7157,0.697157
2018-12-16 02:15:00,3.28,3.4293,3.3434,8.0003,3.3434,3.4293,8.0003,0.0,0.0,0.0,0.001937,78.83,0.7883,72.0595,0.720595
2018-12-16 02:30:00,3.42,3.5053,3.2512,7.7408,3.2512,3.5053,7.7408,0.0,3.2e-05,0.0,0.001937,79.27,0.7927,74.0769,0.740769
2018-12-16 02:45:00,3.53,3.5287,3.2969,7.7387,3.2969,3.5287,7.7387,0.0,0.0,0.0,0.001937,79.43,0.7943,75.1862,0.751862
2018-12-16 03:00:00,4.14,4.0953,3.6818,8.0123,3.6818,4.0953,8.0123,0.0,0.0,0.0,0.001937,73.85,0.7385,65.7234,0.657234
2018-12-16 03:15:00,3.56,3.4351,3.1756,8.1543,3.1756,3.4351,8.1543,0.0,0.001117,0.0,0.001937,76.26,0.7626,69.3627,0.693627
2018-12-16 03:30:00,3.35,3.3893,3.2227,7.8061,3.2227,3.3893,7.8061,0.0,4e-06,0.0,0.001937,77.86,0.7786,72.1401,0.721401
2018-12-16 03:45:00,3.38,3.3855,3.2053,7.7193,3.2053,3.3855,7.7193,0.0,0.0,0.0,0.001937,77.34,0.7734,71.402,0.71402
2018-12-16 04:00:00,3.42,3.471,3.2053,7.7193,3.2053,3.471,7.7193,0.0,4e-06,0.0,0.001937,77.26,0.7726,71.5167,0.715167
2018-12-16 04:15:00,3.42,3.4202,3.2443,7.7039,3.2443,3.4202,7.7039,0.0,0.0,0.0,0.001937,76.05,0.7605,70.872,0.70872
2018-12-16 04:30:00,3.42,3.4072,3.2443,7.7039,3.2443,3.4072,7.7039,0.0,0.0,0.0,0.001937,74.52,0.7452,69.284,0.69284
2018-12-16 04:45:00,3.38,3.3798,3.2397,7.7255,3.2397,3.3798,7.7255,0.0,0.0,0.0,0.001937,78.13,0.7813,73.3849,0.733849
2018-12-16 05:00:00,4.07,4.0865,3.704,8.0092,3.704,4.0865,8.0092,0.0,0.0,0.0,0.001937,73.27,0.7327,66.0689,0.660689
2018-12-16 05:15:00,4.14,3.9695,3.6071,8.0097,3.6071,3.9695,8.0097,0.0,0.0,0.0,0.001937,74.2,0.742,67.2391,0.672391
2018-12-16 05:30:00,4.07,3.9134,3.5444,8.2164,3.5444,3.9134,8.2164,0.0,0.001129,0.0,0.001973,74.27,0.7427,66.1108,0.661108
2018-12-16 05:45:00,4.07,3.8827,3.5566,8.0239,3.5566,3.8827,8.0239,0.0,0.0,0.0,0.001937,73.63,0.7363,67.4136,0.674136
2018-12-16 06:00:00,3.53,3.5119,3.4723,8.1004,3.4723,3.5119,8.1004,0.0,3.7e-05,0.0,0.001937,77.91,0.7791,72.8668,0.728668
2018-12-16 06:15:00,3.31,3.3893,3.2508,7.8367,3.2508,3.3893,7.8367,0.0,0.0,0.0,0.001937,80.84,0.8084,72.5205,0.725205
2018-12-16 06:30:00,3.35,3.3681,3.1698,7.7284,3.1698,3.3681,7.7284,0.0,0.0,0.0,0.001937,80.72,0.8072,76.0078,0.760078
2018-12-16 06:45:00,3.64,3.6635,3.406,7.8123,3.406,3.6635,7.8123,0.0,0.0,0.0,0.001937,76.96,0.7696,70.8274,0.708274
2018-12-16 07:00:00,4.07,4.0301,3.5624,7.9453,3.5624,4.0301,7.9453,0.0,0.0,0.0,0.001937,73.27,0.7327,65.596,0.65596
2018-12-16 07:15:00,3.38,3.3595,3.121,7.9617,3.121,3.3595,7.9617,0.0,0.0,0.0,0.001937,77.68,0.7768,70.9534,0.709534
2018-12-16 07:30:00,3.28,3.3565,3.1368,7.7193,3.1368,3.3565,7.7193,0.0,7e-06,0.0,0.001937,78.48,0.7848,73.3689,0.733689
2018-12-16 07:45:00,3.89,3.9155,3.5741,7.954,3.5741,3.9155,7.954,0.0,0.0,0.0,0.001937,81.46,0.8146,72.7548,0.727548
2018-12-16 08:00:00,3.96,3.9988,3.4725,7.8979,3.4725,3.9988,7.8979,0.0,0.0,0.0,0.002055,82.23,0.8223,75.4024,0.754024
2018-12-16 08:15:00,39.35,39.4361,32.1231,43.108,32.1231,39.4361,43.108,0.02,0.019552,0.013606,0.021177,78.63,0.7863,73.1203,0.731203
2018-12-16 08:30:00,63.54,62.107,56.1919,66.39,56.1919,62.107,66.39,0.03,0.027289,0.022128,0.03381,78.89,0.7889,74.7086,0.747086
2018-12-16 08:45:00,65.02,64.0762,58.7417,68.1177,58.7417,64.0762,68.1177,0.03,0.030866,0.02415,0.032624,83.04,0.8304,76.6942,0.766942
2018-12-16 09:00:00,63.79,62.8515,53.8365,64.5544,53.8365,62.8515,64.5544,0.03,0.028953,0.020976,0.030981,93.2,0.932,91.26,0.9126
2018-12-16 09:15:00,61.7,60.2206,52.4798,60.9063,52.4798,60.2206,60.9063,0.03,0.028013,0.020835,0.030246,92.76,0.9276,91.1172,0.911172
2018-12-16 09:30:00,64.8,63.1588,57.2478,63.6422,57.2478,63.6422,63.1588,0.03,0.030073,0.024204,0.030697,93.17,0.9317,91.6275,0.916275
2018-12-16 09:45:00,51.16,50.0868,44.7835,54.6727,44.7835,50.0868,54.6727,0.02,0.020356,0.018413,0.026995,95.24,0.9524,94.3956,0.943956
2018-12-16 10:00:00,55.01,55.0518,50.7682,56.703,50.7682,55.0518,56.703,0.03,0.020957,0.020348,0.029269,93.18,0.9318,92.6913,0.926913
2018-12-16 10:15:00,61.81,61.809,54.8896,62.3172,54.8896,61.809,62.3172,0.03,0.028166,0.024081,0.030588,91.71,0.9171,90.8155,0.908155
2018-12-16 10:30:00,72.18,68.6328,65.3095,71.987,65.3095,68.6328,71.987,0.03,0.030864,0.026843,0.033105,89.4,0.894,88.2242,0.882242
2018-12-16 10:45:00,54.86,53.5938,48.267,57.5683,48.267,53.5938,57.5683,0.03,0.020731,0.018898,0.028962,93.72,0.9372,93.5702,0.935702
2018-12-16 11:00:00,66.78,65.4784,60.2892,68.024,60.2892,65.4784,68.024,0.03,0.029669,0.027442,0.034243,91.71,0.9171,89.7884,0.897884
2018-12-16 11:15:00,69.95,66.678,61.9012,69.6104,61.9012,66.678,69.6104,0.03,0.030116,0.024732,0.034209,89.1,0.891,86.7861,0.867861
2018-12-16 11:30:00,53.35,51.6234,46.4292,57.1411,46.4292,51.6234,57.1411,0.02,0.020178,0.019374,0.028567,94.3,0.943,93.3704,0.933704
2018-12-16 11:45:00,55.51,55.338,50.6871,57.1804,50.6871,55.338,57.1804,0.03,0.023842,0.020061,0.029505,92.86,0.9286,91.9526,0.919526
2018-12-16 12:00:00,11.81,11.8283,7.9811,16.3873,7.9811,11.8283,16.3873,0.01,0.008496,0.0,0.010373,99.85,0.9985,99.7351,0.997351
2018-12-16 12:15:00,5.65,5.4265,4.172,10.2974,4.172,5.4265,10.2974,0.0,2.2e-05,0.0,0.002286,100.0,1.0,99.9324,0.999324
2018-12-16 12:30:00,5.54,5.3091,5.0393,9.4709,5.0393,5.3091,9.4709,0.0,1.4e-05,0.0,0.002061,100.0,1.0,99.9712,0.999712
2018-12-16 12:45:00,5.44,5.2465,4.9418,9.2165,4.9418,5.2465,9.2165,0.0,1.4e-05,0.0,0.00201,100.0,1.0,99.9698,0.999698
2018-12-16 13:00:00,5.33,5.1519,4.8301,9.0594,4.8301,5.1519,9.0594,0.0,0.000113,0.0,0.001988,100.0,1.0,100.0058,1.000058
2018-12-16 13:15:00,36.47,35.7406,32.9603,40.5073,32.9603,35.7406,40.5073,0.02,0.018839,0.016162,0.02021,92.7,0.927,93.7443,0.937443
2018-12-16 13:30:00,63.72,60.6526,47.8516,63.9954,47.8516,60.6526,63.9954,0.03,0.029131,0.020125,0.032299,90.6,0.906,88.9178,0.889178
2018-12-16 13:45:00,64.8,64.1292,57.845,64.4435,57.845,64.4435,64.1292,0.03,0.030201,0.023411,0.031298,89.56,0.8956,88.5364,0.885364
2018-12-16 14:00:00,61.85,59.724,52.7684,62.3521,52.7684,59.724,62.3521,0.03,0.029178,0.021407,0.03099,91.9,0.919,90.674,0.90674
2018-12-16 14:15:00,57.89,55.8305,49.7427,58.2781,49.7427,55.8305,58.2781,0.03,0.024661,0.020154,0.029559,93.34,0.9334,92.2579,0.922579
2018-12-16 14:30:00,54.36,53.6604,48.2761,54.8485,48.2761,53.6604,54.8485,0.02,0.023058,0.019004,0.029081,93.9,0.939,93.0368,0.930368
2018-12-16 14:45:00,47.38,45.9565,41.5585,51.2986,41.5585,45.9565,51.2986,0.02,0.020002,0.017327,0.027037,95.35,0.9535,94.567,0.94567
2018-12-16 15:00:00,43.49,41.6646,37.0193,48.255,37.0193,41.6646,48.255,0.02,0.019994,0.014247,0.023281,97.68,0.9768,95.8532,0.958532
2018-12-16 15:15:00,45.4,45.3844,41.7034,48.4985,41.7034,45.3844,48.4985,0.02,0.020009,0.017716,0.022317,95.93,0.9593,95.1939,0.951939
2018-12-16 15:30:00,60.55,58.0118,55.0908,61.2154,55.0908,58.0118,61.2154,0.03,0.022941,0.022702,0.030693,89.97,0.8997,88.8524,0.888524
2018-12-16 15:45:00,48.42,47.4034,41.7397,51.4192,41.7397,47.4034,51.4192,0.02,0.020082,0.017248,0.025319,94.79,0.9479,94.3015,0.943015
2018-12-16 16:00:00,63.22,60.21,56.7708,63.4419,56.7708,60.21,63.4419,0.03,0.023974,0.023596,0.031507,90.35,0.9035,89.0488,0.890488
2018-12-16 16:15:00,62.64,61.6928,55.6121,61.8612,55.6121,61.8612,61.6928,0.03,0.027531,0.02273,0.030521,91.8,0.918,90.6992,0.906992
2018-12-16 16:30:00,66.02,63.276,58.0581,64.2365,58.0581,63.276,64.2365,0.03,0.026334,0.024884,0.030661,90.73,0.9073,89.1553,0.891553
2018-12-16 16:45:00,35.42,35.9186,28.1692,46.3011,28.1692,35.9186,46.3011,0.02,0.019008,0.008368,0.024414,96.51,0.9651,97.8339,0.978339
2018-12-16 17:00:00,9.11,8.2303,5.9321,13.6983,5.9321,8.2303,13.6983,0.0,0.0057,0.0,0.006058,100.0,1.0,99.9571,0.999571
2018-12-16 17:15:00,8.06,7.6825,5.1895,11.5115,5.1895,7.6825,11.5115,0.0,0.0,0.0,0.00196,100.0,1.0,100.0165,1.000165
2018-12-16 17:30:00,7.74,7.2812,5.6883,10.9492,5.6883,7.2812,10.9492,0.0,0.0,0.0,0.001947,100.0,1.0,99.9985,0.999985
2018-12-16 17:45:00,7.85,7.4989,6.1612,11.1247,6.1612,7.4989,11.1247,0.0,0.0,0.0,0.001929,100.0,1.0,99.9985,0.999985
2018-12-16 18:00:00,6.73,6.395,4.9141,10.9685,4.9141,6.395,10.9685,0.0,0.000893,0.0,0.002175,100.0,1.0,99.975,0.99975
2018-12-16 18:15:00,5.22,5.6551,4.7631,9.9702,4.7631,5.6551,9.9702,0.0,0.002295,0.0,0.005347,100.0,1.0,99.9762,0.999762
2018-12-16 18:30:00,5.69,5.5344,4.9085,9.3241,4.9085,5.5344,9.3241,0.0,0.0,0.0,0.001945,100.0,1.0,99.9649,0.999649
2018-12-16 18:45:00,5.72,5.3318,5.0821,9.037,5.0821,5.3318,9.037,0.0,0.0,0.0,0.001951,100.0,1.0,99.975,0.99975
2018-12-16 19:00:00,5.69,5.4576,5.1368,9.1512,5.1368,5.4576,9.1512,0.0,0.0,0.0,0.001941,100.0,1.0,99.9985,0.999985
2018-12-16 19:15:00,5.72,5.325,5.0821,8.973,5.0821,5.325,8.973,0.0,0.0,0.0,0.001941,100.0,1.0,99.9985,0.999985
2018-12-16 19:30:00,5.44,5.2115,5.0184,9.083,5.0184,5.2115,9.083,0.0,0.000176,0.0,0.001941,100.0,1.0,99.9985,0.999985
2018-12-16 19:45:00,4.46,4.5458,4.156,8.7611,4.156,4.5458,8.7611,0.0,0.0,0.0,0.001931,100.0,1.0,99.9985,0.999985
2018-12-16 20:00:00,4.5,4.5501,4.2286,8.5378,4.2286,4.5501,8.5378,0.0,0.0,0.0,0.001937,100.0,1.0,99.9985,0.999985
2018-12-16 20:15:00,4.46,4.4463,4.2437,8.6248,4.2437,4.4463,8.6248,0.0,0.0,0.0,0.001937,100.0,1.0,99.9985,0.999985
2018-12-16 20:30:00,4.5,4.517,4.2262,8.5207,4.2262,4.517,8.5207,0.0,0.0,0.0,0.001937,100.0,1.0,99.9985,0.999985
2018-12-16 20:45:00,4.54,4.517,4.2798,8.6248,4.2798,4.517,8.6248,0.0,0.000285,0.0,0.001937,100.0,1.0,99.9985,0.999985
2018-12-16 21:00:00,4.46,4.4031,4.2211,8.6278,4.2211,4.4031,8.6278,0.0,0.000285,0.0,0.001937,100.0,1.0,99.9985,0.999985
2018-12-16 21:15:00,4.5,4.517,4.2293,8.5207,4.2293,4.517,8.5207,0.0,0.000285,0.0,0.001937,100.0,1.0,99.9985,0.999985
2018-12-16 21:30:00,4.5,4.4686,4.268,8.6248,4.268,4.4686,8.6248,0.0,0.000285,0.0,0.001937,100.0,1.0,99.9985,0.999985
2018-12-16 21:45:00,4.57,4.5544,4.2971,8.6248,4.2971,4.5544,8.6248,0.0,0.000285,0.0,0.001937,100.0,1.0,99.9985,0.999985
2018-12-16 22:00:00,4.57,4.6171,4.3182,8.6362,4.3182,4.6171,8.6362,0.0,0.000285,0.0,0.001937,100.0,1.0,99.9738,0.999738
2018-12-16 22:15:00,4.25,4.2529,4.105,8.6007,4.105,4.2529,8.6007,0.0,0.0,0.0,0.001937,76.3,0.763,73.5984,0.735984
2018-12-16 22:30:00,4.25,4.2185,3.991,8.3999,3.991,4.2185,8.3999,0.0,0.0015,0.0,0.001937,74.11,0.7411,57.2413,0.572413
2018-12-16 22:45:00,4.18,4.1635,3.9505,8.3999,3.9505,4.1635,8.3999,0.0,0.0015,0.0,0.001937,74.52,0.7452,65.5994,0.655994
2018-12-16 23:00:00,5.44,5.3786,4.9459,8.744,4.9459,5.3786,8.744,0.0,0.00077,0.0,0.001937,83.39,0.8339,66.7251,0.667251
2018-12-16 23:15:00,4.82,4.6154,4.3378,8.9409,4.3378,4.6154,8.9409,0.0,0.002088,0.0,0.003365,83.31,0.8331,61.0762,0.610763
2018-12-16 23:30:00,4.14,4.1623,3.8268,8.8424,3.8268,4.1623,8.8424,0.0,0.001973,0.0,0.003918,79.12,0.7912,68.0159,0.680159
2018-12-16 23:45:00,4.18,4.1807,3.9947,8.3712,3.9947,4.1807,8.3712,0.0,0.001973,0.0,0.002161,79.04,0.7904,63.7767,0.637767
2018-12-17 00:00:00,4.57,4.6741,4.1803,8.4862,4.1803,4.6741,8.4862,0.0,0.002276,0.0,0.002302,83.09,0.8309,77.5429,0.775429
2018-12-17 00:15:00,4.25,4.4158,4.1087,8.6007,4.1087,4.4158,8.6007,0.0,0.001937,0.0,0.002635,77.55,0.7755,71.8499,0.718499
2018-12-17 00:30:00,4.18,4.3614,3.9692,8.3769,3.9692,4.3614,8.3769,0.0,0.001937,0.0,0.001974,77.03,0.7703,73.031,0.73031
2018-12-17 00:45:00,4.21,4.3951,4.0324,8.3482,4.0324,4.3951,8.3482,0.0,0.001171,0.0,0.001937,76.99,0.7699,73.8184,0.738184
2018-12-17 01:00:00,4.21,4.363,4.0278,8.3482,4.0278,4.363,8.3482,0.0,0.001548,0.0,0.001937,76.99,0.7699,73.4695,0.734695
2018-12-17 01:15:00,4.21,4.363,4.0206,8.3482,4.0206,4.363,8.3482,0.0,0.0,0.0,0.001937,75.03,0.7503,69.941,0.69941
2018-12-17 01:30:00,4.36,4.5531,4.1345,8.3709,4.1345,4.5531,8.3709,0.0,0.0,0.0,0.001937,74.96,0.7496,70.578,0.70578
2018-12-17 01:45:00,4.28,4.3909,3.9982,8.3769,3.9982,4.3909,8.3769,0.0,0.0,0.0,0.001937,72.81,0.7281,69.1134,0.691134
2018-12-17 02:00:00,4.28,4.4165,4.0177,8.3769,4.0177,4.4165,8.3769,0.0,0.0,0.0,0.001937,73.74,0.7374,70.7451,0.707451
2018-12-17 02:15:00,4.28,4.4165,4.0146,8.3769,4.0146,4.4165,8.3769,0.0,0.0,0.0,0.001937,73.74,0.7374,70.733,0.70733
2018-12-17 02:30:00,3.71,3.9075,3.6141,8.3454,3.6141,3.9075,8.3454,0.0,0.0,0.0,0.001937,77.14,0.7714,72.6813,0.726813
2018-12-17 02:45:00,4.32,4.3063,3.8457,8.2125,3.8457,4.3063,8.2125,0.0,0.0,0.0,0.001937,72.79,0.7279,66.2953,0.662953
2018-12-17 03:00:00,3.82,3.8738,3.4177,8.2989,3.4177,3.8738,8.2989,0.0,0.001937,0.0,0.002246,75.87,0.7587,71.3839,0.713839
2018-12-17 03:15:00,3.53,3.5125,3.3539,7.9281,3.3539,3.5125,7.9281,0.0,0.0,0.0,0.001937,77.48,0.7748,71.9952,0.719951
2018-12-17 03:30:00,3.53,3.5432,3.3981,7.8155,3.3981,3.5432,7.8155,0.0,0.0,0.0,0.001937,77.91,0.7791,72.9686,0.729686
2018-12-17 03:45:00,3.53,3.5432,3.3981,7.8155,3.3981,3.5432,7.8155,0.0,0.0,0.0,0.001937,78.67,0.7867,72.7146,0.727146
2018-12-17 04:00:00,3.6,3.63,3.4485,7.8064,3.4485,3.63,7.8064,0.0,0.0,0.0,0.001937,79.25,0.7925,73.078,0.73078
2018-12-17 04:15:00,3.53,3.5372,3.3883,7.8594,3.3883,3.5372,7.8594,0.0,0.0,0.0,0.001937,79.0,0.79,72.3365,0.723365
2018-12-17 04:30:00,3.53,3.5432,3.3981,7.8013,3.3981,3.5432,7.8013,0.0,0.0,0.0,0.001937,78.24,0.7824,74.2781,0.742781
2018-12-17 04:45:00,4.1,4.0304,3.6806,7.9889,3.6806,4.0304,7.9889,0.0,0.0,0.0,0.001937,74.78,0.7478,67.5346,0.675346
2018-12-17 05:00:00,4.25,4.3213,3.7239,8.2312,3.7239,4.3213,8.2312,0.0,0.001329,0.0,0.001937,73.16,0.7316,66.5926,0.665926
2018-12-17 05:15:00,4.28,4.2847,3.7109,8.2531,3.7109,4.2847,8.2531,0.0,0.001937,0.0,0.001959,74.35,0.7435,68.3181,0.683181
2018-12-17 05:30:00,4.25,4.3089,3.6667,8.3081,3.6667,4.3089,8.3081,0.0,0.001713,0.0,0.001937,74.37,0.7437,70.2229,0.702229
2018-12-17 05:45:00,3.64,3.8819,3.5851,8.3312,3.5851,3.8819,8.3312,0.0,0.001937,0.0,0.001962,79.58,0.7958,72.8101,0.728101
2018-12-17 06:00:00,3.49,3.561,3.3884,7.9509,3.3884,3.561,7.9509,0.0,4.6e-05,0.0,0.001937,83.06,0.8306,75.7977,0.757977
2018-12-17 06:15:00,3.46,3.4125,3.3155,7.7612,3.3155,3.4125,7.7612,0.0,3.7e-05,0.0,0.001973,83.28,0.8328,76.6985,0.766985
2018-12-17 06:30:00,4.32,4.2395,3.8969,8.0848,3.8969,4.2395,8.0848,0.0,7.9e-05,0.0,0.001937,81.6,0.816,73.5589,0.735589
2018-12-17 06:45:00,3.6,3.7549,3.2819,8.2136,3.2819,3.7549,8.2136,0.0,0.001937,0.0,0.003268,83.1,0.831,74.1785,0.741785
2018-12-17 07:00:00,3.42,3.4661,3.3393,7.8565,3.3393,3.4661,7.8565,0.0,0.0,0.0,0.001973,80.06,0.8006,75.6006,0.756006
2018-12-17 07:15:00,3.49,3.5347,3.3372,7.7521,3.3372,3.5347,7.7521,0.0,0.0,0.0,0.001973,76.7,0.767,72.2377,0.722377
2018-12-17 07:30:00,4.36,4.2672,3.8864,8.0848,3.8864,4.2672,8.0848,0.0,0.0,0.0,0.001973,75.9,0.759,67.415,0.67415
2018-12-17 07:45:00,6.19,6.1873,4.8372,9.219,4.8372,6.1873,9.219,0.0,0.001965,0.0,0.002381,83.12,0.8312,73.0928,0.730928
2018-12-17 08:00:00,6.3,5.8493,5.5354,10.3484,5.5354,5.8493,10.3484,0.0,0.002362,0.0,0.004508,87.24,0.8724,80.5011,0.805011
2018-12-17 08:15:00,6.48,7.3726,5.8303,10.6822,5.8303,7.3726,10.6822,0.0,0.002662,0.0,0.004974,87.19,0.8719,80.2434,0.802434
2018-12-17 08:30:00,53.35,51.5964,51.0239,55.475,51.0239,51.5964,55.475,0.02,0.02221,0.021158,0.028099,79.18,0.7918,77.7094,0.777094
2018-12-17 08:45:00,46.94,47.2297,40.8191,52.3395,40.8191,47.2297,52.3395,0.02,0.02016,0.016882,0.027852,86.4,0.864,76.2869,0.762869
2018-12-17 09:00:00,52.06,50.7759,47.5322,53.8035,47.5322,50.7759,53.8035,0.02,0.020464,0.018092,0.025723,95.71,0.9571,94.3783,0.943783
2018-12-17 09:15:00,54.83,53.6175,47.7296,54.3067,47.7296,53.6175,54.3067,0.03,0.022605,0.01933,0.028589,95.03,0.9503,93.746,0.93746
2018-12-17 09:30:00,56.12,55.4138,49.8481,56.4212,49.8481,55.4138,56.4212,0.03,0.021036,0.020503,0.029374,94.4,0.944,92.8595,0.928595
2018-12-17 09:45:00,58.0,57.4339,51.0457,58.5512,51.0457,57.4339,58.5512,0.03,0.023126,0.021632,0.02962,93.75,0.9375,92.4715,0.924715
2018-12-17 10:00:00,50.08,47.9512,43.4693,52.0352,43.4693,47.9512,52.0352,0.02,0.020037,0.018408,0.026769,95.64,0.9564,94.0918,0.940918
2018-12-17 10:15:00,46.04,44.6352,41.0621,50.3535,41.0621,44.6352,50.3535,0.02,0.020002,0.017986,0.025508,96.94,0.9694,95.2936,0.952936
2018-12-17 10:30:00,49.54,48.1115,44.0755,51.8738,44.0755,48.1115,51.8738,0.02,0.020012,0.018554,0.023957,95.62,0.9562,94.2813,0.942813
2018-12-17 10:45:00,54.14,54.6238,48.4204,55.7543,48.4204,54.6238,55.7543,0.02,0.023747,0.019522,0.028121,94.93,0.9493,93.8222,0.938222
2018-12-17 11:00:00,53.78,53.171,47.7628,54.2054,47.7628,53.171,54.2054,0.02,0.020188,0.019421,0.029196,94.79,0.9479,93.2202,0.932202
2018-12-17 11:15:00,52.67,50.9261,46.1947,53.5823,46.1947,50.9261,53.5823,0.02,0.020038,0.018386,0.028371,95.17,0.9517,93.2354,0.932354
2018-12-17 11:30:00,55.84,55.392,49.8909,56.2101,49.8909,55.392,56.2101,0.03,0.024025,0.019882,0.029292,93.86,0.9386,92.2197,0.922197
2018-12-17 11:45:00,49.64,47.9057,42.44,52.2418,42.44,47.9057,52.2418,0.02,0.020059,0.017243,0.027171,95.85,0.9585,93.6359,0.936359
2018-12-17 12:00:00,54.5,54.0771,48.0305,56.3404,48.0305,54.0771,56.3404,0.02,0.024182,0.019873,0.02816,92.37,0.9237,90.4826,0.904826
2018-12-17 12:15:00,11.12,10.491,7.251,16.1614,7.251,10.491,16.1614,0.01,0.009147,6.6e-05,0.010083,99.7,0.997,99.8525,0.998525
2018-12-17 12:30:00,7.06,6.1176,4.9289,10.3943,4.9289,6.1176,10.3943,0.0,7e-05,0.0,0.002455,100.0,1.0,99.9692,0.999692
2018-12-17 12:45:00,7.13,6.6131,6.1614,10.0743,6.1614,6.6131,10.0743,0.0,1.4e-05,0.0,0.002058,100.0,1.0,99.9698,0.999698
2018-12-17 13:00:00,8.21,7.8635,6.8834,10.5118,6.8834,7.8635,10.5118,0.0,1.4e-05,0.0,0.002004,100.0,1.0,99.9914,0.999914
2018-12-17 13:15:00,33.26,32.5791,27.6171,35.5569,27.6171,32.5791,35.5569,0.02,0.014118,0.009527,0.019668,97.4,0.974,96.1001,0.961001
2018-12-17 13:30:00,56.99,53.6806,44.9822,55.573,44.9822,53.6806,55.573,0.03,0.025006,0.018141,0.02983,92.73,0.9273,91.2909,0.912909
2018-12-17 13:45:00,56.59,56.2143,49.6104,57.0855,49.6104,56.2143,57.0855,0.03,0.0216,0.020496,0.02998,93.09,0.9309,91.6889,0.916889
2018-12-17 14:00:00,55.08,53.3906,48.1432,56.0077,48.1432,53.3906,56.0077,0.03,0.02157,0.019806,0.029438,94.2,0.942,92.7522,0.927522
2018-12-17 14:15:00,51.05,50.4399,45.1552,52.8926,45.1552,50.4399,52.8926,0.02,0.020383,0.018916,0.028388,94.52,0.9452,93.6035,0.936035
2018-12-17 14:30:00,47.95,46.4776,42.7044,50.9712,42.7044,46.4776,50.9712,0.02,0.020013,0.018632,0.026687,96.18,0.9618,94.7969,0.947969
2018-12-17 14:45:00,57.82,56.593,50.9807,58.3235,50.9807,56.593,58.3235,0.03,0.021313,0.020928,0.029786,92.84,0.9284,91.5533,0.915533
2018-12-17 15:00:00,59.11,58.6654,52.0511,59.0781,52.0511,58.6654,59.0781,0.03,0.022324,0.021834,0.029818,92.13,0.9213,90.4424,0.904424
2018-12-17 15:15:00,60.62,60.2178,54.1515,61.0348,54.1515,60.2178,61.0348,0.03,0.023788,0.023488,0.030273,90.26,0.9026,89.0658,0.890658
2018-12-17 15:30:00,53.6,52.5325,46.328,54.1806,46.328,52.5325,54.1806,0.02,0.02227,0.01969,0.02825,94.29,0.9429,93.0232,0.930232
2018-12-17 15:45:00,60.44,60.1717,53.2431,60.4157,53.2431,60.1717,60.4157,0.03,0.0283,0.02381,0.029973,92.94,0.9294,91.5697,0.915697
2018-12-17 16:00:00,67.5,66.1798,61.0633,67.6788,61.0633,66.1798,67.6788,0.03,0.029644,0.027589,0.031433,90.06,0.9006,88.1764,0.881764
2018-12-17 16:15:00,85.86,84.5842,76.0491,86.8889,76.0491,84.5842,86.8889,0.04,0.036205,0.032413,0.040943,86.38,0.8638,85.8904,0.858904
2018-12-17 16:30:00,82.33,84.6493,76.2717,89.5405,76.2717,84.6493,89.5405,0.04,0.036944,0.033181,0.043517,86.0,0.86,86.9956,0.869956
2018-12-17 16:45:00,59.8,58.8283,53.425,69.2486,53.425,58.8283,69.2486,0.03,0.027143,0.022829,0.035284,92.84,0.9284,92.6423,0.926423
2018-12-17 17:00:00,60.37,59.6557,54.4606,66.1774,54.4606,59.6557,66.1774,0.03,0.024136,0.023931,0.032427,92.32,0.9232,91.3694,0.913694
2018-12-17 17:15:00,56.38,55.5452,49.6747,63.1207,49.6747,55.5452,63.1207,0.03,0.024426,0.021395,0.031756,92.65,0.9265,92.0618,0.920618
2018-12-17 17:30:00,52.99,52.5634,47.6407,58.6442,47.6407,52.5634,58.6442,0.02,0.021962,0.018867,0.030486,94.55,0.9455,93.4276,0.934276
2018-12-17 17:45:00,35.35,31.331,28.2124,35.7006,28.2124,31.331,35.7006,0.02,0.018524,0.00991,0.019799,100.0,1.0,100.0503,1.000503
2018-12-17 18:00:00,31.32,31.9429,30.1944,35.579,30.1944,31.9429,35.579,0.01,0.018901,0.009836,0.019939,99.73,0.9973,98.8298,0.988298
2018-12-17 18:15:00,16.09,21.8875,17.5734,26.6316,17.5734,21.8875,26.6316,0.01,0.007926,0.003761,0.011485,99.54,0.9954,98.9842,0.989842
2018-12-17 18:30:00,6.37,6.9643,4.3037,11.0093,4.3037,6.9643,11.0093,0.0,0.000988,0.0,0.005931,100.0,1.0,99.975,0.99975
2018-12-17 18:45:00,5.8,5.7471,5.2414,9.8128,5.2414,5.7471,9.8128,0.0,0.0,0.0,0.002017,100.0,1.0,99.975,0.99975
2018-12-17 19:00:00,5.54,5.2134,5.0471,9.4119,5.0471,5.2134,9.4119,0.0,1.2e-05,0.0,0.001939,100.0,1.0,99.9985,0.999985
2018-12-17 19:15:00,5.54,5.2599,4.9503,9.0712,4.9503,5.2599,9.0712,0.0,4.4e-05,0.0,0.001998,100.0,1.0,99.9985,0.999985
2018-12-17 19:30:00,5.62,5.351,4.9994,8.991,4.9994,5.351,8.991,0.0,0.0,0.0,0.001939,100.0,1.0,99.9985,0.999985
2018-12-17 19:45:00,5.54,5.2826,5.0208,8.9779,5.0208,5.2826,8.9779,0.0,0.0,0.0,0.001941,100.0,1.0,99.9985,0.999985
2018-12-17 20:00:00,5.62,5.3711,5.0427,8.9062,5.0427,5.3711,8.9062,0.0,0.000168,0.0,0.001941,100.0,1.0,99.9985,0.999985
2018-12-17 20:15:00,5.54,5.279,5.0208,8.9779,5.0208,5.279,8.9779,0.0,0.000168,0.0,0.001941,100.0,1.0,99.9985,0.999985
2018-12-17 20:30:00,4.75,4.6355,4.4531,8.8354,4.4531,4.6355,8.8354,0.0,0.000178,0.0,0.001941,100.0,1.0,99.9985,0.999985
2018-12-17 20:45:00,4.46,4.5156,4.2836,8.6732,4.2836,4.5156,8.6732,0.0,0.0,0.0,0.001937,100.0,1.0,99.9985,0.999985
2018-12-17 21:00:00,4.46,4.6625,4.2311,8.5307,4.2311,4.6625,8.5307,0.0,0.0,0.0,0.001937,100.0,1.0,99.9985,0.999985
2018-12-17 21:15:00,4.43,4.6117,4.2193,8.5256,4.2193,4.6117,8.5256,0.0,0.0,0.0,0.001937,100.0,1.0,99.9985,0.999985
2018-12-17 21:30:00,4.43,4.501,4.1763,8.4653,4.1763,4.501,8.4653,0.0,0.0,0.0,0.001937,100.0,1.0,99.9985,0.999985
2018-12-17 21:45:00,4.46,4.5331,4.1912,8.4653,4.1912,4.5331,8.4653,0.0,0.00025,0.0,0.001937,100.0,1.0,99.9985,0.999985
2018-12-17 22:00:00,4.46,4.6314,4.236,8.5256,4.236,4.6314,8.5256,0.0,0.00025,0.0,0.001937,100.0,1.0,99.9738,0.999738
2018-12-17 22:15:00,4.14,4.304,3.9929,8.49,3.9929,4.304,8.49,0.0,0.0,0.0,0.001937,75.1,0.751,74.0972,0.740972
2018-12-17 22:30:00,4.18,4.3435,3.9979,8.3531,3.9979,4.3435,8.3531,0.0,0.000772,0.0,0.001937,73.82,0.7382,56.6543,0.566543
2018-12-17 22:45:00,4.21,4.3951,4.0289,8.3531,4.0289,4.3951,8.3531,0.0,0.000772,0.0,0.001937,73.8,0.738,64.7291,0.647291
2018-12-17 23:00:00,4.18,4.3383,3.9986,8.3531,3.9986,4.3383,8.3531,0.0,0.001146,0.0,0.001937,74.79,0.7479,57.1415,0.571415
2018-12-17 23:15:00,4.14,4.3357,3.9872,8.3531,3.9872,4.3357,8.3531,0.0,0.0,0.0,0.001937,77.1,0.771,59.0574,0.590574
2018-12-17 23:30:00,4.07,4.24,3.9271,8.3531,3.9271,4.24,8.3531,0.0,0.0,0.0,0.001937,79.93,0.7993,70.3585,0.703585
2018-12-17 23:45:00,4.07,4.0465,3.8524,8.1368,3.8524,4.0465,8.1368,0.0,8.2e-05,0.0,0.001937,80.31,0.8031,70.3481,0.703481
2018-12-18 00:00:00,4.14,4.1333,3.8707,8.1595,3.8707,4.1333,8.1595,0.0,1.6e-05,0.0,0.00202,79.12,0.7912,73.7576,0.737576
2018-12-18 00:15:00,5.22,5.078,4.5612,8.655,4.5612,5.078,8.655,0.0,0.0,0.0,0.001937,88.05,0.8805,77.5385,0.775385
2018-12-18 00:30:00,4.68,4.4323,4.3314,8.8836,4.3314,4.4323,8.8836,0.0,0.001973,0.0,0.0028,82.22,0.8222,75.479,0.75479
2018-12-18 00:45:00,4.14,4.0263,3.9058,8.5979,3.9058,4.0263,8.5979,0.0,0.001973,0.0,0.002427,74.2,0.742,69.6232,0.696232
2018-12-18 01:00:00,4.1,4.1049,3.9714,8.3761,3.9714,4.1049,8.3761,0.0,0.001111,0.0,0.001973,76.15,0.7615,74.2885,0.742885
2018-12-18 01:15:00,4.18,4.2191,4.0205,8.3552,4.0205,4.2191,8.3552,0.0,0.001084,0.0,0.001973,77.4,0.774,75.0042,0.750042
2018-12-18 01:30:00,4.07,4.1176,3.9486,8.3388,3.9486,4.1176,8.3388,0.0,0.001892,0.0,0.001937,77.21,0.7721,72.8096,0.728096
2018-12-18 01:45:00,4.18,4.169,3.9194,8.1449,3.9194,4.169,8.1449,0.0,4.9e-05,0.0,0.001937,77.4,0.774,72.4492,0.724492
2018-12-18 02:00:00,4.1,4.1201,3.8699,8.3294,3.8699,4.1201,8.3294,0.0,0.0,0.0,0.001937,74.15,0.7415,69.2547,0.692547
2018-12-18 02:15:00,4.18,4.2191,3.9255,8.326,3.9255,4.2191,8.326,0.0,0.0,0.0,0.001937,76.13,0.7613,70.6886,0.706886
2018-12-18 02:30:00,4.14,4.1729,3.8877,8.3294,3.8877,4.1729,8.3294,0.0,0.0,0.0,0.001937,75.46,0.7546,69.8243,0.698243
2018-12-18 02:45:00,4.21,4.2191,3.9874,8.3294,3.9874,4.2191,8.3294,0.0,0.0,0.0,0.001937,75.03,0.7503,70.1688,0.701688
2018-12-18 03:00:00,4.18,4.1755,3.9673,8.3388,3.9673,4.1755,8.3388,0.0,0.0,0.0,0.001937,76.76,0.7676,72.1174,0.721174
2018-12-18 03:15:00,3.6,3.6656,3.6005,8.3215,3.6005,3.6656,8.3215,0.0,0.0,0.0,0.001937,78.51,0.7851,72.2066,0.722066
2018-12-18 03:30:00,3.42,3.4547,3.3701,7.9165,3.3701,3.4547,7.9165,0.0,0.000121,0.0,0.001937,82.53,0.8253,74.9894,0.749894
2018-12-18 03:45:00,3.42,3.4202,3.2868,7.7661,3.2868,3.4202,7.7661,0.0,0.000104,0.0,0.001937,82.08,0.8208,76.5418,0.765418
2018-12-18 04:00:00,3.38,3.3928,3.2614,7.757,3.2614,3.3928,7.757,0.0,1.2e-05,0.0,0.001937,82.67,0.8267,76.0294,0.760294
2018-12-18 04:15:00,3.42,3.471,3.2444,7.7191,3.2444,3.471,7.7191,0.0,0.0,0.0,0.001937,83.77,0.8377,76.4428,0.764428
2018-12-18 04:30:00,3.71,3.7456,3.4701,7.8236,3.4701,3.7456,7.8236,0.0,0.0,0.0,0.001937,82.31,0.8231,76.4825,0.764825
2018-12-18 04:45:00,4.18,4.0994,3.6618,8.0548,3.6618,4.0994,8.0548,0.0,0.0,0.0,0.001937,80.05,0.8005,72.1748,0.721748
2018-12-18 05:00:00,3.53,3.4841,3.22,8.1807,3.22,3.4841,8.1807,0.0,0.00132,0.0,0.001937,81.83,0.8183,74.3805,0.743805
2018-12-18 05:15:00,3.46,3.4881,3.3063,7.8034,3.3063,3.4881,7.8034,0.0,1.3e-05,0.0,0.001937,82.83,0.8283,76.5638,0.765638
2018-12-18 05:30:00,3.38,3.3572,3.2935,7.757,3.2935,3.3572,7.757,0.0,4e-06,0.0,0.001937,82.67,0.8267,76.8448,0.768448
2018-12-18 05:45:00,4.03,3.9846,3.6495,7.991,3.6495,3.9846,7.991,0.0,1.2e-05,0.0,0.001937,78.31,0.7831,72.8756,0.728756
2018-12-18 06:00:00,4.14,4.0051,3.5992,8.0278,3.5992,4.0051,8.0278,0.0,0.0,0.0,0.001937,78.11,0.7811,73.0804,0.730804
2018-12-18 06:15:00,3.6,3.4338,3.2483,8.1898,3.2483,3.4338,8.1898,0.0,0.001937,0.0,0.00196,82.67,0.8267,73.663,0.73663
2018-12-18 06:30:00,3.38,3.4384,3.2452,7.8659,3.2452,3.4384,7.8659,0.0,0.0,0.0,0.001937,83.81,0.8381,76.0301,0.760301
2018-12-18 06:45:00,3.35,3.3867,3.1985,7.7548,3.1985,3.3867,7.7548,0.0,0.0,0.0,0.001937,83.59,0.8359,76.6315,0.766315
2018-12-18 07:00:00,3.31,3.3427,3.1746,7.7242,3.1746,3.3427,7.7242,0.0,0.0,0.0,0.001937,84.21,0.8421,76.367,0.76367
2018-12-18 07:15:00,3.28,3.271,3.1391,7.6975,3.1391,3.271,7.6975,0.0,0.0,0.0,0.001937,83.98,0.8398,76.7401,0.767401
2018-12-18 07:30:00,3.42,3.4923,3.2629,7.7051,3.2629,3.4923,7.7051,0.0,0.0,0.0,0.001937,83.77,0.8377,77.9681,0.779681
2018-12-18 07:45:00,5.58,5.1346,4.5569,8.8574,4.5569,5.1346,8.8574,0.0,0.0,0.0,0.00236,89.12,0.8912,79.5241,0.795241
2018-12-18 08:00:00,7.27,7.0242,6.5956,10.5381,6.5956,7.0242,10.5381,0.0,0.002419,0.0,0.004575,95.34,0.9534,86.0365,0.860365
2018-12-18 08:15:00,38.38,36.9632,29.0969,40.9475,29.0969,36.9632,40.9475,0.02,0.019674,0.013896,0.021068,80.35,0.8035,76.3552,0.763552
2018-12-18 08:30:00,72.86,74.3426,63.5038,79.4542,63.5038,74.3426,79.4542,0.03,0.031427,0.027927,0.038333,78.86,0.7886,76.814,0.76814
2018-12-18 08:45:00,66.42,63.7033,60.8082,70.6067,60.8082,63.7033,70.6067,0.03,0.030414,0.024286,0.035502,81.37,0.8137,77.8559,0.778559
2018-12-18 09:00:00,81.4,78.3104,71.7673,84.1458,71.7673,78.3104,84.1458,0.04,0.034947,0.03099,0.040159,88.25,0.8825,86.9093,0.869093
2018-12-18 09:15:00,66.28,60.4846,56.5434,71.4187,56.5434,60.4846,71.4187,0.03,0.030404,0.022932,0.036816,90.96,0.9096,89.9968,0.899968
2018-12-18 09:30:00,78.3,74.744,70.507,86.7833,70.507,74.744,86.7833,0.04,0.033341,0.031003,0.040375,87.62,0.8762,87.31,0.8731
2018-12-18 09:45:00,77.72,82.4989,73.9585,86.1005,73.9585,82.4989,86.1005,0.04,0.038781,0.032379,0.041306,88.85,0.8885,89.0568,0.890568
2018-12-18 10:00:00,74.59,78.8237,67.8974,82.6343,67.8974,78.8237,82.6343,0.03,0.035195,0.029392,0.040631,89.11,0.8911,89.3112,0.893112
2018-12-18 10:15:00,63.04,60.6047,54.782,64.9719,54.782,60.6047,64.9719,0.03,0.025753,0.02221,0.033293,91.23,0.9123,90.5748,0.905748
2018-12-18 10:30:00,58.68,57.7746,51.0026,60.552,51.0026,57.7746,60.552,0.03,0.02798,0.022021,0.030952,93.81,0.9381,92.7886,0.927886
2018-12-18 10:45:00,62.96,63.9025,57.7619,64.278,57.7619,64.278,63.9025,0.03,0.027981,0.025401,0.031679,91.43,0.9143,90.4502,0.904502
2018-12-18 11:00:00,68.36,66.6612,60.9893,67.2378,60.9893,66.6612,67.2378,0.03,0.027594,0.026098,0.032373,92.21,0.9221,90.5599,0.905599
2018-12-18 11:15:00,60.05,58.1419,51.869,60.6175,51.869,58.1419,60.6175,0.03,0.028274,0.020615,0.031204,92.19,0.9219,90.2056,0.902056
2018-12-18 11:30:00,58.82,57.5926,51.6483,59.725,51.6483,57.5926,59.725,0.03,0.024831,0.022027,0.029567,93.15,0.9315,90.9045,0.909045
2018-12-18 11:45:00,64.73,63.8258,57.2737,64.093,57.2737,63.8258,64.093,0.03,0.029956,0.025436,0.030701,91.31,0.9131,89.3229,0.893229
2018-12-18 12:00:00,67.54,64.8723,58.5901,67.1743,58.5901,64.8723,67.1743,0.03,0.027978,0.025114,0.031794,90.98,0.9098,87.5386,0.875386
2018-12-18 12:15:00,8.14,6.9359,5.2385,18.8628,5.2385,6.9359,18.8628,0.0,0.0,0.0,0.005533,100.0,1.0,99.7434,0.997434
2018-12-18 12:30:00,8.64,8.7172,6.6252,11.2448,6.6252,8.7172,11.2448,0.0,0.0,0.0,0.002037,100.0,1.0,99.9683,0.999683
2018-12-18 12:45:00,8.78,8.6186,6.4329,11.7461,6.4329,8.6186,11.7461,0.0,0.001073,0.0,0.003989,100.0,1.0,99.9741,0.999741
2018-12-18 13:00:00,9.4,9.4222,6.6945,11.8682,6.6945,9.4222,11.8682,0.0,0.001073,0.0,0.004077,100.0,1.0,100.0012,1.000012
2018-12-18 13:15:00,52.45,52.8835,47.396,57.8602,47.396,52.8835,57.8602,0.02,0.020031,0.019234,0.029493,91.56,0.9156,91.7443,0.917443
2018-12-18 13:30:00,67.46,65.1992,60.4025,68.9472,60.4025,65.1992,68.9472,0.03,0.030133,0.027371,0.034718,88.75,0.8875,87.4183,0.874183
2018-12-18 13:45:00,62.53,59.6705,51.843,62.9534,51.843,59.6705,62.9534,0.03,0.030148,0.021815,0.031813,90.59,0.9059,88.7857,0.887857
2018-12-18 14:00:00,62.46,60.0162,55.061,62.3382,55.061,60.0162,62.3382,0.03,0.026376,0.023156,0.030808,89.76,0.8976,88.2924,0.882924
2018-12-18 14:15:00,67.18,64.4826,58.3246,65.3222,58.3246,65.3222,64.4826,0.03,0.02734,0.025758,0.030746,93.43,0.9343,91.2025,0.912025
2018-12-18 14:30:00,113.51,109.8123,99.7452,110.0498,99.7452,109.8123,110.0498,0.05,0.047189,0.041652,0.052332,93.0,0.93,90.6691,0.906691
2018-12-18 14:45:00,99.5,94.7511,84.5952,98.53,84.5952,94.7511,98.53,0.05,0.042925,0.036709,0.046882,93.9,0.939,92.0976,0.920976
2018-12-18 15:00:00,68.0,66.0631,59.8213,75.0965,59.8213,66.0631,75.0965,0.03,0.031335,0.026037,0.036526,94.68,0.9468,93.3436,0.933436
2018-12-18 15:15:00,120.82,116.2087,108.5095,118.9666,108.5095,116.2087,118.9666,0.06,0.053716,0.044887,0.05632,92.08,0.9208,90.812,0.90812
2018-12-18 15:30:00,79.45,74.8927,68.1004,84.4514,68.1004,74.8927,84.4514,0.04,0.034609,0.027522,0.039803,92.55,0.9255,91.5847,0.915847
2018-12-18 15:45:00,117.68,119.0784,109.5783,119.6039,109.5783,119.0784,119.6039,0.05,0.05651,0.049005,0.059683,90.41,0.9041,90.2712,0.902712
2018-12-18 16:00:00,114.08,111.5336,101.8534,114.0554,101.8534,114.0554,111.5336,0.05,0.050118,0.04415,0.056547,91.63,0.9163,90.2063,0.902063
2018-12-18 16:15:00,106.27,105.1869,95.6636,106.2631,95.6636,105.1869,106.2631,0.05,0.04924,0.041469,0.051808,92.36,0.9236,91.0591,0.910591
2018-12-18 16:30:00,93.28,94.2497,87.5522,98.1311,87.5522,94.2497,98.1311,0.04,0.043699,0.039498,0.047626,89.96,0.8996,89.9171,0.899171
2018-12-18 16:45:00,127.58,127.182,113.4379,129.4303,113.4379,127.182,129.4303,0.06,0.056635,0.050883,0.060716,91.48,0.9148,90.2741,0.902741
2018-12-18 17:00:00,94.61,93.416,85.5934,97.1656,85.5934,93.416,97.1656,0.04,0.04224,0.035845,0.045224,91.46,0.9146,90.5796,0.905796
2018-12-18 17:15:00,101.02,102.7934,97.6642,106.2626,97.6642,102.7934,106.2626,0.05,0.047163,0.044618,0.048766,91.99,0.9199,91.3116,0.913116
2018-12-18 17:30:00,112.14,110.7062,103.838,112.7227,103.838,110.7062,112.7227,0.05,0.050765,0.046686,0.054652,93.16,0.9316,92.0419,0.920419
2018-12-18 17:45:00,68.08,65.1212,55.2753,73.0231,55.2753,65.1212,73.0231,0.03,0.029294,0.023536,0.036665,96.84,0.9684,96.4241,0.964241
2018-12-18 18:00:00,15.95,22.7748,13.9974,28.4564,13.9974,22.7748,28.4564,0.01,0.009537,0.002359,0.014001,100.0,1.0,99.9512,0.999512
2018-12-18 18:15:00,7.16,7.7323,4.2415,12.8015,4.2415,7.7323,12.8015,0.0,0.006467,0.0,0.006622,100.0,1.0,99.9943,0.999943
2018-12-18 18:30:00,5.58,5.1632,4.878,10.8407,4.878,5.1632,10.8407,0.0,0.0,0.0,0.001996,100.0,1.0,99.975,0.99975
2018-12-18 18:45:00,5.65,5.3872,5.1128,9.3434,5.1128,5.3872,9.3434,0.0,0.0,0.0,0.00197,100.0,1.0,99.975,0.99975
2018-12-18 19:00:00,5.0,4.7104,4.5723,9.1173,4.5723,4.7104,9.1173,0.0,2.5e-05,0.0,0.002013,100.0,1.0,99.9985,0.999985
2018-12-18 19:15:00,4.5,4.324,4.2288,8.8039,4.2288,4.324,8.8039,0.0,0.000233,0.0,0.001947,100.0,1.0,99.9985,0.999985
2018-12-18 19:30:00,4.39,4.4232,4.2571,8.9739,4.2571,4.4232,8.9739,0.0,0.0,0.0,0.001942,100.0,1.0,99.9985,0.999985
2018-12-18 19:45:00,4.43,4.409,4.154,8.4312,4.154,4.409,8.4312,0.0,0.0,0.0,0.001937,100.0,1.0,99.9985,0.999985
2018-12-18 20:00:00,4.39,4.3383,4.1559,8.4604,4.1559,4.3383,8.4604,0.0,0.0,0.0,0.001937,100.0,1.0,99.9985,0.999985
2018-12-18 20:15:00,4.43,4.3973,4.1533,8.4312,4.1533,4.3973,8.4312,0.0,0.000246,0.0,0.001937,100.0,1.0,99.9985,0.999985
2018-12-18 20:30:00,4.36,4.3084,4.1353,8.4604,4.1353,4.3084,8.4604,0.0,0.00025,0.0,0.001937,100.0,1.0,99.9985,0.999985
2018-12-18 20:45:00,4.39,4.3703,4.1048,8.3999,4.1048,4.3703,8.3999,0.0,0.00025,0.0,0.001937,100.0,1.0,99.9985,0.999985
2018-12-18 21:00:00,4.43,4.3866,4.1403,8.4312,4.1403,4.3866,8.4312,0.0,0.00025,0.0,0.001937,100.0,1.0,99.9985,0.999985
2018-12-18 21:15:00,4.39,4.3159,4.1405,8.4604,4.1405,4.3159,8.4604,0.0,0.00025,0.0,0.001937,100.0,1.0,99.9985,0.999985
2018-12-18 21:30:00,4.46,4.424,4.1545,8.4312,4.1545,4.424,8.4312,0.0,0.00025,0.0,0.001937,100.0,1.0,99.9985,0.999985
2018-12-18 21:45:00,4.39,4.4281,4.1841,8.5207,4.1841,4.4281,8.5207,0.0,0.00025,0.0,0.001937,100.0,1.0,99.9985,0.999985
2018-12-18 22:00:00,4.39,4.3382,4.1275,8.4312,4.1275,4.3382,8.4312,0.0,0.00025,0.0,0.001937,100.0,1.0,99.9738,0.999738
2018-12-18 22:15:00,4.25,4.2196,4.0074,8.4312,4.0074,4.2196,8.4312,0.0,0.0,0.0,0.001937,77.55,0.7755,75.8603,0.758603
2018-12-18 22:30:00,5.18,5.015,4.5113,8.7074,4.5113,5.015,8.7074,0.0,0.001593,0.0,0.001937,81.08,0.8108,66.0497,0.660497
2018-12-18 22:45:00,5.15,4.9186,4.7181,8.994,4.7181,4.9186,8.994,0.0,0.001973,0.0,0.00251,81.44,0.8144,66.3675,0.663675
2018-12-18 23:00:00,4.14,4.1157,4.1016,8.9351,4.1016,4.1157,8.9351,0.0,0.001973,0.0,0.002508,75.1,0.751,57.7561,0.577561
2018-12-18 23:15:00,4.14,4.1323,3.9845,8.3831,3.9845,4.1323,8.3831,0.0,0.000888,0.0,0.001973,77.46,0.7746,57.9461,0.579461
2018-12-18 23:30:00,4.14,4.1323,3.9845,8.3712,3.9845,4.1323,8.3712,0.0,0.001531,0.0,0.001973,80.42,0.8042,70.3149,0.703149
2018-12-18 23:45:00,4.1,4.1049,3.9576,8.3712,3.9576,4.1049,8.3712,0.0,0.001531,0.0,0.001973,79.11,0.7911,67.893,0.67893
2018-12-19 00:00:00,3.92,3.9784,3.8249,8.3404,3.8249,3.9784,8.3404,0.0,0.0,0.0,0.00224,84.8,0.848,74.1971,0.741971
2018-12-19 00:15:00,4.14,4.1272,3.8937,8.0605,3.8937,4.1272,8.0605,0.0,0.0,0.0,0.001937,77.74,0.7774,73.9424,0.739424
2018-12-19 00:30:00,4.14,4.0936,3.8774,8.3059,3.8774,4.0936,8.3059,0.0,0.001333,0.0,0.001937,77.1,0.771,72.1287,0.721287
2018-12-19 00:45:00,4.14,4.0936,3.8666,8.3059,3.8666,4.0936,8.3059,0.0,0.001333,0.0,0.001937,76.73,0.7673,72.0299,0.720299
2018-12-19 01:00:00,4.21,4.1804,3.8957,8.3059,3.8957,4.1804,8.3059,0.0,0.001132,0.0,0.001937,76.99,0.7699,72.371,0.72371
2018-12-19 01:15:00,4.14,4.1452,3.9656,8.3482,3.9656,4.1452,8.3482,0.0,0.0,0.0,0.001937,75.82,0.7582,70.0392,0.700392
2018-12-19 01:30:00,4.14,4.1323,3.9782,8.3482,3.9782,4.1323,8.3482,0.0,0.0,0.0,0.001937,76.73,0.7673,71.9717,0.719717
2018-12-19 01:45:00,4.18,4.1807,3.9932,8.3482,3.9932,4.1807,8.3482,0.0,0.0,0.0,0.001937,77.03,0.7703,72.3639,0.723639
2018-12-19 02:00:00,4.18,4.2002,4.0092,8.3482,4.0092,4.2002,8.3482,0.0,0.0,0.0,0.001937,77.76,0.7776,72.0081,0.720081
2018-12-19 02:15:00,4.93,4.8722,4.4727,8.6693,4.4727,4.8722,8.6693,0.0,0.0,0.0,0.001937,82.71,0.8271,75.9723,0.759723
2018-12-19 02:30:00,5.26,5.12,4.6494,8.9203,4.6494,5.12,8.9203,0.0,0.001937,0.0,0.002543,83.84,0.8384,80.3565,0.803565
2018-12-19 02:45:00,4.14,4.1315,3.9564,8.9009,3.9564,4.1315,8.9009,0.0,0.001973,0.0,0.002566,77.74,0.7774,74.9212,0.749212
2018-12-19 03:00:00,4.14,4.1225,3.9984,8.3831,3.9984,4.1225,8.3831,0.0,0.001092,0.0,0.001973,77.1,0.771,74.7042,0.747042
2018-12-19 03:15:00,4.1,4.1049,3.9699,8.3712,3.9699,4.1049,8.3712,0.0,0.001052,0.0,0.001973,76.42,0.7642,74.7094,0.747094
2018-12-19 03:30:00,4.25,4.3224,4.1024,8.3696,4.1024,4.3224,8.3696,0.0,0.001065,0.0,0.001973,76.3,0.763,73.6074,0.736074
2018-12-19 03:45:00,3.82,3.8282,3.6893,8.3312,3.6893,3.8282,8.3312,0.0,0.0,0.0,0.001937,78.45,0.7845,72.6427,0.726427
2018-12-19 04:00:00,3.49,3.6124,3.3914,7.9575,3.3914,3.6124,7.9575,0.0,3.5e-05,0.0,0.001937,82.29,0.8229,73.7301,0.737301
2018-12-19 04:15:00,3.42,3.3822,3.2972,7.7612,3.2972,3.3822,7.7612,0.0,4.3e-05,0.0,0.001937,81.74,0.8174,75.5096,0.755096
2018-12-19 04:30:00,3.42,3.4202,3.2868,7.7612,3.2868,3.4202,7.7612,0.0,8.5e-05,0.0,0.001937,80.96,0.8096,75.5228,0.755228
2018-12-19 04:45:00,3.49,3.507,3.3404,7.747,3.3404,3.507,7.747,0.0,0.0,0.0,0.001937,82.62,0.8262,76.4682,0.764682
2018-12-19 05:00:00,3.38,3.3546,3.2375,7.7255,3.2375,3.3546,7.7255,0.0,0.0,0.0,0.001937,82.67,0.8267,75.9302,0.759302
2018-12-19 05:15:00,3.42,3.471,3.2444,7.7142,3.2444,3.471,7.7142,0.0,0.0,0.0,0.001937,82.08,0.8208,77.1331,0.771331
2018-12-19 05:30:00,3.38,3.3928,3.2549,7.7255,3.2549,3.3928,7.7255,0.0,0.0,0.0,0.001937,82.67,0.8267,76.4988,0.764988
2018-12-19 05:45:00,3.42,3.458,3.2444,7.7142,3.2444,3.458,7.7142,0.0,0.0,0.0,0.001937,83.77,0.8377,77.1007,0.771007
2018-12-19 06:00:00,3.42,3.4072,3.2834,7.7255,3.2834,3.4072,7.7255,0.0,0.0,0.0,0.001937,84.1,0.841,76.8618,0.768618
2018-12-19 06:15:00,4.07,3.965,3.6812,7.9807,3.6812,3.965,7.9807,0.0,0.0,0.0,0.001937,82.67,0.8267,73.201,0.73201
2018-12-19 06:30:00,4.18,4.0051,3.6292,8.0178,3.6292,4.0051,8.0178,0.0,0.0,0.0,0.001937,81.98,0.8198,74.0617,0.740617
2018-12-19 06:45:00,3.96,3.8825,3.5344,8.2118,3.5344,3.8825,8.2118,0.0,0.001973,0.0,0.002002,80.19,0.8019,74.1629,0.741629
2018-12-19 07:00:00,4.1,4.0521,3.5923,7.9639,3.5923,4.0521,7.9639,0.0,0.0,0.0,0.001937,79.49,0.7949,75.1049,0.751049
2018-12-19 07:15:00,4.1,4.1213,3.8738,8.3127,3.8738,4.1213,8.3127,0.0,0.001937,0.0,0.001979,82.49,0.8249,75.517,0.75517
2018-12-19 07:30:00,4.07,4.0966,3.8484,8.3176,3.8484,4.0966,8.3176,0.0,0.001937,0.0,0.001985,82.01,0.8201,75.2853,0.752853
2018-12-19 07:45:00,5.76,5.4539,4.9924,8.6546,4.9924,5.4539,8.6546,0.0,1.9e-05,0.0,0.001935,89.19,0.8919,78.8494,0.788494
2018-12-19 08:00:00,6.23,6.6597,6.2418,10.8253,6.2418,6.6597,10.8253,0.0,0.002332,0.0,0.004451,91.97,0.9197,84.5753,0.845753
2018-12-19 08:15:00,36.14,36.1789,28.4083,40.3649,28.4083,36.1789,40.3649,0.02,0.019898,0.013246,0.020793,81.76,0.8176,77.854,0.77854
2018-12-19 08:30:00,70.81,69.9552,61.2893,78.6312,61.2893,69.9552,78.6312,0.03,0.029334,0.026688,0.038042,80.63,0.8063,77.5392,0.775392
2018-12-19 08:45:00,59.54,57.3909,51.9968,63.9343,51.9968,57.3909,63.9343,0.03,0.025885,0.021169,0.033295,85.41,0.8541,78.7,0.787
2018-12-19 09:00:00,63.86,62.8549,55.5895,63.7646,55.5895,62.8549,63.7646,0.03,0.026633,0.023259,0.031058,93.84,0.9384,91.6193,0.916193
2018-12-19 09:15:00,77.4,74.413,69.9306,79.6171,69.9306,74.413,79.6171,0.04,0.03424,0.030775,0.038898,87.47,0.8747,85.7471,0.857471
2018-12-19 09:30:00,65.23,65.523,56.4562,67.2999,56.4562,65.523,67.2999,0.03,0.031239,0.023229,0.035677,89.42,0.8942,88.9996,0.889996
2018-12-19 09:45:00,69.3,66.8316,62.763,70.6732,62.763,66.8316,70.6732,0.03,0.03054,0.026147,0.034349,87.86,0.8786,86.7728,0.867728
2018-12-19 10:00:00,61.13,60.5253,53.6406,62.4702,53.6406,60.5253,62.4702,0.03,0.028956,0.021893,0.032127,91.54,0.9154,90.4703,0.904703
2018-12-19 10:15:00,61.16,59.7592,54.8979,61.8222,54.8979,59.7592,61.8222,0.03,0.026427,0.02355,0.031039,92.17,0.9217,91.1106,0.911106
2018-12-19 10:30:00,70.42,68.4255,62.9926,70.2006,62.9926,68.4255,70.2006,0.03,0.028691,0.028514,0.032782,91.3,0.913,89.2229,0.892229
2018-12-19 10:45:00,63.68,61.8743,54.6119,63.5659,54.6119,61.8743,63.5659,0.03,0.028887,0.02235,0.033294,91.73,0.9173,89.9451,0.899451
2018-12-19 11:00:00,83.09,80.7038,74.2857,83.0979,74.2857,80.7038,83.0979,0.04,0.036197,0.031713,0.040493,88.39,0.8839,86.0863,0.860863
2018-12-19 11:15:00,140.8,133.3223,112.1673,136.2331,112.1673,133.3223,136.2331,0.06,0.057455,0.047447,0.064495,89.6,0.896,87.7445,0.877445
2018-12-19 11:30:00,110.88,103.9972,91.3838,106.9477,91.3838,103.9972,106.9477,0.05,0.04636,0.038082,0.049824,92.06,0.9206,89.2272,0.892272
2018-12-19 11:45:00,115.13,115.0579,108.4654,118.3478,108.4654,115.0579,118.3478,0.05,0.052164,0.045815,0.059579,91.11,0.9111,89.5767,0.895767
2018-12-19 12:00:00,101.99,100.4399,95.4937,107.0368,95.4937,100.4399,107.0368,0.05,0.045797,0.040008,0.05007,90.29,0.9029,89.0285,0.890285
2018-12-19 12:15:00,12.13,11.521,9.4032,20.5221,9.4032,11.521,20.5221,0.01,0.009479,0.0,0.012317,99.43,0.9943,99.5546,0.995546
2018-12-19 12:30:00,6.66,6.5939,4.993,11.9131,4.993,6.5939,11.9131,0.0,0.000212,0.0,0.002333,100.0,1.0,100.0239,1.000239
2018-12-19 12:45:00,6.8,6.8673,6.1899,11.1165,6.1899,6.8673,11.1165,0.0,0.0,0.0,0.002035,100.0,1.0,99.9741,0.999741
2018-12-19 13:00:00,6.98,7.1315,6.2652,11.4529,6.2652,7.1315,11.4529,0.0,0.0,0.0,0.001981,100.0,1.0,100.0027,1.000027
2018-12-19 13:15:00,62.42,62.8733,57.0679,68.8967,57.0679,62.8733,68.8967,0.03,0.030293,0.022612,0.035245,94.45,0.9445,92.8301,0.928301
2018-12-19 13:30:00,116.46,112.3319,102.3962,115.6722,102.3962,112.3319,115.6722,0.05,0.052427,0.042147,0.052654,91.01,0.9101,89.1617,0.891617
2018-12-19 13:45:00,89.86,85.936,76.5287,94.5695,76.5287,85.936,94.5695,0.04,0.038851,0.032895,0.043262,92.56,0.9256,91.0123,0.910123
2018-12-19 14:00:00,98.03,103.7825,95.3829,106.5242,95.3829,103.7825,106.5242,0.04,0.045519,0.042464,0.051313,88.58,0.8858,90.0661,0.900661
2018-12-19 14:15:00,149.18,138.56,118.826,138.942,118.826,138.56,138.942,0.07,0.061527,0.053043,0.065665,89.45,0.8945,88.4425,0.884425
2018-12-19 14:30:00,116.64,103.6419,90.9502,103.782,90.9502,103.782,103.6419,0.05,0.045208,0.037567,0.051659,92.24,0.9224,89.8406,0.898406
2018-12-19 14:45:00,105.48,106.1826,96.5969,112.2928,96.5969,106.1826,112.2928,0.05,0.048923,0.041046,0.052536,91.8,0.918,90.787,0.90787
2018-12-19 15:00:00,145.22,139.6903,119.6756,142.2621,119.6756,139.6903,142.2621,0.07,0.063468,0.052933,0.068778,89.92,0.8992,89.2806,0.892806
2018-12-19 15:15:00,101.38,94.5822,79.8332,98.2067,79.8332,94.5822,98.2067,0.05,0.041664,0.033898,0.046713,93.05,0.9305,91.2999,0.912999
2018-12-19 15:30:00,130.46,131.9547,117.1091,136.6694,117.1091,131.9547,136.6694,0.06,0.058259,0.051867,0.065429,90.79,0.9079,90.0198,0.900198
2018-12-19 15:45:00,115.24,115.9467,101.9488,116.9819,101.9488,116.9819,115.9467,0.05,0.051237,0.043869,0.056302,91.45,0.9145,90.0356,0.900356
2018-12-19 16:00:00,125.21,127.2381,115.4406,127.4569,115.4406,127.2381,127.4569,0.06,0.056996,0.049299,0.065046,90.62,0.9062,90.0685,0.900685
2018-12-19 16:15:00,133.56,132.0274,115.3672,136.2756,115.3672,132.0274,136.2756,0.06,0.058274,0.049391,0.06662,90.08,0.9008,89.102,0.89102
2018-12-19 16:30:00,81.65,85.7471,75.4169,91.6888,75.4169,85.7471,91.6888,0.04,0.037083,0.030901,0.046176,89.72,0.8972,91.1461,0.911461
2018-12-19 16:45:00,62.68,64.0988,58.7926,77.3162,58.7926,64.0988,77.3162,0.03,0.027953,0.024237,0.037675,89.6,0.896,90.601,0.90601
2018-12-19 17:00:00,125.5,125.6899,106.4541,131.9648,106.4541,125.6899,131.9648,0.06,0.056719,0.044075,0.061174,92.72,0.9272,90.7478,0.907478
2018-12-19 17:15:00,68.0,62.6471,53.5985,75.3939,53.5985,62.6471,75.3939,0.03,0.026703,0.023334,0.037457,97.05,0.9705,94.8733,0.948733
2018-12-19 17:30:00,40.5,39.2938,31.2984,49.4717,31.2984,39.2938,49.4717,0.02,0.01999,0.012127,0.023911,99.46,0.9946,98.5606,0.985606
2018-12-19 17:45:00,31.68,31.5209,28.65,37.0305,28.65,31.5209,37.0305,0.01,0.018865,0.010331,0.01989,100.0,1.0,99.9313,0.999313
2018-12-19 18:00:00,26.82,28.3681,26.2223,33.9209,26.2223,28.3681,33.9209,0.01,0.01648,0.00701,0.018958,99.79,0.9979,98.6896,0.986896
2018-12-19 18:15:00,5.98,8.1664,5.2756,13.3351,5.2756,8.1664,13.3351,0.0,0.005301,0.0,0.006986,100.0,1.0,99.9694,0.999694
2018-12-19 18:30:00,5.47,5.4965,5.1037,9.7789,5.1037,5.4965,9.7789,0.0,0.0,0.0,0.002006,100.0,1.0,99.975,0.99975
2018-12-19 18:45:00,5.54,5.3975,4.854,9.1187,4.854,5.3975,9.1187,0.0,0.0,0.0,0.001935,100.0,1.0,99.975,0.99975
2018-12-19 19:00:00,5.44,5.1911,4.9055,9.0318,4.9055,5.1911,9.0318,0.0,0.0,0.0,0.001939,100.0,1.0,99.9985,0.999985
2018-12-19 19:15:00,5.47,5.3006,4.8405,8.9129,4.8405,5.3006,8.9129,0.0,0.0,0.0,0.001936,100.0,1.0,99.9985,0.999985
2018-12-19 19:30:00,5.47,5.3133,4.8206,8.8368,4.8206,5.3133,8.8368,0.0,0.000155,0.0,0.001931,100.0,1.0,99.9985,0.999985
2018-12-19 19:45:00,5.4,5.2782,4.7905,8.8368,4.7905,5.2782,8.8368,0.0,0.000155,0.0,0.001931,100.0,1.0,99.9985,0.999985
2018-12-19 20:00:00,5.33,5.2103,4.7905,8.8368,4.7905,5.2103,8.8368,0.0,0.000168,0.0,0.001931,100.0,1.0,99.9985,0.999985
2018-12-19 20:15:00,5.36,5.2482,4.8331,8.8368,4.8331,5.2482,8.8368,0.0,0.000176,0.0,0.001931,100.0,1.0,99.9985,0.999985
2018-12-19 20:30:00,5.33,5.2275,4.8012,8.8368,4.8012,5.2275,8.8368,0.0,0.000178,0.0,0.001931,100.0,1.0,99.9985,0.999985
2018-12-19 20:45:00,5.44,5.3134,4.8693,8.8415,4.8693,5.3134,8.8415,0.0,0.000208,0.0,0.001931,100.0,1.0,99.9985,0.999985
2018-12-19 21:00:00,5.4,5.2927,4.8012,8.8368,4.8012,5.2927,8.8368,0.0,0.000178,0.0,0.001931,100.0,1.0,99.9985,0.999985
2018-12-19 21:15:00,5.4,5.2418,4.8206,8.8368,4.8206,5.2418,8.8368,0.0,0.000178,0.0,0.001931,100.0,1.0,99.9985,0.999985
2018-12-19 21:30:00,5.04,4.8373,4.6288,8.789,4.6288,4.8373,8.789,0.0,0.000178,0.0,0.001931,100.0,1.0,99.9985,0.999985
2018-12-19 21:45:00,4.25,4.3791,4.0133,8.7401,4.0133,4.3791,8.7401,0.0,0.0,0.0,0.001937,100.0,1.0,99.9985,0.999985
2018-12-19 22:00:00,4.39,4.4397,4.1265,8.4315,4.1265,4.4397,8.4315,0.0,0.0,0.0,0.001937,100.0,1.0,99.9679,0.999679
2018-12-19 22:15:00,4.03,3.9077,3.822,8.4006,3.822,3.9077,8.4006,0.0,0.001973,0.0,0.003368,80.31,0.8031,77.6656,0.776656
2018-12-19 22:30:00,4.03,4.0465,3.8415,8.1693,3.8415,4.0465,8.1693,0.0,0.0,0.0,0.001973,80.31,0.8031,70.9014,0.709014
2018-12-19 22:45:00,3.96,3.9915,3.7857,8.1463,3.7857,3.9915,8.1463,0.0,0.0,0.0,0.001937,80.19,0.8019,71.2204,0.712204
2018-12-19 23:00:00,4.07,4.082,3.8381,8.0618,3.8381,4.082,8.0618,0.0,0.0,0.0,0.001937,82.01,0.8201,71.2347,0.712347
2018-12-19 23:15:00,4.03,3.9158,3.8188,8.1024,3.8188,3.9158,8.1024,0.0,0.0,0.0,0.001937,84.41,0.8441,71.9112,0.719112
2018-12-19 23:30:00,3.92,3.8605,3.7588,8.1024,3.7588,3.8605,8.1024,0.0,2.8e-05,0.0,0.001937,86.25,0.8625,72.8277,0.728277
2018-12-19 23:45:00,3.96,3.8708,3.7668,8.0073,3.7668,3.8708,8.0073,0.0,4.1e-05,0.0,0.001937,86.09,0.8609,72.5582,0.725582
2018-12-20 00:00:00,3.89,3.8235,3.7103,8.0335,3.7103,3.8235,8.0335,0.0,0.0,0.0,0.00202,81.75,0.8175,74.4451,0.744451
2018-12-20 00:15:00,4.03,3.9433,3.7764,8.0117,3.7764,3.9433,8.0117,0.0,0.0,0.0,0.001937,83.46,0.8346,76.1583,0.761583
2018-12-20 00:30:00,4.03,3.9268,3.7664,8.0889,3.7664,3.9268,8.0889,0.0,0.0,0.0,0.001937,82.41,0.8241,74.7342,0.747342
2018-12-20 00:45:00,4.0,3.9021,3.741,8.0889,3.741,3.9021,8.0889,0.0,0.0,0.0,0.001937,82.5,0.825,74.654,0.74654
2018-12-20 01:00:00,4.0,3.9211,3.7453,8.0627,3.7453,3.9211,8.0627,0.0,0.0,0.0,0.001937,82.21,0.8221,74.6552,0.746552
2018-12-20 01:15:00,4.0,3.9761,3.8088,8.0813,3.8088,3.9761,8.0813,0.0,0.0,0.0,0.001937,81.54,0.8154,74.6948,0.746948
2018-12-20 01:30:00,4.1,4.0692,3.856,8.0847,3.856,4.0692,8.0847,0.0,0.0,0.0,0.001937,80.52,0.8052,74.8027,0.748027
2018-12-20 01:45:00,4.0,3.985,3.8373,8.2933,3.8373,3.985,8.2933,0.0,0.0,0.0,0.001937,81.54,0.8154,74.312,0.74312
2018-12-20 02:00:00,4.07,4.0629,3.838,8.0813,3.838,4.0629,8.0813,0.0,0.0,0.0,0.001937,81.25,0.8125,75.1202,0.751202
2018-12-20 02:15:00,4.43,4.3468,4.042,8.2344,4.042,4.3468,8.2344,0.0,3.6e-05,0.0,0.001937,84.19,0.8419,75.3631,0.753631
2018-12-20 02:30:00,5.18,4.9908,4.489,8.7348,4.489,4.9908,8.7348,0.0,0.001937,0.0,0.002382,88.4,0.884,78.452,0.78452
2018-12-20 02:45:00,4.1,4.1128,3.875,8.8797,3.875,4.1128,8.8797,0.0,0.001973,0.0,0.003692,80.52,0.8052,75.4493,0.754493
2018-12-20 03:00:00,4.0,4.0399,3.8592,8.3671,3.8592,4.0399,8.3671,0.0,0.001783,0.0,0.001973,78.75,0.7875,75.6658,0.756658
2018-12-20 03:15:00,4.1,4.1338,3.8779,8.1432,3.8779,4.1338,8.1432,0.0,0.0,0.0,0.001973,78.83,0.7883,75.2884,0.752884
2018-12-20 03:30:00,4.03,4.0772,3.8635,8.3321,3.8635,4.0772,8.3321,0.0,0.001749,0.0,0.001973,78.6,0.786,74.6235,0.746235
2018-12-20 03:45:00,4.1,4.1333,3.8591,8.1368,3.8591,4.1333,8.1368,0.0,3.4e-05,0.0,0.001937,79.49,0.7949,74.5164,0.745164
2018-12-20 04:00:00,3.31,3.5593,3.4676,8.2911,3.4676,3.5593,8.2911,0.0,0.0,0.0,0.001937,82.47,0.8247,73.6204,0.736204
2018-12-20 04:15:00,3.35,3.3681,3.185,7.7333,3.185,3.3681,7.7333,0.0,1e-06,0.0,0.001937,83.24,0.8324,76.792,0.76792
2018-12-20 04:30:00,3.46,3.4561,3.2688,7.7323,3.2688,3.4561,7.7323,0.0,0.0,0.0,0.001973,84.05,0.8405,76.8104,0.768104
2018-12-20 04:45:00,3.38,3.3369,3.212,7.7303,3.212,3.3369,7.7303,0.0,5e-06,0.0,0.001937,82.67,0.8267,75.9052,0.759052
2018-12-20 05:00:00,3.35,3.3665,3.1746,7.6975,3.1746,3.3665,7.6975,0.0,0.0,0.0,0.001937,82.78,0.8278,76.661,0.76661
2018-12-20 05:15:00,3.35,3.3346,3.1999,7.6975,3.1999,3.3346,7.6975,0.0,0.0,0.0,0.001937,82.44,0.8244,76.5626,0.765626
2018-12-20 05:30:00,3.38,3.3725,3.2205,7.6975,3.2205,3.3725,7.6975,0.0,0.0,0.0,0.001937,82.22,0.8222,77.2863,0.772863
2018-12-20 05:45:00,3.38,3.4037,3.1999,7.6975,3.1999,3.4037,7.6975,0.0,0.0,0.0,0.001937,83.47,0.8347,76.9043,0.769043
2018-12-20 06:00:00,3.92,3.8801,3.5447,7.8802,3.5447,3.8801,7.8802,0.0,0.0,0.0,0.001937,83.43,0.8343,77.7144,0.777144
2018-12-20 06:15:00,3.67,3.5425,3.3425,7.9018,3.3425,3.5425,7.9018,0.0,0.0,0.0,0.001937,84.32,0.8432,75.1459,0.751459
2018-12-20 06:30:00,3.35,3.429,3.2137,7.855,3.2137,3.429,7.855,0.0,0.0,0.0,0.001937,84.84,0.8484,75.2903,0.752903
2018-12-20 06:45:00,4.0,3.9155,3.642,7.9694,3.642,3.9155,7.9694,0.0,0.0,0.0,0.001937,81.54,0.8154,75.5406,0.755406
2018-12-20 07:00:00,4.03,3.9367,3.5107,7.9811,3.5107,3.9367,7.9811,0.0,0.0,0.0,0.001937,81.74,0.8174,75.9551,0.759551
2018-12-20 07:15:00,3.96,3.8553,3.4677,8.0072,3.4677,3.8553,8.0072,0.0,0.0,0.0,0.001937,82.62,0.8262,76.7073,0.767073
2018-12-20 07:30:00,4.18,4.0655,3.6035,7.9629,3.6035,4.0655,7.9629,0.0,0.0,0.0,0.001937,85.0,0.85,76.978,0.76978
2018-12-20 07:45:00,4.79,4.689,4.21,8.5483,4.21,4.689,8.5483,0.0,0.001937,0.0,0.001957,89.03,0.8903,77.9948,0.779948
2018-12-20 08:00:00,5.87,5.7326,5.2484,9.1686,5.2484,5.7326,9.1686,0.0,0.002106,0.0,0.003629,92.51,0.9251,82.11,0.8211
2018-12-20 08:15:00,39.49,38.6901,31.5651,43.7909,31.5651,38.6901,43.7909,0.02,0.019904,0.014216,0.022094,82.76,0.8276,77.7316,0.777316
2018-12-20 08:30:00,79.85,77.1944,74.1267,83.8546,74.1267,77.1944,83.8546,0.04,0.035873,0.029691,0.04207,79.48,0.7948,78.7967,0.787967
2018-12-20 08:45:00,66.96,68.6221,62.9109,75.0884,62.9109,68.6221,75.0884,0.03,0.030345,0.025871,0.037974,81.76,0.8176,79.6821,0.796821
2018-12-20 09:00:00,63.14,60.4801,53.0242,65.9185,53.0242,60.4801,65.9185,0.03,0.030102,0.021352,0.033056,92.56,0.9256,90.9296,0.909296
2018-12-20 09:15:00,64.12,62.5279,56.8009,66.1665,56.8009,62.5279,66.1665,0.03,0.027162,0.024594,0.032369,91.13,0.9113,89.9957,0.899957
2018-12-20 09:30:00,64.37,63.8318,57.4095,64.9898,57.4095,63.8318,64.9898,0.03,0.029239,0.024943,0.032169,91.22,0.9122,90.0784,0.900784
2018-12-20 09:45:00,83.16,80.9548,73.5038,83.9478,73.5038,80.9548,83.9478,0.04,0.035954,0.031752,0.040243,88.14,0.8814,86.4975,0.864975
2018-12-20 10:00:00,71.14,69.6112,64.3306,79.9419,64.3306,69.6112,79.9419,0.03,0.031811,0.027613,0.040889,88.66,0.8866,89.3617,0.893617
2018-12-20 10:15:00,58.72,58.4464,52.477,65.0963,52.477,58.4464,65.0963,0.03,0.023865,0.020969,0.033097,92.82,0.9282,92.213,0.92213
2018-12-20 10:30:00,68.72,69.363,63.4006,75.6536,63.4006,69.363,75.6536,0.03,0.030482,0.028183,0.03415,90.49,0.9049,89.2849,0.892849
2018-12-20 10:45:00,75.53,75.0685,68.3711,84.3243,68.3711,75.0685,84.3243,0.03,0.031096,0.028569,0.039028,90.17,0.9017,88.9642,0.889642
2018-12-20 11:00:00,77.51,74.3517,69.0765,79.6669,69.0765,74.3517,79.6669,0.04,0.032551,0.029893,0.038508,87.11,0.8711,87.0546,0.870546
2018-12-20 11:15:00,64.4,59.6326,55.438,67.6322,55.438,59.6326,67.6322,0.03,0.029861,0.02286,0.036199,90.85,0.9085,90.1039,0.901039
2018-12-20 11:30:00,63.0,62.765,56.0944,65.2384,56.0944,62.765,65.2384,0.03,0.029028,0.024341,0.031853,92.27,0.9227,90.8388,0.908388
2018-12-20 11:45:00,71.46,68.6627,65.2284,72.4633,65.2284,68.6627,72.4633,0.03,0.03052,0.027995,0.034743,89.56,0.8956,87.8963,0.878963
2018-12-20 12:00:00,71.06,71.3998,63.1827,71.9644,63.1827,71.3998,71.9644,0.03,0.029751,0.026238,0.03585,89.69,0.8969,87.1358,0.871358
2018-12-20 12:15:00,16.96,17.2376,9.7373,22.819,9.7373,17.2376,22.819,0.01,0.009211,0.000962,0.011892,99.99,0.9999,99.6137,0.996137
2018-12-20 12:30:00,7.67,7.0281,4.5344,10.909,4.5344,7.0281,10.909,0.0,0.0,0.0,0.002305,100.0,1.0,99.9697,0.999697
2018-12-20 12:45:00,7.49,7.2513,6.1758,10.7318,6.1758,7.2513,10.7318,0.0,0.0,0.0,0.002027,100.0,1.0,99.9712,0.999712
2018-12-20 13:00:00,6.66,6.5032,5.5455,10.8737,5.5455,6.5032,10.8737,0.0,0.0,0.0,0.001996,100.0,1.0,100.0058,1.000058
2018-12-20 13:15:00,42.7,43.0563,39.0363,50.6359,39.0363,43.0563,50.6359,0.02,0.020091,0.018084,0.026758,93.79,0.9379,94.0287,0.940287
2018-12-20 13:30:00,63.07,61.8147,54.8918,64.4635,54.8918,61.8147,64.4635,0.03,0.023618,0.022884,0.033186,91.7,0.917,89.8592,0.898592
2018-12-20 13:45:00,71.5,67.7423,61.4206,70.616,61.4206,67.7423,70.616,0.03,0.026981,0.026913,0.033048,91.63,0.9163,89.3025,0.893025
2018-12-20 14:00:00,76.9,75.6868,68.4736,79.5896,68.4736,75.6868,79.5896,0.04,0.031367,0.027921,0.037864,90.04,0.9004,87.7432,0.877432
2018-12-20 14:15:00,63.5,58.8708,55.2842,66.2108,55.2842,58.8708,66.2108,0.03,0.02961,0.022858,0.035669,90.68,0.9068,89.9937,0.899937
2018-12-20 14:30:00,78.41,77.1576,70.8243,78.6375,70.8243,77.1576,78.6375,0.04,0.035535,0.030933,0.038481,88.26,0.8826,86.9159,0.869159
2018-12-20 14:45:00,73.4,76.2017,64.4353,77.1635,64.4353,77.1635,76.2017,0.03,0.036513,0.029025,0.038876,90.13,0.9013,89.4007,0.894007
2018-12-20 15:00:00,64.44,63.7538,57.005,67.4244,57.005,63.7538,67.4244,0.03,0.028788,0.023103,0.034667,90.35,0.9035,89.823,0.89823
2018-12-20 15:15:00,60.26,59.889,53.9333,62.5714,53.9333,59.889,62.5714,0.03,0.02859,0.02318,0.031505,91.56,0.9156,91.1576,0.911576
2018-12-20 15:30:00,58.9,58.6388,53.7661,61.1042,53.7661,58.6388,61.1042,0.03,0.025091,0.023359,0.030933,91.09,0.9109,90.2634,0.902634
2018-12-20 15:45:00,60.59,60.6392,54.9715,61.5082,54.9715,60.6392,61.5082,0.03,0.024873,0.023692,0.030479,92.12,0.9212,90.759,0.90759
2018-12-20 16:00:00,56.92,55.4462,50.0203,57.6806,50.0203,55.4462,57.6806,0.03,0.02514,0.021129,0.029342,92.39,0.9239,91.1808,0.911808
2018-12-20 16:15:00,60.08,59.7812,54.5433,60.2232,54.5433,59.7812,60.2232,0.03,0.026614,0.023932,0.029928,91.46,0.9146,90.1132,0.901132
2018-12-20 16:30:00,58.68,57.5089,53.2834,59.4267,53.2834,57.5089,59.4267,0.03,0.024235,0.022918,0.029723,90.78,0.9078,89.7402,0.897402
2018-12-20 16:45:00,57.56,57.4707,52.4663,58.3826,52.4663,57.4707,58.3826,0.03,0.023255,0.021898,0.029562,91.67,0.9167,90.3359,0.903359
2018-12-20 17:00:00,46.51,46.0195,42.9178,51.1912,42.9178,46.0195,51.1912,0.02,0.020053,0.018453,0.025281,94.88,0.9488,93.8701,0.938701
2018-12-20 17:15:00,58.07,58.7548,53.6006,59.1563,53.6006,58.7548,59.1563,0.03,0.022432,0.022057,0.030389,93.57,0.9357,92.2174,0.922174
2018-12-20 17:30:00,41.22,37.5749,36.4653,44.2459,36.4653,37.5749,44.2459,0.02,0.019955,0.012606,0.021766,99.07,0.9907,97.2085,0.972085
2018-12-20 17:45:00,41.51,39.5416,36.1515,41.8001,36.1515,39.5416,41.8001,0.02,0.019964,0.015213,0.020382,99.26,0.9926,95.0937,0.950937
2018-12-20 18:00:00,24.8,23.9494,23.8311,30.3004,23.8311,23.9494,30.3004,0.01,0.0153,0.008597,0.016295,99.35,0.9935,98.4128,0.984128
2018-12-20 18:15:00,5.44,7.3118,4.5565,13.3324,4.5565,7.3118,13.3324,0.0,0.001474,0.0,0.006391,100.0,1.0,99.9874,0.999875
2018-12-20 18:30:00,5.18,5.2343,4.7185,9.2833,4.7185,5.2343,9.2833,0.0,0.0,0.0,0.002,100.0,1.0,99.975,0.99975
2018-12-20 18:45:00,5.29,5.0705,4.8133,8.9837,4.8133,5.0705,8.9837,0.0,0.0,0.0,0.001938,100.0,1.0,99.9714,0.999714
2018-12-20 19:00:00,5.29,5.0689,4.7646,8.9455,4.7646,5.0689,8.9455,0.0,3.2e-05,0.0,0.001935,100.0,1.0,99.9985,0.999985
2018-12-20 19:15:00,5.29,5.112,4.7646,8.9074,4.7646,5.112,8.9074,0.0,0.0,0.0,0.001936,100.0,1.0,99.9985,0.999985
2018-12-20 19:30:00,4.18,4.2971,3.9697,8.766,3.9697,4.2971,8.766,0.0,0.000194,0.0,0.001931,100.0,1.0,99.9985,0.999985
2018-12-20 19:45:00,4.07,4.1481,4.0142,8.388,4.0142,4.1481,8.388,0.0,0.0,0.0,0.001937,100.0,1.0,99.9985,0.999985
2018-12-20 20:00:00,4.1,4.1078,3.9305,8.1693,3.9305,4.1078,8.1693,0.0,0.000123,0.0,0.001937,100.0,1.0,99.9985,0.999985
2018-12-20 20:15:00,4.07,4.1302,3.9248,8.3552,3.9248,4.1302,8.3552,0.0,0.0,0.0,0.001937,100.0,1.0,99.9985,0.999985
2018-12-20 20:30:00,4.18,4.1839,3.9615,8.1449,3.9615,4.1839,8.1449,0.0,0.000115,0.0,0.001937,100.0,1.0,99.9985,0.999985
2018-12-20 20:45:00,4.1,4.1487,3.922,8.3294,3.922,4.1487,8.3294,0.0,0.000104,0.0,0.001937,100.0,1.0,99.9985,0.999985
2018-12-20 21:00:00,4.1,4.1498,3.9347,8.3226,3.9347,4.1498,8.3226,0.0,0.00012,0.0,0.001937,100.0,1.0,99.9985,0.999985
2018-12-20 21:15:00,4.14,4.1982,3.9497,8.3226,3.9497,4.1982,8.3226,0.0,0.000115,0.0,0.001937,100.0,1.0,99.9985,0.999985
2018-12-20 21:30:00,4.14,4.1498,4.0043,8.3294,4.0043,4.1498,8.3294,0.0,0.000138,0.0,0.001937,100.0,1.0,99.9985,0.999985
2018-12-20 21:45:00,4.21,4.234,4.0226,8.3294,4.0226,4.234,8.3294,0.0,0.000136,0.0,0.001937,100.0,1.0,99.9985,0.999985
2018-12-20 22:00:00,4.18,4.1981,4.0017,8.3294,4.0017,4.1981,8.3294,0.0,0.000215,0.0,0.001937,100.0,1.0,99.9738,0.999738
2018-12-20 22:15:00,3.85,3.9031,3.7946,8.3269,3.7946,3.9031,8.3269,0.0,0.0,0.0,0.001937,80.07,0.8007,77.7722,0.777722
2018-12-20 22:30:00,3.85,3.8342,3.6812,8.0229,3.6812,3.8342,8.0229,0.0,1.4e-05,0.0,0.001937,78.68,0.7868,70.091,0.70091
2018-12-20 22:45:00,4.64,4.5482,4.1457,8.3214,4.1457,4.5482,8.3214,0.0,5.1e-05,0.0,0.001937,84.39,0.8439,59.725,0.59725
2018-12-20 23:00:00,5.04,4.8827,4.2235,8.6733,4.2235,4.8827,8.6733,0.0,0.001937,0.0,0.002234,88.66,0.8866,70.9652,0.709652
2018-12-20 23:15:00,4.07,4.0921,3.7062,8.8557,3.7062,4.0921,8.8557,0.0,0.001973,0.0,0.003267,83.99,0.8399,71.8439,0.718439
2018-12-20 23:30:00,3.82,3.7307,3.6757,8.1437,3.6757,3.7307,8.1437,0.0,0.0,0.0,0.001973,83.87,0.8387,72.1054,0.721054
2018-12-20 23:45:00,3.85,3.8624,3.6562,8.0211,3.6562,3.8624,8.0211,0.0,0.0,0.0,0.001973,82.97,0.8297,72.0954,0.720954
2018-12-21 00:00:00,3.92,3.921,3.681,8.0509,3.681,3.921,8.0509,0.0,0.0,0.0,0.002055,81.96,0.8196,75.8652,0.758652
2018-12-21 00:15:00,3.89,3.7977,3.6668,7.9774,3.6668,3.7977,7.9774,0.0,0.0,0.0,0.001937,79.98,0.7998,74.2876,0.742876
2018-12-21 00:30:00,3.85,3.7258,3.6561,7.9637,3.6561,3.7258,7.9637,0.0,0.0,0.0,0.001937,78.28,0.7828,73.541,0.73541
2018-12-21 00:45:00,3.89,3.8016,3.7037,7.9679,3.7037,3.8016,7.9679,0.0,0.0,0.0,0.001937,79.29,0.7929,74.7618,0.747618
2018-12-21 01:00:00,3.89,3.7532,3.7037,7.9679,3.7037,3.7532,7.9679,0.0,0.0,0.0,0.001937,78.6,0.786,73.7767,0.737767
2018-12-21 01:15:00,3.96,3.84,3.7366,7.9679,3.7366,3.84,7.9679,0.0,1.4e-05,0.0,0.001937,78.45,0.7845,74.0122,0.740122
2018-12-21 01:30:00,3.89,3.8235,3.6872,7.9851,3.6872,3.8235,7.9851,0.0,1.4e-05,0.0,0.001937,78.2,0.782,73.4557,0.734557
2018-12-21 01:45:00,3.89,3.7532,3.7037,7.9679,3.7037,3.7532,7.9679,0.0,0.0,0.0,0.001937,76.84,0.7684,71.915,0.71915
2018-12-21 02:00:00,3.89,3.7532,3.7037,7.9679,3.7037,3.7532,7.9679,0.0,0.0,0.0,0.001937,77.52,0.7752,71.9481,0.719481
2018-12-21 02:15:00,3.92,3.7853,3.7186,7.9679,3.7186,3.7853,7.9679,0.0,0.0,0.0,0.001937,77.76,0.7776,72.3233,0.723233
2018-12-21 02:30:00,3.92,3.8224,3.7179,7.9816,3.7179,3.8224,7.9816,0.0,2.2e-05,0.0,0.001937,77.08,0.7708,71.9877,0.719877
2018-12-21 02:45:00,3.92,3.8224,3.7144,7.9816,3.7144,3.8224,7.9816,0.0,0.0,0.0,0.001937,76.41,0.7641,71.4651,0.714651
2018-12-21 03:00:00,3.96,3.8708,3.7294,7.9816,3.7294,3.8708,7.9816,0.0,0.0,0.0,0.001937,75.02,0.7502,71.2176,0.712176
2018-12-21 03:15:00,4.79,4.6173,4.2539,8.3174,4.2539,4.6173,8.3174,0.0,0.0,0.0,0.001937,81.38,0.8138,71.4796,0.714796
2018-12-21 03:30:00,4.5,4.3604,4.0863,8.7428,4.0863,4.3604,8.7428,0.0,0.001973,0.0,0.00267,79.28,0.7928,72.223,0.72223
2018-12-21 03:45:00,3.24,3.5994,3.5135,8.5424,3.5135,3.5994,8.5424,0.0,0.001973,0.0,0.00272,81.07,0.8107,73.8816,0.738816
2018-12-21 04:00:00,3.28,3.385,3.1326,7.7608,3.1326,3.385,7.7608,0.0,0.0,0.0,0.001973,80.59,0.8059,74.2772,0.742772
2018-12-21 04:15:00,3.24,3.2662,3.1236,7.7315,3.1236,3.2662,7.7315,0.0,0.0,0.0,0.001984,79.76,0.7976,75.0551,0.75055
2018-12-21 04:30:00,3.24,3.2648,3.112,7.6915,3.112,3.2648,7.6915,0.0,0.0,0.0,0.001973,79.76,0.7976,73.4237,0.734237
2018-12-21 04:45:00,3.28,3.291,3.1326,7.67,3.1326,3.291,7.67,0.0,0.0,0.0,0.001937,80.59,0.8059,75.3826,0.753826
2018-12-21 05:00:00,3.28,3.2762,3.1475,7.67,3.1475,3.2762,7.67,0.0,0.0,0.0,0.001937,80.59,0.8059,75.9483,0.759483
2018-12-21 05:15:00,3.28,3.2762,3.1475,7.67,3.1475,3.2762,7.67,0.0,0.0,0.0,0.001937,81.41,0.8141,76.6486,0.766486
2018-12-21 05:30:00,3.2,3.201,3.1026,7.67,3.1026,3.201,7.67,0.0,0.0,0.0,0.001937,81.2,0.812,76.275,0.76275
2018-12-21 05:45:00,3.24,3.262,3.1026,7.6387,3.1026,3.262,7.6387,0.0,0.0,0.0,0.001937,81.07,0.8107,76.4303,0.764303
2018-12-21 06:00:00,3.2,3.2193,3.0867,7.6565,3.0867,3.2193,7.6565,0.0,0.0,0.0,0.001937,81.56,0.8156,76.2029,0.762029
2018-12-21 06:15:00,3.67,3.6676,3.4398,7.8313,3.4398,3.6676,7.8313,0.0,0.0,0.0,0.001937,78.25,0.7825,74.1542,0.741542
2018-12-21 06:30:00,3.96,3.9323,3.5443,7.9053,3.5443,3.9323,7.9053,0.0,0.0,0.0,0.001937,76.35,0.7635,71.7898,0.717898
2018-12-21 06:45:00,3.92,3.7756,3.4422,7.8796,3.4422,3.7756,7.8796,0.0,0.0,0.0,0.001937,74.97,0.7497,70.6413,0.706413
2018-12-21 07:00:00,3.89,3.7498,3.4257,7.8812,3.4257,3.7498,7.8812,0.0,9e-06,0.0,0.001937,74.43,0.7443,68.8394,0.688394
2018-12-21 07:15:00,3.67,3.5828,3.4808,7.95,3.4808,3.5828,7.95,0.0,3.3e-05,0.0,0.001937,78.67,0.7867,74.8543,0.748543
2018-12-21 07:30:00,3.17,3.2856,3.2093,7.8799,3.2093,3.2856,7.8799,0.0,0.0,0.0,0.001937,83.12,0.8312,75.1323,0.751323
2018-12-21 07:45:00,5.44,4.7049,4.5005,10.515,4.5005,4.7049,10.515,0.0,0.0,0.0,0.002431,90.74,0.9074,80.0969,0.800969
2018-12-21 08:00:00,6.77,6.7415,5.5123,9.2224,5.5123,6.7415,9.2224,0.0,0.002211,0.0,0.003711,93.9,0.939,85.4336,0.854336
2018-12-21 08:15:00,28.8,30.7854,21.7839,35.0382,21.7839,30.7854,35.0382,0.01,0.013427,0.009466,0.015166,83.9,0.839,76.5374,0.765374
2018-12-21 08:30:00,54.22,52.4274,43.0429,53.3776,43.0429,52.4274,53.3776,0.02,0.023474,0.019545,0.025465,80.78,0.8078,76.0164,0.760164
2018-12-21 08:45:00,56.41,54.3488,50.2078,59.4226,50.2078,54.3488,59.4226,0.03,0.025125,0.02042,0.030517,86.14,0.8614,77.1672,0.771672
2018-12-21 09:00:00,56.74,54.8971,48.8878,57.0029,48.8878,54.8971,57.0029,0.03,0.021603,0.020016,0.029871,93.91,0.9391,92.3144,0.923144
2018-12-21 09:15:00,43.78,38.5927,36.686,42.8768,36.686,38.5927,42.8768,0.02,0.019963,0.01214,0.021553,99.58,0.9958,97.8207,0.978207
2018-12-21 09:30:00,47.52,45.7343,39.1039,48.3756,39.1039,45.7343,48.3756,0.02,0.020009,0.016472,0.023296,97.96,0.9796,97.0209,0.970209
2018-12-21 09:45:00,56.2,55.1078,50.5245,57.0372,50.5245,55.1078,57.0372,0.03,0.020695,0.020482,0.029195,93.14,0.9314,91.9987,0.919987
2018-12-21 10:00:00,51.59,49.5168,42.9466,52.7828,42.9466,49.5168,52.7828,0.02,0.020322,0.018186,0.027888,96.68,0.9668,94.853,0.94853
2018-12-21 10:15:00,66.64,63.4026,58.7934,64.9638,58.7934,63.4026,64.9638,0.03,0.028075,0.026073,0.033044,92.04,0.9204,89.6919,0.896919
2018-12-21 10:30:00,53.14,51.7203,44.685,55.0786,44.685,51.7203,55.0786,0.02,0.02148,0.018951,0.028099,95.16,0.9516,93.6712,0.936712
2018-12-21 10:45:00,58.54,58.0742,52.3786,59.0354,52.3786,58.0742,59.0354,0.03,0.028418,0.022365,0.029974,93.17,0.9317,91.9281,0.919281
2018-12-21 11:00:00,73.12,70.5639,65.5264,73.5973,65.5264,70.5639,73.5973,0.03,0.030719,0.028407,0.035264,89.22,0.8922,87.2735,0.872735
2018-12-21 11:15:00,67.79,63.1942,57.6799,67.0821,57.6799,63.1942,67.0821,0.03,0.030495,0.022902,0.034255,90.06,0.9006,88.4574,0.884574
2018-12-21 11:30:00,65.59,62.4569,56.8974,67.3076,56.8974,62.4569,67.3076,0.03,0.029843,0.02348,0.032672,90.68,0.9068,88.3757,0.883757
2018-12-21 11:45:00,57.85,56.395,49.778,59.5601,49.778,56.395,59.5601,0.03,0.027864,0.02009,0.030594,92.38,0.9238,91.4858,0.914858
2018-12-21 12:00:00,58.9,54.9827,51.2588,58.5422,51.2588,54.9827,58.5422,0.03,0.023677,0.021951,0.029857,90.4,0.904,89.2325,0.892325
2018-12-21 12:15:00,7.42,5.7609,4.88,16.8276,4.88,5.7609,16.8276,0.0,0.0,0.0,0.004985,100.0,1.0,99.7982,0.997982
2018-12-21 12:30:00,8.35,8.3522,6.7204,11.0649,6.7204,8.3522,11.0649,0.0,0.0,0.0,0.002031,100.0,1.0,99.9584,0.999584
2018-12-21 12:45:00,7.67,7.2658,5.4693,10.9942,5.4693,7.2658,10.9942,0.0,0.0,0.0,0.001993,100.0,1.0,99.9712,0.999712
2018-12-21 13:00:00,7.2,6.6549,5.6376,10.6038,5.6376,6.6549,10.6038,0.0,1e-05,0.0,0.001984,100.0,1.0,100.0058,1.000058
2018-12-21 13:15:00,39.74,39.7722,36.9358,44.9163,36.9358,39.7722,44.9163,0.02,0.020018,0.018207,0.021857,94.79,0.9479,95.2254,0.952254
2018-12-21 13:30:00,58.03,55.7641,48.7803,59.7552,48.7803,55.7641,59.7552,0.03,0.022456,0.020377,0.030066,91.09,0.9109,90.4342,0.904342
2018-12-21 13:45:00,63.97,63.6081,58.3187,64.4374,58.3187,63.6081,64.4374,0.03,0.030317,0.025139,0.031042,89.25,0.8925,88.0785,0.880785
2018-12-21 14:00:00,56.34,54.6903,48.8948,57.6527,48.8948,54.6903,57.6527,0.03,0.027197,0.019711,0.029257,91.31,0.9131,90.4202,0.904202
2018-12-21 14:15:00,69.62,68.0061,61.9278,70.2965,61.9278,68.0061,70.2965,0.03,0.028588,0.028263,0.034508,90.91,0.9091,88.9721,0.889721
2018-12-21 14:30:00,60.34,58.3402,52.7492,60.7575,52.7492,58.3402,60.7575,0.03,0.028601,0.021074,0.031386,91.56,0.9156,89.9661,0.899661
2018-12-21 14:45:00,57.74,55.9012,50.7369,58.3349,50.7369,55.9012,58.3349,0.03,0.023936,0.021335,0.029643,91.59,0.9159,90.304,0.90304
2018-12-21 15:00:00,68.04,66.2278,61.586,69.8928,61.586,66.2278,69.8928,0.03,0.030936,0.027703,0.032802,89.22,0.8922,87.891,0.87891
2018-12-21 15:15:00,67.68,65.7145,62.2679,69.5977,62.2679,65.7145,69.5977,0.03,0.030018,0.025358,0.032507,89.71,0.8971,87.9619,0.879619
2018-12-21 15:30:00,58.32,56.659,51.1673,59.9023,51.1673,56.659,59.9023,0.03,0.027819,0.020691,0.030492,92.67,0.9267,91.3393,0.913393
2018-12-21 15:45:00,65.48,64.9438,59.3578,66.3735,59.3578,64.9438,66.3735,0.03,0.02938,0.027056,0.031241,90.15,0.9015,88.497,0.88497
2018-12-21 16:00:00,63.0,61.3005,55.4949,64.336,55.4949,61.3005,64.336,0.03,0.028269,0.023543,0.031529,89.36,0.8936,88.1465,0.881465
2018-12-21 16:15:00,69.73,68.1127,63.6998,70.1975,63.6998,68.1127,70.1975,0.03,0.03017,0.027344,0.032805,89.71,0.8971,87.8407,0.878407
2018-12-21 16:30:00,59.69,58.727,51.7577,60.6724,51.7577,58.727,60.6724,0.03,0.027558,0.021035,0.031177,94.23,0.9423,92.5233,0.925233
2018-12-21 16:45:00,63.32,62.4397,56.0361,62.5527,56.0361,62.5527,62.4397,0.03,0.027676,0.024343,0.030054,93.45,0.9345,91.6732,0.916732
2018-12-21 17:00:00,62.32,61.7964,55.5471,62.7495,55.5471,62.7495,61.7964,0.03,0.027876,0.02329,0.030381,93.04,0.9304,90.926,0.90926
2018-12-21 17:15:00,52.78,52.1147,47.4417,54.6672,47.4417,52.1147,54.6672,0.02,0.023942,0.019492,0.027131,94.17,0.9417,93.2078,0.932078
2018-12-21 17:30:00,45.86,43.2229,39.4761,49.0294,39.4761,43.2229,49.0294,0.02,0.019982,0.015903,0.026531,97.45,0.9745,96.4066,0.964066
2018-12-21 17:45:00,30.78,28.3375,26.6519,34.6547,26.6519,28.3375,34.6547,0.01,0.016449,0.010167,0.016991,99.64,0.9964,99.1553,0.991553
2018-12-21 18:00:00,8.21,8.4518,5.5981,12.9061,5.5981,8.4518,12.9061,0.0,0.005682,2.4e-05,0.007336,100.0,1.0,99.9072,0.999072
2018-12-21 18:15:00,5.51,5.5576,4.3376,10.5083,4.3376,5.5576,10.5083,0.0,0.002674,0.0,0.005423,100.0,1.0,99.9762,0.999762
2018-12-21 18:30:00,5.4,5.3417,4.8628,9.3055,4.8628,5.3417,9.3055,0.0,0.0,0.0,0.001925,100.0,1.0,99.975,0.99975
2018-12-21 18:45:00,5.62,5.3262,4.9782,8.9572,4.9782,5.3262,8.9572,0.0,0.0,0.0,0.001929,100.0,1.0,99.9714,0.999714
2018-12-21 19:00:00,5.54,5.2254,5.0368,9.0835,5.0368,5.2254,9.0835,0.0,0.000245,0.0,0.001952,100.0,1.0,99.9985,0.999985
2018-12-21 19:15:00,5.54,5.297,4.9664,8.9547,4.9664,5.297,8.9547,0.0,0.0,0.0,0.001939,100.0,1.0,99.9985,0.999985
2018-12-21 19:30:00,5.51,5.3028,4.947,8.9013,4.947,5.3028,8.9013,0.0,0.0,0.0,0.001941,100.0,1.0,99.9985,0.999985
2018-12-21 19:45:00,5.47,5.3002,4.9157,8.8319,4.9157,5.3002,8.8319,0.0,0.000166,0.0,0.001931,100.0,1.0,99.9985,0.999985
2018-12-21 20:00:00,5.54,5.3673,4.8712,8.8319,4.8712,5.3673,8.8319,0.0,0.000166,0.0,0.001931,100.0,1.0,99.9985,0.999985
2018-12-21 20:15:00,5.47,5.2783,4.8931,8.9013,4.8931,5.2783,8.9013,0.0,0.000176,0.0,0.001941,100.0,1.0,99.9985,0.999985
2018-12-21 20:30:00,5.44,5.2954,4.786,8.8319,4.786,5.2954,8.8319,0.0,0.000176,0.0,0.001931,100.0,1.0,99.9985,0.999985
2018-12-21 20:45:00,5.47,5.3283,4.8179,8.8319,4.8179,5.3283,8.8319,0.0,0.000176,0.0,0.001931,100.0,1.0,99.9985,0.999985
2018-12-21 21:00:00,5.44,5.2954,4.786,8.8319,4.786,5.2954,8.8319,0.0,0.000176,0.0,0.001931,100.0,1.0,99.9985,0.999985
2018-12-21 21:15:00,5.54,5.3641,4.8452,8.8319,4.8452,5.3641,8.8319,0.0,0.000176,0.0,0.001931,100.0,1.0,99.9985,0.999985
2018-12-21 21:30:00,5.4,5.2464,4.8704,8.9013,4.8704,5.2464,8.9013,0.0,0.000176,0.0,0.001941,100.0,1.0,99.9985,0.999985
2018-12-21 21:45:00,5.44,5.2768,4.8179,8.8319,4.8179,5.2768,8.8319,0.0,0.000176,0.0,0.001931,100.0,1.0,99.9985,0.999985
2018-12-21 22:00:00,5.44,5.3097,4.8054,8.8319,4.8054,5.3097,8.8319,0.0,0.000176,0.0,0.001931,100.0,1.0,99.9738,0.999738
2018-12-21 22:15:00,5.18,4.9701,4.9199,8.9742,4.9199,4.9701,8.9742,0.0,4.8e-05,0.0,0.002005,85.08,0.8508,77.1784,0.771784
2018-12-21 22:30:00,5.26,5.078,4.8094,9.0111,4.8094,5.078,9.0111,0.0,0.001937,0.0,0.002749,84.64,0.8464,69.8222,0.698222
2018-12-21 22:45:00,5.15,4.9468,4.7478,9.0111,4.7478,4.9468,9.0111,0.0,0.001937,0.0,0.003142,85.97,0.8597,70.7875,0.707875
2018-12-21 23:00:00,5.15,5.0049,4.7832,9.0111,4.7832,5.0049,9.0111,0.0,0.001937,0.0,0.002746,86.26,0.8626,70.9991,0.709991
2018-12-21 23:15:00,5.11,4.9722,4.7538,9.0111,4.7538,4.9722,9.0111,0.0,0.0,0.0,0.001937,89.69,0.8969,63.3828,0.633828
2018-12-21 23:30:00,4.57,4.4383,4.3955,8.958,4.3955,4.4383,8.958,0.0,0.0,0.0,0.001937,88.69,0.8869,72.3092,0.723092
2018-12-21 23:45:00,4.0,4.0154,3.8584,8.6073,3.8584,4.0154,8.6073,0.0,0.001937,0.0,0.003247,83.56,0.8356,72.067,0.72067
2018-12-22 00:00:00,3.31,3.4885,3.394,8.1201,3.394,3.4885,8.1201,0.0,0.0,0.0,0.002276,83.75,0.8375,74.0001,0.740001
2018-12-22 00:15:00,4.0,4.1169,3.6852,8.0667,3.6852,4.1169,8.0667,0.0,0.0,0.0,0.001973,81.15,0.8115,75.7371,0.757371
2018-12-22 00:30:00,4.0,3.8567,3.475,8.0019,3.475,3.8567,8.0019,0.0,0.0,0.0,0.001973,78.75,0.7875,74.0573,0.740573
2018-12-22 00:45:00,4.0,3.8567,3.475,7.9762,3.475,3.8567,7.9762,0.0,0.0,0.0,0.001937,78.75,0.7875,73.9411,0.739412
2018-12-22 01:00:00,4.1,3.9497,3.5358,7.9796,3.5358,3.9497,7.9796,0.0,0.0,0.0,0.001937,78.83,0.7883,72.8354,0.728354
2018-12-22 01:15:00,3.96,3.9792,3.7892,8.2884,3.7892,3.9792,8.2884,0.0,0.0,0.0,0.001937,79.13,0.7913,73.2241,0.732241
2018-12-22 01:30:00,4.03,3.9817,3.8001,8.0195,3.8001,3.9817,8.0195,0.0,2.1e-05,0.0,0.001937,78.31,0.7831,72.4689,0.724689
2018-12-22 01:45:00,4.03,3.9432,3.8065,8.0975,3.8065,3.9432,8.0975,0.0,1.2e-05,0.0,0.001937,78.6,0.786,72.1822,0.721822
2018-12-22 02:00:00,3.96,3.8881,3.7629,8.0975,3.7629,3.8881,8.0975,0.0,0.0,0.0,0.001937,78.07,0.7807,72.1377,0.721377
2018-12-22 02:15:00,4.07,4.001,3.8339,8.0276,3.8339,4.001,8.0276,0.0,0.0,0.0,0.001937,79.27,0.7927,74.486,0.74486
2018-12-22 02:30:00,4.07,3.9432,3.8365,8.0975,3.8365,3.9432,8.0975,0.0,1.2e-05,0.0,0.001937,78.24,0.7824,72.1822,0.721822
2018-12-22 02:45:00,3.67,3.5625,3.5291,8.066,3.5625,3.5291,8.066,0.0,2.3e-05,0.0,0.001937,79.09,0.7909,72.3427,0.723427
2018-12-22 03:00:00,3.31,3.3975,3.2691,7.8852,3.2691,3.3975,7.8852,0.0,4e-05,0.0,0.001937,82.47,0.8247,74.0093,0.740094
2018-12-22 03:15:00,3.82,3.8066,3.5094,7.9159,3.5094,3.8066,7.9159,0.0,0.0,0.0,0.001937,80.25,0.8025,74.7761,0.747761
2018-12-22 03:30:00,4.07,3.9915,3.5586,7.953,3.5586,3.9915,7.953,0.0,0.0,0.0,0.001937,78.24,0.7824,70.9314,0.709314
2018-12-22 03:45:00,3.42,3.3318,3.1178,7.9617,3.1178,3.3318,7.9617,0.0,0.0,0.0,0.001937,81.74,0.8174,73.0446,0.730446
2018-12-22 04:00:00,3.38,3.3726,3.2158,7.7306,3.2158,3.3726,7.7306,0.0,7e-06,0.0,0.001937,81.42,0.8142,75.1217,0.751217
2018-12-22 04:15:00,3.31,3.3564,3.1651,7.7408,3.1651,3.3564,7.7408,0.0,0.0,0.0,0.001937,81.66,0.8166,75.7627,0.757627
2018-12-22 04:30:00,3.38,3.4031,3.1998,7.7142,3.1998,3.4031,7.7142,0.0,0.0,0.0,0.001937,82.67,0.8267,76.1119,0.761119
2018-12-22 04:45:00,3.35,3.3535,3.1594,7.6926,3.1594,3.3535,7.6926,0.0,0.0,0.0,0.001937,81.98,0.8198,75.7842,0.757842
2018-12-22 05:00:00,3.38,3.3523,3.2053,7.6926,3.2053,3.3523,7.6926,0.0,0.0,0.0,0.001937,81.42,0.8142,76.458,0.76458
2018-12-22 05:15:00,3.42,3.4378,3.2053,7.6926,3.2053,3.4378,7.6926,0.0,0.0,0.0,0.001937,81.74,0.8174,76.3418,0.763418
2018-12-22 05:30:00,3.96,3.8835,3.5647,7.8915,3.5647,3.8835,7.8915,0.0,0.0,0.0,0.001937,76.73,0.7673,72.1022,0.721022
2018-12-22 05:45:00,4.07,3.9568,3.5182,7.9182,3.5182,3.9568,7.9182,0.0,0.0,0.0,0.001937,76.93,0.7693,71.3488,0.713488
2018-12-22 06:00:00,4.07,3.8827,3.5526,8.0148,3.5526,3.8827,8.0148,0.0,0.0,0.0,0.001937,75.91,0.7591,71.4362,0.714362
2018-12-22 06:15:00,4.0,3.8276,3.5195,8.0239,3.5195,3.8276,8.0239,0.0,0.0,0.0,0.001937,77.71,0.7771,72.6889,0.726889
2018-12-22 06:30:00,3.38,3.4088,3.4028,8.0399,3.4088,3.4028,8.0399,0.0,2.3e-05,0.0,0.001937,80.17,0.8017,72.7091,0.727091
2018-12-22 06:45:00,3.35,3.3867,3.1833,7.7499,3.1833,3.3867,7.7499,0.0,3.2e-05,0.0,0.001937,79.91,0.7991,73.9317,0.739317
2018-12-22 07:00:00,3.35,3.3752,3.1848,7.7193,3.1848,3.3752,7.7193,0.0,0.0,0.0,0.001937,78.66,0.7866,75.7647,0.757647
2018-12-22 07:15:00,3.31,3.3427,3.1594,7.7142,3.1594,3.3427,7.7142,0.0,0.0,0.0,0.001937,80.38,0.8038,73.5004,0.735004
2018-12-22 07:30:00,3.85,3.7968,3.5103,7.8802,3.5103,3.7968,7.8802,0.0,0.0,0.0,0.001937,75.83,0.7583,69.7954,0.697954
2018-12-22 07:45:00,4.03,3.9306,3.5324,7.8985,3.5324,3.9306,7.8985,0.0,0.0,0.0,0.001937,75.22,0.7522,68.0231,0.680231
2018-12-22 08:00:00,3.35,3.555,3.1386,7.9666,3.1386,3.555,7.9666,0.0,0.0,0.0,0.002055,81.98,0.8198,74.3981,0.743981
2018-12-22 08:15:00,3.31,3.5851,3.1746,7.7664,3.1746,3.5851,7.7664,0.0,0.000439,0.0,0.002105,83.75,0.8375,76.5548,0.765548
2018-12-22 08:30:00,3.24,3.544,3.1209,7.7664,3.1209,3.544,7.7664,0.0,0.000114,0.0,0.002105,83.21,0.8321,76.1687,0.761687
2018-12-22 08:45:00,3.38,3.506,3.2328,7.7009,3.2328,3.506,7.7009,0.0,4.2e-05,0.0,0.001973,96.63,0.9663,87.7798,0.877798
2018-12-22 09:00:00,3.82,3.788,3.4623,7.8249,3.4623,3.788,7.8249,0.0,8e-06,0.0,0.001975,100.0,1.0,99.9153,0.999153
2018-12-22 09:15:00,4.28,4.1502,3.6559,8.0074,3.6559,4.1502,8.0074,0.0,8e-06,0.0,0.001975,100.0,1.0,99.9934,0.999934
2018-12-22 09:30:00,4.28,4.0838,3.6705,8.2991,3.6705,4.0838,8.2991,0.0,0.0,0.0,0.001975,100.0,1.0,99.9986,0.999986
2018-12-22 09:45:00,4.32,4.1576,3.7329,8.3467,3.7329,4.1576,8.3467,0.0,0.0,0.0,0.001975,100.0,1.0,99.9986,0.999986
2018-12-22 10:00:00,4.21,4.1561,3.8924,8.4331,3.8924,4.1561,8.4331,0.0,0.0,0.0,0.001976,100.0,1.0,100.0077,1.000077
2018-12-22 10:15:00,3.6,3.6576,3.6507,8.4273,3.6507,3.6576,8.4273,0.0,0.000212,0.0,0.001976,100.0,1.0,100.0077,1.000077
2018-12-22 10:30:00,3.6,3.6557,3.4779,7.9664,3.4779,3.6557,7.9664,0.0,0.000176,0.0,0.001976,100.0,1.0,100.0077,1.000077
2018-12-22 10:45:00,3.6,3.5747,3.4771,7.9079,3.4771,3.5747,7.9079,0.0,0.000171,0.0,0.001976,100.0,1.0,100.0077,1.000077
2018-12-22 11:00:00,3.6,3.6719,3.4825,7.9486,3.4825,3.6719,7.9486,0.0,0.000116,0.0,0.001997,100.0,1.0,100.0133,1.000133
2018-12-22 11:15:00,3.6,3.6599,3.4832,7.9395,3.4832,3.6599,7.9395,0.0,9e-06,0.0,0.001997,100.0,1.0,99.9821,0.999821
2018-12-22 11:30:00,3.6,3.6599,3.4825,7.9395,3.4825,3.6599,7.9395,0.0,9e-06,0.0,0.001997,100.0,1.0,99.9869,0.999869
2018-12-22 11:45:00,3.6,3.6599,3.4825,7.9395,3.4825,3.6599,7.9395,0.0,9e-06,0.0,0.001997,100.0,1.0,99.9869,0.999869
2018-12-22 12:00:00,3.6,3.6432,3.4825,7.9395,3.4825,3.6432,7.9395,0.0,9e-06,0.0,0.001997,100.0,1.0,99.9139,0.999139
2018-12-22 12:15:00,3.71,3.7734,3.5372,7.9476,3.5372,3.7734,7.9476,0.0,4e-06,0.0,0.001971,100.0,1.0,99.9358,0.999358
2018-12-22 12:30:00,4.39,4.4994,3.9182,8.2428,3.9182,4.4994,8.2428,0.0,5e-06,0.0,0.001971,100.0,1.0,99.9688,0.999688
2018-12-22 12:45:00,4.1,3.898,3.674,8.3712,3.674,3.898,8.3712,0.0,0.0,0.0,0.001971,100.0,1.0,99.9698,0.999698
2018-12-22 13:00:00,3.71,3.7128,3.4524,8.3131,3.4524,3.7128,8.3131,0.0,0.000101,0.0,0.001971,100.0,1.0,100.0058,1.000058
2018-12-22 13:15:00,4.28,4.3221,3.8355,8.2195,3.8355,4.3221,8.2195,0.0,0.000188,0.0,0.002002,100.0,1.0,100.0012,1.000012
2018-12-22 13:30:00,4.25,4.2792,3.8087,8.4822,3.8087,4.2792,8.4822,0.0,0.0,0.0,0.002002,100.0,1.0,100.0058,1.000058
2018-12-22 13:45:00,4.25,4.2918,3.8297,8.4822,3.8297,4.2918,8.4822,0.0,0.0,0.0,0.002002,100.0,1.0,100.0058,1.000058
2018-12-22 14:00:00,4.21,4.1679,3.8016,8.4315,3.8016,4.1679,8.4315,0.0,0.0,0.0,0.001976,100.0,1.0,99.9886,0.999886
2018-12-22 14:15:00,3.67,3.6753,3.659,8.4273,3.6753,3.659,8.4273,0.0,0.000196,0.0,0.001976,100.0,1.0,99.9886,0.999886
2018-12-22 14:30:00,3.46,3.5578,3.4281,7.9919,3.4281,3.5578,7.9919,0.0,0.000151,0.0,0.001976,100.0,1.0,99.9886,0.999886
2018-12-22 14:45:00,3.49,3.4576,3.3611,7.7681,3.3611,3.4576,7.7681,0.0,0.000137,0.0,0.001976,100.0,1.0,99.9886,0.999886
2018-12-22 15:00:00,3.53,3.4739,3.3653,7.7726,3.3653,3.4739,7.7726,0.0,0.000113,0.0,0.001975,100.0,1.0,100.0043,1.000043
2018-12-22 15:15:00,3.56,3.5635,3.4259,7.8139,3.4259,3.5635,7.8139,0.0,6e-06,0.0,0.001975,100.0,1.0,100.0043,1.000043
2018-12-22 15:30:00,3.53,3.5009,3.3831,7.8215,3.3831,3.5009,7.8215,0.0,6e-06,0.0,0.001975,100.0,1.0,100.0043,1.000043
2018-12-22 15:45:00,3.56,3.5635,3.4259,7.8139,3.4259,3.5635,7.8139,0.0,6e-06,0.0,0.001975,100.0,1.0,100.0043,1.000043
2018-12-22 16:00:00,3.56,3.5256,3.4085,7.8098,3.4085,3.5256,7.8098,0.0,6e-06,0.0,0.001964,100.0,1.0,100.0006,1.000006
2018-12-22 16:15:00,3.49,3.4705,3.3649,7.8098,3.3649,3.4705,7.8098,0.0,6e-06,0.0,0.001964,100.0,1.0,100.0006,1.000006
2018-12-22 16:30:00,3.53,3.4739,3.3653,7.7479,3.3653,3.4739,7.7479,0.0,6e-06,0.0,0.001964,100.0,1.0,100.0006,1.000006
2018-12-22 16:45:00,3.56,3.5635,3.4227,7.7942,3.4227,3.5635,7.7942,0.0,6e-06,0.0,0.001964,100.0,1.0,100.0006,1.000006
2018-12-22 17:00:00,4.68,4.6135,4.36,8.1719,4.36,4.6135,8.1719,0.0,5e-06,0.0,0.001964,100.0,1.0,99.9916,0.999916
2018-12-22 17:15:00,5.44,5.0765,4.4663,8.8492,4.4663,5.0765,8.8492,0.0,0.0,0.0,0.001963,100.0,1.0,99.9918,0.999918
2018-12-22 17:30:00,4.46,4.3585,3.8957,8.7183,3.8957,4.3585,8.7183,0.0,0.0,0.0,0.001976,100.0,1.0,99.9985,0.999985
2018-12-22 17:45:00,4.28,4.1972,3.8517,8.5046,3.8517,4.1972,8.5046,0.0,0.0,0.0,0.001963,100.0,1.0,99.9985,0.999985
2018-12-22 18:00:00,4.07,4.0769,3.917,8.4008,3.917,4.0769,8.4008,0.0,0.0,0.0,0.001937,100.0,1.0,99.975,0.99975
2018-12-22 18:15:00,3.6,3.5911,3.5646,8.1236,3.5646,3.5911,8.1236,0.0,0.0,0.0,0.001937,100.0,1.0,99.975,0.99975
2018-12-22 18:30:00,3.67,3.7583,3.5169,7.941,3.5169,3.7583,7.941,0.0,6.1e-05,0.0,0.001937,100.0,1.0,99.9762,0.999762
2018-12-22 18:45:00,3.67,3.645,3.5159,7.9056,3.5159,3.645,7.9056,0.0,0.000144,0.0,0.001937,100.0,1.0,99.975,0.99975
2018-12-22 19:00:00,3.71,3.7011,3.5338,7.9056,3.5338,3.7011,7.9056,0.0,0.0,0.0,0.001937,100.0,1.0,99.9985,0.999985
2018-12-22 19:15:00,3.74,3.6958,3.5338,7.9096,3.5338,3.6958,7.9096,0.0,0.0,0.0,0.001937,100.0,1.0,99.9985,0.999985
2018-12-22 19:30:00,3.71,3.6416,3.5234,7.9153,3.5234,3.6416,7.9153,0.0,0.0,0.0,0.001937,100.0,1.0,99.9985,0.999985
2018-12-22 19:45:00,3.74,3.6958,3.5554,7.9153,3.5554,3.6958,7.9153,0.0,0.0,0.0,0.001937,100.0,1.0,99.9985,0.999985
2018-12-22 20:00:00,3.67,3.6113,3.5134,7.9195,3.5134,3.6113,7.9195,0.0,0.0,0.0,0.001937,100.0,1.0,99.9985,0.999985
2018-12-22 20:15:00,3.67,3.6469,3.5383,7.9023,3.5383,3.6469,7.9023,0.0,0.0,0.0,0.001937,100.0,1.0,99.9985,0.999985
2018-12-22 20:30:00,3.67,3.6469,3.5383,7.9023,3.5383,3.6469,7.9023,0.0,0.0,0.0,0.001937,100.0,1.0,99.9985,0.999985
2018-12-22 20:45:00,3.67,3.6469,3.5383,7.9023,3.5383,3.6469,7.9023,0.0,0.0,0.0,0.001937,100.0,1.0,99.9985,0.999985
2018-12-22 21:00:00,4.18,4.1098,3.7695,8.0944,3.7695,4.1098,8.0944,0.0,0.0,0.0,0.001937,100.0,1.0,100.0001,1.000001
2018-12-22 21:15:00,4.61,4.426,3.9429,8.3695,3.9429,4.426,8.3695,0.0,0.0,0.0,0.001937,100.0,1.0,100.0001,1.000001
2018-12-22 21:30:00,5.51,5.2113,4.5368,8.8658,4.5368,5.2113,8.8658,0.0,0.0,0.0,0.001937,100.0,1.0,99.9916,0.999916
2018-12-22 21:45:00,4.43,4.3249,3.8627,8.7028,3.8627,4.3249,8.7028,0.0,0.0,0.0,0.001931,100.0,1.0,99.9985,0.999985
2018-12-22 22:00:00,4.1,3.9624,3.9201,8.4369,3.9201,3.9624,8.4369,0.0,0.0,0.0,0.001937,100.0,1.0,99.9738,0.999738
2018-12-22 22:15:00,3.46,3.58,3.5546,8.3094,3.5546,3.58,8.3094,0.0,0.001973,0.0,0.002397,83.28,0.8328,76.028,0.76028
2018-12-22 22:30:00,3.38,3.4477,3.2991,7.8258,3.2991,3.4477,7.8258,0.0,0.00014,0.0,0.001983,80.17,0.8017,60.934,0.60934
2018-12-22 22:45:00,3.42,3.471,3.2425,7.7499,3.2425,3.471,7.7499,0.0,0.0,0.0,0.001973,80.51,0.8051,69.1739,0.691739
2018-12-22 23:00:00,3.38,3.3928,3.2562,7.7521,3.2562,3.3928,7.7521,0.0,1e-06,0.0,0.001937,80.17,0.8017,60.4984,0.604984
2018-12-22 23:15:00,3.35,3.3867,3.1966,7.7142,3.1966,3.3867,7.7142,0.0,0.0,0.0,0.001937,82.44,0.8244,61.5406,0.615406
2018-12-22 23:30:00,3.31,3.315,3.1727,7.6926,3.1727,3.315,7.6926,0.0,0.0,0.0,0.001937,84.21,0.8421,71.8046,0.718046
2018-12-22 23:45:00,3.31,3.3009,3.1614,7.6926,3.1614,3.3009,7.6926,0.0,0.0,0.0,0.001937,84.21,0.8421,71.7755,0.717755
2018-12-23 00:00:00,3.78,3.7561,3.4877,7.9028,3.4877,3.7561,7.9028,0.0,0.0,0.0,0.00202,80.66,0.8066,73.9068,0.739068
2018-12-23 00:15:00,3.31,3.3301,3.1065,7.8096,3.1065,3.3301,7.8096,0.0,0.0,0.0,0.001937,82.93,0.8293,73.4338,0.734338
2018-12-23 00:30:00,3.35,3.3552,3.185,7.6926,3.185,3.3552,7.6926,0.0,0.0,0.0,0.001937,81.52,0.8152,75.8455,0.758455
2018-12-23 00:45:00,3.42,3.4011,3.2504,7.6926,3.2504,3.4011,7.6926,0.0,0.0,0.0,0.001937,80.06,0.8006,74.9653,0.749653
2018-12-23 01:00:00,4.93,4.915,4.3954,8.2229,4.3954,4.915,8.2229,0.0,1e-06,0.0,0.001935,79.9,0.799,68.9081,0.689081
2018-12-23 01:15:00,4.93,4.6514,4.0553,8.685,4.0553,4.6514,8.685,0.0,0.001984,0.0,0.002476,78.81,0.7881,72.4575,0.724575
2018-12-23 01:30:00,4.14,4.1005,3.5413,8.73,3.5413,4.1005,8.73,0.0,0.001984,0.0,0.002576,71.92,0.7192,71.7079,0.717079
2018-12-23 01:45:00,4.07,4.004,3.5911,8.2929,3.5911,4.004,8.2929,0.0,0.000959,0.0,0.001973,70.45,0.7045,69.6116,0.696116
2018-12-23 02:00:00,3.49,3.5139,3.5119,8.1236,3.5139,3.5119,8.1236,0.0,0.0,0.0,0.001973,76.37,0.7637,73.0582,0.730582
2018-12-23 02:15:00,3.46,3.4935,3.322,7.8258,3.322,3.4935,7.8258,0.0,0.0,0.0,0.001973,78.4,0.784,74.0727,0.740727
2018-12-23 02:30:00,3.49,3.4752,3.3604,7.7612,3.3604,3.4752,7.7612,0.0,6e-06,0.0,0.001937,78.66,0.7866,72.3794,0.723794
2018-12-23 02:45:00,3.42,3.3822,3.2972,7.7521,3.2972,3.3822,7.7521,0.0,0.0,0.0,0.001937,77.71,0.7771,71.9492,0.719492
2018-12-23 03:00:00,3.42,3.4202,3.2868,7.7255,3.2868,3.4202,7.7255,0.0,0.0,0.0,0.001937,75.28,0.7528,71.1874,0.711874
2018-12-23 03:15:00,3.46,3.4744,3.3104,7.7255,3.3104,3.4744,7.7255,0.0,0.0,0.0,0.001937,75.66,0.7566,71.1096,0.711096
2018-12-23 03:30:00,3.42,3.4099,3.2665,7.7255,3.2665,3.4099,7.7255,0.0,0.0,0.0,0.001937,75.72,0.7572,70.7061,0.707061
2018-12-23 03:45:00,3.53,3.5489,3.3441,7.7336,3.3441,3.5489,7.7336,0.0,0.0,0.0,0.001937,77.48,0.7748,71.577,0.71577
2018-12-23 04:00:00,3.46,3.4881,3.3032,7.7719,3.3032,3.4881,7.7719,0.0,0.0,0.0,0.001937,77.3,0.773,71.8416,0.718416
2018-12-23 04:15:00,3.42,3.4099,3.2634,7.7255,3.2634,3.4099,7.7255,0.0,0.0,0.0,0.001937,76.05,0.7605,71.1226,0.711226
2018-12-23 04:30:00,3.6,3.6299,3.4223,7.7527,3.4223,3.6299,7.7527,0.0,0.0,0.0,0.001937,74.74,0.7474,69.3483,0.693483
2018-12-23 04:45:00,4.14,4.0623,3.6537,8.022,3.6537,4.0623,8.022,0.0,0.0,0.0,0.001937,71.66,0.7166,64.0037,0.640037
2018-12-23 05:00:00,5.18,4.8744,4.2963,8.554,4.2963,4.8744,8.554,0.0,0.001122,0.0,0.001937,79.15,0.7915,68.1163,0.681163
2018-12-23 05:15:00,4.64,4.3404,4.0379,8.8209,4.0379,4.3404,8.8209,0.0,0.001984,0.0,0.002784,77.2,0.772,73.1857,0.731857
2018-12-23 05:30:00,4.1,3.923,3.6263,8.5603,3.6263,3.923,8.5603,0.0,0.001973,0.0,0.002356,73.52,0.7352,69.479,0.69479
2018-12-23 05:45:00,3.49,3.5977,3.5807,8.3094,3.5807,3.5977,8.3094,0.0,0.001124,0.0,0.001973,77.89,0.7789,73.6766,0.736766
2018-12-23 06:00:00,3.38,3.4452,3.3024,7.8258,3.3024,3.4452,7.8258,0.0,0.0,0.0,0.001973,80.63,0.8063,75.654,0.75654
2018-12-23 06:15:00,3.35,3.3867,3.1985,7.7499,3.1985,3.3867,7.7499,0.0,0.0,0.0,0.001973,79.91,0.7991,73.9315,0.739315
2018-12-23 06:30:00,3.46,3.4763,3.2688,7.7223,3.2688,3.4763,7.7223,0.0,6e-06,0.0,0.001937,80.39,0.8039,76.0782,0.760782
2018-12-23 06:45:00,3.38,3.3572,3.212,7.7039,3.212,3.3572,7.7039,0.0,0.0,0.0,0.001937,78.92,0.7892,73.2413,0.732413
2018-12-23 07:00:00,3.38,3.4444,3.1999,7.6926,3.1999,3.4444,7.6926,0.0,0.0,0.0,0.001937,76.56,0.7656,70.8538,0.708538
2018-12-23 07:15:00,3.38,3.4037,3.1999,7.6926,3.1999,3.4037,7.6926,0.0,0.0,0.0,0.001937,78.13,0.7813,73.5096,0.735096
2018-12-23 07:30:00,3.38,3.4037,3.2239,7.7142,3.2239,3.4037,7.7142,0.0,0.0,0.0,0.001937,76.56,0.7656,71.0946,0.710946
2018-12-23 07:45:00,3.42,3.458,3.2444,7.7142,3.2444,3.458,7.7142,0.0,0.0,0.0,0.001937,74.09,0.7409,69.9587,0.699587
2018-12-23 08:00:00,3.49,3.6895,3.3307,7.7255,3.3307,3.6895,7.7255,0.0,0.0,0.0,0.002055,75.94,0.7594,72.036,0.72036
2018-12-23 08:15:00,4.07,4.107,3.6196,7.913,3.6196,4.107,7.913,0.0,0.000145,0.0,0.002055,68.24,0.6824,62.8879,0.628879
2018-12-23 08:30:00,4.97,4.8587,4.0938,8.352,4.0938,4.8587,8.352,0.0,0.000153,0.0,0.002055,76.0,0.76,65.7806,0.657806
2018-12-23 08:45:00,4.82,4.5973,4.1417,8.7821,4.1417,4.5973,8.7821,0.0,4.4e-05,0.0,0.001937,94.12,0.9412,81.7051,0.817051
2018-12-23 09:00:00,4.28,4.4426,3.7912,8.671,3.7912,4.4426,8.671,0.0,0.0,0.0,0.001948,100.0,1.0,99.9206,0.999206
2018-12-23 09:15:00,3.92,3.8793,3.7272,8.4625,3.7272,3.8793,8.4625,0.0,0.0,0.0,0.001948,100.0,1.0,99.9986,0.999986
2018-12-23 09:30:00,3.71,3.7403,3.6933,8.1106,3.6933,3.7403,8.1106,0.0,0.00015,0.0,0.001948,100.0,1.0,99.9986,0.999986
2018-12-23 09:45:00,3.64,3.6805,3.5101,8.0266,3.5101,3.6805,8.0266,0.0,0.000148,0.0,0.001948,100.0,1.0,99.9986,0.999986
2018-12-23 10:00:00,3.64,3.5881,3.4736,7.9219,3.4736,3.5881,7.9219,0.0,0.000141,0.0,0.001949,100.0,1.0,100.0077,1.000077
2018-12-23 10:15:00,3.67,3.626,3.4884,7.9219,3.4884,3.626,7.9219,0.0,4e-06,0.0,0.001949,100.0,1.0,100.0077,1.000077
2018-12-23 10:30:00,3.71,3.6919,3.5352,7.9226,3.5352,3.6919,7.9226,0.0,4e-06,0.0,0.001949,100.0,1.0,100.0077,1.000077
2018-12-23 10:45:00,3.71,3.6545,3.5173,7.9356,3.5173,3.6545,7.9356,0.0,4e-06,0.0,0.001949,100.0,1.0,100.0077,1.000077
2018-12-23 11:00:00,3.74,3.8293,3.5405,7.9633,3.5405,3.8293,7.9633,0.0,7e-06,0.0,0.001971,100.0,1.0,100.0133,1.000133
2018-12-23 11:15:00,3.78,3.8363,3.5734,7.969,3.5734,3.8363,7.969,0.0,7e-06,0.0,0.001971,100.0,1.0,99.9821,0.999821
2018-12-23 11:30:00,3.71,3.7452,3.5202,7.9823,3.5202,3.7452,7.9823,0.0,7e-06,0.0,0.001971,100.0,1.0,99.9869,0.999869
2018-12-23 11:45:00,3.74,3.8173,3.5704,7.9823,3.5704,3.8173,7.9823,0.0,7e-06,0.0,0.001971,100.0,1.0,99.9869,0.999869
2018-12-23 12:00:00,3.96,4.0361,3.6784,8.0161,3.6784,4.0361,8.0161,0.0,7e-06,0.0,0.001971,100.0,1.0,99.9168,0.999168
2018-12-23 12:15:00,4.86,4.7612,4.1748,8.3718,4.1748,4.7612,8.3718,0.0,8e-06,0.0,0.001971,100.0,1.0,99.9166,0.999166
2018-12-23 12:30:00,5.54,5.2937,4.5067,8.9905,4.5067,5.2937,8.9905,0.0,0.0,0.0,0.00197,100.0,1.0,99.9688,0.999688
2018-12-23 12:45:00,4.54,4.4101,4.1154,8.8947,4.1154,4.4101,8.8947,0.0,0.0,0.0,0.001986,100.0,1.0,99.9698,0.999698
2018-12-23 13:00:00,4.36,4.3322,4.1211,8.7565,4.1211,4.3322,8.7565,0.0,0.0,0.0,0.00197,100.0,1.0,100.0058,1.000058
2018-12-23 13:15:00,3.67,3.8095,3.7035,8.5182,3.7035,3.8095,8.5182,0.0,0.0,0.0,0.002008,100.0,1.0,100.0058,1.000058
2018-12-23 13:30:00,3.67,3.869,3.5584,8.0923,3.5584,3.869,8.0923,0.0,0.000119,0.0,0.001975,100.0,1.0,100.0058,1.000058
2018-12-23 13:45:00,3.67,3.8468,3.5474,8.0598,3.5474,3.8468,8.0598,0.0,0.000195,0.0,0.001975,100.0,1.0,100.0058,1.000058
2018-12-23 14:00:00,3.67,3.6377,3.5421,7.9375,3.5421,3.6377,7.9375,0.0,0.000169,0.0,0.001949,100.0,1.0,99.9886,0.999886
2018-12-23 14:15:00,3.71,3.6919,3.5568,7.9284,3.5568,3.6919,7.9284,0.0,4e-06,0.0,0.001949,100.0,1.0,99.9886,0.999886
2018-12-23 14:30:00,3.67,3.6272,3.5136,7.9414,3.5136,3.6272,7.9414,0.0,4e-06,0.0,0.001949,100.0,1.0,99.9886,0.999886
2018-12-23 14:45:00,3.67,3.6377,3.5389,7.9284,3.5389,3.6377,7.9284,0.0,4e-06,0.0,0.001949,100.0,1.0,99.9886,0.999886
2018-12-23 15:00:00,3.67,3.6377,3.5389,7.9323,3.5389,3.6377,7.9323,0.0,4e-06,0.0,0.001949,100.0,1.0,100.0043,1.000043
2018-12-23 15:15:00,3.64,3.6129,3.5136,7.9323,3.5136,3.6129,7.9323,0.0,4e-06,0.0,0.001949,100.0,1.0,100.0043,1.000043
2018-12-23 15:30:00,3.67,3.626,3.4884,7.9167,3.4884,3.626,7.9167,0.0,4e-06,0.0,0.001949,100.0,1.0,100.0043,1.000043
2018-12-23 15:45:00,3.74,3.7245,3.5668,7.9265,3.5668,3.7245,7.9265,0.0,3e-06,0.0,0.001949,100.0,1.0,100.0043,1.000043
2018-12-23 16:00:00,4.36,4.2352,3.8641,8.1642,3.8641,4.2352,8.1642,0.0,5e-06,0.0,0.001938,100.0,1.0,100.0022,1.000022
2018-12-23 16:15:00,4.36,4.1529,3.8172,8.2703,3.8172,4.1529,8.2703,0.0,0.0,0.0,0.001938,100.0,1.0,100.0006,1.000006
2018-12-23 16:30:00,5.0,4.6664,4.1256,8.5471,4.1256,4.6664,8.5471,0.0,0.0,0.0,0.001938,100.0,1.0,100.0022,1.000022
2018-12-23 16:45:00,5.33,5.0969,4.4264,8.7624,4.4264,5.0969,8.7624,0.0,0.0,0.0,0.001937,100.0,1.0,100.0006,1.000006
2018-12-23 17:00:00,3.6,3.966,3.5963,8.7608,3.5963,3.966,8.7608,0.0,0.0,0.0,0.001931,100.0,1.0,99.9985,0.999985
2018-12-23 17:15:00,3.56,3.6468,3.4508,7.9903,3.4508,3.6468,7.9903,0.0,0.000166,0.0,0.001937,100.0,1.0,99.9985,0.999985
2018-12-23 17:30:00,3.6,3.6864,3.4547,7.9049,3.4547,3.6864,7.9049,0.0,0.000122,0.0,0.001947,100.0,1.0,99.9985,0.999985
2018-12-23 17:45:00,3.67,3.7034,3.5108,7.9165,3.5108,3.7034,7.9165,0.0,0.000119,0.0,0.001947,100.0,1.0,99.9985,0.999985
2018-12-23 18:00:00,3.49,3.4911,3.4043,7.9014,3.4043,3.4911,7.9014,0.0,0.0,0.0,0.001937,100.0,1.0,99.975,0.99975
2018-12-23 18:15:00,3.49,3.4354,3.3409,7.7519,3.3409,3.4354,7.7519,0.0,0.0,0.0,0.001937,100.0,1.0,99.975,0.99975
2018-12-23 18:30:00,3.49,3.4354,3.3409,7.7519,3.3409,3.4354,7.7519,0.0,0.0,0.0,0.001937,100.0,1.0,99.9762,0.999762
2018-12-23 18:45:00,3.64,3.6255,3.4459,7.7697,3.4459,3.6255,7.7697,0.0,0.0,0.0,0.001937,100.0,1.0,99.9714,0.999714
2018-12-23 19:00:00,3.64,3.5973,3.4303,7.8663,3.4303,3.5973,7.8663,0.0,0.0,0.0,0.001937,100.0,1.0,99.9985,0.999985
2018-12-23 19:15:00,4.03,3.96,3.5788,7.9799,3.5788,3.96,7.9799,0.0,2e-06,0.0,0.001937,100.0,1.0,99.9985,0.999985
2018-12-23 19:30:00,4.25,4.1127,3.7368,8.0534,3.7368,4.1127,8.0534,0.0,1e-06,0.0,0.001937,100.0,1.0,99.9985,0.999985
2018-12-23 19:45:00,4.28,4.1321,3.7774,8.2703,3.7774,4.1321,8.2703,0.0,0.0,0.0,0.001937,100.0,1.0,99.9985,0.999985
2018-12-23 20:00:00,4.25,4.1614,3.7385,8.3254,3.7385,4.1614,8.3254,0.0,0.0,0.0,0.001937,100.0,1.0,99.9985,0.999985
2018-12-23 20:15:00,4.0,3.9993,3.8236,8.3579,3.8236,3.9993,8.3579,0.0,0.0,0.0,0.001937,100.0,1.0,99.9985,0.999985
2018-12-23 20:30:00,3.49,3.528,3.492,8.0886,3.492,3.528,8.0886,0.0,0.000157,0.0,0.001937,100.0,1.0,99.9985,0.999985
2018-12-23 20:45:00,4.21,4.1836,3.8888,8.1151,3.8888,4.1836,8.1151,0.0,0.000158,0.0,0.001937,100.0,1.0,100.0001,1.000001
2018-12-23 21:00:00,4.14,4.0216,3.6968,8.247,3.6968,4.0216,8.247,0.0,0.0,0.0,0.001937,100.0,1.0,99.9985,0.999985
2018-12-23 21:15:00,3.49,3.4177,3.2708,8.2155,3.2708,3.4177,8.2155,0.0,0.0,0.0,0.001937,100.0,1.0,99.9985,0.999985
2018-12-23 21:30:00,3.42,3.3822,3.3021,7.7661,3.3021,3.3822,7.7661,0.0,0.00013,0.0,0.001937,100.0,1.0,99.9985,0.999985
2018-12-23 21:45:00,3.46,3.4744,3.3121,7.7661,3.3121,3.4744,7.7661,0.0,0.000107,0.0,0.001937,100.0,1.0,99.9985,0.999985
2018-12-23 22:00:00,3.53,3.5241,3.343,7.757,3.343,3.5241,7.757,0.0,6e-06,0.0,0.001937,100.0,1.0,99.8043,0.998043
2018-12-23 22:15:00,3.2,3.3253,3.1026,7.7506,3.1026,3.3253,7.7506,0.0,0.0,0.0,0.001937,87.97,0.8797,77.7564,0.777564
2018-12-23 22:30:00,3.2,3.2228,3.0829,7.6387,3.0829,3.2228,7.6387,0.0,0.0,0.0,0.001937,87.97,0.8797,72.0955,0.720955
2018-12-23 22:45:00,3.2,3.2228,3.0815,7.6387,3.0815,3.2228,7.6387,0.0,0.0,0.0,0.001937,87.97,0.8797,72.102,0.72102
2018-12-23 23:00:00,3.96,3.9861,3.7109,7.9778,3.7109,3.9861,7.9778,0.0,0.0,0.0,0.001937,87.79,0.8779,72.3308,0.723308
2018-12-23 23:15:00,4.0,3.8514,3.4841,7.8581,3.4841,3.8514,7.8581,0.0,0.0,0.0,0.001937,82.88,0.8288,71.7727,0.717727
2018-12-23 23:30:00,4.0,3.8455,3.478,7.9366,3.478,3.8455,7.9366,0.0,0.0,0.0,0.001973,82.5,0.825,70.9182,0.709182
2018-12-23 23:45:00,4.0,3.8455,3.478,7.9457,3.478,3.8455,7.9457,0.0,0.0,0.0,0.001937,80.48,0.8048,70.6084,0.706085
2018-12-24 00:00:00,3.78,3.7672,3.6605,8.0895,3.6605,3.7672,8.0895,0.0,0.0,0.0,0.00202,82.49,0.8249,74.1394,0.741394
2018-12-24 00:15:00,3.35,3.401,3.2862,7.8971,3.2862,3.401,7.8971,0.0,4e-06,0.0,0.001937,82.78,0.8278,73.787,0.73787
2018-12-24 00:30:00,3.38,3.3855,3.2205,7.7284,3.2205,3.3855,7.7284,0.0,0.0,0.0,0.001937,83.47,0.8347,76.1674,0.761674
2018-12-24 00:45:00,3.38,3.4167,3.1999,7.7193,3.1999,3.4167,7.7193,0.0,0.0,0.0,0.001937,82.22,0.8222,75.8171,0.758171
2018-12-24 01:00:00,3.96,3.9102,3.5702,7.8802,3.5702,3.9102,7.8802,0.0,0.0,0.0,0.001937,78.74,0.7874,72.9395,0.729395
2018-12-24 01:15:00,3.89,3.7793,3.4356,7.9101,3.4356,3.7793,7.9101,0.0,0.0,0.0,0.001937,78.99,0.7899,72.5161,0.725161
2018-12-24 01:30:00,3.38,3.3107,3.1709,7.888,3.1709,3.3107,7.888,0.0,9e-06,0.0,0.001937,80.97,0.8097,72.9154,0.729154
2018-12-24 01:45:00,3.35,3.3867,3.1985,7.7408,3.1985,3.3867,7.7408,0.0,0.0,0.0,0.001937,80.72,0.8072,74.5766,0.745766
2018-12-24 02:00:00,3.49,3.544,3.3139,7.7374,3.3139,3.544,7.7374,0.0,0.0,0.0,0.001937,81.07,0.8107,74.0838,0.740838
2018-12-24 02:15:00,3.38,3.3546,3.2071,7.7255,3.2071,3.3546,7.7255,0.0,0.0,0.0,0.001937,80.17,0.8017,72.5029,0.725029
2018-12-24 02:30:00,3.42,3.471,3.2205,7.6926,3.2205,3.471,7.6926,0.0,0.0,0.0,0.001937,80.51,0.8051,75.0849,0.750849
2018-12-24 02:45:00,4.0,3.9007,3.606,7.8915,3.606,3.9007,7.8915,0.0,0.0,0.0,0.001937,75.35,0.7535,68.0091,0.680091
2018-12-24 03:00:00,4.07,3.9637,3.5711,7.9835,3.5711,3.9637,7.9835,0.0,0.0,0.0,0.001937,74.27,0.7427,68.5911,0.685911
2018-12-24 03:15:00,4.14,3.9695,3.6222,8.0148,3.6222,3.9695,8.0148,0.0,0.0,0.0,0.001937,75.82,0.7582,69.2494,0.692494
2018-12-24 03:30:00,4.1,4.1039,3.5843,8.2164,3.5843,4.1039,8.2164,0.0,0.001291,0.0,0.001937,76.42,0.7642,70.2251,0.702251
2018-12-24 03:45:00,3.96,4.2066,3.8012,8.3178,3.8012,4.2066,8.3178,0.0,0.0,0.0,0.001937,76.06,0.7606,71.0471,0.710471
2018-12-24 04:00:00,3.35,3.4663,3.4227,8.0173,3.4227,3.4663,8.0173,0.0,6.4e-05,0.0,0.001937,81.52,0.8152,73.7291,0.737291
2018-12-24 04:15:00,3.38,3.3855,3.2205,7.7284,3.2205,3.3855,7.7284,0.0,3.9e-05,0.0,0.001937,81.76,0.8176,76.5079,0.765079
2018-12-24 04:30:00,3.64,3.7189,3.4177,7.8112,3.4177,3.7189,7.8112,0.0,6e-06,0.0,0.001937,81.06,0.8106,76.4465,0.764465
2018-12-24 04:45:00,4.07,4.022,3.5707,7.9719,3.5707,4.022,7.9719,0.0,0.0,0.0,0.001937,79.93,0.7993,71.5886,0.715886
2018-12-24 05:00:00,3.42,3.3304,3.1551,7.9617,3.1551,3.3304,7.9617,0.0,0.0,0.0,0.001937,82.98,0.8298,74.2112,0.742112
2018-12-24 05:15:00,3.31,3.3375,3.228,7.7521,3.228,3.3375,7.7521,0.0,0.0,0.0,0.001937,82.93,0.8293,76.0365,0.760365
2018-12-24 05:30:00,3.35,3.3681,3.185,7.7193,3.185,3.3681,7.7193,0.0,0.0,0.0,0.001937,83.24,0.8324,76.5632,0.765632
2018-12-24 05:45:00,3.35,3.3143,3.1999,7.7142,3.1999,3.3143,7.7142,0.0,0.0,0.0,0.001937,82.44,0.8244,76.1167,0.761167
2018-12-24 06:00:00,3.35,3.3143,3.1999,7.6926,3.1999,3.3143,7.6926,0.0,0.0,0.0,0.001937,82.78,0.8278,76.1432,0.761432
2018-12-24 06:15:00,3.38,3.3523,3.2205,7.6926,3.2205,3.3523,7.6926,0.0,0.0,0.0,0.001937,84.72,0.8472,76.7207,0.767207
2018-12-24 06:30:00,3.6,3.6575,3.39,7.7268,3.39,3.6575,7.7268,0.0,0.0,0.0,0.001937,82.35,0.8235,76.8781,0.768781
2018-12-24 06:45:00,4.03,4.0069,3.5675,7.9354,3.5675,4.0069,7.9354,0.0,0.0,0.0,0.001937,80.02,0.8002,73.4042,0.734042
2018-12-24 07:00:00,4.0,3.8857,3.4828,7.9932,3.4828,3.8857,7.9932,0.0,0.0,0.0,0.001937,80.1,0.801,74.9409,0.749409
2018-12-24 07:15:00,3.96,3.8773,3.4953,7.9977,3.4953,3.8773,7.9977,0.0,0.0,0.0,0.001937,81.55,0.8155,75.499,0.75499
2018-12-24 07:30:00,4.54,4.3262,3.8162,8.1582,3.8162,4.3262,8.1582,0.0,0.0,0.0,0.001937,84.11,0.8411,75.6969,0.756969
2018-12-24 07:45:00,5.36,5.3944,4.5672,8.8972,4.5672,5.3944,8.8972,0.0,0.001937,0.0,0.003642,87.81,0.8781,78.5848,0.785848
2018-12-24 08:00:00,6.52,6.4513,5.8016,9.3222,5.8016,6.4513,9.3222,0.0,0.0022,0.0,0.004021,94.12,0.9412,85.1497,0.851497
2018-12-24 08:15:00,21.89,27.2195,16.5168,33.0808,16.5168,27.2195,33.0808,0.01,0.013379,0.008762,0.014759,85.67,0.8567,77.2316,0.772316
2018-12-24 08:30:00,59.62,53.3049,48.569,58.6526,48.569,53.3049,58.6526,0.03,0.023522,0.02227,0.028357,83.02,0.8302,77.5457,0.775457
2018-12-24 08:45:00,64.58,62.421,58.4101,67.9878,58.4101,62.421,67.9878,0.03,0.027853,0.024686,0.031312,85.78,0.8578,77.6346,0.776346
2018-12-24 09:00:00,67.18,64.5051,56.8216,65.6049,56.8216,65.6049,64.5051,0.03,0.027976,0.022724,0.031454,94.67,0.9467,92.5967,0.925967
2018-12-24 09:15:00,69.44,67.2427,58.8281,68.7749,58.8281,67.2427,68.7749,0.03,0.029844,0.023748,0.033359,93.58,0.9358,91.4244,0.914244
2018-12-24 09:30:00,65.38,61.7127,55.5022,63.9022,55.5022,61.7127,63.9022,0.03,0.029865,0.022799,0.03154,93.26,0.9326,90.8416,0.908416
2018-12-24 09:45:00,67.0,66.7216,59.8407,67.4262,59.8407,66.7216,67.4262,0.03,0.030557,0.025543,0.032164,90.68,0.9068,88.7503,0.887503
2018-12-24 10:00:00,56.27,55.7998,48.7236,58.0079,48.7236,55.7998,58.0079,0.03,0.026379,0.020373,0.030202,94.48,0.9448,93.2046,0.932046
2018-12-24 10:15:00,54.18,53.5756,48.494,56.0974,48.494,53.5756,56.0974,0.02,0.022119,0.019857,0.029121,93.92,0.9392,92.8402,0.928402
2018-12-24 10:30:00,58.39,58.7789,53.9785,58.9671,53.9785,58.7789,58.9671,0.03,0.026273,0.024241,0.030186,91.15,0.9115,90.1539,0.901539
2018-12-24 10:45:00,54.86,53.8505,48.8587,55.4132,48.8587,53.8505,55.4132,0.03,0.02245,0.019485,0.029119,93.79,0.9379,92.6278,0.926278
2018-12-24 11:00:00,54.18,54.3596,49.8201,56.1848,49.8201,54.3596,56.1848,0.02,0.020668,0.020226,0.029536,92.29,0.9229,91.1498,0.911498
2018-12-24 11:15:00,55.55,54.9888,50.597,56.7842,50.597,54.9888,56.7842,0.03,0.020727,0.020422,0.029573,92.65,0.9265,91.3711,0.913711
2018-12-24 11:30:00,53.21,51.7317,45.8902,53.9885,45.8902,51.7317,53.9885,0.02,0.021542,0.017624,0.028699,96.09,0.9609,93.6842,0.936842
2018-12-24 11:45:00,53.03,50.5478,46.2735,53.7432,46.2735,50.5478,53.7432,0.02,0.020124,0.01746,0.028293,96.23,0.9623,93.6924,0.936924
2018-12-24 12:00:00,40.64,34.3957,29.673,40.3,29.673,34.3957,40.3,0.02,0.01975,0.009716,0.02184,97.76,0.9776,97.1548,0.971548
2018-12-24 12:15:00,6.91,5.487,4.9761,12.7967,4.9761,5.487,12.7967,0.0,0.0,0.0,0.00313,100.0,1.0,99.7318,0.997318
2018-12-24 12:30:00,6.91,6.646,6.1518,10.1161,6.1518,6.646,10.1161,0.0,1e-06,0.0,0.002038,100.0,1.0,99.9737,0.999737
2018-12-24 12:45:00,6.48,6.1993,5.7063,9.9045,5.7063,6.1993,9.9045,0.0,1.6e-05,0.0,0.002007,100.0,1.0,99.9698,0.999698
2018-12-24 13:00:00,6.12,5.8264,5.6389,9.9477,5.6389,5.8264,9.9477,0.0,1.6e-05,0.0,0.001969,100.0,1.0,100.0058,1.000058
2018-12-24 13:15:00,34.49,34.2225,27.828,37.2909,27.828,34.2225,37.2909,0.02,0.019244,0.008877,0.020691,96.43,0.9643,96.0304,0.960304
2018-12-24 13:30:00,46.98,45.7621,39.4472,47.8179,39.4472,45.7621,47.8179,0.02,0.020071,0.013484,0.025226,97.26,0.9726,95.9856,0.959856
2018-12-24 13:45:00,38.2,34.9508,30.008,39.9142,30.008,34.9508,39.9142,0.02,0.019622,0.008836,0.019916,99.46,0.9946,98.2586,0.982586
2018-12-24 14:00:00,37.84,34.8307,30.0499,38.1959,30.0499,34.8307,38.1959,0.02,0.019322,0.010413,0.019951,99.58,0.9958,97.9024,0.979024
2018-12-24 14:15:00,43.45,41.9963,37.363,45.5767,37.363,41.9963,45.5767,0.02,0.019995,0.012342,0.022028,97.9,0.979,96.5344,0.965344
2018-12-24 14:30:00,63.9,60.7848,55.7076,64.6015,55.7076,60.7848,64.6015,0.03,0.02704,0.022869,0.032352,92.34,0.9234,90.522,0.90522
2018-12-24 14:45:00,38.48,37.7123,29.4358,45.0662,29.4358,37.7123,45.0662,0.02,0.019827,0.009085,0.021668,99.4,0.994,97.9789,0.979789
2018-12-24 15:00:00,38.12,35.9214,33.1929,40.6851,33.1929,35.9214,40.6851,0.02,0.019955,0.011587,0.020083,99.3,0.993,97.2654,0.972654
2018-12-24 15:15:00,45.25,44.1806,38.1627,47.6585,38.1627,44.1806,47.6585,0.02,0.020019,0.013562,0.023442,97.9,0.979,96.5123,0.965123
2018-12-24 15:30:00,51.12,47.369,44.9426,53.1287,44.9426,47.369,53.1287,0.02,0.020004,0.018656,0.024853,96.55,0.9655,95.2148,0.952148
2018-12-24 15:45:00,45.72,44.0078,38.0,48.5569,38.0,44.0078,48.5569,0.02,0.019991,0.013381,0.025156,97.24,0.9724,96.2907,0.962907
2018-12-24 16:00:00,51.7,48.8729,46.3809,52.9479,46.3809,48.8729,52.9479,0.02,0.020004,0.0192,0.024991,94.88,0.9488,93.7597,0.937597
2018-12-24 16:15:00,47.2,44.3837,37.4713,46.8649,37.4713,44.3837,46.8649,0.02,0.020001,0.014577,0.02547,98.18,0.9818,96.9583,0.969583
2018-12-24 16:30:00,69.55,69.2603,61.397,69.805,61.397,69.805,69.2603,0.03,0.029411,0.02415,0.03467,91.93,0.9193,89.1489,0.891489
2018-12-24 16:45:00,44.82,43.1529,34.9933,51.806,34.9933,43.1529,51.806,0.02,0.020513,0.012307,0.026619,97.73,0.9773,97.1404,0.971404
2018-12-24 17:00:00,40.86,37.9306,34.9766,43.9554,34.9766,37.9306,43.9554,0.02,0.019958,0.0119,0.020763,99.53,0.9953,97.2509,0.972509
2018-12-24 17:15:00,33.66,32.2954,29.6486,37.0131,29.6486,32.2954,37.0131,0.02,0.018707,0.009236,0.019894,99.85,0.9985,98.8882,0.988882
2018-12-24 17:30:00,9.86,7.4293,5.6135,13.3404,5.6135,7.4293,13.3404,0.0,0.001051,0.0,0.006003,100.0,1.0,99.96,0.9996
2018-12-24 17:45:00,6.73,6.3778,4.7525,10.5384,4.7525,6.3778,10.5384,0.0,7.4e-05,0.0,0.003168,100.0,1.0,100.0165,1.000165
2018-12-24 18:00:00,5.29,5.3317,4.8342,9.8215,4.8342,5.3317,9.8215,0.0,0.0,0.0,0.002018,100.0,1.0,99.975,0.99975
2018-12-24 18:15:00,5.22,5.2489,4.7181,9.1527,4.7181,5.2489,9.1527,0.0,0.001341,0.0,0.002262,100.0,1.0,99.975,0.99975
2018-12-24 18:30:00,5.18,5.2188,4.7236,8.9544,4.7236,5.2188,8.9544,0.0,0.000124,0.0,0.001961,100.0,1.0,99.975,0.99975
2018-12-24 18:45:00,5.33,5.3888,4.8759,8.8512,4.8759,5.3888,8.8512,0.0,0.0,0.0,0.001937,100.0,1.0,99.9714,0.999714
2018-12-24 19:00:00,5.04,5.0638,4.6767,8.7841,4.6767,5.0638,8.7841,0.0,0.000183,0.0,0.001931,100.0,1.0,99.9985,0.999985
2018-12-24 19:15:00,4.14,4.4746,3.9277,8.7352,3.9277,4.4746,8.7352,0.0,0.0,0.0,0.001937,100.0,1.0,99.9985,0.999985
2018-12-24 19:30:00,4.18,4.3727,4.0384,8.3831,4.0384,4.3727,8.3831,0.0,0.0,0.0,0.001937,100.0,1.0,99.9985,0.999985
2018-12-24 19:45:00,4.1,4.3232,4.0124,8.3712,4.0124,4.3232,8.3712,0.0,0.0,0.0,0.001937,100.0,1.0,99.9985,0.999985
2018-12-24 20:00:00,4.18,4.4085,4.0472,8.3306,4.0472,4.4085,8.3306,0.0,0.0,0.0,0.001937,100.0,1.0,99.9985,0.999985
2018-12-24 20:15:00,4.1,4.3115,3.9807,8.3245,3.9807,4.3115,8.3245,0.0,0.00014,0.0,0.001937,100.0,1.0,99.9985,0.999985
2018-12-24 20:30:00,4.14,4.361,4.0052,8.3178,4.0052,4.361,8.3178,0.0,0.000151,0.0,0.001937,100.0,1.0,99.9985,0.999985
2018-12-24 20:45:00,4.21,4.3968,4.0226,8.3245,4.0226,4.3968,8.3245,0.0,0.00014,0.0,0.001937,100.0,1.0,99.9985,0.999985
2018-12-24 21:00:00,4.18,4.3609,4.0051,8.334,4.0051,4.3609,8.334,0.0,0.000215,0.0,0.001937,100.0,1.0,99.9985,0.999985
2018-12-24 21:15:00,4.18,4.3805,4.0247,8.334,4.0247,4.3805,8.334,0.0,0.000178,0.0,0.001937,100.0,1.0,99.9985,0.999985
2018-12-24 21:30:00,4.14,4.3582,4.0185,8.3482,4.0185,4.3582,8.3482,0.0,0.000178,0.0,0.001937,100.0,1.0,99.9985,0.999985
2018-12-24 21:45:00,4.18,4.361,4.0252,8.3482,4.0252,4.361,8.3482,0.0,0.000178,0.0,0.001937,100.0,1.0,99.9985,0.999985
2018-12-24 22:00:00,5.4,5.5397,4.9614,8.7301,4.9614,5.5397,8.7301,0.0,0.00014,0.0,0.001937,100.0,1.0,99.958,0.99958
2018-12-24 22:15:00,4.5,4.4411,4.4029,8.9232,4.4029,4.4411,8.9232,0.0,0.002088,0.0,0.003867,81.75,0.8175,77.0201,0.770201
2018-12-24 22:30:00,3.92,4.0218,3.7919,8.5959,3.7919,4.0218,8.5959,0.0,0.001973,0.0,0.0032,76.69,0.7669,59.4394,0.594394
2018-12-24 22:45:00,3.89,3.8787,3.7389,8.0643,3.7389,3.8787,8.0643,0.0,0.0,0.0,0.001973,77.52,0.7752,63.6167,0.636167
2018-12-24 23:00:00,3.85,3.8068,3.6783,8.0554,3.6783,3.8068,8.0554,0.0,0.0,0.0,0.001973,77.59,0.7759,68.6205,0.686205
2018-12-24 23:15:00,3.85,3.8342,3.6812,8.0229,3.6812,3.8342,8.0229,0.0,0.0,0.0,0.001937,80.77,0.8077,70.7705,0.707705
2018-12-24 23:30:00,3.82,3.7285,3.6559,7.9679,3.6559,3.7285,7.9679,0.0,0.0,0.0,0.001937,82.77,0.8277,72.1067,0.721067
2018-12-24 23:45:00,3.85,3.7814,3.6487,7.9335,3.6487,3.7814,7.9335,0.0,0.0,0.0,0.001937,83.67,0.8367,72.1067,0.721067
2018-12-25 00:00:00,3.13,3.3169,3.2582,7.9548,3.2582,3.3169,7.9548,0.0,2.9e-05,0.0,0.00202,81.44,0.8144,73.3201,0.733201
2018-12-25 00:15:00,3.85,3.888,3.6577,7.9419,3.6577,3.888,7.9419,0.0,0.0,0.0,0.001937,81.47,0.8147,73.7953,0.737953
2018-12-25 00:30:00,3.92,3.7499,3.4409,7.8465,3.4409,3.7499,7.8465,0.0,0.0,0.0,0.001937,80.98,0.8098,74.7202,0.747202
2018-12-25 00:45:00,3.89,3.7076,3.3907,7.8602,3.3907,3.7076,7.8602,0.0,0.0,0.0,0.001937,79.29,0.7929,74.3496,0.743495
2018-12-25 01:00:00,3.85,3.6357,3.3831,7.8465,3.3831,3.6357,7.8465,0.0,0.0,0.0,0.001937,77.89,0.7789,73.2112,0.732112
2018-12-25 01:15:00,3.56,3.5368,3.4837,7.9334,3.4837,3.5368,7.9334,0.0,0.0,0.0,0.001937,80.43,0.8043,73.4327,0.734327
2018-12-25 01:30:00,3.2,3.2865,3.1332,7.8059,3.1332,3.2865,7.8059,0.0,0.0,0.0,0.001937,82.04,0.8204,74.0101,0.740101
2018-12-25 01:45:00,3.92,3.9691,3.6974,7.9916,3.6974,3.9691,7.9916,0.0,0.0,0.0,0.001937,79.9,0.799,72.4781,0.724781
2018-12-25 02:00:00,3.64,3.5037,3.2887,7.8672,3.2887,3.5037,7.8672,0.0,0.0,0.0,0.001937,79.89,0.7989,72.4118,0.724118
2018-12-25 02:15:00,3.17,3.2425,2.9808,7.7791,2.9808,3.2425,7.7791,0.0,6e-06,0.0,0.001937,81.79,0.8179,73.77,0.7377
2018-12-25 02:30:00,3.17,3.1896,3.0242,7.6177,3.0242,3.1896,7.6177,0.0,0.0,0.0,0.001937,83.12,0.8312,75.1847,0.751847
2018-12-25 02:45:00,3.2,3.2099,3.0407,7.6177,3.0407,3.2099,7.6177,0.0,0.0,0.0,0.001937,82.4,0.824,75.7627,0.757627
2018-12-25 03:00:00,3.24,3.2474,3.064,7.6232,3.064,3.2474,7.6232,0.0,0.0,0.0,0.001937,81.9,0.819,75.8074,0.758074
2018-12-25 03:15:00,3.2,3.2047,3.0481,7.641,3.0481,3.2047,7.641,0.0,0.0,0.0,0.001937,82.04,0.8204,75.5247,0.755247
2018-12-25 03:30:00,3.2,3.2082,3.046,7.6232,3.046,3.2082,7.6232,0.0,0.0,0.0,0.001937,81.2,0.812,75.7184,0.757184
2018-12-25 03:45:00,3.28,3.2959,3.1088,7.6387,3.1088,3.2959,7.6387,0.0,0.0,0.0,0.001937,80.59,0.8059,75.5312,0.755312
2018-12-25 04:00:00,3.96,3.9763,3.6385,7.941,3.6385,3.9763,7.941,0.0,0.0,0.0,0.001937,73.99,0.7399,68.5324,0.685324
2018-12-25 04:15:00,3.96,3.7956,3.4373,7.8547,3.4373,3.7956,7.8547,0.0,0.0,0.0,0.001937,74.37,0.7437,68.6533,0.686533
2018-12-25 04:30:00,3.92,3.7682,3.412,7.8813,3.412,3.7682,7.8813,0.0,7e-06,0.0,0.001973,76.41,0.7641,71.2556,0.712556
2018-12-25 04:45:00,3.89,3.7259,3.3987,7.9174,3.3987,3.7259,7.9174,0.0,7e-06,0.0,0.001937,76.16,0.7616,71.605,0.71605
2018-12-25 05:00:00,3.35,3.3272,3.3044,7.9281,3.3044,3.3272,7.9281,0.0,0.0,0.0,0.001937,79.11,0.7911,74.1024,0.741024
2018-12-25 05:15:00,3.24,3.2523,3.125,7.725,3.125,3.2523,7.725,0.0,0.0,0.0,0.001937,80.24,0.8024,75.2231,0.752231
2018-12-25 05:30:00,3.35,3.3736,3.1641,7.7014,3.1641,3.3736,7.7014,0.0,0.0,0.0,0.001937,79.91,0.7991,75.7517,0.757517
2018-12-25 05:45:00,3.96,3.8797,3.5831,7.9177,3.5831,3.8797,7.9177,0.0,0.0,0.0,0.001937,74.65,0.7465,66.8014,0.668014
2018-12-25 06:00:00,3.71,3.5599,3.3205,7.8632,3.3205,3.5599,7.8632,0.0,0.0,0.0,0.001937,78.27,0.7827,71.392,0.71392
2018-12-25 06:15:00,3.17,3.2279,2.9899,7.8154,2.9899,3.2279,7.8154,0.0,6e-06,0.0,0.001937,81.79,0.8179,74.437,0.74437
2018-12-25 06:30:00,3.2,3.2228,3.0421,7.6392,3.0421,3.2228,7.6392,0.0,0.0,0.0,0.001937,82.4,0.824,76.3098,0.763098
2018-12-25 06:45:00,3.2,3.2082,3.0474,7.6447,3.0474,3.2082,7.6447,0.0,0.0,0.0,0.001937,81.2,0.812,76.367,0.76367
2018-12-25 07:00:00,3.17,3.1783,3.0282,7.6232,3.0282,3.1783,7.6232,0.0,0.0,0.0,0.001937,81.3,0.813,73.898,0.73898
2018-12-25 07:15:00,3.24,3.2508,3.0686,7.6177,3.0686,3.2508,7.6177,0.0,0.0,0.0,0.001937,79.76,0.7976,76.1677,0.761677
2018-12-25 07:30:00,3.85,3.8094,3.5295,7.8712,3.5295,3.8094,7.8712,0.0,0.0,0.0,0.001937,75.15,0.7515,70.6907,0.706907
2018-12-25 07:45:00,3.92,3.7776,3.4523,7.8253,3.4523,3.7776,7.8253,0.0,0.0,0.0,0.001937,74.31,0.7431,66.9706,0.669706
2018-12-25 08:00:00,3.89,3.9308,3.4022,7.8606,3.4022,3.9308,7.8606,0.0,0.0,0.0,0.002058,74.43,0.7443,70.6835,0.706835
2018-12-25 08:15:00,3.89,4.4254,3.4168,7.9232,3.4168,4.4254,7.9232,0.0,0.000475,0.0,0.002092,74.43,0.7443,68.587,0.68587
2018-12-25 08:30:00,3.49,4.2028,3.4065,7.9737,3.4065,4.2028,7.9737,0.0,0.000177,0.0,0.002108,77.56,0.7756,74.5699,0.745699
2018-12-25 08:45:00,3.24,3.7701,3.1712,7.7643,3.1712,3.7701,7.7643,0.0,0.000106,0.0,0.001991,95.22,0.9522,86.4815,0.864815
2018-12-25 09:00:00,3.38,3.4344,3.21,7.7353,3.21,3.4344,7.7353,0.0,5e-06,0.0,0.001978,100.0,1.0,99.9135,0.999135
2018-12-25 09:15:00,3.49,3.4891,3.2377,7.7043,3.2377,3.4891,7.7043,0.0,5e-06,0.0,0.001978,100.0,1.0,99.9915,0.999915
2018-12-25 09:30:00,3.46,3.3561,3.2058,7.7075,3.2058,3.3561,7.7075,0.0,5e-06,0.0,0.001978,100.0,1.0,99.996,0.99996
2018-12-25 09:45:00,3.82,3.7435,3.4504,7.82,3.4504,3.7435,7.82,0.0,7e-06,0.0,0.001978,100.0,1.0,99.9915,0.999915
2018-12-25 10:00:00,3.96,3.8702,3.5104,7.9146,3.5104,3.8702,7.9146,0.0,7e-06,0.0,0.001979,100.0,1.0,100.0007,1.000007
2018-12-25 10:15:00,3.42,3.3176,3.1992,7.9337,3.1992,3.3176,7.9337,0.0,4e-06,0.0,0.001979,100.0,1.0,100.0051,1.000051
2018-12-25 10:30:00,3.53,3.5239,3.3237,7.7671,3.3237,3.5239,7.7671,0.0,1.3e-05,0.0,0.001979,100.0,1.0,100.0007,1.000007
2018-12-25 10:45:00,3.46,3.4631,3.286,7.8054,3.286,3.4631,7.8054,0.0,5e-06,0.0,0.001979,100.0,1.0,100.0051,1.000051
2018-12-25 11:00:00,3.46,3.5792,3.2649,7.7986,3.2649,3.5792,7.7986,0.0,8e-06,0.0,0.001997,100.0,1.0,100.0107,1.000107
2018-12-25 11:15:00,3.78,3.912,3.4725,7.8636,3.4725,3.912,7.8636,0.0,8e-06,0.0,0.001997,100.0,1.0,99.9751,0.999751
2018-12-25 11:30:00,4.18,4.2496,3.6547,8.043,3.6547,4.2496,8.043,0.0,1e-05,0.0,0.001997,100.0,1.0,99.9791,0.999791
2018-12-25 11:45:00,4.28,4.1604,3.7605,8.315,3.7605,4.1604,8.315,0.0,0.0,0.0,0.001997,100.0,1.0,99.9799,0.999799
2018-12-25 12:00:00,4.18,4.0659,3.6693,8.3596,3.6693,4.0659,8.3596,0.0,0.0,0.0,0.001997,100.0,1.0,99.9113,0.999113
2018-12-25 12:15:00,4.07,4.1481,3.7303,8.4059,3.7303,4.1481,8.4059,0.0,6.6e-05,0.0,0.001971,100.0,1.0,99.9303,0.999303
2018-12-25 12:30:00,3.56,3.6257,3.5302,8.2004,3.5302,3.6257,8.2004,0.0,0.000163,0.0,0.001971,100.0,1.0,99.9672,0.999671
2018-12-25 12:45:00,3.53,3.6076,3.3959,7.9177,3.3959,3.6076,7.9177,0.0,0.000164,0.0,0.001971,100.0,1.0,99.9672,0.999671
2018-12-25 13:00:00,3.53,3.6314,3.3862,7.8685,3.3862,3.6314,7.8685,0.0,3.8e-05,0.0,0.001971,100.0,1.0,100.0054,1.000054
2018-12-25 13:15:00,5.04,5.1047,4.9455,8.4141,4.9455,5.1047,8.4141,0.0,1.3e-05,0.0,0.002,100.0,1.0,99.991,0.99991
2018-12-25 13:30:00,4.07,4.0535,3.5716,8.7576,3.5716,4.0535,8.7576,0.0,0.0,0.0,0.002035,100.0,1.0,100.0054,1.000054
2018-12-25 13:45:00,3.42,3.5587,3.2085,8.1596,3.2085,3.5587,8.1596,0.0,0.000181,0.0,0.002002,100.0,1.0,100.0054,1.000054
2018-12-25 14:00:00,3.42,3.4211,3.2629,7.7972,3.2629,3.4211,7.7972,0.0,0.000181,0.0,0.001978,100.0,1.0,99.9882,0.999882
2018-12-25 14:15:00,3.49,3.4915,3.3133,7.7972,3.3133,3.4915,7.7972,0.0,0.00018,0.0,0.001978,100.0,1.0,99.9882,0.999882
2018-12-25 14:30:00,3.46,3.3875,3.2436,7.759,3.2436,3.3875,7.759,0.0,5e-06,0.0,0.001979,100.0,1.0,99.9882,0.999882
2018-12-25 14:45:00,3.53,3.4991,3.317,7.7324,3.317,3.4991,7.7324,0.0,5e-06,0.0,0.001979,100.0,1.0,99.9882,0.999882
2018-12-25 15:00:00,4.14,4.1014,3.7489,8.0342,3.7489,4.1014,8.0342,0.0,7e-06,0.0,0.001978,100.0,1.0,100.0069,1.000069
2018-12-25 15:15:00,4.14,3.9449,3.6938,8.2987,3.6938,3.9449,8.2987,0.0,0.0,0.0,0.001978,100.0,1.0,100.0054,1.000054
2018-12-25 15:30:00,4.14,3.9449,3.6938,8.3077,3.6938,3.9449,8.3077,0.0,0.0,0.0,0.001978,100.0,1.0,100.0054,1.000054
2018-12-25 15:45:00,4.1,3.9227,3.6711,8.3448,3.6711,3.9227,8.3448,0.0,0.0,0.0,0.001978,100.0,1.0,100.0054,1.000054
2018-12-25 16:00:00,3.67,3.6928,3.643,8.2934,3.643,3.6928,8.2934,0.0,0.000125,0.0,0.001967,100.0,1.0,100.0017,1.000017
2018-12-25 16:15:00,3.46,3.4858,3.3931,7.9379,3.3931,3.4858,7.9379,0.0,4.5e-05,0.0,0.001967,100.0,1.0,100.0017,1.000017
2018-12-25 16:30:00,3.42,3.3849,3.2882,7.762,3.2882,3.3849,7.762,0.0,3.5e-05,0.0,0.001967,100.0,1.0,100.0017,1.000017
2018-12-25 16:45:00,3.46,3.4494,3.2841,7.753,3.2841,3.4494,7.753,0.0,1e-05,0.0,0.001967,100.0,1.0,100.0017,1.000017
2018-12-25 17:00:00,3.42,3.3925,3.2402,7.7263,3.2402,3.3925,7.7263,0.0,2e-06,0.0,0.001964,100.0,1.0,99.9996,0.999996
2018-12-25 17:15:00,3.46,3.457,3.2841,7.7263,3.2841,3.457,7.7263,0.0,2e-06,0.0,0.001964,100.0,1.0,99.9996,0.999996
2018-12-25 17:30:00,4.0,3.9009,3.5997,7.9074,3.5997,3.9009,7.9074,0.0,0.0,0.0,0.001937,100.0,1.0,100.0012,1.000012
2018-12-25 17:45:00,4.0,3.8705,3.5264,7.9853,3.5264,3.8705,7.9853,0.0,0.0,0.0,0.001937,100.0,1.0,99.9996,0.999996
2018-12-25 18:00:00,3.38,3.3331,3.138,7.9538,3.138,3.3331,7.9538,0.0,0.0,0.0,0.001937,100.0,1.0,99.9773,0.999773
2018-12-25 18:15:00,3.38,3.4075,3.1968,7.7375,3.1968,3.4075,7.7375,0.0,0.0,0.0,0.001937,100.0,1.0,99.9761,0.999761
2018-12-25 18:30:00,3.74,3.7759,3.4234,7.8515,3.4234,3.7759,7.8515,0.0,0.0,0.0,0.001937,100.0,1.0,99.9725,0.999725
2018-12-25 18:45:00,4.1,4.0458,3.6043,8.0045,3.6043,4.0458,8.0045,0.0,0.0,0.0,0.001937,100.0,1.0,99.9725,0.999725
2018-12-25 19:00:00,4.18,4.0745,3.6866,8.2007,3.6866,4.0745,8.2007,0.0,0.0,0.0,0.001937,100.0,1.0,99.9996,0.999996
2018-12-25 19:15:00,4.1,3.9892,3.6126,8.2131,3.6126,3.9892,8.2131,0.0,0.0,0.0,0.001937,100.0,1.0,99.9996,0.999996
2018-12-25 19:30:00,4.18,4.135,3.809,8.2657,3.809,4.135,8.2657,0.0,0.0,0.0,0.001937,100.0,1.0,99.9996,0.999996
2018-12-25 19:45:00,3.64,3.6597,3.5462,8.2896,3.5462,3.6597,8.2896,0.0,0.000129,0.0,0.001937,100.0,1.0,99.9996,0.999996
2018-12-25 20:00:00,3.46,3.4538,3.3469,7.9182,3.3469,3.4538,7.9182,0.0,5.4e-05,0.0,0.001937,100.0,1.0,99.9996,0.999996
2018-12-25 20:15:00,3.46,3.4299,3.3136,7.7578,3.3136,3.4299,7.7578,0.0,3.3e-05,0.0,0.001937,100.0,1.0,99.9996,0.999996
2018-12-25 20:30:00,3.38,3.3498,3.2672,7.7488,3.2672,3.3498,7.7488,0.0,1.1e-05,0.0,0.001937,100.0,1.0,99.9996,0.999996
2018-12-25 20:45:00,3.42,3.4636,3.2181,7.7108,3.2181,3.4636,7.7108,0.0,0.0,0.0,0.001937,100.0,1.0,99.9996,0.999996
2018-12-25 21:00:00,3.42,3.4128,3.2571,7.7221,3.2571,3.4128,7.7221,0.0,0.0,0.0,0.001937,100.0,1.0,99.9996,0.999996
2018-12-25 21:15:00,3.42,3.4128,3.2571,7.7221,3.2571,3.4128,7.7221,0.0,0.0,0.0,0.001937,100.0,1.0,99.9996,0.999996
2018-12-25 21:30:00,4.03,3.9627,3.6625,7.9625,3.6625,3.9627,7.9625,0.0,1e-06,0.0,0.001937,100.0,1.0,100.0012,1.000012
2018-12-25 21:45:00,4.14,4.0244,3.6313,8.0144,3.6313,4.0244,8.0144,0.0,0.0,0.0,0.001937,100.0,1.0,99.9996,0.999996
2018-12-25 22:00:00,3.49,3.4103,3.1761,8.1815,3.1761,3.4103,8.1815,0.0,0.0,0.0,0.001937,100.0,1.0,99.804,0.99804
2018-12-25 22:15:00,3.2,3.2209,3.0616,7.7316,3.0616,3.2209,7.7316,0.0,0.0,0.0,0.001937,81.2,0.812,74.4162,0.744162
2018-12-25 22:30:00,3.85,3.8106,3.5411,7.9171,3.5411,3.8106,7.9171,0.0,0.0,0.0,0.001973,75.83,0.7583,56.9994,0.569994
2018-12-25 22:45:00,3.89,3.7187,3.4181,7.8641,3.4181,3.7187,7.8641,0.0,2e-06,0.0,0.001973,73.77,0.7377,61.0676,0.610676
2018-12-25 23:00:00,3.89,3.6703,3.4125,7.8641,3.4125,3.6703,7.8641,0.0,0.0,0.0,0.001937,74.43,0.7443,55.49,0.5549
2018-12-25 23:15:00,3.85,3.6429,3.3871,7.8641,3.3871,3.6429,7.8641,0.0,0.0,0.0,0.001937,77.2,0.772,61.2266,0.612266
2018-12-25 23:30:00,3.64,3.5919,3.5411,7.9596,3.5411,3.5919,7.9596,0.0,9e-06,0.0,0.001937,78.42,0.7842,64.2077,0.642077
2018-12-25 23:45:00,3.31,3.372,3.1904,7.8663,3.1904,3.372,7.8663,0.0,0.0,0.0,0.001937,82.47,0.8247,61.3994,0.613994
2018-12-26 00:00:00,3.67,3.6881,3.3781,7.8526,3.3781,3.6881,7.8526,0.0,0.0,0.0,0.00202,80.97,0.8097,75.6279,0.756279
2018-12-26 00:15:00,3.24,3.3387,3.0943,7.8232,3.0943,3.3387,7.8232,0.0,0.0,0.0,0.001937,81.54,0.8154,73.6574,0.736574
2018-12-26 00:30:00,3.24,3.2648,3.0969,7.67,3.0969,3.2648,7.67,0.0,0.0,0.0,0.001937,79.41,0.7941,72.6698,0.726698
2018-12-26 00:45:00,3.2,3.2193,3.0715,7.67,3.0715,3.2193,7.67,0.0,0.0,0.0,0.001937,79.04,0.7904,74.0123,0.740123
2018-12-26 01:00:00,3.31,3.339,3.1438,7.6468,3.1438,3.339,7.6468,0.0,0.0,0.0,0.001937,79.1,0.791,73.414,0.73414
2018-12-26 01:15:00,3.24,3.2295,3.0975,7.6622,3.0975,3.2295,7.6622,0.0,0.0,0.0,0.001937,78.46,0.7846,72.8878,0.728878
2018-12-26 01:30:00,3.28,3.291,3.116,7.6565,3.116,3.291,7.6565,0.0,0.0,0.0,0.001937,77.21,0.7721,73.0067,0.730067
2018-12-26 01:45:00,3.24,3.2436,3.1084,7.6565,3.1084,3.2436,7.6565,0.0,0.0,0.0,0.001937,77.64,0.7764,72.9483,0.729483
2018-12-26 02:00:00,3.24,3.2519,3.0955,7.67,3.0955,3.2519,7.67,0.0,0.0,0.0,0.001937,77.64,0.7764,72.6346,0.726346
2018-12-26 02:15:00,3.78,3.7373,3.4701,7.8626,3.4701,3.7373,7.8626,0.0,0.0,0.0,0.001937,73.09,0.7309,65.4871,0.654871
2018-12-26 02:30:00,3.96,3.8491,3.4796,7.8514,3.4796,3.8491,7.8514,0.0,0.0,0.0,0.001937,71.7,0.717,65.8541,0.658541
2018-12-26 02:45:00,4.97,4.7323,4.1546,8.2419,4.1546,4.7323,8.2419,0.0,0.0,0.0,0.001937,76.53,0.7653,65.1813,0.651813
2018-12-26 03:00:00,4.36,4.0858,3.591,8.6791,3.591,4.0858,8.6791,0.0,0.001973,0.0,0.002656,72.52,0.7252,67.3587,0.673587
2018-12-26 03:15:00,3.71,3.7172,3.336,8.3204,3.336,3.7172,8.3204,0.0,0.001973,0.0,0.002403,70.43,0.7043,67.176,0.67176
2018-12-26 03:30:00,3.28,3.4352,3.2348,7.9616,3.2348,3.4352,7.9616,0.0,0.0,0.0,0.001973,77.21,0.7721,72.3853,0.723853
2018-12-26 03:45:00,3.31,3.4241,3.1543,7.7778,3.1543,3.4241,7.7778,0.0,0.0,0.0,0.001973,77.03,0.7703,73.0701,0.730701
2018-12-26 04:00:00,3.28,3.2839,3.1157,7.7193,3.1157,3.2839,7.7193,0.0,0.0,0.0,0.001973,75.94,0.7594,71.2783,0.712783
2018-12-26 04:15:00,3.28,3.3003,3.1338,7.687,3.1338,3.3003,7.687,0.0,0.0,0.0,0.001937,77.67,0.7767,73.3788,0.733788
2018-12-26 04:30:00,3.2,3.2122,3.0874,7.687,3.0874,3.2122,7.687,0.0,0.0,0.0,0.001937,78.56,0.7856,73.1253,0.731253
2018-12-26 04:45:00,3.24,3.262,3.0874,7.6387,3.0874,3.262,7.6387,0.0,0.0,0.0,0.001937,79.41,0.7941,73.4232,0.734232
2018-12-26 05:00:00,3.28,3.291,3.116,7.6565,3.116,3.291,7.6565,0.0,0.0,0.0,0.001937,79.3,0.793,73.4506,0.734506
2018-12-26 05:15:00,3.2,3.201,3.0874,7.6565,3.0874,3.201,7.6565,0.0,0.0,0.0,0.001937,78.56,0.7856,75.2455,0.752455
2018-12-26 05:30:00,3.24,3.262,3.0874,7.6387,3.0874,3.262,7.6387,0.0,0.0,0.0,0.001937,80.59,0.8059,73.9539,0.739539
2018-12-26 05:45:00,3.2,3.2193,3.0715,7.6565,3.0715,3.2193,7.6565,0.0,0.0,0.0,0.001937,79.88,0.7988,75.1656,0.751656
2018-12-26 06:00:00,4.79,4.7764,4.31,8.183,4.31,4.7764,8.183,0.0,0.0,0.0,0.001935,81.38,0.8138,69.538,0.69538
2018-12-26 06:15:00,4.86,4.6314,3.9493,8.6135,3.9493,4.6314,8.6135,0.0,0.001984,0.0,0.002497,82.65,0.8265,71.7297,0.717297
2018-12-26 06:30:00,3.92,3.9572,3.2935,8.6447,3.2935,3.9572,8.6447,0.0,0.001984,0.0,0.002584,74.03,0.7403,68.979,0.68979
2018-12-26 06:45:00,3.82,3.7548,3.3842,7.9668,3.3842,3.7548,7.9668,0.0,0.0,0.0,0.001984,75.18,0.7518,72.6573,0.726573
2018-12-26 07:00:00,3.35,3.5204,3.3023,7.9616,3.3023,3.5204,7.9616,0.0,0.0,0.0,0.001973,78.66,0.7866,73.3225,0.733225
2018-12-26 07:15:00,3.17,3.233,3.115,7.7541,3.115,3.233,7.7541,0.0,0.0,0.0,0.001973,80.94,0.8094,75.7185,0.757185
2018-12-26 07:30:00,3.42,3.525,3.273,7.7209,3.273,3.525,7.7209,0.0,0.0,0.0,0.001937,81.74,0.8174,76.6452,0.766452
2018-12-26 07:45:00,4.82,4.9016,4.3169,8.0556,4.3169,4.9016,8.0556,0.0,0.0,0.0,0.001933,84.42,0.8442,76.3648,0.763648
2018-12-26 08:00:00,5.0,4.9092,4.3292,8.6614,4.3292,4.9092,8.6614,0.0,0.002093,0.0,0.003673,90.08,0.9008,78.9668,0.789668
2018-12-26 08:15:00,34.52,33.1797,24.7696,36.833,24.7696,33.1797,36.833,0.02,0.018425,0.009328,0.019618,84.42,0.8442,75.0047,0.750047
2018-12-26 08:30:00,48.06,47.3662,38.3929,50.4836,38.3929,47.3662,50.4836,0.02,0.019205,0.014238,0.026042,84.41,0.8441,76.1539,0.761539
2018-12-26 08:45:00,78.23,77.4695,71.5849,85.4606,71.5849,77.4695,85.4606,0.04,0.030545,0.028151,0.038497,82.53,0.8253,76.8,0.768
2018-12-26 09:00:00,51.08,49.5424,41.0115,60.3408,41.0115,49.5424,60.3408,0.02,0.023397,0.015215,0.031451,97.01,0.9701,95.4991,0.954991
2018-12-26 09:15:00,70.99,69.7698,63.283,71.1823,63.283,69.7698,71.1823,0.03,0.031881,0.0255,0.037634,89.95,0.8995,88.2418,0.882418
2018-12-26 09:30:00,65.74,62.7195,56.9749,68.0078,56.9749,62.7195,68.0078,0.03,0.029507,0.022261,0.03469,87.2,0.872,86.7074,0.867074
2018-12-26 09:45:00,52.96,52.91,46.602,56.3789,46.602,52.91,56.3789,0.02,0.020792,0.018115,0.028473,93.18,0.9318,92.6956,0.926956
2018-12-26 10:00:00,55.44,55.5559,51.2847,57.5795,51.2847,55.5559,57.5795,0.03,0.023022,0.019427,0.029678,92.47,0.9247,91.7289,0.917289
2018-12-26 10:15:00,52.06,52.2657,47.3069,54.75,47.3069,52.2657,54.75,0.02,0.021507,0.018015,0.029179,93.81,0.9381,92.9732,0.929732
2018-12-26 10:30:00,57.64,57.4751,51.8884,59.0691,51.8884,57.4751,59.0691,0.03,0.027735,0.021071,0.029863,92.52,0.9252,91.269,0.91269
2018-12-26 10:45:00,62.21,61.5007,55.3408,62.5319,55.3408,61.5007,62.5319,0.03,0.028851,0.023129,0.030519,90.65,0.9065,89.406,0.89406
2018-12-26 11:00:00,45.58,43.2247,37.695,50.6355,37.695,43.2247,50.6355,0.02,0.020005,0.011849,0.023936,97.13,0.9713,95.1867,0.951867
2018-12-26 11:15:00,54.58,54.5982,47.9402,56.2457,47.9402,54.5982,56.2457,0.03,0.020074,0.019622,0.028996,94.78,0.9478,92.9054,0.929054
2018-12-26 11:30:00,55.15,53.8614,49.2658,56.0394,49.2658,53.8614,56.0394,0.03,0.020191,0.018843,0.0294,91.65,0.9165,90.7015,0.907015
2018-12-26 11:45:00,58.64,57.4283,50.6338,58.3254,50.6338,57.4283,58.3254,0.03,0.024482,0.020238,0.02958,94.46,0.9446,92.5657,0.925657
2018-12-26 12:00:00,31.28,26.5452,16.8532,32.1633,16.8532,26.5452,32.1633,0.01,0.0155,0.007613,0.016346,99.06,0.9906,97.3455,0.973455
2018-12-26 12:15:00,6.77,5.7578,4.8615,11.7463,4.8615,5.7578,11.7463,0.0,0.0,0.0,0.002218,100.0,1.0,99.8316,0.998316
2018-12-26 12:30:00,7.09,7.5015,6.3276,10.1999,6.3276,7.5015,10.1999,0.0,4e-06,0.0,0.002044,100.0,1.0,99.9741,0.999741
2018-12-26 12:45:00,6.95,6.5719,5.9229,10.1071,5.9229,6.5719,10.1071,0.0,1.4e-05,0.0,0.002007,100.0,1.0,99.9698,0.999698
2018-12-26 13:00:00,6.41,6.0997,5.5066,10.0241,5.5066,6.0997,10.0241,0.0,2.5e-05,0.0,0.001969,100.0,1.0,100.0058,1.000058
2018-12-26 13:15:00,20.66,21.0183,19.0636,25.3974,19.0636,21.0183,25.3974,0.01,0.010461,0.008468,0.01222,99.56,0.9956,97.2133,0.972133
2018-12-26 13:30:00,59.9,55.9325,46.8145,63.3882,46.8145,55.9325,63.3882,0.03,0.02009,0.018375,0.03261,92.88,0.9288,91.4132,0.914132
2018-12-26 13:45:00,55.3,52.1084,44.9805,55.3602,44.9805,52.1084,55.3602,0.03,0.021325,0.017814,0.029147,96.17,0.9617,93.8645,0.938645
2018-12-26 14:00:00,51.41,49.5538,43.4589,53.3948,43.4589,49.5538,53.3948,0.02,0.020382,0.016765,0.02869,96.23,0.9623,94.7329,0.947329
2018-12-26 14:15:00,57.02,55.6948,50.3591,57.691,50.3591,55.6948,57.691,0.03,0.026863,0.020822,0.029913,94.09,0.9409,92.6735,0.926735
2018-12-26 14:30:00,43.06,40.614,38.1029,45.0554,38.1029,40.614,45.0554,0.02,0.019994,0.011859,0.022425,98.29,0.9829,97.1281,0.971281
2018-12-26 14:45:00,41.4,40.8072,35.3874,44.0049,35.3874,40.8072,44.0049,0.02,0.019994,0.013444,0.021582,97.84,0.9784,95.119,0.95119
2018-12-26 15:00:00,52.92,53.2409,46.7663,54.2176,46.7663,53.2409,54.2176,0.02,0.021436,0.017866,0.025895,94.73,0.9473,93.5682,0.935682
2018-12-26 15:15:00,53.42,52.2628,48.885,54.6947,48.885,52.2628,54.6947,0.02,0.020031,0.018439,0.028755,92.58,0.9258,91.779,0.91779
2018-12-26 15:30:00,40.68,38.9159,35.3698,44.8146,35.3698,38.9159,44.8146,0.02,0.019913,0.012898,0.023936,97.51,0.9751,95.407,0.95407
2018-12-26 15:45:00,40.64,38.043,35.6713,41.7864,35.6713,38.043,41.7864,0.02,0.019964,0.013829,0.020173,98.77,0.9877,96.8203,0.968203
2018-12-26 16:00:00,41.47,39.3846,36.6923,42.2564,36.6923,39.3846,42.2564,0.02,0.019964,0.013486,0.020688,98.36,0.9836,95.0246,0.950246
2018-12-26 16:15:00,56.2,54.4202,48.8216,56.1005,48.8216,54.4202,56.1005,0.03,0.021775,0.019307,0.027299,94.35,0.9435,92.856,0.92856
2018-12-26 16:30:00,59.04,57.6314,52.6534,59.1116,52.6534,57.6314,59.1116,0.03,0.025306,0.021333,0.029875,90.73,0.9073,89.7099,0.897099
2018-12-26 16:45:00,54.68,53.3197,47.2477,55.5072,47.2477,53.3197,55.5072,0.03,0.021301,0.018817,0.028881,92.67,0.9267,91.721,0.91721
2018-12-26 17:00:00,57.67,56.7275,51.5932,58.4692,51.5932,56.7275,58.4692,0.03,0.02431,0.020565,0.029718,92.26,0.9226,91.3026,0.913026
2018-12-26 17:15:00,54.79,54.4049,48.6386,55.3714,48.6386,54.4049,55.3714,0.03,0.022294,0.018608,0.029328,93.32,0.9332,92.1952,0.921952
2018-12-26 17:30:00,34.42,31.1506,27.778,35.1357,27.778,31.1506,35.1357,0.02,0.019161,0.008037,0.019862,99.71,0.9971,99.0963,0.990963
2018-12-26 17:45:00,9.5,7.4998,5.5477,13.3444,5.5477,7.4998,13.3444,0.0,0.001059,0.0,0.005844,100.0,1.0,99.9571,0.999571
2018-12-26 18:00:00,5.22,5.3997,4.1929,9.8706,4.1929,5.3997,9.8706,0.0,0.0,0.0,0.001902,100.0,1.0,99.993,0.99993
2018-12-26 18:15:00,5.04,5.018,4.6619,9.3259,4.6619,5.018,9.3259,0.0,0.001501,0.0,0.002275,100.0,1.0,99.975,0.99975
2018-12-26 18:30:00,5.04,4.9188,4.5199,8.9115,4.5199,4.9188,8.9115,0.0,0.0,0.0,0.001935,100.0,1.0,99.975,0.99975
2018-12-26 18:45:00,5.08,4.9269,4.5401,8.9221,4.5401,4.9269,8.9221,0.0,0.000109,0.0,0.001947,100.0,1.0,99.975,0.99975
2018-12-26 19:00:00,5.08,4.9594,4.5995,8.8594,4.5995,4.9594,8.8594,0.0,0.0,0.0,0.001936,100.0,1.0,99.9985,0.999985
2018-12-26 19:15:00,4.68,4.5259,4.3978,8.7478,4.3978,4.5259,8.7478,0.0,0.000215,0.0,0.001937,100.0,1.0,99.9985,0.999985
2018-12-26 19:30:00,3.92,4.0608,3.8626,8.6073,3.8626,4.0608,8.6073,0.0,0.0,0.0,0.001937,100.0,1.0,99.9985,0.999985
2018-12-26 19:45:00,3.89,3.913,3.7762,8.0643,3.7762,3.913,8.0643,0.0,0.000148,0.0,0.001937,100.0,1.0,99.9985,0.999985
2018-12-26 20:00:00,3.85,3.8411,3.7107,8.0506,3.7107,3.8411,8.0506,0.0,0.000149,0.0,0.001937,100.0,1.0,99.9985,0.999985
2018-12-26 20:15:00,3.89,3.9082,3.7281,8.018,3.7281,3.9082,8.018,0.0,0.000182,0.0,0.001937,100.0,1.0,99.9985,0.999985
2018-12-26 20:30:00,3.89,3.7788,3.7281,7.963,3.7281,3.7788,7.963,0.0,2.5e-05,0.0,0.001937,100.0,1.0,99.9985,0.999985
2018-12-26 20:45:00,3.96,3.863,3.7611,7.963,3.7611,3.863,7.963,0.0,2.5e-05,0.0,0.001937,100.0,1.0,99.9985,0.999985
2018-12-26 21:00:00,3.89,3.8601,3.7143,7.9802,3.7143,3.8601,7.9802,0.0,2.5e-05,0.0,0.001937,100.0,1.0,99.9985,0.999985
2018-12-26 21:15:00,3.96,3.863,3.7611,7.963,3.7611,3.863,7.963,0.0,4.3e-05,0.0,0.001937,100.0,1.0,99.9985,0.999985
2018-12-26 21:30:00,4.0,3.9525,3.7734,7.9802,3.7734,3.9525,7.9802,0.0,3.4e-05,0.0,0.001937,100.0,1.0,99.9985,0.999985
2018-12-26 21:45:00,3.96,3.9244,3.7501,8.0579,3.7501,3.9244,8.0579,0.0,9.2e-05,0.0,0.001937,100.0,1.0,99.9985,0.999985
2018-12-26 22:00:00,4.07,4.024,3.8097,8.014,3.8097,4.024,8.014,0.0,9e-05,0.0,0.001937,100.0,1.0,99.9679,0.999679
2018-12-26 22:15:00,4.0,3.8881,3.7822,8.0975,3.7822,3.8881,8.0975,0.0,0.0,0.0,0.001937,79.04,0.7904,76.1588,0.761588
2018-12-26 22:30:00,4.9,4.6902,4.3083,8.4041,4.3083,4.6902,8.4041,0.0,1.8e-05,0.0,0.001937,83.96,0.8396,68.3858,0.683858
2018-12-26 22:45:00,4.1,4.0312,3.7162,8.8086,3.7162,4.0312,8.8086,0.0,0.001973,0.0,0.002454,79.49,0.7949,60.3388,0.603388
2018-12-26 23:00:00,3.71,3.7182,3.6033,8.3077,3.6033,3.7182,8.3077,0.0,0.00096,0.0,0.001973,77.14,0.7714,59.3073,0.593073
2018-12-26 23:15:00,3.74,3.7768,3.5476,7.9932,3.5476,3.7768,7.9932,0.0,0.0,0.0,0.001973,80.36,0.8036,70.3304,0.703304
2018-12-26 23:30:00,3.64,3.6647,3.4865,7.9837,3.4865,3.6647,7.9837,0.0,0.0,0.0,0.001973,82.22,0.8222,71.9762,0.719762
2018-12-26 23:45:00,3.67,3.6352,3.4644,7.8958,3.4644,3.6352,7.8958,0.0,0.0,0.0,0.001937,82.02,0.8202,71.7419,0.717419
2018-12-27 00:00:00,3.74,3.7337,3.5201,7.9192,3.5201,3.7337,7.9192,0.0,0.0,0.0,0.00202,87.69,0.8769,77.128,0.77128
2018-12-27 00:15:00,3.64,3.5837,3.4575,7.9096,3.4575,3.5837,7.9096,0.0,0.0,0.0,0.001937,79.16,0.7916,73.6916,0.736916
2018-12-27 00:30:00,3.74,3.6903,3.5055,7.8901,3.5055,3.6903,7.8901,0.0,0.0,0.0,0.001937,78.11,0.7811,74.4728,0.744728
2018-12-27 00:45:00,3.71,3.6416,3.48,7.9096,3.48,3.6416,7.9096,0.0,0.0,0.0,0.001937,77.55,0.7755,72.7562,0.727562
2018-12-27 01:00:00,3.71,3.6637,3.4941,7.9096,3.4941,3.6637,7.9096,0.0,0.0,0.0,0.001937,76.74,0.7674,72.9337,0.729337
2018-12-27 01:15:00,3.67,3.6364,3.4688,7.9096,3.4688,3.6364,7.9096,0.0,0.0,0.0,0.001937,76.09,0.7609,72.7083,0.727083
2018-12-27 01:30:00,3.67,3.6469,3.5157,7.9023,3.5157,3.6469,7.9023,0.0,0.0,0.0,0.001937,77.22,0.7722,72.4811,0.724811
2018-12-27 01:45:00,3.78,3.7693,3.577,7.9104,3.577,3.7693,7.9104,0.0,0.0,0.0,0.001937,74.15,0.7415,68.4351,0.684351
2018-12-27 02:00:00,4.18,4.0809,3.6669,8.0339,3.6669,4.0809,8.0339,0.0,0.0,0.0,0.001937,77.4,0.774,69.5115,0.695115
2018-12-27 02:15:00,4.86,4.6369,4.0825,8.5247,4.0825,4.6369,8.5247,0.0,0.001149,0.0,0.001937,80.91,0.8091,69.6316,0.696316
2018-12-27 02:30:00,4.21,4.1244,3.549,8.743,3.549,4.1244,8.743,0.0,0.001973,0.0,0.002645,75.38,0.7538,70.7246,0.707246
2018-12-27 02:45:00,3.71,3.6472,3.4273,8.2916,3.4273,3.6472,8.2916,0.0,0.001262,0.0,0.001973,73.92,0.7392,69.4863,0.694863
2018-12-27 03:00:00,3.78,3.8315,3.5736,7.9932,3.5736,3.8315,7.9932,0.0,0.0,0.0,0.001973,75.23,0.7523,73.3598,0.733598
2018-12-27 03:15:00,3.67,3.6647,3.4799,7.9837,3.4799,3.6647,7.9837,0.0,0.0,0.0,0.001973,74.56,0.7456,72.3649,0.723649
2018-12-27 03:30:00,3.71,3.7011,3.5336,7.9114,3.5336,3.7011,7.9114,0.0,0.000102,0.0,0.001937,76.03,0.7603,71.9164,0.719164
2018-12-27 03:45:00,3.24,3.3261,3.1947,7.8838,3.1947,3.3261,7.8838,0.0,0.0,0.0,0.001937,77.64,0.7764,73.5294,0.735294
2018-12-27 04:00:00,3.02,3.1559,2.9723,7.6967,2.9723,3.1559,7.6967,0.0,0.0,0.0,0.001937,81.85,0.8185,74.6655,0.746655
2018-12-27 04:15:00,2.99,3.0174,2.8799,7.542,2.8799,3.0174,7.542,0.0,0.0,0.0,0.001937,80.55,0.8055,74.7529,0.747529
2018-12-27 04:30:00,2.99,3.0021,2.8512,7.516,2.8512,3.0021,7.516,0.0,0.0,0.0,0.001937,81.58,0.8158,74.553,0.74553
2018-12-27 04:45:00,2.95,2.977,2.8351,7.516,2.8351,2.977,7.516,0.0,0.0,0.0,0.001937,81.6,0.816,74.4272,0.744272
2018-12-27 05:00:00,2.95,2.9738,2.8265,7.4979,2.8265,2.9738,7.4979,0.0,0.0,0.0,0.001937,82.12,0.8212,74.5804,0.745804
2018-12-27 05:15:00,2.95,2.9738,2.8265,7.4979,2.8265,2.9738,7.4979,0.0,0.0,0.0,0.001937,82.51,0.8251,74.5643,0.745643
2018-12-27 05:30:00,2.95,2.9738,2.8265,7.4979,2.8265,2.9738,7.4979,0.0,0.0,0.0,0.001937,83.03,0.8303,74.5232,0.745232
2018-12-27 05:45:00,2.95,2.9738,2.8265,7.4979,2.8265,2.9738,7.4979,0.0,0.0,0.0,0.001937,82.12,0.8212,74.5072,0.745072
2018-12-27 06:00:00,3.42,3.4168,3.2805,7.6668,3.2805,3.4168,7.6668,0.0,0.0,0.0,0.001937,78.94,0.7894,75.5166,0.755166
2018-12-27 06:15:00,3.74,3.6504,3.3861,7.6847,3.3861,3.6504,7.6847,0.0,0.0,0.0,0.001937,79.64,0.7964,74.7607,0.747607
2018-12-27 06:30:00,4.86,4.6694,4.1726,8.0742,4.1726,4.6694,8.0742,0.0,0.0,0.0,0.001937,86.03,0.8603,74.4036,0.744036
2018-12-27 06:45:00,4.21,3.9832,3.3147,8.5537,3.3147,3.9832,8.5537,0.0,0.001984,0.0,0.002485,82.17,0.8217,75.3079,0.753079
2018-12-27 07:00:00,3.6,3.5993,3.1984,8.2486,3.1984,3.5993,8.2486,0.0,0.001973,0.0,0.002383,81.5,0.815,72.6692,0.726692
2018-12-27 07:15:00,2.88,3.2806,2.9936,7.9061,2.9936,3.2806,7.9061,0.0,0.0,0.0,0.001973,85.72,0.8572,73.7025,0.737025
2018-12-27 07:30:00,3.2,3.2622,3.0886,7.6084,3.0886,3.2622,7.6084,0.0,0.0,0.0,0.001984,86.34,0.8634,75.7087,0.757087
2018-12-27 07:45:00,4.9,4.7276,4.2428,8.1113,4.2428,4.7276,8.1113,0.0,6e-05,0.0,0.00197,90.52,0.9052,80.1349,0.801349
2018-12-27 08:00:00,5.65,5.323,4.7631,8.8754,4.7631,5.323,8.8754,0.0,0.002127,0.0,0.003694,89.54,0.8954,82.252,0.82252
2018-12-27 08:15:00,32.0,31.992,25.006,37.2784,25.006,31.992,37.2784,0.01,0.014493,0.009344,0.018748,80.89,0.8089,75.8476,0.758476
2018-12-27 08:30:00,52.63,50.4495,44.8266,55.2282,44.8266,50.4495,55.2282,0.02,0.024771,0.019643,0.029814,79.48,0.7948,75.1133,0.751133
2018-12-27 08:45:00,73.66,69.7957,67.254,76.242,67.254,69.7957,76.242,0.03,0.031258,0.028075,0.039578,81.81,0.8181,76.3326,0.763326
2018-12-27 09:00:00,63.47,59.5664,53.1355,64.7223,53.1355,59.5664,64.7223,0.03,0.027753,0.020615,0.033286,90.83,0.9083,89.5384,0.895384
2018-12-27 09:15:00,56.77,55.0209,47.0663,58.1192,47.0663,55.0209,58.1192,0.03,0.026932,0.019559,0.029907,94.42,0.9442,92.5316,0.925315
2018-12-27 09:30:00,53.93,52.4653,47.353,55.5431,47.353,52.4653,55.5431,0.02,0.021553,0.01924,0.029263,94.17,0.9417,92.7014,0.927014
2018-12-27 09:45:00,59.4,58.2776,52.4378,60.0151,52.4378,58.2776,60.0151,0.03,0.02856,0.022667,0.030476,92.79,0.9279,91.4723,0.914723
2018-12-27 10:00:00,76.03,73.9535,69.0853,75.9391,69.0853,73.9535,75.9391,0.03,0.031548,0.028956,0.037555,89.24,0.8924,87.4144,0.874144
2018-12-27 10:15:00,47.81,47.1741,40.5403,57.7642,40.5403,47.1741,57.7642,0.02,0.021802,0.017595,0.030276,96.33,0.9633,95.3296,0.953296
2018-12-27 10:30:00,45.83,44.9013,42.1164,51.4078,42.1164,44.9013,51.4078,0.02,0.019997,0.018486,0.023921,96.59,0.9659,94.8981,0.948981
2018-12-27 10:45:00,52.63,51.5648,48.3515,57.1404,48.3515,51.5648,57.1404,0.02,0.020045,0.019194,0.027172,93.78,0.9378,92.8551,0.928551
2018-12-27 11:00:00,68.69,67.573,62.1469,69.9642,62.1469,67.573,69.9642,0.03,0.030084,0.026443,0.036744,89.68,0.8968,87.5917,0.875917
2018-12-27 11:15:00,51.16,46.9524,42.5352,53.5912,42.5352,46.9524,53.5912,0.02,0.020493,0.017696,0.026458,95.99,0.9599,93.6031,0.936031
2018-12-27 11:30:00,51.52,49.0061,44.4631,53.0665,44.4631,49.0061,53.0665,0.02,0.020006,0.018511,0.027234,96.19,0.9619,94.1498,0.941498
2018-12-27 11:45:00,54.83,52.6365,46.9653,55.2154,46.9653,52.6365,55.2154,0.03,0.023023,0.01942,0.028479,96.37,0.9637,93.8216,0.938216
2018-12-27 12:00:00,59.62,58.2399,49.7937,60.0045,49.7937,58.2399,60.0045,0.03,0.028031,0.022636,0.029747,92.53,0.9253,89.5438,0.895438
2018-12-27 12:15:00,13.54,10.6832,7.9285,17.3016,7.9285,10.6832,17.3016,0.01,0.009118,0.000108,0.010172,99.71,0.9971,99.605,0.99605
2018-12-27 12:30:00,6.62,6.048,4.327,10.3944,4.327,6.048,10.3944,0.0,0.0,0.0,0.002284,100.0,1.0,99.9631,0.999631
2018-12-27 12:45:00,6.59,6.5942,5.6517,9.9317,5.6517,6.5942,9.9317,0.0,1.1e-05,0.0,0.002093,100.0,1.0,99.9651,0.999651
2018-12-27 13:00:00,17.82,19.7492,18.3205,25.0054,18.3205,19.7492,25.0054,0.01,0.009703,0.009199,0.012672,99.78,0.9978,98.4556,0.984556
2018-12-27 13:15:00,40.57,35.7846,29.1083,38.7949,29.1083,35.7846,38.7949,0.02,0.019269,0.011808,0.019783,99.67,0.9967,97.0194,0.970194
2018-12-27 13:30:00,43.7,39.9864,35.5391,42.2444,35.5391,39.9864,42.2444,0.02,0.01996,0.013583,0.020337,98.75,0.9875,97.4284,0.974284
2018-12-27 13:45:00,46.84,44.9238,41.963,48.4788,41.963,44.9238,48.4788,0.02,0.020004,0.017851,0.022726,96.44,0.9644,94.7721,0.947721
2018-12-27 14:00:00,53.32,51.3121,47.9504,53.695,47.9504,51.3121,53.695,0.02,0.020464,0.019074,0.026121,95.07,0.9507,93.5338,0.935338
2018-12-27 14:15:00,55.01,54.4018,48.9241,54.7922,48.9241,54.4018,54.7922,0.03,0.021118,0.020158,0.028548,94.61,0.9461,92.8526,0.928526
2018-12-27 14:30:00,61.74,60.634,53.0359,60.9885,53.0359,60.634,60.9885,0.03,0.028079,0.023899,0.030211,93.63,0.9363,91.5192,0.915192
2018-12-27 14:45:00,54.14,51.8838,45.7652,53.9713,45.7652,51.8838,53.9713,0.02,0.022609,0.019185,0.027558,94.8,0.948,93.3111,0.933111
2018-12-27 15:00:00,53.5,52.1327,47.312,54.2347,47.312,52.1327,54.2347,0.02,0.020448,0.019469,0.028861,95.64,0.9564,93.5402,0.935402
2018-12-27 15:15:00,44.75,43.6784,41.0653,50.0278,41.0653,43.6784,50.0278,0.02,0.019961,0.017462,0.025728,95.7,0.957,94.5984,0.945984
2018-12-27 15:30:00,42.95,39.993,35.805,44.1152,35.805,39.993,44.1152,0.02,0.019994,0.015043,0.021306,98.08,0.9808,95.034,0.95034
2018-12-27 15:45:00,60.84,60.349,54.0392,61.5455,54.0392,60.349,61.5455,0.03,0.024241,0.023007,0.032191,91.4,0.914,89.8975,0.898975
2018-12-27 16:00:00,63.04,60.798,55.2501,61.8627,55.2501,60.798,61.8627,0.03,0.026658,0.023351,0.029965,92.28,0.9228,90.1258,0.901258
2018-12-27 16:15:00,59.58,56.6762,51.6255,59.2628,51.6255,56.6762,59.2628,0.03,0.02753,0.02171,0.029987,91.78,0.9178,90.3202,0.903202
2018-12-27 16:30:00,63.22,61.5363,55.8574,62.8644,55.8574,61.5363,62.8644,0.03,0.026278,0.024637,0.030299,90.55,0.9055,88.508,0.88508
2018-12-27 16:45:00,45.79,42.2569,37.8847,49.4274,37.8847,42.2569,49.4274,0.02,0.019911,0.013507,0.023592,98.15,0.9815,97.659,0.97659
2018-12-27 17:00:00,41.58,37.7501,34.5619,41.9603,34.5619,37.7501,41.9603,0.02,0.019958,0.013372,0.020422,99.81,0.9981,99.6066,0.996066
2018-12-27 17:15:00,54.58,54.935,46.6939,55.4681,46.6939,54.935,55.4681,0.03,0.021728,0.020387,0.027003,97.64,0.9764,96.3936,0.963936
2018-12-27 17:30:00,36.72,30.8076,26.4648,34.8618,26.4648,30.8076,34.8618,0.02,0.018259,0.009662,0.019745,99.94,0.9994,100.0521,1.000521
2018-12-27 17:45:00,29.38,28.0928,24.9182,32.2344,24.9182,28.0928,32.2344,0.01,0.014367,0.009322,0.014819,100.0,1.0,99.9674,0.999674
2018-12-27 18:00:00,28.48,28.723,27.4542,32.7865,27.4542,28.723,32.7865,0.01,0.012087,0.009135,0.013354,99.96,0.9996,99.8618,0.998618
2018-12-27 18:15:00,48.56,46.0046,38.4447,49.4938,38.4447,46.0046,49.4938,0.02,0.019987,0.016905,0.026583,93.31,0.9331,90.3491,0.903491
2018-12-27 18:30:00,53.82,52.4056,48.0293,54.3159,48.0293,52.4056,54.3159,0.02,0.023252,0.018751,0.02573,94.09,0.9409,91.4485,0.914485
2018-12-27 18:45:00,53.5,50.6372,44.532,53.2112,44.532,50.6372,53.2112,0.02,0.020031,0.0166,0.028451,97.66,0.9766,96.8517,0.968517
2018-12-27 19:00:00,53.14,50.3314,44.8746,52.968,44.8746,50.3314,52.968,0.02,0.020019,0.01691,0.028173,97.18,0.9718,96.1801,0.961801
2018-12-27 19:15:00,51.01,45.9468,42.6859,49.7525,42.6859,45.9468,49.7525,0.02,0.020014,0.014168,0.027825,98.08,0.9808,97.3386,0.973386
2018-12-27 19:30:00,47.99,42.2134,37.8509,45.5011,37.8509,42.2134,45.5011,0.02,0.019981,0.011939,0.022702,98.83,0.9883,97.9843,0.979843
2018-12-27 19:45:00,49.18,44.6924,41.0834,49.4856,41.0834,44.6924,49.4856,0.02,0.020001,0.013874,0.02339,97.91,0.9791,97.4291,0.974291
2018-12-27 20:00:00,50.33,48.8973,43.8867,52.2473,43.8867,48.8973,52.2473,0.02,0.020007,0.017153,0.025185,97.36,0.9736,97.2395,0.972395
2018-12-27 20:15:00,50.04,44.9747,40.3881,48.8768,40.3881,44.9747,48.8768,0.02,0.020006,0.013834,0.02557,97.91,0.9791,96.4954,0.964954
2018-12-27 20:30:00,40.93,36.5397,34.5751,41.9762,34.5751,36.5397,41.9762,0.02,0.019926,0.010375,0.020489,99.64,0.9964,98.18,0.9818
2018-12-27 20:45:00,14.51,9.7103,9.238,15.1398,9.238,9.7103,15.1398,0.01,0.009456,0.001231,0.010332,99.94,0.9994,99.8876,0.998876
2018-12-27 21:00:00,8.35,6.8514,4.2479,10.8885,4.2479,6.8514,10.8885,0.0,0.0,0.0,0.002295,100.0,1.0,100.0149,1.000149
2018-12-27 21:15:00,5.26,5.1446,4.053,9.6608,4.053,5.1446,9.6608,0.0,0.0,0.0,0.002,100.0,1.0,99.9969,0.999969
2018-12-27 21:30:00,5.26,4.9624,4.6989,9.1347,4.6989,4.9624,9.1347,0.0,2.8e-05,0.0,0.001928,100.0,1.0,99.9969,0.999969
2018-12-27 21:45:00,5.26,4.969,4.6954,8.9269,4.6954,4.969,8.9269,0.0,5.9e-05,0.0,0.002028,100.0,1.0,99.9969,0.999969
2018-12-27 22:00:00,4.5,4.3963,4.1735,8.8548,4.1735,4.3963,8.8548,0.0,0.0,0.0,0.001952,100.0,1.0,99.9687,0.999687
2018-12-27 22:15:00,3.89,3.8924,3.6949,8.5843,3.6949,3.8924,8.5843,0.0,0.001937,0.0,0.003136,83.93,0.8393,79.5271,0.795271
2018-12-27 22:30:00,3.85,3.7884,3.6328,8.0284,3.6328,3.7884,8.0284,0.0,0.0,0.0,0.001973,81.87,0.8187,70.8283,0.708283
2018-12-27 22:45:00,3.82,3.7911,3.6128,8.0054,3.6128,3.7911,8.0054,0.0,0.0,0.0,0.001973,83.07,0.8307,70.9465,0.709465
2018-12-27 23:00:00,3.82,3.7473,3.5866,7.9322,3.5866,3.7473,7.9322,0.0,0.0,0.0,0.001937,83.47,0.8347,70.9484,0.709484
2018-12-27 23:15:00,3.82,3.7309,3.5866,7.9065,3.5866,3.7309,7.9065,0.0,0.0,0.0,0.001937,86.36,0.8636,71.212,0.71212
2018-12-27 23:30:00,3.78,3.7036,3.5612,7.9065,3.5612,3.7036,7.9065,0.0,0.0,0.0,0.001937,89.25,0.8925,73.1594,0.731594
2018-12-27 23:45:00,3.74,3.6647,3.5009,7.9065,3.5009,3.6647,7.9065,0.0,0.0,0.0,0.001937,89.06,0.8906,71.8502,0.718502
2018-12-28 00:00:00,4.82,4.74,4.1945,8.2781,4.1945,4.74,8.2781,0.0,4e-06,0.0,0.00202,86.39,0.8639,75.7262,0.757262
2018-12-28 00:15:00,3.74,4.008,3.4211,8.7193,3.4211,4.008,8.7193,0.0,0.001973,0.0,0.003652,85.89,0.8589,73.682,0.73682
2018-12-28 00:30:00,3.78,3.7569,3.545,7.9322,3.545,3.7569,7.9322,0.0,0.0,0.0,0.001973,85.03,0.8503,75.9042,0.759042
2018-12-28 00:45:00,3.85,3.8025,3.5669,7.9322,3.5669,3.8025,7.9322,0.0,0.0,0.0,0.001973,84.76,0.8476,75.0974,0.750974
2018-12-28 01:00:00,4.14,4.1421,3.6866,8.0775,3.6866,4.1421,8.0775,0.0,0.0,0.0,0.001973,87.68,0.8768,75.6232,0.756232
2018-12-28 01:15:00,4.9,4.6786,4.1779,8.5641,4.1779,4.6786,8.5641,0.0,0.001937,0.0,0.002012,92.25,0.9225,78.1444,0.781444
2018-12-28 01:30:00,4.14,4.0982,3.6256,8.7399,3.6256,4.0982,8.7399,0.0,0.001973,0.0,0.003669,87.42,0.8742,75.207,0.75207
2018-12-28 01:45:00,3.82,3.7887,3.5835,8.279,3.5835,3.7887,8.279,0.0,0.001894,0.0,0.001973,84.87,0.8487,73.5553,0.735553
2018-12-28 02:00:00,3.85,3.844,3.6122,7.9711,3.6122,3.844,7.9711,0.0,0.0,0.0,0.001973,82.57,0.8257,74.6583,0.746583
2018-12-28 02:15:00,3.82,3.7911,3.604,8.0012,3.604,3.7911,8.0012,0.0,0.0,0.0,0.001973,83.07,0.8307,74.2242,0.742242
2018-12-28 02:30:00,3.82,3.7309,3.5906,7.9065,3.5906,3.7309,7.9065,0.0,0.0,0.0,0.001937,82.37,0.8237,74.816,0.74816
2018-12-28 02:45:00,3.82,3.7309,3.5874,7.9065,3.5874,3.7309,7.9065,0.0,0.0,0.0,0.001937,82.77,0.8277,74.8869,0.748869
2018-12-28 03:00:00,3.82,3.7309,3.5906,7.9065,3.5906,3.7309,7.9065,0.0,0.0,0.0,0.001937,83.07,0.8307,75.1396,0.751396
2018-12-28 03:15:00,3.89,3.825,3.6204,7.9065,3.6204,3.825,7.9065,0.0,0.0,0.0,0.001937,82.55,0.8255,75.5603,0.755603
2018-12-28 03:30:00,3.89,3.7348,3.6343,7.9367,3.6343,3.7348,7.9367,0.0,0.0,0.0,0.001937,81.46,0.8146,74.5204,0.745204
2018-12-28 03:45:00,3.85,3.7074,3.6089,7.9367,3.6089,3.7074,7.9367,0.0,0.0,0.0,0.001937,82.27,0.8227,74.6295,0.746295
2018-12-28 04:00:00,3.82,3.7101,3.594,7.9367,3.594,3.7101,7.9367,0.0,0.0,0.0,0.001937,82.06,0.8206,75.19,0.7519
2018-12-28 04:15:00,4.07,4.034,3.7245,7.9909,3.7245,4.034,7.9909,0.0,0.0,0.0,0.001937,83.99,0.8399,76.4305,0.764305
2018-12-28 04:30:00,5.04,4.8111,4.2797,8.381,4.2797,4.8111,8.381,0.0,0.0,0.0,0.001937,90.22,0.9022,78.2414,0.782414
2018-12-28 04:45:00,4.1,4.1158,3.6524,8.7957,3.6524,4.1158,8.7957,0.0,0.001973,0.0,0.003592,83.52,0.8352,75.9629,0.759629
2018-12-28 05:00:00,3.82,3.8087,3.6229,8.2791,3.6229,3.8087,8.2791,0.0,0.001798,0.0,0.001973,82.06,0.8206,74.4259,0.744259
2018-12-28 05:15:00,3.89,3.906,3.627,7.9711,3.627,3.906,7.9711,0.0,0.0,0.0,0.001973,82.15,0.8215,75.8988,0.758988
2018-12-28 05:30:00,3.38,3.4244,3.3026,7.975,3.3026,3.4244,7.975,0.0,0.0,0.0,0.001973,83.81,0.8381,74.4658,0.744658
2018-12-28 05:45:00,3.17,3.2667,3.0647,7.7278,3.0647,3.2667,7.7278,0.0,0.0,0.0,0.001937,85.65,0.8565,75.4026,0.754026
2018-12-28 06:00:00,3.06,3.1105,2.9654,7.6205,2.9654,3.1105,7.6205,0.0,0.0,0.0,0.001937,85.7,0.857,75.1977,0.751977
2018-12-28 06:15:00,3.06,3.0826,2.9133,7.5384,2.9133,3.0826,7.5384,0.0,0.0,0.0,0.001937,86.19,0.8619,75.2144,0.752144
2018-12-28 06:30:00,3.1,3.1078,2.9295,7.5384,2.9295,3.1078,7.5384,0.0,0.0,0.0,0.001937,85.63,0.8563,75.6668,0.756668
2018-12-28 06:45:00,3.06,3.0716,2.9129,7.5475,2.9129,3.0716,7.5475,0.0,0.0,0.0,0.001937,84.83,0.8483,75.3412,0.753412
2018-12-28 07:00:00,3.1,3.1078,2.9295,7.5384,2.9295,3.1078,7.5384,0.0,0.0,0.0,0.001937,84.77,0.8477,75.6883,0.756884
2018-12-28 07:15:00,3.38,3.3854,3.1936,7.646,3.1936,3.3854,7.646,0.0,0.0,0.0,0.001937,84.26,0.8426,76.7984,0.767984
2018-12-28 07:30:00,4.97,4.8961,4.3412,8.1408,4.3412,4.8961,8.1408,0.0,0.0,0.0,0.001935,90.96,0.9096,80.6274,0.806274
2018-12-28 07:45:00,6.7,6.3224,5.1111,9.1642,5.1111,6.3224,9.1642,0.0,0.001976,0.0,0.003685,94.58,0.9458,84.9932,0.849932
2018-12-28 08:00:00,6.16,5.8024,5.7254,10.3249,5.8024,5.7254,10.3249,0.0,0.002322,0.0,0.004548,94.03,0.9403,81.7716,0.817716
2018-12-28 08:15:00,35.75,35.0584,27.3775,39.2571,27.3775,35.0584,39.2571,0.02,0.019105,0.012116,0.020578,81.35,0.8135,76.769,0.76769
2018-12-28 08:30:00,57.78,55.8148,51.0042,60.9023,51.0042,55.8148,60.9023,0.03,0.027488,0.020895,0.031467,81.65,0.8165,76.1018,0.761018
2018-12-28 08:45:00,57.74,55.7455,52.3107,61.0578,52.3107,55.7455,61.0578,0.03,0.026767,0.021545,0.030546,84.26,0.8426,76.5221,0.765221
2018-12-28 09:00:00,66.46,65.3329,56.3724,65.8614,56.3724,65.3329,65.8614,0.03,0.028395,0.025716,0.031702,92.08,0.9208,89.982,0.89982
2018-12-28 09:15:00,66.82,65.3013,56.4691,65.9612,56.4691,65.3013,65.9612,0.03,0.02943,0.023575,0.032203,91.83,0.9183,89.6386,0.896386
2018-12-28 09:30:00,59.9,58.0598,49.9925,58.9563,49.9925,58.0598,58.9563,0.03,0.029025,0.020735,0.030672,92.9,0.929,91.2729,0.912729
2018-12-28 09:45:00,63.32,61.4662,55.4272,61.6983,55.4272,61.4662,61.6983,0.03,0.027444,0.024489,0.029912,93.8,0.938,91.361,0.91361
2018-12-28 10:00:00,57.17,55.8556,49.166,57.166,49.166,55.8556,57.166,0.03,0.027001,0.020266,0.02928,93.21,0.9321,91.6027,0.916027
2018-12-28 10:15:00,55.91,56.1618,50.7931,56.921,50.7931,56.1618,56.921,0.03,0.022913,0.020676,0.029331,93.26,0.9326,91.611,0.91611
2018-12-28 10:30:00,62.42,61.4191,54.8333,61.4356,54.8333,61.4191,61.4356,0.03,0.02901,0.025128,0.03039,92.43,0.9243,90.5605,0.905605
2018-12-28 10:45:00,59.72,57.4618,52.2118,59.0873,52.2118,57.4618,59.0873,0.03,0.027206,0.021516,0.029688,92.29,0.9229,90.3108,0.903108
2018-12-28 11:00:00,62.71,61.3327,55.8907,61.4724,55.8907,61.4724,61.3327,0.03,0.027001,0.023872,0.030002,91.63,0.9163,89.6402,0.896402
2018-12-28 11:15:00,57.82,55.067,48.9348,57.0585,48.9348,55.067,57.0585,0.03,0.027394,0.020352,0.029084,92.87,0.9287,90.7342,0.907342
2018-12-28 11:30:00,64.94,63.3649,56.4947,64.9124,56.4947,63.3649,64.9124,0.03,0.02982,0.026296,0.030946,91.01,0.9101,88.8262,0.888262
2018-12-28 11:45:00,58.97,56.2527,48.8483,59.5947,48.8483,56.2527,59.5947,0.03,0.029141,0.020212,0.029671,92.89,0.9289,90.82,0.9082
2018-12-28 12:00:00,47.05,45.0575,38.9513,50.6956,38.9513,45.0575,50.6956,0.02,0.020129,0.016483,0.024649,96.74,0.9674,94.3391,0.943391
2018-12-28 12:15:00,10.01,7.5541,5.8618,14.4412,5.8618,7.5541,14.4412,0.0,0.00633,0.0,0.006777,100.0,1.0,99.8856,0.998856
2018-12-28 12:30:00,7.81,6.8303,4.9943,11.2636,4.9943,6.8303,11.2636,0.0,7e-05,0.0,0.0033,100.0,1.0,99.9631,0.999631
2018-12-28 12:45:00,7.27,7.1227,5.7186,10.7592,5.7186,7.1227,10.7592,0.0,0.0,0.0,0.002081,100.0,1.0,99.9651,0.999651
2018-12-28 13:00:00,7.31,7.2368,6.2376,10.583,6.2376,7.2368,10.583,0.0,1e-06,0.0,0.001991,100.0,1.0,100.0019,1.000019
2018-12-28 13:15:00,42.55,43.1174,36.5531,43.2785,36.5531,43.1174,43.2785,0.02,0.01983,0.01794,0.022758,96.9,0.969,95.5896,0.955896
2018-12-28 13:30:00,56.12,55.7048,47.897,55.8442,47.897,55.8442,55.7048,0.03,0.021902,0.020402,0.027735,96.6,0.966,94.2824,0.942824
2018-12-28 13:45:00,45.0,40.4112,34.5154,42.6906,34.5154,40.4112,42.6906,0.02,0.019953,0.011707,0.022481,98.92,0.9892,95.2728,0.952728
2018-12-28 14:00:00,45.22,40.7198,33.2789,43.9217,33.2789,40.7198,43.9217,0.02,0.019996,0.013829,0.021113,98.47,0.9847,96.952,0.96952
2018-12-28 14:15:00,42.62,37.4589,35.3228,42.5292,35.3228,37.4589,42.5292,0.02,0.019969,0.013764,0.020718,98.84,0.9884,98.3034,0.983034
2018-12-28 14:30:00,34.2,32.7985,30.848,37.6115,30.848,32.7985,37.6115,0.02,0.01885,0.011667,0.019902,100.0,1.0,99.8485,0.998485
2018-12-28 14:45:00,42.8,41.092,36.7481,43.4963,36.7481,41.092,43.4963,0.02,0.019986,0.01686,0.021548,98.67,0.9867,94.7029,0.947029
2018-12-28 15:00:00,48.02,45.0818,43.0923,50.6353,43.0923,45.0818,50.6353,0.02,0.020004,0.018649,0.023495,96.42,0.9642,94.6337,0.946337
2018-12-28 15:15:00,44.6,41.4809,36.6584,46.3767,36.6584,41.4809,46.3767,0.02,0.019997,0.01522,0.022374,97.66,0.9766,97.8449,0.978449
2018-12-28 15:30:00,35.78,33.0164,30.5519,37.9073,30.5519,33.0164,37.9073,0.02,0.018769,0.011181,0.019907,99.96,0.9996,99.959,0.99959
2018-12-28 15:45:00,32.62,31.9886,30.1907,35.1743,30.1907,31.9886,35.1743,0.01,0.018087,0.010466,0.019895,100.0,1.0,99.9471,0.999471
2018-12-28 16:00:00,31.39,30.5697,28.7605,34.0195,28.7605,30.5697,34.0195,0.01,0.017196,0.00979,0.019668,100.0,1.0,99.9434,0.999434
2018-12-28 16:15:00,30.06,29.1502,27.7711,32.3986,27.7711,29.1502,32.3986,0.01,0.013042,0.009674,0.013722,100.0,1.0,99.9495,0.999495
2018-12-28 16:30:00,30.13,29.4816,27.7172,32.0113,27.7172,29.4816,32.0113,0.01,0.011888,0.009679,0.013151,100.0,1.0,99.9227,0.999227
2018-12-28 16:45:00,23.58,24.683,22.3772,28.7459,22.3772,24.683,28.7459,0.01,0.009147,0.007322,0.011937,100.0,1.0,99.9239,0.999239
2018-12-28 17:00:00,8.57,7.1341,5.3801,12.8132,5.3801,7.1341,12.8132,0.0,0.001386,0.000466,0.007004,100.0,1.0,99.9943,0.999943
2018-12-28 17:15:00,9.58,9.47,7.0081,12.1092,7.0081,9.47,12.1092,0.0,0.001034,0.0,0.004153,100.0,1.0,99.9911,0.999911
2018-12-28 17:30:00,9.14,8.3168,5.4563,11.5279,5.4563,8.3168,11.5279,0.0,0.001044,0.0,0.003947,100.0,1.0,99.998,0.99998
2018-12-28 17:45:00,5.47,5.5044,4.1434,9.9718,4.1434,5.5044,9.9718,0.0,0.0,0.0,0.002037,100.0,1.0,99.998,0.99998
2018-12-28 18:00:00,5.08,5.3257,4.5654,9.264,4.5654,5.3257,9.264,0.0,0.0,0.0,0.002027,100.0,1.0,99.9745,0.999745
2018-12-28 18:15:00,5.08,4.9905,4.5889,8.8877,4.5889,4.9905,8.8877,0.0,0.000524,0.0,0.001953,100.0,1.0,99.9733,0.999733
2018-12-28 18:30:00,5.11,4.9611,4.6014,8.8877,4.6014,4.9611,8.8877,0.0,0.0,0.0,0.001952,100.0,1.0,99.9733,0.999733
2018-12-28 18:45:00,5.15,5.0795,4.7266,8.8761,4.7266,5.0795,8.8761,0.0,0.0,0.0,0.001964,100.0,1.0,99.9733,0.999733
2018-12-28 19:00:00,5.15,5.0464,4.7188,8.8761,4.7188,5.0464,8.8761,0.0,0.000273,0.0,0.001964,100.0,1.0,99.9969,0.999969
2018-12-28 19:15:00,5.15,5.0464,4.7188,8.8761,4.7188,5.0464,8.8761,0.0,0.000273,0.0,0.001964,100.0,1.0,99.9969,0.999969
2018-12-28 19:30:00,5.18,5.065,4.7386,8.8792,4.7386,5.065,8.8792,0.0,0.000273,0.0,0.001964,100.0,1.0,99.9969,0.999969
2018-12-28 19:45:00,5.22,5.0902,4.7386,8.8761,4.7386,5.0902,8.8761,0.0,0.000273,0.0,0.001964,100.0,1.0,99.9969,0.999969
2018-12-28 20:00:00,5.15,5.0376,4.6961,8.8761,4.6961,5.0376,8.8761,0.0,0.000277,0.0,0.001964,100.0,1.0,99.9969,0.999969
2018-12-28 20:15:00,5.15,5.0427,4.7261,8.8761,4.7261,5.0427,8.8761,0.0,0.000273,0.0,0.001964,100.0,1.0,99.9969,0.999969
2018-12-28 20:30:00,5.18,5.0696,4.7386,8.8792,4.7386,5.0696,8.8792,0.0,0.000273,0.0,0.001964,100.0,1.0,99.9969,0.999969
2018-12-28 20:45:00,5.26,5.1216,4.7597,8.8627,4.7597,5.1216,8.8627,0.0,0.000273,0.0,0.001963,100.0,1.0,99.9969,0.999969
2018-12-28 21:00:00,5.18,5.0107,4.6933,8.8525,4.6933,5.0107,8.8525,0.0,0.000233,0.0,0.001937,100.0,1.0,99.9969,0.999969
2018-12-28 21:15:00,5.15,5.0363,4.7067,8.8285,4.7067,5.0363,8.8285,0.0,0.000249,0.0,0.001937,100.0,1.0,99.9969,0.999969
2018-12-28 21:30:00,5.26,5.1333,4.7783,8.8332,4.7783,5.1333,8.8332,0.0,0.000249,0.0,0.001937,100.0,1.0,99.9968,0.999968
2018-12-28 21:45:00,5.26,5.0681,4.7261,8.8285,4.7261,5.0681,8.8285,0.0,0.000234,0.0,0.001937,100.0,1.0,99.9969,0.999969
2018-12-28 22:00:00,5.22,5.0405,4.7067,8.8285,4.7067,5.0405,8.8285,0.0,0.000236,0.0,0.001937,100.0,1.0,99.9687,0.999687
2018-12-28 22:15:00,4.97,4.7818,4.708,8.9764,4.7818,4.708,8.9764,0.0,0.0,0.0,0.001937,79.59,0.7959,73.5194,0.735194
2018-12-28 22:30:00,4.97,4.8457,4.4994,8.9292,4.4994,4.8457,8.9292,0.0,0.001937,0.0,0.00221,78.52,0.7852,65.205,0.65205
2018-12-28 22:45:00,4.93,4.8237,4.476,8.9292,4.476,4.8237,8.9292,0.0,0.001937,0.0,0.00221,78.27,0.7827,65.2304,0.652304
2018-12-28 23:00:00,5.04,4.9244,4.5359,8.9042,4.5359,4.9244,8.9042,0.0,0.001937,0.0,0.00221,78.33,0.7833,65.2889,0.652889
2018-12-28 23:15:00,4.86,4.7375,4.4103,8.9767,4.4103,4.7375,8.9767,0.0,0.0,0.0,0.001937,82.65,0.8265,69.2607,0.692607
2018-12-28 23:30:00,4.86,4.7878,4.3698,8.8909,4.3698,4.7878,8.8909,0.0,0.0,0.0,0.001937,86.57,0.8657,70.7727,0.707727
2018-12-28 23:45:00,4.86,4.7878,4.3698,8.8909,4.3698,4.7878,8.8909,0.0,0.001937,0.0,0.002429,86.03,0.8603,70.7727,0.707727
2018-12-29 00:00:00,4.28,4.2656,3.9395,8.8386,3.9395,4.2656,8.8386,0.0,0.00224,0.0,0.002563,82.61,0.8261,75.0945,0.750945
2018-12-29 00:15:00,4.9,4.7617,4.3036,8.637,4.3036,4.7617,8.637,0.0,0.001573,0.0,0.001937,86.21,0.8621,78.0011,0.780011
2018-12-29 00:30:00,4.82,4.7345,4.4001,8.8448,4.4001,4.7345,8.8448,0.0,0.001937,0.0,0.00252,86.7,0.867,76.3379,0.763379
2018-12-29 00:45:00,3.85,4.096,3.7209,8.8049,3.7209,4.096,8.8049,0.0,0.001937,0.0,0.002687,79.38,0.7938,73.5113,0.735113
2018-12-29 01:00:00,3.74,3.7442,3.6087,8.0472,3.6087,3.7442,8.0472,0.0,0.0,0.0,0.001973,76.99,0.7699,73.0545,0.730545
2018-12-29 01:15:00,3.82,3.8709,3.6124,7.9932,3.6124,3.8709,7.9932,0.0,0.0,0.0,0.001973,76.26,0.7626,72.4248,0.724248
2018-12-29 01:30:00,3.78,3.7956,3.5188,7.9803,3.5188,3.7956,7.9803,0.0,0.0,0.0,0.001973,76.32,0.7632,72.436,0.72436
2018-12-29 01:45:00,3.67,3.6205,3.4888,7.9252,3.4888,3.6205,7.9252,0.0,0.0,0.0,0.001937,75.68,0.7568,70.5301,0.705301
2018-12-29 02:00:00,3.74,3.7263,3.5438,7.908,3.5438,3.7263,7.908,0.0,0.0,0.0,0.001937,75.58,0.7558,70.874,0.70874
2018-12-29 02:15:00,3.71,3.6342,3.4899,7.9211,3.4899,3.6342,7.9211,0.0,0.0,0.0,0.001937,75.72,0.7572,70.7402,0.707402
2018-12-29 02:30:00,3.82,3.7788,3.5653,7.9201,3.5653,3.7788,7.9201,0.0,0.0,0.0,0.001937,74.89,0.7489,68.0163,0.680163
2018-12-29 02:45:00,3.78,3.6704,3.4899,7.9211,3.4899,3.6704,7.9211,0.0,0.0,0.0,0.001937,74.15,0.7415,67.9912,0.679912
2018-12-29 03:00:00,3.71,3.6039,3.4799,7.9252,3.4799,3.6039,7.9252,0.0,0.0,0.0,0.001937,74.22,0.7422,70.6632,0.706632
2018-12-29 03:15:00,3.74,3.6884,3.5301,7.9252,3.5301,3.6884,7.9252,0.0,0.0,0.0,0.001937,75.58,0.7558,69.7888,0.697888
2018-12-29 03:30:00,3.78,3.7074,3.5414,7.9252,3.5414,3.7074,7.9252,0.0,0.0,0.0,0.001937,75.23,0.7523,71.0632,0.710632
2018-12-29 03:45:00,3.78,3.659,3.5235,7.9252,3.5235,3.659,7.9252,0.0,0.0,0.0,0.001937,75.23,0.7523,70.8223,0.708223
2018-12-29 04:00:00,3.74,3.6316,3.4981,7.9252,3.4981,3.6316,7.9252,0.0,0.0,0.0,0.001937,75.98,0.7598,69.8658,0.698658
2018-12-29 04:15:00,3.02,3.2669,3.1195,7.8937,3.1195,3.2669,7.8937,0.0,0.0,0.0,0.001937,79.94,0.7994,74.0272,0.740272
2018-12-29 04:30:00,3.74,3.7834,3.6141,7.8804,3.6141,3.7834,7.8804,0.0,0.0,0.0,0.001937,75.98,0.7598,68.3322,0.683322
2018-12-29 04:45:00,3.6,3.4684,3.2507,7.7732,3.2507,3.4684,7.7732,0.0,0.0,0.0,0.001937,74.33,0.7433,68.2809,0.682809
2018-12-29 05:00:00,3.06,3.1155,2.8818,7.7135,2.8818,3.1155,7.7135,0.0,0.0,0.0,0.001937,80.31,0.8031,72.1661,0.721661
2018-12-29 05:15:00,3.02,3.0231,2.8799,7.5461,2.8799,3.0231,7.5461,0.0,0.0,0.0,0.001937,80.83,0.8083,75.4607,0.754607
2018-12-29 05:30:00,3.02,3.0398,2.8959,7.542,2.8959,3.0398,7.542,0.0,0.0,0.0,0.001937,80.45,0.8045,75.3774,0.753774
2018-12-29 05:45:00,2.99,3.0174,2.8799,7.542,2.8799,3.0174,7.542,0.0,0.0,0.0,0.001937,79.65,0.7965,73.0754,0.730754
2018-12-29 06:00:00,3.06,3.0471,2.8952,7.516,2.8952,3.0471,7.516,0.0,0.0,0.0,0.001937,80.82,0.8082,72.5005,0.725005
2018-12-29 06:15:00,3.06,3.0327,2.8875,7.5334,2.8875,3.0327,7.5334,0.0,0.0,0.0,0.001937,77.69,0.7769,72.0916,0.720916
2018-12-29 06:30:00,3.67,3.6087,3.415,7.7521,3.415,3.6087,7.7521,0.0,0.0,0.0,0.001937,74.97,0.7497,70.8278,0.708278
2018-12-29 06:45:00,3.74,3.5958,3.3469,7.7279,3.3469,3.5958,7.7279,0.0,0.0,0.0,0.001937,73.8,0.738,66.8976,0.668977
2018-12-29 07:00:00,3.71,3.6053,3.3235,7.7627,3.3235,3.6053,7.7627,0.0,0.0,0.0,0.001937,73.92,0.7392,66.4051,0.664051
2018-12-29 07:15:00,3.67,3.6,3.3163,7.7843,3.3163,3.6,7.7843,0.0,0.0,0.0,0.001937,72.07,0.7207,65.6755,0.656755
2018-12-29 07:30:00,3.38,3.4582,3.3109,7.8727,3.3109,3.4582,7.8727,0.0,0.0,0.0,0.001937,76.12,0.7612,70.6256,0.706256
2018-12-29 07:45:00,3.02,3.1897,2.964,7.7113,2.964,3.1897,7.7113,0.0,0.0,0.0,0.001937,79.56,0.7956,72.8749,0.728749
2018-12-29 08:00:00,2.92,3.178,2.8673,7.542,2.8673,3.178,7.542,0.0,0.0,0.0,0.002055,81.84,0.8184,75.4188,0.754188
2018-12-29 08:15:00,2.95,3.0744,2.7963,7.5234,2.7963,3.0744,7.5234,0.0,0.000426,0.0,0.002132,83.55,0.8355,74.6984,0.746984
2018-12-29 08:30:00,3.13,3.2343,2.994,7.5459,2.994,3.2343,7.5459,0.0,0.000115,0.0,0.002105,82.8,0.828,74.7351,0.747351
2018-12-29 08:45:00,3.78,3.7253,3.428,7.7556,3.428,3.7253,7.7556,0.0,3.9e-05,0.0,0.001973,96.42,0.9642,87.8624,0.878624
2018-12-29 09:00:00,3.24,3.1192,2.9273,7.7082,2.9273,3.1192,7.7082,0.0,4e-06,0.0,0.001975,100.0,1.0,99.91,0.9991
2018-12-29 09:15:00,3.17,3.0711,2.9415,7.5702,2.9415,3.0711,7.5702,0.0,5e-06,0.0,0.001975,100.0,1.0,99.988,0.99988
2018-12-29 09:30:00,3.2,3.1829,3.0271,7.6174,3.0271,3.1829,7.6174,0.0,5e-06,0.0,0.001975,100.0,1.0,99.988,0.99988
2018-12-29 09:45:00,3.31,3.3046,3.1126,7.6317,3.1126,3.3046,7.6317,0.0,5e-06,0.0,0.001975,100.0,1.0,99.9836,0.999836
2018-12-29 10:00:00,4.03,4.0063,3.7739,7.9657,3.7739,4.0063,7.9657,0.0,7e-06,0.0,0.001976,100.0,1.0,99.9919,0.999919
2018-12-29 10:15:00,4.03,3.832,3.5192,7.9416,3.5192,3.832,7.9416,0.0,6e-06,0.0,0.001975,100.0,1.0,99.9971,0.999971
2018-12-29 10:30:00,4.03,3.8392,3.5192,7.9804,3.5192,3.8392,7.9804,0.0,1.5e-05,0.0,0.001975,100.0,1.0,99.9971,0.999971
2018-12-29 10:45:00,4.03,3.8503,3.5274,8.0199,3.5274,3.8503,8.0199,0.0,3.9e-05,0.0,0.001976,100.0,1.0,99.9971,0.999971
2018-12-29 11:00:00,6.19,5.6184,5.5847,9.4162,5.6184,5.5847,9.4162,0.0,0.000488,0.0,0.002667,99.99,0.9999,100.031,1.000311
2018-12-29 11:15:00,26.17,26.3719,21.6253,27.2393,21.6253,27.2393,26.3719,0.01,0.011419,0.008127,0.011481,100.0,1.0,99.4181,0.994181
2018-12-29 11:30:00,9.36,7.3907,5.75,13.6377,5.75,7.3907,13.6377,0.0,0.007919,5.9e-05,0.007975,100.0,1.0,99.9246,0.999246
2018-12-29 11:45:00,3.64,3.9137,3.7516,10.5619,3.9137,3.7516,10.5619,0.0,0.0,0.0,0.002398,100.0,1.0,99.9808,0.999808
2018-12-29 12:00:00,4.14,4.6167,3.7078,8.6735,3.7078,4.6167,8.6735,0.0,0.00066,0.0,0.002182,100.0,1.0,99.9068,0.999068
2018-12-29 12:15:00,3.78,3.841,3.4568,8.4251,3.4568,3.841,8.4251,0.0,0.000501,0.0,0.002025,100.0,1.0,99.9268,0.999268
2018-12-29 12:30:00,3.46,3.701,3.3029,8.0153,3.3029,3.701,8.0153,0.0,0.000156,0.0,0.001982,100.0,1.0,99.9636,0.999636
2018-12-29 12:45:00,3.42,3.5414,3.2779,7.7938,3.2779,3.5414,7.7938,0.0,1e-06,0.0,0.001971,100.0,1.0,99.9636,0.999636
2018-12-29 13:00:00,3.42,3.555,3.2533,7.7847,3.2533,3.555,7.7847,0.0,7e-06,0.0,0.001971,100.0,1.0,100.0019,1.000019
2018-12-29 13:15:00,4.1,4.2819,3.7515,8.0892,3.7515,4.2819,8.0892,0.0,1e-05,0.0,0.002002,100.0,1.0,99.9973,0.999973
2018-12-29 13:30:00,4.14,4.1519,3.6622,8.2988,3.6622,4.1519,8.2988,0.0,0.0,0.0,0.002002,100.0,1.0,100.0019,1.000019
2018-12-29 13:45:00,4.07,4.0669,3.6006,8.3299,3.6006,4.0669,8.3299,0.0,0.0,0.0,0.002002,100.0,1.0,100.0019,1.000019
2018-12-29 14:00:00,4.03,3.8483,3.5748,8.0415,3.5748,3.8483,8.0415,0.0,5.8e-05,0.0,0.001976,100.0,1.0,99.9847,0.999847
2018-12-29 14:15:00,3.92,3.9735,3.7875,8.1903,3.7875,3.9735,8.1903,0.0,0.000106,0.0,0.001976,100.0,1.0,99.9847,0.999847
2018-12-29 14:30:00,3.31,3.4551,3.3689,8.0315,3.3689,3.4551,8.0315,0.0,6.4e-05,0.0,0.001976,100.0,1.0,99.9847,0.999847
2018-12-29 14:45:00,3.35,3.3321,3.1484,7.7165,3.1484,3.3321,7.7165,0.0,3.8e-05,0.0,0.001976,100.0,1.0,99.9847,0.999847
2018-12-29 15:00:00,3.31,3.2587,3.138,7.721,3.138,3.2587,7.721,0.0,5e-06,0.0,0.001975,100.0,1.0,100.0038,1.000038
2018-12-29 15:15:00,3.31,3.2778,3.1279,7.6944,3.1279,3.2778,7.6944,0.0,5e-06,0.0,0.001975,100.0,1.0,100.0038,1.000038
2018-12-29 15:30:00,3.31,3.2665,3.1279,7.6944,3.1279,3.2665,7.6944,0.0,5e-06,0.0,0.001975,100.0,1.0,100.0038,1.000038
2018-12-29 15:45:00,3.35,3.3208,3.1484,7.6944,3.1484,3.3208,7.6944,0.0,5e-06,0.0,0.001975,100.0,1.0,100.0038,1.000038
2018-12-29 16:00:00,3.49,3.4944,3.2807,7.6875,3.2807,3.4944,7.6875,0.0,5e-06,0.0,0.001964,100.0,1.0,100.0001,1.000001
2018-12-29 16:15:00,4.1,3.9709,3.6793,7.9302,3.6793,3.9709,7.9302,0.0,7e-06,0.0,0.001964,100.0,1.0,100.0017,1.000017
2018-12-29 16:30:00,3.71,3.5003,3.2807,8.1299,3.2807,3.5003,8.1299,0.0,0.0,0.0,0.001964,100.0,1.0,100.0001,1.000001
2018-12-29 16:45:00,3.67,3.6003,3.3416,7.8498,3.3416,3.6003,7.8498,0.0,1.5e-05,0.0,0.001964,100.0,1.0,100.0001,1.000001
2018-12-29 17:00:00,4.1,4.0881,3.6526,7.995,3.6526,4.0881,7.995,0.0,0.0,0.0,0.001937,100.0,1.0,99.9996,0.999996
2018-12-29 17:15:00,4.07,3.9527,3.7059,8.2257,3.7059,3.9527,8.2257,0.0,0.0,0.0,0.001937,100.0,1.0,99.998,0.99998
2018-12-29 17:30:00,4.07,3.8866,3.696,8.0399,3.696,3.8866,8.0399,0.0,4e-05,0.0,0.001937,100.0,1.0,99.998,0.99998
2018-12-29 17:45:00,4.1,3.9239,3.7139,8.0535,3.7139,3.9239,8.0535,0.0,4.1e-05,0.0,0.001937,100.0,1.0,99.998,0.99998
2018-12-29 18:00:00,3.56,3.5843,3.4512,8.2695,3.4512,3.5843,8.2695,0.0,0.000106,0.0,0.001937,100.0,1.0,99.9745,0.999745
2018-12-29 18:15:00,3.31,3.3358,3.2457,7.8294,3.2457,3.3358,7.8294,0.0,2.7e-05,0.0,0.001937,100.0,1.0,99.9733,0.999733
2018-12-29 18:30:00,3.24,3.2333,3.0825,7.7063,3.0825,3.2333,7.7063,0.0,0.0,0.0,0.001937,100.0,1.0,99.9745,0.999745
2018-12-29 18:45:00,3.35,3.368,3.1535,7.6728,3.1535,3.368,7.6728,0.0,2e-06,0.0,0.001937,100.0,1.0,99.9698,0.999698
2018-12-29 19:00:00,3.31,3.2522,3.1287,7.6536,3.1287,3.2522,7.6536,0.0,0.0,0.0,0.001937,100.0,1.0,99.9969,0.999969
2018-12-29 19:15:00,3.35,3.3256,3.1392,7.6536,3.1392,3.3256,7.6536,0.0,0.0,0.0,0.001937,100.0,1.0,99.9969,0.999969
2018-12-29 19:30:00,3.35,3.2848,3.1541,7.6536,3.1541,3.2848,7.6536,0.0,0.0,0.0,0.001937,100.0,1.0,99.9969,0.999969
2018-12-29 19:45:00,3.31,3.2633,3.1369,7.6705,3.1369,3.2633,7.6705,0.0,0.0,0.0,0.001937,100.0,1.0,99.9969,0.999969
2018-12-29 20:00:00,3.71,3.7157,3.4069,7.7837,3.4069,3.7157,7.7837,0.0,0.0,0.0,0.001937,100.0,1.0,99.9984,0.999984
2018-12-29 20:15:00,4.36,4.2263,3.7965,8.0811,3.7965,4.2263,8.0811,0.0,0.0,0.0,0.001937,100.0,1.0,99.9984,0.999984
2018-12-29 20:30:00,4.28,4.0635,3.6036,8.1924,3.6036,4.0635,8.1924,0.0,0.0,0.0,0.001937,100.0,1.0,99.9969,0.999969
2018-12-29 20:45:00,4.14,4.0021,3.5495,8.2015,3.5495,4.0021,8.2015,0.0,0.0,0.0,0.001937,100.0,1.0,99.9969,0.999969
2018-12-29 21:00:00,4.1,4.038,3.7142,8.2796,3.7142,4.038,8.2796,0.0,0.0,0.0,0.001937,100.0,1.0,99.9969,0.999969
2018-12-29 21:15:00,4.07,4.1235,3.9474,8.3051,3.9474,4.1235,8.3051,0.0,0.0,0.0,0.001937,100.0,1.0,99.9969,0.999969
2018-12-29 21:30:00,3.85,3.8889,3.7001,8.1052,3.7001,3.8889,8.1052,0.0,0.000153,0.0,0.001937,100.0,1.0,99.9969,0.999969
2018-12-29 21:45:00,3.46,3.5246,3.3758,7.9697,3.3758,3.5246,7.9697,0.0,6.1e-05,0.0,0.001937,100.0,1.0,99.9969,0.999969
2018-12-29 22:00:00,3.31,3.3122,3.2264,7.7391,3.2264,3.3122,7.7391,0.0,2.6e-05,0.0,0.001937,100.0,1.0,99.7993,0.997993
2018-12-29 22:15:00,3.13,3.1638,3.0381,7.6972,3.0381,3.1638,7.6972,0.0,0.0,0.0,0.001937,75.24,0.7524,73.3755,0.733755
2018-12-29 22:30:00,3.13,3.1234,2.9702,7.5744,2.9702,3.1234,7.5744,0.0,0.0,0.0,0.001937,73.12,0.7312,66.1032,0.661032
2018-12-29 22:45:00,3.13,3.1234,2.9688,7.5744,2.9688,3.1234,7.5744,0.0,0.0,0.0,0.001937,74.89,0.7489,66.2062,0.662062
2018-12-29 23:00:00,3.17,3.1625,2.9867,7.5744,2.9867,3.1625,7.5744,0.0,0.0,0.0,0.001937,75.66,0.7566,66.46,0.6646
2018-12-29 23:15:00,3.06,3.0975,2.9632,7.5935,2.9632,3.0975,7.5935,0.0,0.0,0.0,0.001937,80.82,0.8082,60.1236,0.601236
2018-12-29 23:30:00,2.99,3.0342,2.8915,7.5384,2.8915,3.0342,7.5384,0.0,0.0,0.0,0.001937,82.86,0.8286,59.7638,0.597638
2018-12-29 23:45:00,3.42,3.4067,3.2347,7.6006,3.2347,3.4067,7.6006,0.0,0.0,0.0,0.001937,82.08,0.8208,60.4707,0.604707
2018-12-30 00:00:00,3.1,3.105,2.9106,7.5739,2.9106,3.105,7.5739,0.0,0.0,0.0,0.00202,85.14,0.8514,74.4124,0.744124
2018-12-30 00:15:00,3.92,3.8762,3.6061,7.8402,3.6061,3.8762,7.8402,0.0,0.0,0.0,0.001937,78.83,0.7883,72.2385,0.722385
2018-12-30 00:30:00,3.82,3.5597,3.3199,7.7661,3.3199,3.5597,7.7661,0.0,0.0,0.0,0.001973,76.66,0.7666,69.6626,0.696626
2018-12-30 00:45:00,3.74,3.5681,3.3063,7.7791,3.3063,3.5681,7.7791,0.0,7e-06,0.0,0.001937,74.88,0.7488,69.821,0.69821
2018-12-30 01:00:00,3.78,3.6578,3.3701,7.7842,3.3701,3.6578,7.7842,0.0,0.0,0.0,0.001937,75.53,0.7553,68.6609,0.686609
2018-12-30 01:15:00,3.42,3.4497,3.282,7.8803,3.282,3.4497,7.8803,0.0,0.0,0.0,0.001937,75.72,0.7572,70.3304,0.703304
2018-12-30 01:30:00,3.17,3.2314,3.1058,7.7204,3.1058,3.2314,7.7204,0.0,0.0,0.0,0.001937,79.97,0.7997,72.9505,0.729506
2018-12-30 01:45:00,3.02,3.0916,2.9549,7.6205,2.9549,3.0916,7.6205,0.0,0.0,0.0,0.001937,79.05,0.7905,73.0456,0.730456
2018-12-30 02:00:00,3.1,3.0874,2.9433,7.5267,2.9433,3.0874,7.5267,0.0,0.0,0.0,0.001937,77.11,0.7711,72.0949,0.720949
2018-12-30 02:15:00,3.06,3.0261,2.8872,7.5364,2.8872,3.0261,7.5364,0.0,0.0,0.0,0.001937,77.69,0.7769,72.1892,0.721892
2018-12-30 02:30:00,3.1,3.0623,2.9039,7.5273,2.9039,3.0623,7.5273,0.0,0.0,0.0,0.001937,77.11,0.7711,72.6594,0.726594
2018-12-30 02:45:00,3.13,3.0774,2.9212,7.5364,2.9212,3.0774,7.5364,0.0,0.0,0.0,0.001937,77.04,0.7704,72.8066,0.728066
2018-12-30 03:00:00,3.1,3.0797,2.9321,7.5475,2.9321,3.0797,7.5475,0.0,0.0,0.0,0.001937,76.25,0.7625,72.4551,0.724551
2018-12-30 03:15:00,3.13,3.1228,2.9525,7.5475,2.9525,3.1228,7.5475,0.0,0.0,0.0,0.001937,74.41,0.7441,69.8982,0.698982
2018-12-30 03:30:00,3.6,3.5781,3.3578,7.7372,3.3578,3.5781,7.7372,0.0,0.0,0.0,0.001937,71.1,0.711,64.867,0.64867
2018-12-30 03:45:00,4.86,4.7677,4.235,8.1183,4.235,4.7677,8.1183,0.0,0.0,0.0,0.001937,78.07,0.7807,65.5148,0.655148
2018-12-30 04:00:00,3.85,3.9294,3.2573,8.5622,3.2573,3.9294,8.5622,0.0,0.001984,0.0,0.002413,70.71,0.7071,65.581,0.655809
2018-12-30 04:15:00,3.82,3.6369,3.3497,7.8488,3.3497,3.6369,7.8488,0.0,0.0,0.0,0.001973,70.43,0.7043,66.623,0.66623
2018-12-30 04:30:00,3.82,3.7031,3.4822,7.9223,3.4822,3.7031,7.9223,0.0,0.0,0.0,0.001973,69.43,0.6943,64.4966,0.644966
2018-12-30 04:45:00,3.46,3.5695,3.3324,7.9354,3.3324,3.5695,7.9354,0.0,0.0,0.0,0.001973,73.73,0.7373,69.4043,0.694043
2018-12-30 05:00:00,3.17,3.2205,3.0888,7.7129,3.0888,3.2205,7.7129,0.0,0.0,0.0,0.001937,77.44,0.7744,71.648,0.71648
2018-12-30 05:15:00,3.13,3.146,2.9936,7.6205,2.9936,3.146,7.6205,0.0,0.0,0.0,0.001937,77.89,0.7789,72.1047,0.721047
2018-12-30 05:30:00,3.1,3.0977,2.9558,7.5744,2.9558,3.0977,7.5744,0.0,0.0,0.0,0.001937,77.11,0.7711,72.1188,0.721188
2018-12-30 05:45:00,3.1,3.1147,2.9396,7.5611,2.9396,3.1147,7.5611,0.0,0.0,0.0,0.001937,78.09,0.7809,72.1116,0.721116
2018-12-30 06:00:00,3.1,3.1147,2.9396,7.5611,2.9396,3.1147,7.5611,0.0,0.0,0.0,0.001937,78.09,0.7809,72.1513,0.721513
2018-12-30 06:15:00,3.13,3.1409,2.9575,7.5611,2.9575,3.1409,7.5611,0.0,0.0,0.0,0.001937,77.04,0.7704,72.6145,0.726145
2018-12-30 06:30:00,3.13,3.1234,2.9531,7.5611,2.9531,3.1234,7.5611,0.0,0.0,0.0,0.001937,76.2,0.762,72.4922,0.724922
2018-12-30 06:45:00,3.1,3.0977,2.937,7.5611,2.937,3.0977,7.5611,0.0,0.0,0.0,0.001937,73.26,0.7326,69.381,0.69381
2018-12-30 07:00:00,3.82,3.8337,3.6209,7.8869,3.6209,3.8337,7.8869,0.0,0.0,0.0,0.001937,68.79,0.6879,63.0999,0.630999
2018-12-30 07:15:00,4.36,4.1468,3.6084,7.9306,3.6084,4.1468,7.9306,0.0,0.0,0.0,0.001937,74.96,0.7496,66.8211,0.668211
2018-12-30 07:30:00,4.97,4.7045,3.8888,8.36,3.8888,4.7045,8.36,0.0,0.001973,0.0,0.002376,80.44,0.8044,68.9423,0.689423
2018-12-30 07:45:00,3.96,4.0905,3.3685,8.6472,3.3685,4.0905,8.6472,0.0,0.001984,0.0,0.002581,74.37,0.7437,74.1497,0.741497
2018-12-30 08:00:00,3.46,3.6984,3.362,8.0042,3.362,3.6984,8.0042,0.0,0.0,0.0,0.00209,71.12,0.7112,70.6017,0.706017
2018-12-30 08:15:00,3.06,3.4323,3.049,7.7909,3.049,3.4323,7.7909,0.0,4.1e-05,0.0,0.00209,76.33,0.7633,73.9913,0.739913
2018-12-30 08:30:00,3.06,3.3394,2.9286,7.5929,2.9286,3.3394,7.5929,0.0,5.1e-05,0.0,0.002326,73.3,0.733,72.803,0.72803
2018-12-30 08:45:00,3.17,3.1699,3.002,7.5652,3.002,3.1699,7.5652,0.0,2.5e-05,0.0,0.001937,92.93,0.9293,83.6004,0.836004
2018-12-30 09:00:00,3.28,3.2672,3.0656,7.5979,3.0656,3.2672,7.5979,0.0,1e-06,0.0,0.001949,100.0,1.0,99.9055,0.999055
2018-12-30 09:15:00,3.35,3.3206,3.1257,7.613,3.1257,3.3206,7.613,0.0,1e-06,0.0,0.001949,100.0,1.0,99.988,0.99988
2018-12-30 09:30:00,3.38,3.3009,3.1367,7.6187,3.1367,3.3009,7.6187,0.0,1e-06,0.0,0.001949,100.0,1.0,99.988,0.99988
2018-12-30 09:45:00,3.35,3.3203,3.1248,7.6663,3.1248,3.3203,7.6663,0.0,1e-06,0.0,0.001949,100.0,1.0,99.988,0.99988
2018-12-30 10:00:00,3.46,3.4282,3.2325,7.7034,3.2325,3.4282,7.7034,0.0,1e-06,0.0,0.001949,100.0,1.0,99.9927,0.999927
2018-12-30 10:15:00,3.38,3.3292,3.185,7.7066,3.185,3.3292,7.7066,0.0,1e-06,0.0,0.001949,100.0,1.0,99.9971,0.999971
2018-12-30 10:30:00,4.0,3.9517,3.6338,7.9506,3.6338,3.9517,7.9506,0.0,3e-06,0.0,0.001949,100.0,1.0,99.9919,0.999919
2018-12-30 10:45:00,4.1,3.9534,3.5438,7.9833,3.5438,3.9534,7.9833,0.0,3e-06,0.0,0.001949,100.0,1.0,99.9927,0.999927
2018-12-30 11:00:00,4.1,4.1181,3.6112,8.2803,3.6112,4.1181,8.2803,0.0,0.0,0.0,0.001971,100.0,1.0,100.0027,1.000027
2018-12-30 11:15:00,4.28,4.2834,3.7099,8.3196,3.7099,4.2834,8.3196,0.0,0.0,0.0,0.001996,100.0,1.0,99.9716,0.999716
2018-12-30 11:30:00,4.61,4.5589,4.1395,8.573,4.1395,4.5589,8.573,0.0,0.0,0.0,0.001971,100.0,1.0,99.9763,0.999763
2018-12-30 11:45:00,3.56,3.8871,3.755,8.6951,3.755,3.8871,8.6951,0.0,0.0,0.0,0.001971,100.0,1.0,99.9808,0.999808
2018-12-30 12:00:00,3.42,3.6021,3.3406,7.947,3.3406,3.6021,7.947,0.0,0.0002,0.0,0.00197,100.0,1.0,99.9078,0.999078
2018-12-30 12:15:00,3.46,3.598,3.2803,7.8327,3.2803,3.598,7.8327,0.0,0.000193,0.0,0.00197,100.0,1.0,99.9268,0.999268
2018-12-30 12:30:00,3.46,3.5727,3.2587,7.8035,3.2587,3.5727,7.8035,0.0,0.000151,0.0,0.00197,100.0,1.0,99.9636,0.999636
2018-12-30 12:45:00,3.31,3.47,3.1846,7.7678,3.1846,3.47,7.7678,0.0,4e-06,0.0,0.001971,100.0,1.0,99.9636,0.999636
2018-12-30 13:00:00,3.28,3.4368,3.109,7.7349,3.109,3.4368,7.7349,0.0,5e-06,0.0,0.001971,100.0,1.0,100.0019,1.000019
2018-12-30 13:15:00,3.2,3.3269,3.0732,7.7524,3.0732,3.3269,7.7524,0.0,5e-06,0.0,0.001976,100.0,1.0,100.0019,1.000019
2018-12-30 13:30:00,3.24,3.3704,3.0732,7.7004,3.0732,3.3704,7.7004,0.0,5e-06,0.0,0.001976,100.0,1.0,100.0019,1.000019
2018-12-30 13:45:00,3.24,3.3462,3.0813,7.7219,3.0813,3.3462,7.7219,0.0,5e-06,0.0,0.001976,100.0,1.0,100.0019,1.000019
2018-12-30 14:00:00,4.03,4.0343,3.7608,7.9983,3.7608,4.0343,7.9983,0.0,3e-06,0.0,0.001949,100.0,1.0,99.9705,0.999705
2018-12-30 14:15:00,4.0,3.8443,3.4995,7.9541,3.4995,3.8443,7.9541,0.0,3e-06,0.0,0.001949,100.0,1.0,99.9847,0.999847
2018-12-30 14:30:00,4.03,3.8902,3.5226,7.9681,3.5226,3.8902,7.9681,0.0,1.1e-05,0.0,0.001948,100.0,1.0,99.9847,0.999847
2018-12-30 14:45:00,4.82,4.5424,4.0416,8.3375,4.0416,4.5424,8.3375,0.0,3.6e-05,0.0,0.001949,100.0,1.0,99.9705,0.999705
2018-12-30 15:00:00,4.1,4.3966,3.7841,8.7269,3.7841,4.3966,8.7269,0.0,0.0,0.0,0.001949,100.0,1.0,100.0038,1.000038
2018-12-30 15:15:00,3.31,3.5405,3.4584,8.3844,3.4584,3.5405,8.3844,0.0,0.0,0.0,0.001949,100.0,1.0,100.0038,1.000038
2018-12-30 15:30:00,3.24,3.318,3.0908,7.8032,3.0908,3.318,7.8032,0.0,0.00018,0.0,0.001948,100.0,1.0,100.0038,1.000038
2018-12-30 15:45:00,3.24,3.2578,3.0827,7.722,3.0827,3.2578,7.722,0.0,0.000122,0.0,0.001948,100.0,1.0,100.0038,1.000038
2018-12-30 16:00:00,3.35,3.3644,3.1618,7.6747,3.1618,3.3644,7.6747,0.0,7e-06,0.0,0.001937,100.0,1.0,100.0001,1.000001
2018-12-30 16:15:00,3.31,3.2556,3.137,7.6723,3.137,3.2556,7.6723,0.0,1e-06,0.0,0.001938,100.0,1.0,100.0001,1.000001
2018-12-30 16:30:00,3.35,3.329,3.1475,7.6723,3.1475,3.329,7.6723,0.0,1e-06,0.0,0.001938,100.0,1.0,100.0001,1.000001
2018-12-30 16:45:00,3.24,3.2004,3.1145,7.6723,3.1145,3.2004,7.6723,0.0,1e-06,0.0,0.001938,100.0,1.0,100.0001,1.000001
2018-12-30 17:00:00,3.24,3.2445,3.0813,7.6667,3.0813,3.2445,7.6667,0.0,0.0,0.0,0.001937,100.0,1.0,99.998,0.99998
2018-12-30 17:15:00,3.42,3.4523,3.2374,7.6939,3.2374,3.4523,7.6939,0.0,0.0,0.0,0.001937,100.0,1.0,99.998,0.99998
2018-12-30 17:30:00,4.0,3.9045,3.6138,7.8762,3.6138,3.9045,7.8762,0.0,1e-06,0.0,0.001937,100.0,1.0,99.9996,0.999996
2018-12-30 17:45:00,4.75,4.5344,4.0043,8.2638,4.0043,4.5344,8.2638,0.0,0.0,0.0,0.001937,100.0,1.0,99.9913,0.999913
2018-12-30 18:00:00,4.68,4.3141,3.8339,8.49,3.8339,4.3141,8.49,0.0,0.0,0.0,0.001937,100.0,1.0,99.9745,0.999745
2018-12-30 18:15:00,3.89,3.8894,3.398,8.5111,3.398,3.8894,8.5111,0.0,0.000176,0.0,0.001937,100.0,1.0,99.9733,0.999733
2018-12-30 18:30:00,3.53,3.5719,3.4142,7.998,3.4142,3.5719,7.998,0.0,0.000169,0.0,0.001937,100.0,1.0,99.9733,0.999733
2018-12-30 18:45:00,3.2,3.3986,3.1312,7.8505,3.1312,3.3986,7.8505,0.0,0.000185,0.0,0.001937,100.0,1.0,99.9733,0.999733
2018-12-30 19:00:00,3.28,3.3089,3.111,7.6745,3.111,3.3089,7.6745,0.0,0.00017,0.0,0.001937,100.0,1.0,99.9969,0.999969
2018-12-30 19:15:00,3.24,3.2492,3.0952,7.6531,3.0952,3.2492,7.6531,0.0,0.0,0.0,0.001937,100.0,1.0,99.9969,0.999969
2018-12-30 19:30:00,3.24,3.2445,3.0827,7.6531,3.0827,3.2445,7.6531,0.0,0.0,0.0,0.001937,100.0,1.0,99.9969,0.999969
2018-12-30 19:45:00,3.2,3.2119,3.0573,7.6531,3.0573,3.2119,7.6531,0.0,0.0,0.0,0.001937,100.0,1.0,99.9969,0.999969
2018-12-30 20:00:00,3.24,3.2546,3.0732,7.6353,3.0732,3.2546,7.6353,0.0,0.0,0.0,0.001937,100.0,1.0,99.9969,0.999969
2018-12-30 20:15:00,3.31,3.3186,3.1297,7.6531,3.1297,3.3186,7.6531,0.0,0.0,0.0,0.001937,100.0,1.0,99.9969,0.999969
2018-12-30 20:30:00,3.24,3.2221,3.0843,7.6588,3.0843,3.2221,7.6588,0.0,0.0,0.0,0.001937,100.0,1.0,99.9969,0.999969
2018-12-30 20:45:00,3.78,3.7326,3.4708,7.8457,3.4708,3.7326,7.8457,0.0,1e-06,0.0,0.001937,100.0,1.0,99.9984,0.999984
2018-12-30 21:00:00,4.32,4.1484,3.6862,8.0179,3.6862,4.1484,8.0179,0.0,1e-06,0.0,0.001937,100.0,1.0,99.9984,0.999984
2018-12-30 21:15:00,4.07,3.8572,3.5224,8.1891,3.5224,3.8572,8.1891,0.0,0.0,0.0,0.001937,100.0,1.0,99.9969,0.999969
2018-12-30 21:30:00,4.07,3.8731,3.549,7.982,3.549,3.8731,7.982,0.0,0.000166,0.0,0.001937,100.0,1.0,99.9969,0.999969
2018-12-30 21:45:00,4.03,4.0074,3.7039,8.1058,3.7039,4.0074,8.1058,0.0,0.000166,0.0,0.001937,100.0,1.0,99.9969,0.999969
2018-12-30 22:00:00,4.0,4.0487,3.805,8.1285,3.805,4.0487,8.1285,0.0,0.000172,0.0,0.001937,100.0,1.0,99.9687,0.999687
2018-12-30 22:15:00,3.2,3.4133,3.3399,8.0709,3.3399,3.4133,8.0709,0.0,0.0,0.0,0.001937,82.04,0.8204,76.2027,0.762027
2018-12-30 22:30:00,2.99,3.1195,2.9549,7.6711,2.9549,3.1195,7.6711,0.0,2.9e-05,0.0,0.001973,80.16,0.8016,59.9348,0.599348
2018-12-30 22:45:00,3.1,3.0891,2.9394,7.5457,2.9394,3.0891,7.5457,0.0,0.0,0.0,0.001973,81.55,0.8155,59.9566,0.599566
2018-12-30 23:00:00,3.02,2.9887,2.8729,7.5444,2.8729,2.9887,7.5444,0.0,0.0,0.0,0.001973,81.85,0.8185,60.1051,0.601051
2018-12-30 23:15:00,2.95,2.9794,2.86,7.5312,2.86,2.9794,7.5312,0.0,0.0,0.0,0.001937,83.94,0.8394,70.8242,0.708242
2018-12-30 23:30:00,2.99,3.0022,2.8396,7.4998,2.8396,3.0022,7.4998,0.0,0.0,0.0,0.001937,85.17,0.8517,70.8242,0.708242
2018-12-30 23:45:00,2.92,2.9605,2.8115,7.5077,2.8115,2.9605,7.5077,0.0,0.0,0.0,0.001937,84.21,0.8421,70.8242,0.708242
2018-12-31 00:00:00,3.67,3.7267,3.5485,7.8012,3.5485,3.7267,7.8012,0.0,4e-06,0.0,0.00202,77.22,0.7722,70.6432,0.706432
2018-12-31 00:15:00,3.64,3.4556,3.2478,7.6996,3.2478,3.4556,7.6996,0.0,0.0,0.0,0.001937,84.12,0.8412,73.2161,0.732161
2018-12-31 00:30:00,3.31,3.2476,2.962,7.6683,2.962,3.2476,7.6683,0.0,0.0,0.0,0.001973,83.28,0.8328,73.4712,0.734712
2018-12-31 00:45:00,3.49,3.3886,3.1962,7.5852,3.1962,3.3886,7.5852,0.0,0.0,0.0,0.001937,81.52,0.8152,75.643,0.75643
2018-12-31 01:00:00,3.71,3.651,3.4093,7.7366,3.4093,3.651,7.7366,0.0,0.0,0.0,0.001937,79.41,0.7941,73.3169,0.733169
2018-12-31 01:15:00,3.78,3.7191,3.4091,7.8405,3.4091,3.7191,7.8405,0.0,0.0,0.0,0.001937,79.95,0.7995,72.9826,0.729826
2018-12-31 01:30:00,3.71,3.5726,3.3223,7.8405,3.3223,3.5726,7.8405,0.0,0.0,0.0,0.001937,78.58,0.7858,72.4697,0.724697
2018-12-31 01:45:00,3.67,3.618,3.4077,7.8672,3.4077,3.618,7.8672,0.0,0.0,0.0,0.001937,78.25,0.7825,72.135,0.72135
2018-12-31 02:00:00,3.02,3.2261,3.0628,7.854,3.0628,3.2261,7.854,0.0,0.0,0.0,0.001937,83.12,0.8312,72.6119,0.726119
2018-12-31 02:15:00,2.99,3.0063,2.8716,7.5448,2.8716,3.0063,7.5448,0.0,0.0,0.0,0.001937,83.38,0.8338,73.6837,0.736837
2018-12-31 02:30:00,3.06,3.0433,2.8869,7.4973,2.8869,3.0433,7.4973,0.0,0.0,0.0,0.001937,83.08,0.8308,74.0184,0.740184
2018-12-31 02:45:00,3.02,2.9966,2.8631,7.5166,2.8631,2.9966,7.5166,0.0,0.0,0.0,0.001937,81.85,0.8185,74.151,0.74151
2018-12-31 03:00:00,3.06,3.0417,2.8954,7.5125,2.8954,3.0417,7.5125,0.0,0.0,0.0,0.001937,82.58,0.8258,74.3859,0.743859
2018-12-31 03:15:00,3.02,2.9966,2.8631,7.5166,2.8631,2.9966,7.5166,0.0,0.0,0.0,0.001937,82.23,0.8223,73.9405,0.739405
2018-12-31 03:30:00,3.46,3.4444,3.2725,7.6344,3.2725,3.4444,7.6344,0.0,0.0,0.0,0.001937,79.61,0.7961,74.7114,0.747114
2018-12-31 03:45:00,3.74,3.6085,3.3903,7.6847,3.3903,3.6085,7.6847,0.0,0.0,0.0,0.001937,78.82,0.7882,73.8399,0.738399
2018-12-31 04:00:00,3.06,3.1492,2.893,7.7113,2.893,3.1492,7.7113,0.0,0.0,0.0,0.001937,81.19,0.8119,73.4747,0.734747
2018-12-31 04:15:00,3.74,3.7454,3.508,7.7996,3.508,3.7454,7.7996,0.0,0.0,0.0,0.001937,76.99,0.7699,71.3022,0.713022
2018-12-31 04:30:00,3.74,3.5913,3.3477,7.744,3.3477,3.5913,7.744,0.0,0.0,0.0,0.001937,77.4,0.774,70.9002,0.709002
2018-12-31 04:45:00,3.78,3.6397,3.3651,7.7655,3.3651,3.6397,7.7655,0.0,0.0,0.0,0.001937,78.13,0.7813,71.2649,0.712649
2018-12-31 05:00:00,3.78,3.5913,3.3406,7.7655,3.3406,3.5913,7.7655,0.0,0.0,0.0,0.001937,78.43,0.7843,73.774,0.73774
2018-12-31 05:15:00,3.56,3.5488,3.396,7.9019,3.396,3.5488,7.9019,0.0,0.0,0.0,0.001937,79.25,0.7925,72.8001,0.728001
2018-12-31 05:30:00,2.99,3.1225,2.997,7.7781,2.997,3.1225,7.7781,0.0,0.0,0.0,0.001937,82.48,0.8248,73.0867,0.730867
2018-12-31 05:45:00,3.02,3.0135,2.8605,7.5188,2.8605,3.0135,7.5188,0.0,0.0,0.0,0.001937,83.12,0.8312,74.1306,0.741306
2018-12-31 06:00:00,2.95,2.9684,2.8548,7.5125,2.8548,2.9684,7.5125,0.0,0.0,0.0,0.001937,83.94,0.8394,74.3637,0.743637
2018-12-31 06:15:00,3.02,3.015,2.8622,7.481,2.8622,3.015,7.481,0.0,0.0,0.0,0.001937,84.52,0.8452,74.4551,0.744551
2018-12-31 06:30:00,2.99,2.9909,2.8509,7.5041,2.8509,2.9909,7.5041,0.0,0.0,0.0,0.001937,83.38,0.8338,74.1629,0.741629
2018-12-31 06:45:00,3.02,3.0135,2.8469,7.4889,2.8469,3.0135,7.4889,0.0,0.0,0.0,0.001937,81.85,0.8185,74.1731,0.741731
2018-12-31 07:00:00,3.74,3.7512,3.582,7.8219,3.582,3.7512,7.8219,0.0,0.0,0.0,0.001937,77.8,0.778,69.8387,0.698387
2018-12-31 07:15:00,3.17,3.1514,2.9266,7.7005,2.9266,3.1514,7.7005,0.0,0.0,0.0,0.001937,81.3,0.813,74.4297,0.744297
2018-12-31 07:30:00,2.95,2.9929,2.8476,7.5447,2.8476,2.9929,7.5447,0.0,0.0,0.0,0.001937,84.85,0.8485,75.2557,0.752557
2018-12-31 07:45:00,3.56,3.5604,3.3696,7.7086,3.3696,3.5604,7.7086,0.0,0.0,0.0,0.001937,83.13,0.8313,76.3817,0.763817
2018-12-31 08:00:00,3.64,3.6839,3.227,7.6359,3.227,3.6839,7.6359,0.0,0.0,0.0,0.002055,83.38,0.8338,75.7724,0.757724
2018-12-31 08:15:00,3.6,3.6166,3.1982,7.6929,3.1982,3.6166,7.6929,0.0,0.000103,0.0,0.002055,82.35,0.8235,74.5128,0.745128
2018-12-31 08:30:00,3.74,3.8571,3.3534,7.6904,3.3534,3.8571,7.6904,0.0,0.000144,0.0,0.002055,77.8,0.778,71.927,0.71927
2018-12-31 08:45:00,3.74,3.6542,3.4788,7.8874,3.4788,3.6542,7.8874,0.0,0.0,0.0,0.001938,94.77,0.9477,86.5043,0.865043
2018-12-31 09:00:00,3.06,3.2109,3.0639,7.8864,3.0639,3.2109,7.8864,0.0,1e-06,0.0,0.001949,100.0,1.0,99.91,0.9991
2018-12-31 09:15:00,3.17,3.1661,2.9986,7.5678,2.9986,3.1661,7.5678,0.0,1e-06,0.0,0.001949,100.0,1.0,99.9836,0.999836
2018-12-31 09:30:00,3.13,3.1074,2.9685,7.571,2.9685,3.1074,7.571,0.0,1e-06,0.0,0.001949,100.0,1.0,99.988,0.99988
2018-12-31 09:45:00,3.17,3.1369,2.9695,7.552,2.9695,3.1369,7.552,0.0,1e-06,0.0,0.001949,100.0,1.0,99.988,0.99988
2018-12-31 10:00:00,3.24,3.2214,3.0321,7.5771,3.0321,3.2214,7.5771,0.0,1e-06,0.0,0.001949,100.0,1.0,99.9971,0.999971
2018-12-31 10:15:00,3.2,3.1861,3.0354,7.6228,3.0354,3.1861,7.6228,0.0,1e-06,0.0,0.001949,100.0,1.0,99.9971,0.999971
2018-12-31 10:30:00,4.03,4.0226,3.7357,7.9312,3.7357,4.0226,7.9312,0.0,3e-06,0.0,0.001949,100.0,1.0,99.9821,0.999821
2018-12-31 10:45:00,3.67,3.4596,3.2464,7.9015,3.2464,3.4596,7.9015,0.0,0.0,0.0,0.001948,100.0,1.0,99.9971,0.999971
2018-12-31 11:00:00,3.35,3.5127,3.1543,7.8313,3.1543,3.5127,7.8313,0.0,1.3e-05,0.0,0.001971,100.0,1.0,100.0027,1.000027
2018-12-31 11:15:00,3.35,3.4314,3.1559,7.7121,3.1559,3.4314,7.7121,0.0,5e-06,0.0,0.001971,100.0,1.0,99.976,0.99976
2018-12-31 11:30:00,3.82,3.9282,3.508,7.9343,3.508,3.9282,7.9343,0.0,6e-06,0.0,0.001971,100.0,1.0,99.9755,0.999755
2018-12-31 11:45:00,4.0,4.0709,3.5291,7.9098,3.5291,4.0709,7.9098,0.0,6e-06,0.0,0.001971,100.0,1.0,99.9763,0.999763
2018-12-31 12:00:00,4.07,4.1108,3.5596,7.9976,3.5596,4.1108,7.9976,0.0,6e-06,0.0,0.001971,100.0,1.0,99.9078,0.999078
2018-12-31 12:15:00,4.03,3.9833,3.5029,8.0329,3.5029,3.9833,8.0329,0.0,2.5e-05,0.0,0.001971,100.0,1.0,99.9268,0.999268
2018-12-31 12:30:00,4.1,4.1512,3.7817,8.1245,3.7817,4.1512,8.1245,0.0,5.5e-05,0.0,0.001971,100.0,1.0,99.9636,0.999636
2018-12-31 12:45:00,3.35,3.8168,3.4395,8.39,3.4395,3.8168,8.39,0.0,3.9e-05,0.0,0.001971,100.0,1.0,99.9636,0.999636
2018-12-31 13:00:00,3.35,3.4824,3.1633,7.7567,3.1633,3.4824,7.7567,0.0,3.8e-05,0.0,0.001971,100.0,1.0,100.0019,1.000019
2018-12-31 13:15:00,3.35,3.4824,3.1593,7.7708,3.1593,3.4824,7.7708,0.0,5e-06,0.0,0.001975,100.0,1.0,100.0019,1.000019
2018-12-31 13:30:00,3.31,3.4615,3.138,7.7657,3.138,3.4615,7.7657,0.0,1e-05,0.0,0.001976,100.0,1.0,100.0019,1.000019
2018-12-31 13:45:00,3.31,3.4134,3.1279,7.7441,3.1279,3.4134,7.7441,0.0,5e-06,0.0,0.001976,100.0,1.0,100.0019,1.000019
2018-12-31 14:00:00,3.35,3.3292,3.1484,7.6766,3.1484,3.3292,7.6766,0.0,1e-06,0.0,0.001949,100.0,1.0,99.9847,0.999847
2018-12-31 14:15:00,3.35,3.2884,3.1633,7.6766,3.1633,3.2884,7.6766,0.0,1e-06,0.0,0.001949,100.0,1.0,99.9847,0.999847
2018-12-31 14:30:00,3.56,3.5161,3.3331,7.7044,3.3331,3.5161,7.7044,0.0,1e-06,0.0,0.001949,100.0,1.0,99.9802,0.999802
2018-12-31 14:45:00,4.07,3.9676,3.6178,7.9286,3.6178,3.9676,7.9286,0.0,1e-06,0.0,0.001949,100.0,1.0,99.9801,0.999801
2018-12-31 15:00:00,3.53,3.3288,3.1429,7.9798,3.1429,3.3288,7.9798,0.0,1.1e-05,0.0,0.001949,100.0,1.0,100.0038,1.000038
2018-12-31 15:15:00,3.42,3.433,3.2276,7.7745,3.2276,3.433,7.7745,0.0,1e-05,0.0,0.001949,100.0,1.0,100.0038,1.000038
2018-12-31 15:30:00,4.07,3.9729,3.6853,8.0022,3.6853,3.9729,8.0022,0.0,3e-06,0.0,0.001949,100.0,1.0,100.0053,1.000053
2018-12-31 15:45:00,4.07,3.8577,3.5605,8.0367,3.5605,3.8577,8.0367,0.0,1.3e-05,0.0,0.001949,100.0,1.0,100.0038,1.000038
2018-12-31 16:00:00,4.03,3.8354,3.5327,8.0018,3.5327,3.8354,8.0018,0.0,2.1e-05,0.0,0.001938,100.0,1.0,100.0001,1.000001
2018-12-31 16:15:00,4.07,3.9061,3.546,8.0018,3.546,3.9061,8.0018,0.0,3.6e-05,0.0,0.001938,100.0,1.0,100.0001,1.000001
2018-12-31 16:30:00,3.92,3.9164,3.7308,8.1098,3.7308,3.9164,8.1098,0.0,0.000108,0.0,0.001938,100.0,1.0,100.0001,1.000001
2018-12-31 16:45:00,3.31,3.3615,3.3176,7.9541,3.3176,3.3615,7.9541,0.0,9.3e-05,0.0,0.001938,100.0,1.0,100.0001,1.000001
2018-12-31 17:00:00,3.31,3.2938,3.1261,7.7063,3.1261,3.2938,7.7063,0.0,3.2e-05,0.0,0.001937,100.0,1.0,99.998,0.99998
2018-12-31 17:15:00,3.35,3.3481,3.1466,7.6972,3.1466,3.3481,7.6972,0.0,0.0,0.0,0.001937,100.0,1.0,99.998,0.99998
2018-12-31 17:30:00,3.31,3.2747,3.1362,7.6705,3.1362,3.2747,7.6705,0.0,0.0,0.0,0.001937,100.0,1.0,99.998,0.99998
2018-12-31 17:45:00,3.46,3.4994,3.2608,7.6879,3.2608,3.4994,7.6879,0.0,0.0,0.0,0.001937,100.0,1.0,99.998,0.99998
2018-12-31 18:00:00,3.42,3.3565,3.1977,7.6818,3.1977,3.3565,7.6818,0.0,0.0,0.0,0.001937,100.0,1.0,99.9757,0.999757
2018-12-31 18:15:00,3.35,3.3117,3.1775,7.6818,3.1775,3.3117,7.6818,0.0,0.0,0.0,0.001937,100.0,1.0,99.9026,0.999026
2018-12-31 18:30:00,3.82,3.7542,3.4866,7.8572,3.4866,3.7542,7.8572,0.0,0.0,0.0,0.001937,100.0,1.0,99.9632,0.999632
2018-12-31 18:45:00,4.14,4.025,3.5445,7.9424,3.5445,4.025,7.9424,0.0,1e-06,0.0,0.001937,100.0,1.0,99.9698,0.999698
2018-12-31 19:00:00,3.49,3.5675,3.1039,8.1375,3.1039,3.5675,8.1375,0.0,0.0,0.0,0.001937,100.0,1.0,99.9969,0.999969
2018-12-31 19:15:00,3.96,3.8746,3.5358,7.8952,3.5358,3.8746,7.8952,0.0,9e-06,0.0,0.001937,100.0,1.0,99.9984,0.999984
2018-12-31 19:30:00,4.14,4.0266,3.6399,7.9501,3.6399,4.0266,7.9501,0.0,2.5e-05,0.0,0.001937,100.0,1.0,99.9968,0.999968
2018-12-31 19:45:00,4.21,4.2069,3.6853,8.1943,3.6853,4.2069,8.1943,0.0,0.0,0.0,0.001937,100.0,1.0,99.9969,0.999969
2018-12-31 20:00:00,4.14,4.1394,3.6248,8.22,3.6248,4.1394,8.22,0.0,0.0,0.0,0.001937,100.0,1.0,99.9969,0.999969
2018-12-31 20:15:00,4.18,4.289,3.8509,8.2973,3.8509,4.289,8.2973,0.0,0.0,0.0,0.001937,100.0,1.0,99.9969,0.999969
2018-12-31 20:30:00,3.38,3.7352,3.4745,8.2999,3.4745,3.7352,8.2999,0.0,9.5e-05,0.0,0.001937,100.0,1.0,99.9969,0.999969
2018-12-31 20:45:00,3.42,3.4526,3.206,7.7535,3.206,3.4526,7.7535,0.0,0.000149,0.0,0.001937,100.0,1.0,99.9969,0.999969
2018-12-31 21:00:00,3.42,3.4017,3.245,7.7391,3.245,3.4017,7.7391,0.0,9e-06,0.0,0.001937,100.0,1.0,99.9969,0.999969
2018-12-31 21:15:00,3.42,3.4017,3.245,7.73,3.245,3.4017,7.73,0.0,1.1e-05,0.0,0.001937,100.0,1.0,99.9969,0.999969
2018-12-31 21:30:00,3.49,3.4958,3.2955,7.7034,3.2955,3.4958,7.7034,0.0,0.0,0.0,0.001937,100.0,1.0,99.9969,0.999969
2018-12-31 21:45:00,3.42,3.3638,3.2141,7.7034,3.2141,3.3638,7.7034,0.0,0.0,0.0,0.001937,100.0,1.0,99.9969,0.999969
2018-12-31 22:00:00,3.42,3.4017,3.2505,7.7034,3.2505,3.4017,7.7034,0.0,0.0,0.0,0.001937,100.0,1.0,99.7993,0.997993
2018-12-31 22:15:00,3.24,3.2624,3.1501,7.7034,3.1501,3.2624,7.7034,0.0,0.0,0.0,0.001937,69.2,0.692,70.8416,0.708416
2018-12-31 22:30:00,3.67,3.6671,3.3752,7.7745,3.3752,3.6671,7.7745,0.0,0.0,0.0,0.001937,63.8,0.638,54.9608,0.549608
2018-12-31 22:45:00,3.82,3.8051,3.4286,7.8064,3.4286,3.8051,7.8064,0.0,0.0,0.0,0.001937,64.38,0.6438,55.3473,0.553473
2018-12-31 23:00:00,3.85,3.6874,3.3774,7.8236,3.3774,3.6874,7.8236,0.0,0.0,0.0,0.001937,62.1,0.621,53.5212,0.535212
2018-12-31 23:15:00,3.74,3.5766,3.3237,7.8589,3.3237,3.5766,7.8589,0.0,0.0,0.0,0.001937,70.71,0.7071,61.0938,0.610938
2018-12-31 23:30:00,3.78,3.6964,3.5208,7.9023,3.5208,3.6964,7.9023,0.0,0.0,0.0,0.001937,76.62,0.7662,57.2002,0.572002
2018-12-31 23:45:00,3.78,3.6921,3.5319,7.9065,3.5319,3.6921,7.9065,0.0,0.0,0.0,0.001937,77.72,0.7772,58.0167,0.580167
